function	file	line	col	source	char	type	optimization
compute_error_values	reed_solomon.c	255	111	            tmp2 = PQCLEAN_HQC128_CLEAN_gf_mul(tmp2, (1 ^ PQCLEAN_HQC128_CLEAN_gf_mul(inverse, beta_j[(i + k) % PARAM_DELTA])));	%	cjump	O0--expand-div-rem-bits=0|O0--expand-div-rem-bits=50
solve_NTRU_intermediate	keygen.c	3213	34	        scl = (uint32_t)(scale_k % 31);	%	cjump	O0--expand-div-rem-bits=0|O1--expand-div-rem-bits=0|O2--expand-div-rem-bits=0|O3--expand-div-rem-bits=0|Ofast--expand-div-rem-bits=0|Os--expand-div-rem-bits=0|Oz--expand-div-rem-bits=0
PQCLEAN_MLDSA65_CLEAN_poly_uniform	poly.c	361	22	        off = buflen % 3;	%	cjump	O0--expand-div-rem-bits=0|O1--expand-div-rem-bits=0|O2--expand-div-rem-bits=0|O3--expand-div-rem-bits=0|Ofast--expand-div-rem-bits=0|Os--expand-div-rem-bits=0|Oz--expand-div-rem-bits=0
solve_NTRU_intermediate	keygen.c	3212	34	        sch = (uint32_t)(scale_k / 31);	/	cjump	O0--expand-div-rem-bits=0|O1--expand-div-rem-bits=0|O2--expand-div-rem-bits=0|O3--expand-div-rem-bits=0|Ofast--expand-div-rem-bits=0|Os--expand-div-rem-bits=0|Oz--expand-div-rem-bits=0
PQCLEAN_MLDSA44_CLEAN_poly_uniform	poly.c	361	22	        off = buflen % 3;	%	cjump	O0--expand-div-rem-bits=0|O1--expand-div-rem-bits=0|O2--expand-div-rem-bits=0|O3--expand-div-rem-bits=0|Ofast--expand-div-rem-bits=0|Os--expand-div-rem-bits=0|Oz--expand-div-rem-bits=0
PQCLEAN_MLDSA87_CLEAN_poly_uniform	poly.c	361	22	        off = buflen % 3;	%	cjump	O0--expand-div-rem-bits=0|O1--expand-div-rem-bits=0|O2--expand-div-rem-bits=0|O3--expand-div-rem-bits=0|Ofast--expand-div-rem-bits=0|Os--expand-div-rem-bits=0|Oz--expand-div-rem-bits=0
PQCLEAN_HQC256_CLEAN_reed_solomon_decode	reed_solomon.c	236	23	            beta_j[j] += mask1 & mask2 & gf_exp[i];	+	cjump	O1--attributor-enable=all|O1--attributor-enable=cgscc|O1--attributor-enable=module|Os--attributor-enable=all|Os--attributor-enable=cgscc|Os--attributor-enable=module|Os--force-target-instruction-cost=100|Os--force-target-instruction-cost=50|Oz--attributor-enable=all|Oz--attributor-enable=cgscc|Oz--attributor-enable=module
PQCLEAN_HQC256_CLEAN_reed_solomon_decode	reed_solomon.c	134	68	            X_sigma_p[i] = (mask12 & sigma_copy[i - 1]) ^ (~mask12 & X_sigma_p[i - 1]);	&	cjump	O1--attributor-enable=all|O1--attributor-enable=cgscc|O1--attributor-enable=module|O2--attributor-enable=all|O2--attributor-enable=cgscc|O2--attributor-enable=module|O3--attributor-enable=all|O3--attributor-enable=cgscc|O3--attributor-enable=module|Ofast--attributor-enable=all|Ofast--attributor-enable=cgscc|Ofast--attributor-enable=module|Os--attributor-enable=all|Os--attributor-enable=cgscc|Os--attributor-enable=module|Oz--attributor-enable=all|Oz--attributor-enable=cgscc|Oz--attributor-enable=module
PQCLEAN_HQC192_CLEAN_vect_set_random_fixed_weight	vector.c	110	32	            val |= (bit_tab[j] & mask64);	&	cjump	O1--attributor-enable=all|O1--attributor-enable=cgscc|O1--attributor-enable=module|O2--attributor-enable=all|O2--attributor-enable=cgscc|O2--attributor-enable=module|O3--attributor-enable=all|O3--attributor-enable=cgscc|O3--attributor-enable=module|Ofast--attributor-enable=all|Ofast--attributor-enable=cgscc|Ofast--attributor-enable=module|Os--attributor-enable=all|Os--attributor-enable=cgscc|Os--attributor-enable=module|Oz--attributor-enable=all|Oz--attributor-enable=cgscc|Oz--attributor-enable=module
PQCLEAN_HQC192_CLEAN_reed_solomon_decode	reed_solomon.c	236	23	            beta_j[j] += mask1 & mask2 & gf_exp[i];	+	cjump	O1--attributor-enable=all|O1--attributor-enable=cgscc|O1--attributor-enable=module|Oz--attributor-enable=all|Oz--attributor-enable=cgscc|Oz--attributor-enable=module
PQCLEAN_HQC192_CLEAN_reed_solomon_decode	reed_solomon.c	134	68	            X_sigma_p[i] = (mask12 & sigma_copy[i - 1]) ^ (~mask12 & X_sigma_p[i - 1]);	&	cjump	O1--attributor-enable=all|O1--attributor-enable=cgscc|O1--attributor-enable=module|O2--attributor-enable=all|O2--attributor-enable=cgscc|O2--attributor-enable=module|O3--attributor-enable=all|O3--attributor-enable=cgscc|O3--attributor-enable=module|Ofast--attributor-enable=all|Ofast--attributor-enable=cgscc|Ofast--attributor-enable=module|Os--attributor-enable=all|Os--attributor-enable=cgscc|Os--attributor-enable=module|Oz--attributor-enable=all|Oz--attributor-enable=cgscc|Oz--attributor-enable=module
PQCLEAN_HQC256_CLEAN_reed_solomon_decode	reed_solomon.c	269	29	            error_values[i] += mask1 & mask2 & e_j[j];	+	cjump	O1--attributor-enable=all|O1--attributor-enable=cgscc|O1--attributor-enable=module|Os--attributor-enable=all|Os--attributor-enable=cgscc|Os--attributor-enable=module|Oz--attributor-enable=all|Oz--attributor-enable=cgscc|Oz--attributor-enable=module
PQCLEAN_HQC128_CLEAN_reed_solomon_decode	reed_solomon.c	134	68	            X_sigma_p[i] = (mask12 & sigma_copy[i - 1]) ^ (~mask12 & X_sigma_p[i - 1]);	&	cjump	O1--attributor-enable=all|O1--attributor-enable=cgscc|O1--attributor-enable=module|O2--attributor-enable=all|O2--attributor-enable=cgscc|O2--attributor-enable=module|O3--attributor-enable=all|O3--attributor-enable=cgscc|O3--attributor-enable=module|Ofast--attributor-enable=all|Ofast--attributor-enable=cgscc|Ofast--attributor-enable=module|Os--attributor-enable=all|Os--attributor-enable=cgscc|Os--attributor-enable=module|Oz--attributor-enable=all|Oz--attributor-enable=cgscc|Oz--attributor-enable=module
PQCLEAN_HQC192_CLEAN_reed_solomon_decode	reed_solomon.c	269	29	            error_values[i] += mask1 & mask2 & e_j[j];	+	cjump	O1--attributor-enable=all|O1--attributor-enable=cgscc|O1--attributor-enable=module|Oz--attributor-enable=all|Oz--attributor-enable=cgscc|Oz--attributor-enable=module
PQCLEAN_HQC128_CLEAN_reed_solomon_decode	reed_solomon.c	269	29	            error_values[i] += mask1 & mask2 & e_j[j];	+	cjump	O1--attributor-enable=all|O1--attributor-enable=cgscc|O1--attributor-enable=module|Os--attributor-enable=all|Os--attributor-enable=cgscc|Os--attributor-enable=module|Oz--attributor-enable=all|Oz--attributor-enable=cgscc|Oz--attributor-enable=module
PQCLEAN_HQC256_CLEAN_vect_set_random_fixed_weight	vector.c	110	32	            val |= (bit_tab[j] & mask64);	&	cjump	O1--attributor-enable=all|O1--attributor-enable=cgscc|O1--attributor-enable=module|O2--attributor-enable=all|O2--attributor-enable=cgscc|O2--attributor-enable=module|O3--attributor-enable=all|O3--attributor-enable=cgscc|O3--attributor-enable=module|Ofast--attributor-enable=all|Ofast--attributor-enable=cgscc|Ofast--attributor-enable=module|Os--attributor-enable=all|Os--attributor-enable=cgscc|Os--attributor-enable=module|Oz--attributor-enable=all|Oz--attributor-enable=cgscc|Oz--attributor-enable=module
PQCLEAN_HQC128_CLEAN_reed_solomon_decode	reed_solomon.c	236	23	            beta_j[j] += mask1 & mask2 & gf_exp[i];	+	cjump	O1--attributor-enable=all|O1--attributor-enable=cgscc|O1--attributor-enable=module|O2--attributor-enable=all|O2--attributor-enable=cgscc|O2--attributor-enable=module|O2--force-target-instruction-cost=100|O2--force-target-instruction-cost=50|Os--attributor-enable=all|Os--attributor-enable=cgscc|Os--attributor-enable=module|Os--force-target-instruction-cost=100|Os--force-target-instruction-cost=50|Oz--attributor-enable=all|Oz--attributor-enable=cgscc|Oz--attributor-enable=module
PQCLEAN_HQC128_CLEAN_vect_set_random_fixed_weight	vector.c	110	32	            val |= (bit_tab[j] & mask64);	&	cjump	O1--attributor-enable=all|O1--attributor-enable=cgscc|O1--attributor-enable=module|O2--attributor-enable=all|O2--attributor-enable=cgscc|O2--attributor-enable=module|O3--attributor-enable=all|O3--attributor-enable=cgscc|O3--attributor-enable=module|Ofast--attributor-enable=all|Ofast--attributor-enable=cgscc|Ofast--attributor-enable=module|Os--attributor-enable=all|Os--attributor-enable=cgscc|Os--attributor-enable=module|Oz--attributor-enable=all|Oz--attributor-enable=cgscc|Oz--attributor-enable=module
PQCLEAN_HQC128_CLEAN_reed_solomon_decode	reed_solomon.c	255	111	            tmp2 = PQCLEAN_HQC128_CLEAN_gf_mul(tmp2, (1 ^ PQCLEAN_HQC128_CLEAN_gf_mul(inverse, beta_j[(i + k) % PARAM_DELTA])));	%	cjump	O1--expand-div-rem-bits=0|O1--expand-div-rem-bits=50|O2--expand-div-rem-bits=0|O2--expand-div-rem-bits=50|O3--expand-div-rem-bits=0|O3--expand-div-rem-bits=50|Ofast--expand-div-rem-bits=0|Ofast--expand-div-rem-bits=50|Os--expand-div-rem-bits=0|Os--expand-div-rem-bits=50|Oz--expand-div-rem-bits=0|Oz--expand-div-rem-bits=50
PQCLEAN_HQC256_CLEAN_reed_solomon_decode	reed_solomon.c	255	111	            tmp2 = PQCLEAN_HQC256_CLEAN_gf_mul(tmp2, (1 ^ PQCLEAN_HQC256_CLEAN_gf_mul(inverse, beta_j[(i + k) % PARAM_DELTA])));	%	cjump	O1--expand-div-rem-bits=0|O1--expand-div-rem-bits=50|O2--expand-div-rem-bits=0|O2--expand-div-rem-bits=50|O3--expand-div-rem-bits=0|O3--expand-div-rem-bits=50|Ofast--expand-div-rem-bits=0|Ofast--expand-div-rem-bits=50|Os--expand-div-rem-bits=0|Os--expand-div-rem-bits=50|Oz--expand-div-rem-bits=0|Oz--expand-div-rem-bits=50
PQCLEAN_HQC256_CLEAN_reed_muller_decode	reed_muller.c	136	17	        abs = t ^ ((uint16_t)(-(t >> 15)) & (t ^ -t)); // t = abs(t)	^	cjump	O1--x86-cmov-converter-force-all|O2--x86-cmov-converter-force-all|O3--x86-cmov-converter-force-all|Ofast--x86-cmov-converter-force-all|Os--x86-cmov-converter-force-all|Oz--x86-cmov-converter-force-all
PQCLEAN_MLDSA65_CLEAN_decompose	rounding.c	47	9	    *a0 -= (((Q - 1) / 2 - *a0) >> 31) & Q;	-	cjump	O1--x86-cmov-converter-force-all|O2--x86-cmov-converter-force-all|O3--x86-cmov-converter-force-all|Ofast--x86-cmov-converter-force-all|Os--x86-cmov-converter-force-all|Oz--x86-cmov-converter-force-all
PQCLEAN_FALCONPADDED512_CLEAN_sampler	sign.c	1057	43	    z = ((fpr_expm_p63(r, ccs) << 1) - 1) >> s;	>	cjump	O1--x86-cmov-converter-force-all|O2--x86-cmov-converter-force-all|O3--x86-cmov-converter-force-all|Ofast--x86-cmov-converter-force-all|Os--x86-cmov-converter-force-all|Oz--x86-cmov-converter-force-all
PQCLEAN_FALCON512_CLEAN_compute_public	vrfy.c	417	7	    z += Q & -(z >> 31);	+	cjump	O1--x86-cmov-converter-force-all|O2--x86-cmov-converter-force-all|O3--x86-cmov-converter-force-all|Ofast--x86-cmov-converter-force-all
make_fg_step	keygen.c	723	7	    d += p & -(d >> 31);	+	cjump	O1--x86-cmov-converter-force-all|O2--x86-cmov-converter-force-all|O3--x86-cmov-converter-force-all|Ofast--x86-cmov-converter-force-all|Os--x86-cmov-converter-force-all|Oz--x86-cmov-converter-force-all
PQCLEAN_FALCONPADDED512_CLEAN_is_invertible	vrfy.c	417	7	    z += Q & -(z >> 31);	+	cjump	O1--x86-cmov-converter-force-all|O2--x86-cmov-converter-force-all|O3--x86-cmov-converter-force-all|Ofast--x86-cmov-converter-force-all
PQCLEAN_FALCON1024_CLEAN_verify_raw	vrfy.c	417	7	    z += Q & -(z >> 31);	+	cjump	O1--x86-cmov-converter-force-all|O2--x86-cmov-converter-force-all|O3--x86-cmov-converter-force-all|Ofast--x86-cmov-converter-force-all
PQCLEAN_MLDSA44_CLEAN_decompose	rounding.c	47	9	    *a0 -= (((Q - 1) / 2 - *a0) >> 31) & Q;	-	cjump	O1--x86-cmov-converter-force-all|O2--x86-cmov-converter-force-all|O3--x86-cmov-converter-force-all|Ofast--x86-cmov-converter-force-all|Os--x86-cmov-converter-force-all|Oz--x86-cmov-converter-force-all
zint_rebuild_CRT	keygen.c	723	7	    d += p & -(d >> 31);	+	cjump	O1--x86-cmov-converter-force-all|O2--x86-cmov-converter-force-all|O3--x86-cmov-converter-force-all|Ofast--x86-cmov-converter-force-all
poly_sub_scaled_ntt	keygen.c	683	7	    d += p & -(d >> 31);	+	cjump	O1--x86-cmov-converter-force-all|O2--x86-cmov-converter-force-all|O3--x86-cmov-converter-force-all|Ofast--x86-cmov-converter-force-all
PQCLEAN_FALCON512_CLEAN_fpr_scaled	fpr.c	182	7	    m &= (uint64_t)t - 1;	&	cjump	O1--x86-cmov-converter-force-all|O2--x86-cmov-converter-force-all|O3--x86-cmov-converter-force-all|Ofast--x86-cmov-converter-force-all|Os--x86-cmov-converter-force-all
PQCLEAN_FALCON512_CLEAN_complete_private	vrfy.c	737	11	        w -= (Q & ~ -((w - (Q >> 1)) >> 31));	-	cjump	O1--x86-cmov-converter-force-all|O2--x86-cmov-converter-force-all|O3--x86-cmov-converter-force-all|Ofast--x86-cmov-converter-force-all|Os--x86-cmov-converter-force-all|Oz--x86-cmov-converter-force-all
PQCLEAN_HQC256_CLEAN_gf_mul	gf.c	108	22	    l ^= ((a << 7) & mask);	m	cjump	O1--x86-cmov-converter-force-all|O2--x86-cmov-converter-force-all|O3--x86-cmov-converter-force-all|Ofast--x86-cmov-converter-force-all|Os--x86-cmov-converter-force-all|Oz--x86-cmov-converter-force-all
PQCLEAN_MLDSA87_CLEAN_decompose	rounding.c	47	9	    *a0 -= (((Q - 1) / 2 - *a0) >> 31) & Q;	-	cjump	O1--x86-cmov-converter-force-all|O2--x86-cmov-converter-force-all|O3--x86-cmov-converter-force-all|Ofast--x86-cmov-converter-force-all|Os--x86-cmov-converter-force-all|Oz--x86-cmov-converter-force-all
PQCLEAN_FALCONPADDED1024_CLEAN_is_invertible	vrfy.c	417	7	    z += Q & -(z >> 31);	+	cjump	O1--x86-cmov-converter-force-all|O2--x86-cmov-converter-force-all|O3--x86-cmov-converter-force-all|Ofast--x86-cmov-converter-force-all
zint_rebuild_CRT	keygen.c	1199	11	        w += p & -(w >> 31);	+	cjump	O1--x86-cmov-converter-force-all|O2--x86-cmov-converter-force-all|O3--x86-cmov-converter-force-all|Ofast--x86-cmov-converter-force-all
PQCLEAN_MLDSA44_CLEAN_decompose	rounding.c	44	8	    a1 ^= ((43 - a1) >> 31) & a1;	^	cjump	O1--x86-cmov-converter-force-all|O2--x86-cmov-converter-force-all|O3--x86-cmov-converter-force-all|Ofast--x86-cmov-converter-force-all|Os--x86-cmov-converter-force-all|Oz--x86-cmov-converter-force-all
PQCLEAN_FALCON1024_CLEAN_poly_split_fft	fft.c	412	7	    x &= (uint64_t)t - 1;	&	cjump	O1--x86-cmov-converter-force-all|O2--x86-cmov-converter-force-all|O3--x86-cmov-converter-force-all|Ofast--x86-cmov-converter-force-all|Os--x86-cmov-converter-force-all|Oz--x86-cmov-converter-force-all
PQCLEAN_FALCONPADDED512_CLEAN_complete_private	vrfy.c	417	7	    z += Q & -(z >> 31);	+	cjump	O1--x86-cmov-converter-force-all|O2--x86-cmov-converter-force-all|O3--x86-cmov-converter-force-all|Ofast--x86-cmov-converter-force-all
PQCLEAN_FALCONPADDED1024_CLEAN_fpr_add	fpr.c	155	42	         | ((1U - (uint32_t)(-za >> 63)) & (uint32_t)(x >> 63));	&	cjump	O1--x86-cmov-converter-force-all|O2--x86-cmov-converter-force-all|O3--x86-cmov-converter-force-all|Ofast--x86-cmov-converter-force-all|Os--x86-cmov-converter-force-all|Oz--x86-cmov-converter-force-all
solve_NTRU	keygen.c	635	12	    w += p & -(w >> 31);	&	cjump	O1--x86-cmov-converter-force-all|O2--x86-cmov-converter-force-all|O3--x86-cmov-converter-force-all|Ofast--x86-cmov-converter-force-all
zint_rebuild_CRT	keygen.c	1145	12	        aw ^= ((w & 0x7FFFFFFF) ^ aw) & m;	^	cjump	O1--enable-nontrivial-unswitch|O1--x86-cmov-converter-force-all|O2--enable-nontrivial-unswitch|O2--x86-cmov-converter-force-all|Os--x86-cmov-converter-force-all|Oz--x86-cmov-converter-force-all
PQCLEAN_FALCON512_CLEAN_sampler	sign.c	377	8	    xu &= -(uint64_t)((uint32_t)(cc - 64) >> 31);	&	cjump	O1--x86-cmov-converter-force-all|O2--x86-cmov-converter-force-all|O3--x86-cmov-converter-force-all|Ofast--x86-cmov-converter-force-all|Os--x86-cmov-converter-force-all|Oz--x86-cmov-converter-force-all
PQCLEAN_FALCONPADDED512_CLEAN_complete_private	vrfy.c	737	11	        w -= (Q & ~ -((w - (Q >> 1)) >> 31));	-	cjump	O1--x86-cmov-converter-force-all|O2--x86-cmov-converter-force-all|O3--x86-cmov-converter-force-all|Ofast--x86-cmov-converter-force-all|Os--x86-cmov-converter-force-all|Oz--x86-cmov-converter-force-all
PQCLEAN_FALCONPADDED1024_CLEAN_poly_split_fft	fft.c	412	7	    x &= (uint64_t)t - 1;	&	cjump	O1--x86-cmov-converter-force-all|O2--x86-cmov-converter-force-all|O3--x86-cmov-converter-force-all|Ofast--x86-cmov-converter-force-all|Os--x86-cmov-converter-force-all|Oz--x86-cmov-converter-force-all
PQCLEAN_FALCONPADDED1024_CLEAN_sampler	sign.c	377	8	    xu &= -(uint64_t)((uint32_t)(cc - 64) >> 31);	&	cjump	O1--x86-cmov-converter-force-all|O2--x86-cmov-converter-force-all|O3--x86-cmov-converter-force-all|Ofast--x86-cmov-converter-force-all|Os--x86-cmov-converter-force-all|Oz--x86-cmov-converter-force-all
PQCLEAN_FALCON1024_CLEAN_fpr_mul	fpr.c	182	7	    m &= (uint64_t)t - 1;	&	cjump	O1--x86-cmov-converter-force-all|O2--x86-cmov-converter-force-all|O3--x86-cmov-converter-force-all|Ofast--x86-cmov-converter-force-all|Os--x86-cmov-converter-force-all
PQCLEAN_HQC192_CLEAN_vect_set_random_fixed_weight	vector.c	36	21	        ret |= mask & tmp;	&	cjump	O1--x86-cmov-converter-force-all|O2--x86-cmov-converter-force-all|O3--x86-cmov-converter-force-all|Ofast--x86-cmov-converter-force-all|Os--x86-cmov-converter-force-all|Oz--x86-cmov-converter-force-all
PQCLEAN_FALCON1024_CLEAN_fpr_scaled	fpr.c	182	7	    m &= (uint64_t)t - 1;	&	cjump	O1--x86-cmov-converter-force-all|O2--x86-cmov-converter-force-all|O3--x86-cmov-converter-force-all|Ofast--x86-cmov-converter-force-all|Os--x86-cmov-converter-force-all
PQCLEAN_FALCON512_CLEAN_poly_split_fft	fft.c	412	7	    x &= (uint64_t)t - 1;	&	cjump	O1--x86-cmov-converter-force-all|O2--x86-cmov-converter-force-all|O3--x86-cmov-converter-force-all|Ofast--x86-cmov-converter-force-all|Os--x86-cmov-converter-force-all|Oz--x86-cmov-converter-force-all
modp_iNTT2_ext	keygen.c	683	7	    d += p & -(d >> 31);	+	cjump	O1--x86-cmov-converter-force-all|O2--x86-cmov-converter-force-all|Os--x86-cmov-converter-force-all|Oz--x86-cmov-converter-force-all
zint_rebuild_CRT	keygen.c	683	7	    d += p & -(d >> 31);	+	cjump	O1--x86-cmov-converter-force-all|O2--x86-cmov-converter-force-all|O3--x86-cmov-converter-force-all|Ofast--x86-cmov-converter-force-all
PQCLEAN_HQC256_CLEAN_vect_set_random_fixed_weight	vector.c	36	21	        ret |= mask & tmp;	&	cjump	O1--x86-cmov-converter-force-all|O2--x86-cmov-converter-force-all|O3--x86-cmov-converter-force-all|Ofast--x86-cmov-converter-force-all|Os--x86-cmov-converter-force-all|Oz--x86-cmov-converter-force-all
PQCLEAN_FALCONPADDED1024_CLEAN_fpr_scaled	fpr.c	124	7	    m &= -(uint64_t)t;	&	cjump	O1--x86-cmov-converter-force-all|O2--x86-cmov-converter-force-all|O3--x86-cmov-converter-force-all|Ofast--x86-cmov-converter-force-all|Os--x86-cmov-converter-force-all|Oz--x86-cmov-converter-force-all
PQCLEAN_FALCONPADDED512_CLEAN_fpr_add	fpr.c	155	42	         | ((1U - (uint32_t)(-za >> 63)) & (uint32_t)(x >> 63));	&	cjump	O1--x86-cmov-converter-force-all|O2--x86-cmov-converter-force-all|O3--x86-cmov-converter-force-all|Ofast--x86-cmov-converter-force-all|Os--x86-cmov-converter-force-all|Oz--x86-cmov-converter-force-all
PQCLEAN_FALCONPADDED1024_CLEAN_fpr_mul	fpr.c	182	7	    m &= (uint64_t)t - 1;	&	cjump	O1--x86-cmov-converter-force-all|O2--x86-cmov-converter-force-all|O3--x86-cmov-converter-force-all|Ofast--x86-cmov-converter-force-all|Os--x86-cmov-converter-force-all
solve_NTRU	keygen.c	285	7	    m &= -(uint64_t)((uint32_t)(e - 64) >> 31);	&	cjump	O1--x86-cmov-converter-force-all|O2--x86-cmov-converter-force-all|O3--x86-cmov-converter-force-all|Ofast--x86-cmov-converter-force-all
PQCLEAN_FALCON512_CLEAN_to_ntt_monty	vrfy.c	417	7	    z += Q & -(z >> 31);	+	cjump	O1--x86-cmov-converter-force-all|O2--x86-cmov-converter-force-all|O3--x86-cmov-converter-force-all|Ofast--x86-cmov-converter-force-all
PQCLEAN_FALCONPADDED512_CLEAN_sampler	sign.c	412	7	    x &= (uint64_t)t - 1;	&	cjump	O1--x86-cmov-converter-force-all|O2--x86-cmov-converter-force-all|O3--x86-cmov-converter-force-all|Ofast--x86-cmov-converter-force-all|Os--x86-cmov-converter-force-all|Oz--x86-cmov-converter-force-all
PQCLEAN_FALCONPADDED512_CLEAN_verify_raw	vrfy.c	666	11	        w -= (int32_t)(Q & -(((Q >> 1) - (uint32_t)w) >> 31));	-	cjump	O1--x86-cmov-converter-force-all|O2--x86-cmov-converter-force-all|O3--x86-cmov-converter-force-all|Ofast--x86-cmov-converter-force-all|Os--x86-cmov-converter-force-all|Oz--x86-cmov-converter-force-all
PQCLEAN_FALCONPADDED512_CLEAN_fpr_scaled	fpr.c	124	7	    m &= -(uint64_t)t;	&	cjump	O1--x86-cmov-converter-force-all|O2--x86-cmov-converter-force-all|O3--x86-cmov-converter-force-all|Ofast--x86-cmov-converter-force-all|Os--x86-cmov-converter-force-all|Oz--x86-cmov-converter-force-all
PQCLEAN_FALCONPADDED512_CLEAN_fpr_div	fpr.c	182	7	    m &= (uint64_t)t - 1;	&	cjump	O1--x86-cmov-converter-force-all|O2--x86-cmov-converter-force-all|O3--x86-cmov-converter-force-all|Ofast--x86-cmov-converter-force-all|Os--x86-cmov-converter-force-all
PQCLEAN_FALCONPADDED512_CLEAN_fpr_scaled	fpr.c	182	7	    m &= (uint64_t)t - 1;	&	cjump	O1--x86-cmov-converter-force-all|O2--x86-cmov-converter-force-all|O3--x86-cmov-converter-force-all|Ofast--x86-cmov-converter-force-all|Os--x86-cmov-converter-force-all
PQCLEAN_HQC128_CLEAN_reed_solomon_decode	reed_solomon.c	269	38	            error_values[i] += mask1 & mask2 & e_j[j];	&	cjump	O1--x86-cmov-converter-force-all|O1-funroll-loops|O2--slp-min-tree-size=100|O2--slp-min-tree-size=50|O2--slp-recursion-max-depth=0|O2--slp-threshold=100|O2--slp-threshold=50|O2--x86-cmov-converter-force-all|O2-fapple-kext|O2-fno-slp-vectorize|O2-fno-tree-slp-vectorize|O3--slp-min-tree-size=100|O3--slp-min-tree-size=50|O3--slp-recursion-max-depth=0|O3--slp-threshold=100|O3--slp-threshold=50|O3--x86-cmov-converter-force-all|O3-fapple-kext|O3-fno-slp-vectorize|O3-fno-tree-slp-vectorize|Ofast--slp-min-tree-size=100|Ofast--slp-min-tree-size=50|Ofast--slp-recursion-max-depth=0|Ofast--slp-threshold=100|Ofast--slp-threshold=50|Ofast--x86-cmov-converter-force-all|Ofast-fapple-kext|Ofast-fno-slp-vectorize|Ofast-fno-tree-slp-vectorize|Os--x86-cmov-converter-force-all|Oz--x86-cmov-converter-force-all
PQCLEAN_MLDSA65_CLEAN_use_hint	rounding.c	47	9	    *a0 -= (((Q - 1) / 2 - *a0) >> 31) & Q;	-	cjump	O1--x86-cmov-converter-force-all|O2--x86-cmov-converter-force-all|O3--x86-cmov-converter-force-all|Ofast--x86-cmov-converter-force-all|Os--x86-cmov-converter-force-all
PQCLEAN_FALCON1024_CLEAN_to_ntt_monty	vrfy.c	417	7	    z += Q & -(z >> 31);	+	cjump	O1--x86-cmov-converter-force-all|O2--x86-cmov-converter-force-all|O3--x86-cmov-converter-force-all|Ofast--x86-cmov-converter-force-all
mq_div_12289	vrfy.c	417	7	    z += Q & -(z >> 31);	+	cjump	O1--x86-cmov-converter-force-all|O2--x86-cmov-converter-force-all|O3--x86-cmov-converter-force-all|Ofast--x86-cmov-converter-force-all|Os--x86-cmov-converter-force-all
PQCLEAN_FALCON1024_CLEAN_fpr_expm_p63	fpr.c	377	8	    xu &= -(uint64_t)((uint32_t)(cc - 64) >> 31);	&	cjump	O1--x86-cmov-converter-force-all|O2--x86-cmov-converter-force-all|O3--x86-cmov-converter-force-all|Ofast--x86-cmov-converter-force-all|Os--x86-cmov-converter-force-all
solve_NTRU	keygen.c	683	7	    d += p & -(d >> 31);	+	cjump	O1--x86-cmov-converter-force-all|O2--x86-cmov-converter-force-all|O3--x86-cmov-converter-force-all|Ofast--x86-cmov-converter-force-all
poly_sub_scaled_ntt	keygen.c	723	7	    d += p & -(d >> 31);	+	cjump	O1--x86-cmov-converter-force-all|O2--x86-cmov-converter-force-all|O3--x86-cmov-converter-force-all|Ofast--x86-cmov-converter-force-all|Os--x86-cmov-converter-force-all|Oz--x86-cmov-converter-force-all
PQCLEAN_FALCON1024_CLEAN_complete_private	vrfy.c	737	11	        w -= (Q & ~ -((w - (Q >> 1)) >> 31));	-	cjump	O1--x86-cmov-converter-force-all|O2--x86-cmov-converter-force-all|O3--x86-cmov-converter-force-all|Ofast--x86-cmov-converter-force-all|Os--x86-cmov-converter-force-all|Oz--x86-cmov-converter-force-all
make_fg_step	keygen.c	683	7	    d += p & -(d >> 31);	+	cjump	O1--x86-cmov-converter-force-all|O2--x86-cmov-converter-force-all|O3--x86-cmov-converter-force-all|Ofast--x86-cmov-converter-force-all
modp_mkgm2	keygen.c	723	7	    d += p & -(d >> 31);	+	cjump	O1--x86-cmov-converter-force-all|O2--x86-cmov-converter-force-all|O3--x86-cmov-converter-force-all|Ofast--x86-cmov-converter-force-all|Os--x86-cmov-converter-force-all|Oz--x86-cmov-converter-force-all
PQCLEAN_FALCONPADDED1024_CLEAN_sampler	sign.c	412	7	    x &= (uint64_t)t - 1;	&	cjump	O1--x86-cmov-converter-force-all|O2--x86-cmov-converter-force-all|O3--x86-cmov-converter-force-all|Ofast--x86-cmov-converter-force-all|Os--x86-cmov-converter-force-all|Oz--x86-cmov-converter-force-all
solve_NTRU_intermediate	keygen.c	1199	11	        w += p & -(w >> 31);	+	cjump	O1--x86-cmov-converter-force-all|O2--x86-cmov-converter-force-all|O3--x86-cmov-converter-force-all|Ofast--x86-cmov-converter-force-all
solve_NTRU_intermediate	keygen.c	475	31	    return cc0 ^ ((cc0 ^ cc1) & (int)((x & y) >> 63));	&	cjump	O1--x86-cmov-converter-force-all|O2--x86-cmov-converter-force-all|O3--x86-cmov-converter-force-all|Ofast--x86-cmov-converter-force-all|Os--x86-cmov-converter-force-all
PQCLEAN_FALCONPADDED512_CLEAN_sampler	sign.c	377	8	    xu &= -(uint64_t)((uint32_t)(cc - 64) >> 31);	&	cjump	O1--x86-cmov-converter-force-all|O2--x86-cmov-converter-force-all|O3--x86-cmov-converter-force-all|Ofast--x86-cmov-converter-force-all|Os--x86-cmov-converter-force-all|Oz--x86-cmov-converter-force-all
PQCLEAN_HQC256_CLEAN_reed_solomon_decode	reed_solomon.c	236	32	            beta_j[j] += mask1 & mask2 & gf_exp[i];	&	cjump	O1--lsr-complexity-limit=50|O1--x86-cmov-converter-force-all|O1-funroll-loops|O2--x86-cmov-converter-force-all|O3--x86-cmov-converter-force-all|Ofast--x86-cmov-converter-force-all|Os--x86-cmov-converter-force-all|Oz--x86-cmov-converter-force-all
PQCLEAN_HQC256_CLEAN_reed_solomon_decode	reed_solomon.c	269	38	            error_values[i] += mask1 & mask2 & e_j[j];	&	cjump	O1--x86-cmov-converter-force-all|O2--x86-cmov-converter-force-all|O3--slp-min-tree-size=100|O3--slp-min-tree-size=50|O3--slp-recursion-max-depth=0|O3--slp-threshold=100|O3--slp-threshold=50|O3--x86-cmov-converter-force-all|O3-fapple-kext|O3-fno-slp-vectorize|O3-fno-tree-slp-vectorize|Ofast--slp-min-tree-size=100|Ofast--slp-min-tree-size=50|Ofast--slp-recursion-max-depth=0|Ofast--slp-threshold=100|Ofast--slp-threshold=50|Ofast--x86-cmov-converter-force-all|Ofast-fapple-kext|Ofast-fno-slp-vectorize|Ofast-fno-tree-slp-vectorize|Os--x86-cmov-converter-force-all|Oz--x86-cmov-converter-force-all
PQCLEAN_FALCONPADDED512_CLEAN_fpr_mul	fpr.c	182	7	    m &= (uint64_t)t - 1;	&	cjump	O1--x86-cmov-converter-force-all|O2--x86-cmov-converter-force-all|O3--x86-cmov-converter-force-all|Ofast--x86-cmov-converter-force-all|Os--x86-cmov-converter-force-all
PQCLEAN_FALCON1024_CLEAN_sign_dyn	sign.c	285	7	    m &= -(uint64_t)((uint32_t)(e - 64) >> 31);	&	cjump	O1--x86-cmov-converter-force-all|O2--x86-cmov-converter-force-all|O3--x86-cmov-converter-force-all|Ofast--x86-cmov-converter-force-all|Os--x86-cmov-converter-force-all
PQCLEAN_HQC128_CLEAN_vect_set_random_fixed_weight	vector.c	47	14	    return r + (n & mask);	+	cjump	O1--x86-cmov-converter-force-all|O2--x86-cmov-converter-force-all|O3--x86-cmov-converter-force-all|Ofast--x86-cmov-converter-force-all|Os--x86-cmov-converter-force-all|Oz--x86-cmov-converter-force-all
solve_NTRU_intermediate	keygen.c	683	7	    d += p & -(d >> 31);	+	cjump	O1--x86-cmov-converter-force-all|O2--x86-cmov-converter-force-all|O3--x86-cmov-converter-force-all|Ofast--x86-cmov-converter-force-all
PQCLEAN_FALCON512_CLEAN_verify_raw	vrfy.c	666	11	        w -= (int32_t)(Q & -(((Q >> 1) - (uint32_t)w) >> 31));	-	cjump	O1--x86-cmov-converter-force-all|O2--x86-cmov-converter-force-all|O3--x86-cmov-converter-force-all|Ofast--x86-cmov-converter-force-all|Os--x86-cmov-converter-force-all|Oz--x86-cmov-converter-force-all
PQCLEAN_FALCON1024_CLEAN_fpr_add	fpr.c	185	8	    yu &= -(uint64_t)((uint32_t)(cc - 60) >> 31);	&	cjump	O1--x86-cmov-converter-force-all|O2--x86-cmov-converter-force-all|O3--x86-cmov-converter-force-all|Ofast--x86-cmov-converter-force-all|Os--x86-cmov-converter-force-all|Oz--x86-cmov-converter-force-all
PQCLEAN_HQC192_CLEAN_reed_solomon_decode	reed_solomon.c	269	38	            error_values[i] += mask1 & mask2 & e_j[j];	&	cjump	O1--x86-cmov-converter-force-all|O1-funroll-loops|O2--slp-min-tree-size=100|O2--slp-min-tree-size=50|O2--slp-recursion-max-depth=0|O2--slp-threshold=100|O2--slp-threshold=50|O2-fapple-kext|O2-fno-slp-vectorize|O2-fno-tree-slp-vectorize|O3--slp-min-tree-size=100|O3--slp-min-tree-size=50|O3--slp-recursion-max-depth=0|O3--slp-threshold=100|O3--slp-threshold=50|O3-fapple-kext|O3-fno-slp-vectorize|O3-fno-tree-slp-vectorize|Ofast--slp-min-tree-size=100|Ofast--slp-min-tree-size=50|Ofast--slp-recursion-max-depth=0|Ofast--slp-threshold=100|Ofast--slp-threshold=50|Ofast-fapple-kext|Ofast-fno-slp-vectorize|Ofast-fno-tree-slp-vectorize|Oz--x86-cmov-converter-force-all
ffSampling_fft	sign.c	412	7	    x &= (uint64_t)t - 1;	&	cjump	O1--x86-cmov-converter-force-all|O2--x86-cmov-converter-force-all|O3--x86-cmov-converter-force-all|Ofast--x86-cmov-converter-force-all|Os--x86-cmov-converter-force-all|Oz--x86-cmov-converter-force-all
make_fg	keygen.c	683	7	    d += p & -(d >> 31);	+	cjump	O1--x86-cmov-converter-force-all|O2--x86-cmov-converter-force-all|O3--x86-cmov-converter-force-all|Ofast--x86-cmov-converter-force-all
PQCLEAN_FALCONPADDED512_CLEAN_compute_public	vrfy.c	417	7	    z += Q & -(z >> 31);	+	cjump	O1--x86-cmov-converter-force-all|O2--x86-cmov-converter-force-all|O3--x86-cmov-converter-force-all|Ofast--x86-cmov-converter-force-all
PQCLEAN_FALCONPADDED1024_CLEAN_to_ntt_monty	vrfy.c	417	7	    z += Q & -(z >> 31);	+	cjump	O1--x86-cmov-converter-force-all|O2--x86-cmov-converter-force-all|O3--x86-cmov-converter-force-all|Ofast--x86-cmov-converter-force-all
PQCLEAN_HQC192_CLEAN_gf_mul	gf.c	108	22	    l ^= ((a << 7) & mask);	m	cjump	O1--x86-cmov-converter-force-all|O2--x86-cmov-converter-force-all|O3--x86-cmov-converter-force-all|Ofast--x86-cmov-converter-force-all|Os--x86-cmov-converter-force-all|Oz--x86-cmov-converter-force-all
mq_iNTT	vrfy.c	555	28	                a[j + t] = (uint16_t)	(	cjump	O1--x86-cmov-converter-force-all
PQCLEAN_FALCON512_CLEAN_complete_private	vrfy.c	417	7	    z += Q & -(z >> 31);	+	cjump	O1--x86-cmov-converter-force-all|O2--x86-cmov-converter-force-all|O3--x86-cmov-converter-force-all|Ofast--x86-cmov-converter-force-all
PQCLEAN_FALCONPADDED1024_CLEAN_fpr_add	fpr.c	182	7	    m &= (uint64_t)t - 1;	&	cjump	O1--x86-cmov-converter-force-all|O2--x86-cmov-converter-force-all|O3--x86-cmov-converter-force-all|Ofast--x86-cmov-converter-force-all|Os--x86-cmov-converter-force-all
PQCLEAN_FALCONPADDED512_CLEAN_poly_split_fft	fft.c	412	7	    x &= (uint64_t)t - 1;	&	cjump	O1--x86-cmov-converter-force-all|O2--x86-cmov-converter-force-all|O3--x86-cmov-converter-force-all|Ofast--x86-cmov-converter-force-all|Os--x86-cmov-converter-force-all|Oz--x86-cmov-converter-force-all
PQCLEAN_FALCON512_CLEAN_fpr_expm_p63	fpr.c	377	8	    xu &= -(uint64_t)((uint32_t)(cc - 64) >> 31);	&	cjump	O1--x86-cmov-converter-force-all|O2--x86-cmov-converter-force-all|O3--x86-cmov-converter-force-all|Ofast--x86-cmov-converter-force-all|Os--x86-cmov-converter-force-all
PQCLEAN_FALCONPADDED1024_CLEAN_fpr_div	fpr.c	182	7	    m &= (uint64_t)t - 1;	&	cjump	O1--x86-cmov-converter-force-all|O2--x86-cmov-converter-force-all|O3--x86-cmov-converter-force-all|Ofast--x86-cmov-converter-force-all|Os--x86-cmov-converter-force-all
PQCLEAN_FALCON512_CLEAN_verify_raw	vrfy.c	417	7	    z += Q & -(z >> 31);	+	cjump	O1--x86-cmov-converter-force-all|O2--x86-cmov-converter-force-all|O3--x86-cmov-converter-force-all|Ofast--x86-cmov-converter-force-all
PQCLEAN_FALCON1024_CLEAN_fpr_add	fpr.c	182	7	    m &= (uint64_t)t - 1;	&	cjump	O1--x86-cmov-converter-force-all|O2--x86-cmov-converter-force-all|O3--x86-cmov-converter-force-all|Ofast--x86-cmov-converter-force-all|Os--x86-cmov-converter-force-all
PQCLEAN_FALCON1024_CLEAN_verify_raw	vrfy.c	666	11	        w -= (int32_t)(Q & -(((Q >> 1) - (uint32_t)w) >> 31));	-	cjump	O1--x86-cmov-converter-force-all|O2--x86-cmov-converter-force-all|O3--x86-cmov-converter-force-all|Ofast--x86-cmov-converter-force-all|Os--x86-cmov-converter-force-all|Oz--x86-cmov-converter-force-all
PQCLEAN_MLDSA44_CLEAN_use_hint	rounding.c	44	8	    a1 ^= ((43 - a1) >> 31) & a1;	^	cjump	O1--x86-cmov-converter-force-all|O2--x86-cmov-converter-force-all|O3--x86-cmov-converter-force-all|Ofast--x86-cmov-converter-force-all|Os--x86-cmov-converter-force-all
PQCLEAN_FALCON512_CLEAN_count_nttzero	vrfy.c	417	7	    z += Q & -(z >> 31);	+	cjump	O1--x86-cmov-converter-force-all|O2--x86-cmov-converter-force-all|O3--x86-cmov-converter-force-all|Ofast--x86-cmov-converter-force-all
PQCLEAN_FALCON1024_CLEAN_verify_recover	vrfy.c	417	7	    z += Q & -(z >> 31);	+	cjump	O1--x86-cmov-converter-force-all|O2--x86-cmov-converter-force-all|O3--x86-cmov-converter-force-all|Ofast--x86-cmov-converter-force-all
PQCLEAN_FALCONPADDED1024_CLEAN_fpr_scaled	fpr.c	182	7	    m &= (uint64_t)t - 1;	&	cjump	O1--x86-cmov-converter-force-all|O2--x86-cmov-converter-force-all|O3--x86-cmov-converter-force-all|Ofast--x86-cmov-converter-force-all|Os--x86-cmov-converter-force-all
PQCLEAN_FALCONPADDED1024_CLEAN_complete_private	vrfy.c	417	7	    z += Q & -(z >> 31);	+	cjump	O1--x86-cmov-converter-force-all|O2--x86-cmov-converter-force-all|O3--x86-cmov-converter-force-all|Ofast--x86-cmov-converter-force-all
make_fg_step	keygen.c	1199	11	        w += p & -(w >> 31);	+	cjump	O1--x86-cmov-converter-force-all|O2--x86-cmov-converter-force-all|O3--x86-cmov-converter-force-all|Ofast--x86-cmov-converter-force-all
PQCLEAN_FALCONPADDED1024_CLEAN_compute_public	vrfy.c	417	7	    z += Q & -(z >> 31);	+	cjump	O1--x86-cmov-converter-force-all|O2--x86-cmov-converter-force-all|O3--x86-cmov-converter-force-all|Ofast--x86-cmov-converter-force-all
PQCLEAN_FALCON1024_CLEAN_count_nttzero	vrfy.c	417	7	    z += Q & -(z >> 31);	+	cjump	O1--x86-cmov-converter-force-all|O2--x86-cmov-converter-force-all|O3--x86-cmov-converter-force-all|Ofast--x86-cmov-converter-force-all
modp_iNTT2_ext	keygen.c	723	7	    d += p & -(d >> 31);	+	cjump	O1--x86-cmov-converter-force-all|O2--x86-cmov-converter-force-all|Os--x86-cmov-converter-force-all|Oz--x86-cmov-converter-force-all
PQCLEAN_FALCON512_CLEAN_fpr_add	fpr.c	182	7	    m &= (uint64_t)t - 1;	&	cjump	O1--x86-cmov-converter-force-all|O2--x86-cmov-converter-force-all|O3--x86-cmov-converter-force-all|Ofast--x86-cmov-converter-force-all|Os--x86-cmov-converter-force-all
PQCLEAN_FALCONPADDED512_CLEAN_sign_tree	sign.c	285	7	    m &= -(uint64_t)((uint32_t)(e - 64) >> 31);	&	cjump	O1--x86-cmov-converter-force-all|O2--x86-cmov-converter-force-all|O3--x86-cmov-converter-force-all|Ofast--x86-cmov-converter-force-all|Os--x86-cmov-converter-force-all
PQCLEAN_HQC192_CLEAN_reed_muller_decode	reed_muller.c	136	17	        abs = t ^ ((uint16_t)(-(t >> 15)) & (t ^ -t)); // t = abs(t)	^	cjump	O1--x86-cmov-converter-force-all|O2--x86-cmov-converter-force-all|O3--x86-cmov-converter-force-all|Ofast--x86-cmov-converter-force-all|Os--x86-cmov-converter-force-all|Oz--x86-cmov-converter-force-all
solve_NTRU	keygen.c	1199	11	        w += p & -(w >> 31);	+	cjump	O1--x86-cmov-converter-force-all|O2--x86-cmov-converter-force-all|O3--x86-cmov-converter-force-all|Ofast--x86-cmov-converter-force-all
PQCLEAN_FALCONPADDED1024_CLEAN_sign_tree	sign.c	285	7	    m &= -(uint64_t)((uint32_t)(e - 64) >> 31);	&	cjump	O1--x86-cmov-converter-force-all|O2--x86-cmov-converter-force-all|O3--x86-cmov-converter-force-all|Ofast--x86-cmov-converter-force-all|Os--x86-cmov-converter-force-all
PQCLEAN_FALCONPADDED1024_CLEAN_sampler	sign.c	1057	43	    z = ((fpr_expm_p63(r, ccs) << 1) - 1) >> s;	>	cjump	O1--x86-cmov-converter-force-all|O2--x86-cmov-converter-force-all|O3--x86-cmov-converter-force-all|Ofast--x86-cmov-converter-force-all|Os--x86-cmov-converter-force-all|Oz--x86-cmov-converter-force-all
PQCLEAN_FALCON512_CLEAN_fpr_div	fpr.c	182	7	    m &= (uint64_t)t - 1;	&	cjump	O1--x86-cmov-converter-force-all|O2--x86-cmov-converter-force-all|O3--x86-cmov-converter-force-all|Ofast--x86-cmov-converter-force-all|Os--x86-cmov-converter-force-all
solve_NTRU	keygen.c	475	31	    return cc0 ^ ((cc0 ^ cc1) & (int)((x & y) >> 63));	&	cjump	O1--x86-cmov-converter-force-all|O2--x86-cmov-converter-force-all|O3--x86-cmov-converter-force-all|Ofast--x86-cmov-converter-force-all
PQCLEAN_HQC128_CLEAN_reed_muller_decode	reed_muller.c	136	17	        abs = t ^ ((uint16_t)(-(t >> 15)) & (t ^ -t)); // t = abs(t)	^	cjump	O1--x86-cmov-converter-force-all|O2--x86-cmov-converter-force-all|O3--x86-cmov-converter-force-all|Ofast--x86-cmov-converter-force-all|Os--x86-cmov-converter-force-all|Oz--x86-cmov-converter-force-all
PQCLEAN_FALCONPADDED1024_CLEAN_fpr_add	fpr.c	185	8	    yu &= -(uint64_t)((uint32_t)(cc - 60) >> 31);	&	cjump	O1--x86-cmov-converter-force-all|O2--x86-cmov-converter-force-all|O3--x86-cmov-converter-force-all|Ofast--x86-cmov-converter-force-all|Os--x86-cmov-converter-force-all|Oz--x86-cmov-converter-force-all
PQCLEAN_FALCON512_CLEAN_verify_recover	vrfy.c	417	7	    z += Q & -(z >> 31);	+	cjump	O1--x86-cmov-converter-force-all|O2--x86-cmov-converter-force-all|O3--x86-cmov-converter-force-all|Ofast--x86-cmov-converter-force-all
PQCLEAN_FALCONPADDED1024_CLEAN_fpr_expm_p63	fpr.c	377	8	    xu &= -(uint64_t)((uint32_t)(cc - 64) >> 31);	&	cjump	O1--x86-cmov-converter-force-all|O2--x86-cmov-converter-force-all|O3--x86-cmov-converter-force-all|Ofast--x86-cmov-converter-force-all|Os--x86-cmov-converter-force-all
solve_NTRU	keygen.c	1832	26	            a_lo += a_lo & (cA - 1);	&	cjump	O1--x86-cmov-converter-force-all|O2--x86-cmov-converter-force-all|O3--x86-cmov-converter-force-all|Ofast--x86-cmov-converter-force-all
modp_mkgm2	keygen.c	807	11	        z ^= (z ^ z2) & -(uint32_t)((e >> i) & 1);	^	cjump	O1--x86-cmov-converter-force-all|O2--x86-cmov-converter-force-all|O3--x86-cmov-converter-force-all|Ofast--x86-cmov-converter-force-all|Os--x86-cmov-converter-force-all|Oz--x86-cmov-converter-force-all
PQCLEAN_FALCON1024_CLEAN_compute_public	vrfy.c	417	7	    z += Q & -(z >> 31);	+	cjump	O1--x86-cmov-converter-force-all|O2--x86-cmov-converter-force-all|O3--x86-cmov-converter-force-all|Ofast--x86-cmov-converter-force-all
PQCLEAN_FALCON512_CLEAN_sampler	sign.c	352	8	    xi ^= (xi ^ -(int64_t)t) & -(int64_t)((uint32_t)(63 - cc) >> 31);	^	cjump	O1--x86-cmov-converter-force-all|O2--x86-cmov-converter-force-all|O3--x86-cmov-converter-force-all|Ofast--x86-cmov-converter-force-all|Os--x86-cmov-converter-force-all|Oz--x86-cmov-converter-force-all
PQCLEAN_FALCON1024_CLEAN_complete_private	vrfy.c	417	7	    z += Q & -(z >> 31);	+	cjump	O1--x86-cmov-converter-force-all|O2--x86-cmov-converter-force-all|O3--x86-cmov-converter-force-all|Ofast--x86-cmov-converter-force-all
PQCLEAN_FALCONPADDED512_CLEAN_sign_dyn	sign.c	285	7	    m &= -(uint64_t)((uint32_t)(e - 64) >> 31);	&	cjump	O1--x86-cmov-converter-force-all|O2--x86-cmov-converter-force-all|O3--x86-cmov-converter-force-all|Ofast--x86-cmov-converter-force-all|Os--x86-cmov-converter-force-all
PQCLEAN_FALCON512_CLEAN_fpr_scaled	fpr.c	124	7	    m &= -(uint64_t)t;	&	cjump	O1--x86-cmov-converter-force-all|O2--x86-cmov-converter-force-all|O3--x86-cmov-converter-force-all|Ofast--x86-cmov-converter-force-all|Os--x86-cmov-converter-force-all|Oz--x86-cmov-converter-force-all
PQCLEAN_FALCON1024_CLEAN_fpr_div	fpr.c	182	7	    m &= (uint64_t)t - 1;	&	cjump	O1--x86-cmov-converter-force-all|O2--x86-cmov-converter-force-all|O3--x86-cmov-converter-force-all|Ofast--x86-cmov-converter-force-all|Os--x86-cmov-converter-force-all
solve_NTRU	keygen.c	1145	12	        aw ^= ((w & 0x7FFFFFFF) ^ aw) & m;	^	cjump	O1--enable-nontrivial-unswitch|O1--x86-cmov-converter-force-all|O2--enable-nontrivial-unswitch|O2--x86-cmov-converter-force-all
PQCLEAN_FALCON1024_CLEAN_sign_tree	sign.c	285	7	    m &= -(uint64_t)((uint32_t)(e - 64) >> 31);	&	cjump	O1--x86-cmov-converter-force-all|O2--x86-cmov-converter-force-all|O3--x86-cmov-converter-force-all|Ofast--x86-cmov-converter-force-all|Os--x86-cmov-converter-force-all
PQCLEAN_FALCON1024_CLEAN_sampler	sign.c	377	8	    xu &= -(uint64_t)((uint32_t)(cc - 64) >> 31);	&	cjump	O1--x86-cmov-converter-force-all|O2--x86-cmov-converter-force-all|O3--x86-cmov-converter-force-all|Ofast--x86-cmov-converter-force-all|Os--x86-cmov-converter-force-all|Oz--x86-cmov-converter-force-all
PQCLEAN_FALCONPADDED512_CLEAN_count_nttzero	vrfy.c	417	7	    z += Q & -(z >> 31);	+	cjump	O1--x86-cmov-converter-force-all|O2--x86-cmov-converter-force-all|O3--x86-cmov-converter-force-all|Ofast--x86-cmov-converter-force-all
PQCLEAN_FALCONPADDED1024_CLEAN_verify_raw	vrfy.c	417	7	    z += Q & -(z >> 31);	+	cjump	O1--x86-cmov-converter-force-all|O2--x86-cmov-converter-force-all|O3--x86-cmov-converter-force-all|Ofast--x86-cmov-converter-force-all
PQCLEAN_HQC256_CLEAN_vect_set_random_fixed_weight	vector.c	47	14	    return r + (n & mask);	+	cjump	O1--x86-cmov-converter-force-all|O2--x86-cmov-converter-force-all|O3--x86-cmov-converter-force-all|Ofast--x86-cmov-converter-force-all|Os--x86-cmov-converter-force-all|Oz--x86-cmov-converter-force-all
PQCLEAN_FALCONPADDED1024_CLEAN_complete_private	vrfy.c	737	11	        w -= (Q & ~ -((w - (Q >> 1)) >> 31));	-	cjump	O1--x86-cmov-converter-force-all|O2--x86-cmov-converter-force-all|O3--x86-cmov-converter-force-all|Ofast--x86-cmov-converter-force-all|Os--x86-cmov-converter-force-all|Oz--x86-cmov-converter-force-all
PQCLEAN_FALCONPADDED1024_CLEAN_verify_recover	vrfy.c	417	7	    z += Q & -(z >> 31);	+	cjump	O1--x86-cmov-converter-force-all|O2--x86-cmov-converter-force-all|O3--x86-cmov-converter-force-all|Ofast--x86-cmov-converter-force-all
PQCLEAN_FALCON1024_CLEAN_sampler	sign.c	352	8	    xi ^= (xi ^ -(int64_t)t) & -(int64_t)((uint32_t)(63 - cc) >> 31);	^	cjump	O1--x86-cmov-converter-force-all|O2--x86-cmov-converter-force-all|O3--x86-cmov-converter-force-all|Ofast--x86-cmov-converter-force-all|Os--x86-cmov-converter-force-all|Oz--x86-cmov-converter-force-all
PQCLEAN_FALCON512_CLEAN_fpr_add	fpr.c	185	8	    yu &= -(uint64_t)((uint32_t)(cc - 60) >> 31);	&	cjump	O1--x86-cmov-converter-force-all|O2--x86-cmov-converter-force-all|O3--x86-cmov-converter-force-all|Ofast--x86-cmov-converter-force-all|Os--x86-cmov-converter-force-all|Oz--x86-cmov-converter-force-all
PQCLEAN_FALCON512_CLEAN_sampler	sign.c	412	7	    x &= (uint64_t)t - 1;	&	cjump	O1--x86-cmov-converter-force-all|O2--x86-cmov-converter-force-all|O3--x86-cmov-converter-force-all|Ofast--x86-cmov-converter-force-all|Os--x86-cmov-converter-force-all|Oz--x86-cmov-converter-force-all
PQCLEAN_FALCONPADDED512_CLEAN_sampler	sign.c	352	8	    xi ^= (xi ^ -(int64_t)t) & -(int64_t)((uint32_t)(63 - cc) >> 31);	^	cjump	O1--x86-cmov-converter-force-all|O2--x86-cmov-converter-force-all|O3--x86-cmov-converter-force-all|Ofast--x86-cmov-converter-force-all|Os--x86-cmov-converter-force-all|Oz--x86-cmov-converter-force-all
PQCLEAN_HQC192_CLEAN_reed_solomon_decode	reed_solomon.c	236	32	            beta_j[j] += mask1 & mask2 & gf_exp[i];	&	cjump	O1--lsr-complexity-limit=50|O1--x86-cmov-converter-force-all|O1-funroll-loops|Oz--x86-cmov-converter-force-all
PQCLEAN_FALCONPADDED512_CLEAN_to_ntt_monty	vrfy.c	417	7	    z += Q & -(z >> 31);	+	cjump	O1--x86-cmov-converter-force-all|O2--x86-cmov-converter-force-all|O3--x86-cmov-converter-force-all|Ofast--x86-cmov-converter-force-all
PQCLEAN_FALCONPADDED1024_CLEAN_verify_raw	vrfy.c	666	11	        w -= (int32_t)(Q & -(((Q >> 1) - (uint32_t)w) >> 31));	-	cjump	O1--x86-cmov-converter-force-all|O2--x86-cmov-converter-force-all|O3--x86-cmov-converter-force-all|Ofast--x86-cmov-converter-force-all|Os--x86-cmov-converter-force-all|Oz--x86-cmov-converter-force-all
PQCLEAN_FALCON512_CLEAN_sign_tree	sign.c	285	7	    m &= -(uint64_t)((uint32_t)(e - 64) >> 31);	&	cjump	O1--x86-cmov-converter-force-all|O2--x86-cmov-converter-force-all|O3--x86-cmov-converter-force-all|Ofast--x86-cmov-converter-force-all|Os--x86-cmov-converter-force-all
PQCLEAN_MLDSA87_CLEAN_use_hint	rounding.c	47	9	    *a0 -= (((Q - 1) / 2 - *a0) >> 31) & Q;	-	cjump	O1--x86-cmov-converter-force-all|O2--x86-cmov-converter-force-all|O3--x86-cmov-converter-force-all|Ofast--x86-cmov-converter-force-all|Os--x86-cmov-converter-force-all
poly_sub_scaled_ntt	keygen.c	1199	11	        w += p & -(w >> 31);	+	cjump	O1--x86-cmov-converter-force-all|O2--x86-cmov-converter-force-all|O3--x86-cmov-converter-force-all|Ofast--x86-cmov-converter-force-all
PQCLEAN_FALCONPADDED512_CLEAN_fpr_add	fpr.c	182	7	    m &= (uint64_t)t - 1;	&	cjump	O1--x86-cmov-converter-force-all|O2--x86-cmov-converter-force-all|O3--x86-cmov-converter-force-all|Ofast--x86-cmov-converter-force-all|Os--x86-cmov-converter-force-all
PQCLEAN_FALCON1024_CLEAN_is_invertible	vrfy.c	417	7	    z += Q & -(z >> 31);	+	cjump	O1--x86-cmov-converter-force-all|O2--x86-cmov-converter-force-all|O3--x86-cmov-converter-force-all|Ofast--x86-cmov-converter-force-all
PQCLEAN_HQC128_CLEAN_vect_set_random_fixed_weight	vector.c	36	21	        ret |= mask & tmp;	&	cjump	O1--x86-cmov-converter-force-all|O2--x86-cmov-converter-force-all|O3--x86-cmov-converter-force-all|Ofast--x86-cmov-converter-force-all|Os--x86-cmov-converter-force-all|Oz--x86-cmov-converter-force-all
PQCLEAN_FALCON512_CLEAN_fpr_add	fpr.c	155	42	         | ((1U - (uint32_t)(-za >> 63)) & (uint32_t)(x >> 63));	&	cjump	O1--x86-cmov-converter-force-all|O2--x86-cmov-converter-force-all|O3--x86-cmov-converter-force-all|Ofast--x86-cmov-converter-force-all|Os--x86-cmov-converter-force-all|Oz--x86-cmov-converter-force-all
PQCLEAN_FALCON1024_CLEAN_fpr_add	fpr.c	155	42	         | ((1U - (uint32_t)(-za >> 63)) & (uint32_t)(x >> 63));	&	cjump	O1--x86-cmov-converter-force-all|O2--x86-cmov-converter-force-all|O3--x86-cmov-converter-force-all|Ofast--x86-cmov-converter-force-all|Os--x86-cmov-converter-force-all|Oz--x86-cmov-converter-force-all
PQCLEAN_FALCON1024_CLEAN_fpr_scaled	fpr.c	124	7	    m &= -(uint64_t)t;	&	cjump	O1--x86-cmov-converter-force-all|O2--x86-cmov-converter-force-all|O3--x86-cmov-converter-force-all|Ofast--x86-cmov-converter-force-all|Os--x86-cmov-converter-force-all|Oz--x86-cmov-converter-force-all
PQCLEAN_FALCON512_CLEAN_fpr_mul	fpr.c	182	7	    m &= (uint64_t)t - 1;	&	cjump	O1--x86-cmov-converter-force-all|O2--x86-cmov-converter-force-all|O3--x86-cmov-converter-force-all|Ofast--x86-cmov-converter-force-all|Os--x86-cmov-converter-force-all
PQCLEAN_FALCONPADDED512_CLEAN_fpr_add	fpr.c	185	8	    yu &= -(uint64_t)((uint32_t)(cc - 60) >> 31);	&	cjump	O1--x86-cmov-converter-force-all|O2--x86-cmov-converter-force-all|O3--x86-cmov-converter-force-all|Ofast--x86-cmov-converter-force-all|Os--x86-cmov-converter-force-all|Oz--x86-cmov-converter-force-all
PQCLEAN_FALCONPADDED1024_CLEAN_sign_dyn	sign.c	285	7	    m &= -(uint64_t)((uint32_t)(e - 64) >> 31);	&	cjump	O1--x86-cmov-converter-force-all|O2--x86-cmov-converter-force-all|O3--x86-cmov-converter-force-all|Ofast--x86-cmov-converter-force-all|Os--x86-cmov-converter-force-all
PQCLEAN_FALCON512_CLEAN_sign_dyn	sign.c	285	7	    m &= -(uint64_t)((uint32_t)(e - 64) >> 31);	&	cjump	O1--x86-cmov-converter-force-all|O2--x86-cmov-converter-force-all|O3--x86-cmov-converter-force-all|Ofast--x86-cmov-converter-force-all|Os--x86-cmov-converter-force-all
PQCLEAN_HQC192_CLEAN_vect_set_random_fixed_weight	vector.c	47	14	    return r + (n & mask);	+	cjump	O1--x86-cmov-converter-force-all|O2--x86-cmov-converter-force-all|O3--x86-cmov-converter-force-all|Ofast--x86-cmov-converter-force-all|Os--x86-cmov-converter-force-all|Oz--x86-cmov-converter-force-all
PQCLEAN_FALCONPADDED1024_CLEAN_count_nttzero	vrfy.c	417	7	    z += Q & -(z >> 31);	+	cjump	O1--x86-cmov-converter-force-all|O2--x86-cmov-converter-force-all|O3--x86-cmov-converter-force-all|Ofast--x86-cmov-converter-force-all
PQCLEAN_FALCON512_CLEAN_is_invertible	vrfy.c	417	7	    z += Q & -(z >> 31);	+	cjump	O1--x86-cmov-converter-force-all|O2--x86-cmov-converter-force-all|O3--x86-cmov-converter-force-all|Ofast--x86-cmov-converter-force-all
PQCLEAN_FALCON1024_CLEAN_sampler	sign.c	1057	43	    z = ((fpr_expm_p63(r, ccs) << 1) - 1) >> s;	>	cjump	O1--x86-cmov-converter-force-all|O2--x86-cmov-converter-force-all|O3--x86-cmov-converter-force-all|Ofast--x86-cmov-converter-force-all|Os--x86-cmov-converter-force-all|Oz--x86-cmov-converter-force-all
PQCLEAN_FALCONPADDED512_CLEAN_verify_recover	vrfy.c	417	7	    z += Q & -(z >> 31);	+	cjump	O1--x86-cmov-converter-force-all|O2--x86-cmov-converter-force-all|O3--x86-cmov-converter-force-all|Ofast--x86-cmov-converter-force-all
PQCLEAN_FALCON512_CLEAN_sampler	sign.c	1057	43	    z = ((fpr_expm_p63(r, ccs) << 1) - 1) >> s;	>	cjump	O1--x86-cmov-converter-force-all|O2--x86-cmov-converter-force-all|O3--x86-cmov-converter-force-all|Ofast--x86-cmov-converter-force-all|Os--x86-cmov-converter-force-all|Oz--x86-cmov-converter-force-all
solve_NTRU_intermediate	keygen.c	285	7	    m &= -(uint64_t)((uint32_t)(e - 64) >> 31);	&	cjump	O1--x86-cmov-converter-force-all|O2--x86-cmov-converter-force-all|O3--x86-cmov-converter-force-all|Ofast--x86-cmov-converter-force-all|Os--x86-cmov-converter-force-all
PQCLEAN_HQC128_CLEAN_reed_solomon_decode	reed_solomon.c	236	32	            beta_j[j] += mask1 & mask2 & gf_exp[i];	&	cjump	O1--lsr-complexity-limit=50|O1--x86-cmov-converter-force-all|O1-funroll-loops|O2--x86-cmov-converter-force-all|O3--x86-cmov-converter-force-all|Ofast--x86-cmov-converter-force-all|Os--x86-cmov-converter-force-all|Oz--x86-cmov-converter-force-all
PQCLEAN_MLDSA44_CLEAN_use_hint	rounding.c	47	9	    *a0 -= (((Q - 1) / 2 - *a0) >> 31) & Q;	-	cjump	O1--x86-cmov-converter-force-all|O2--x86-cmov-converter-force-all|O3--x86-cmov-converter-force-all|Ofast--x86-cmov-converter-force-all|Os--x86-cmov-converter-force-all
solve_NTRU	keygen.c	723	7	    d += p & -(d >> 31);	+	cjump	O1--x86-cmov-converter-force-all|O2--x86-cmov-converter-force-all|O3--x86-cmov-converter-force-all|Ofast--x86-cmov-converter-force-all
PQCLEAN_FALCONPADDED512_CLEAN_fpr_expm_p63	fpr.c	377	8	    xu &= -(uint64_t)((uint32_t)(cc - 64) >> 31);	&	cjump	O1--x86-cmov-converter-force-all|O2--x86-cmov-converter-force-all|O3--x86-cmov-converter-force-all|Ofast--x86-cmov-converter-force-all|Os--x86-cmov-converter-force-all
PQCLEAN_FALCONPADDED512_CLEAN_verify_raw	vrfy.c	417	7	    z += Q & -(z >> 31);	+	cjump	O1--x86-cmov-converter-force-all|O2--x86-cmov-converter-force-all|O3--x86-cmov-converter-force-all|Ofast--x86-cmov-converter-force-all
PQCLEAN_HQC128_CLEAN_gf_mul	gf.c	108	22	    l ^= ((a << 7) & mask);	m	cjump	O1--x86-cmov-converter-force-all|O2--x86-cmov-converter-force-all|O3--x86-cmov-converter-force-all|Ofast--x86-cmov-converter-force-all|Os--x86-cmov-converter-force-all|Oz--x86-cmov-converter-force-all
solve_NTRU_intermediate	keygen.c	723	7	    d += p & -(d >> 31);	+	cjump	O1--x86-cmov-converter-force-all|O2--x86-cmov-converter-force-all|O3--x86-cmov-converter-force-all|Ofast--x86-cmov-converter-force-all|Os--x86-cmov-converter-force-all|Oz--x86-cmov-converter-force-all
make_fg	keygen.c	723	7	    d += p & -(d >> 31);	+	cjump	O1--x86-cmov-converter-force-all|O2--x86-cmov-converter-force-all|O3--x86-cmov-converter-force-all|Ofast--x86-cmov-converter-force-all
PQCLEAN_FALCON1024_CLEAN_sampler	sign.c	412	7	    x &= (uint64_t)t - 1;	&	cjump	O1--x86-cmov-converter-force-all|O2--x86-cmov-converter-force-all|O3--x86-cmov-converter-force-all|Ofast--x86-cmov-converter-force-all|Os--x86-cmov-converter-force-all|Oz--x86-cmov-converter-force-all
PQCLEAN_FALCONPADDED1024_CLEAN_sampler	sign.c	352	8	    xi ^= (xi ^ -(int64_t)t) & -(int64_t)((uint32_t)(63 - cc) >> 31);	^	cjump	O1--x86-cmov-converter-force-all|O2--x86-cmov-converter-force-all|O3--x86-cmov-converter-force-all|Ofast--x86-cmov-converter-force-all|Os--x86-cmov-converter-force-all|Oz--x86-cmov-converter-force-all
solve_NTRU	keygen.c	1747	16	            c0 &= (((aw | bw) + 0x7FFFFFFF) >> 31) - (uint32_t)1;	&	cjump	O1--x86-cmov-converter-force-all|O2--x86-cmov-converter-force-all|O3--x86-cmov-converter-force-all|Ofast--x86-cmov-converter-force-all
PQCLEAN_FALCONPADDED512_CLEAN_hash_to_point_vartime	common.c	59	13	            while (w >= 12289) {	w	mdiv	O1--fast-isel|O2--fast-isel|O3--fast-isel|Ofast--fast-isel|Os--fast-isel
PQCLEAN_FALCONPADDED512_CLEAN_verify_recover	vrfy.c	796	16	        w += Q & -(w >> 31);	&	cjump	O1--disable-select-optimize=false|O1--fast-isel|O2--disable-select-optimize=false|O2--fast-isel|O3--disable-select-optimize=false|O3--fast-isel|Ofast--disable-select-optimize=false|Ofast--fast-isel|Os--fast-isel|Oz--fast-isel
PQCLEAN_FALCON512_CLEAN_hash_to_point_vartime	common.c	59	13	            while (w >= 12289) {	w	mdiv	O1--fast-isel|O2--fast-isel|O3--fast-isel|Ofast--fast-isel|Os--fast-isel
PQCLEAN_FALCONPADDED1024_CLEAN_verify_recover	vrfy.c	792	16	        w += Q & -(w >> 31);	&	cjump	O1--disable-select-optimize=false|O1--fast-isel|O2--disable-select-optimize=false|O2--fast-isel|O3--disable-select-optimize=false|O3--fast-isel|Ofast--disable-select-optimize=false|Ofast--fast-isel|Os--fast-isel|Oz--fast-isel
PQCLEAN_FALCON512_CLEAN_verify_raw	vrfy.c	666	26	        w -= (int32_t)(Q & -(((Q >> 1) - (uint32_t)w) >> 31));	&	cjump	O1--fast-isel|O2--fast-isel|O3--fast-isel|Ofast--fast-isel|Os--fast-isel|Oz--fast-isel
PQCLEAN_HQC128_CLEAN_reed_solomon_decode	reed_solomon.c	255	106	            tmp2 = PQCLEAN_HQC128_CLEAN_gf_mul(tmp2, (1 ^ PQCLEAN_HQC128_CLEAN_gf_mul(inverse, beta_j[(i + k) % PARAM_DELTA])));	+	mdiv	O1--fast-isel|O2--fast-isel|Os--fast-isel|Oz--jump-threading-across-loop-headers
PQCLEAN_FALCON1024_CLEAN_verify_recover	vrfy.c	796	16	        w += Q & -(w >> 31);	&	cjump	O1--disable-select-optimize=false|O1--fast-isel|O2--disable-select-optimize=false|O2--fast-isel|O3--disable-select-optimize=false|O3--fast-isel|Ofast--disable-select-optimize=false|Ofast--fast-isel|Os--fast-isel|Oz--fast-isel
solve_NTRU_intermediate	keygen.c	3212	34	        sch = (uint32_t)(scale_k / 31);	/	mdiv	O1--fast-isel|O2--fast-isel|O3--fast-isel|Ofast--fast-isel|Os--fast-isel|Oz--fast-isel
solve_NTRU	keygen.c	695	12	    d += p & -(d >> 31);	&	cjump	O1--fast-isel|O2--fast-isel|O3--fast-isel|Ofast--fast-isel
PQCLEAN_FALCONPADDED512_CLEAN_verify_raw	vrfy.c	666	26	        w -= (int32_t)(Q & -(((Q >> 1) - (uint32_t)w) >> 31));	&	cjump	O1--fast-isel|O2--fast-isel|O3--fast-isel|Ofast--fast-isel|Os--fast-isel|Oz--fast-isel
PQCLEAN_FALCON1024_CLEAN_verify_recover	vrfy.c	371	12	    d += Q & -(d >> 31);	&	cjump	O1--disable-select-optimize=false|O1--fast-isel|O2--disable-select-optimize=false|O2--fast-isel|O3--disable-select-optimize=false|O3--fast-isel|Ofast--disable-select-optimize=false|Ofast--fast-isel|Os--fast-isel|Oz--fast-isel
PQCLEAN_FALCONPADDED1024_CLEAN_hash_to_point_vartime	common.c	59	13	            while (w >= 12289) {	w	mdiv	O1--fast-isel|O2--fast-isel|O3--fast-isel|Ofast--fast-isel|Os--fast-isel
PQCLEAN_FALCON1024_CLEAN_hash_to_point_vartime	common.c	59	13	            while (w >= 12289) {	w	mdiv	O1--fast-isel|O2--fast-isel|O3--fast-isel|Ofast--fast-isel|Os--fast-isel
PQCLEAN_FALCON1024_CLEAN_verify_raw	vrfy.c	666	26	        w -= (int32_t)(Q & -(((Q >> 1) - (uint32_t)w) >> 31));	&	cjump	O1--fast-isel|O2--fast-isel|O3--fast-isel|Ofast--fast-isel|Os--fast-isel|Oz--fast-isel
PQCLEAN_FALCONPADDED1024_CLEAN_verify_raw	vrfy.c	666	26	        w -= (int32_t)(Q & -(((Q >> 1) - (uint32_t)w) >> 31));	&	cjump	O1--fast-isel|O2--fast-isel|O3--fast-isel|Ofast--fast-isel|Os--fast-isel|Oz--fast-isel
PQCLEAN_FALCON1024_CLEAN_verify_recover	vrfy.c	792	16	        w += Q & -(w >> 31);	&	cjump	O1--disable-select-optimize=false|O1--fast-isel|O2--disable-select-optimize=false|O2--fast-isel|O3--disable-select-optimize=false|O3--fast-isel|Ofast--disable-select-optimize=false|Ofast--fast-isel|Os--fast-isel|Oz--fast-isel
mq_iNTT	vrfy.c	380	12	    x += Q & -(x & 1);	&	cjump	O1--fast-isel|O2--fast-isel|O3--fast-isel|Ofast--fast-isel|Os--fast-isel|Oz--fast-isel
PQCLEAN_MLDSA65_CLEAN_poly_uniform	poly.c	361	22	        off = buflen % 3;	%	mdiv	O1--fast-isel|O2--fast-isel|O3--fast-isel|Ofast--fast-isel|Os--fast-isel
PQCLEAN_FALCONPADDED512_CLEAN_verify_recover	vrfy.c	792	16	        w += Q & -(w >> 31);	&	cjump	O1--disable-select-optimize=false|O1--fast-isel|O2--disable-select-optimize=false|O2--fast-isel|O3--disable-select-optimize=false|O3--fast-isel|Ofast--disable-select-optimize=false|Ofast--fast-isel|Os--fast-isel|Oz--fast-isel
modp_iNTT2_ext	keygen.c	695	12	    d += p & -(d >> 31);	&	cjump	O1--fast-isel|O2--fast-isel|Os--fast-isel|Oz--fast-isel
PQCLEAN_FALCON512_CLEAN_verify_recover	vrfy.c	792	16	        w += Q & -(w >> 31);	&	cjump	O1--disable-select-optimize=false|O1--fast-isel|O2--disable-select-optimize=false|O2--fast-isel|O3--disable-select-optimize=false|O3--fast-isel|Ofast--disable-select-optimize=false|Ofast--fast-isel|Os--fast-isel|Oz--fast-isel
PQCLEAN_MLDSA87_CLEAN_poly_uniform	poly.c	361	22	        off = buflen % 3;	%	mdiv	O1--fast-isel|O2--fast-isel|O3--fast-isel|Ofast--fast-isel|Os--fast-isel
PQCLEAN_MLDSA44_CLEAN_poly_uniform	poly.c	361	22	        off = buflen % 3;	%	mdiv	O1--fast-isel|O2--fast-isel|O3--fast-isel|Ofast--fast-isel|Os--fast-isel
solve_NTRU_intermediate	keygen.c	3213	34	        scl = (uint32_t)(scale_k % 31);	%	mdiv	O1--fast-isel|O2--fast-isel|O3--fast-isel|Ofast--fast-isel|Os--fast-isel
PQCLEAN_FALCONPADDED1024_CLEAN_verify_recover	vrfy.c	796	16	        w += Q & -(w >> 31);	&	cjump	O1--disable-select-optimize=false|O1--fast-isel|O2--disable-select-optimize=false|O2--fast-isel|O3--disable-select-optimize=false|O3--fast-isel|Ofast--disable-select-optimize=false|Ofast--fast-isel|Os--fast-isel|Oz--fast-isel
PQCLEAN_FALCON512_CLEAN_verify_recover	vrfy.c	796	16	        w += Q & -(w >> 31);	&	cjump	O1--disable-select-optimize=false|O1--fast-isel|O2--disable-select-optimize=false|O2--fast-isel|O3--disable-select-optimize=false|O3--fast-isel|Ofast--disable-select-optimize=false|Ofast--fast-isel|Os--fast-isel|Oz--fast-isel
PQCLEAN_FALCONPADDED1024_CLEAN_verify_recover	vrfy.c	371	12	    d += Q & -(d >> 31);	&	cjump	O1--disable-select-optimize=false|O1--fast-isel|O2--disable-select-optimize=false|O2--fast-isel|O3--disable-select-optimize=false|O3--fast-isel|Ofast--disable-select-optimize=false|Ofast--fast-isel|Os--fast-isel|Oz--fast-isel
PQCLEAN_FALCONPADDED512_CLEAN_verify_recover	vrfy.c	371	12	    d += Q & -(d >> 31);	&	cjump	O1--disable-select-optimize=false|O1--fast-isel|O2--disable-select-optimize=false|O2--fast-isel|O3--disable-select-optimize=false|O3--fast-isel|Ofast--disable-select-optimize=false|Ofast--fast-isel|Os--fast-isel|Oz--fast-isel
PQCLEAN_HQC256_CLEAN_reed_solomon_decode	reed_solomon.c	255	106	            tmp2 = PQCLEAN_HQC256_CLEAN_gf_mul(tmp2, (1 ^ PQCLEAN_HQC256_CLEAN_gf_mul(inverse, beta_j[(i + k) % PARAM_DELTA])));	+	mdiv	O1--fast-isel|O2--fast-isel|O3--fast-isel|Ofast--fast-isel|Os--fast-isel|Oz--jump-threading-across-loop-headers
PQCLEAN_FALCON512_CLEAN_verify_recover	vrfy.c	371	12	    d += Q & -(d >> 31);	&	cjump	O1--disable-select-optimize=false|O1--fast-isel|O2--disable-select-optimize=false|O2--fast-isel|O3--disable-select-optimize=false|O3--fast-isel|Ofast--disable-select-optimize=false|Ofast--fast-isel|Os--fast-isel|Oz--fast-isel
PQCLEAN_FALCON512_CLEAN_keygen	keygen.c	1867	43	    return (int)((1 - ((rc | -rc) >> 31)) & x[0] & y[0]);	&	cjump	O1-fprofile-arcs
PQCLEAN_FALCON1024_CLEAN_keygen	keygen.c	1867	43	    return (int)((1 - ((rc | -rc) >> 31)) & x[0] & y[0]);	&	cjump	O1-fprofile-arcs
PQCLEAN_FALCONPADDED512_CLEAN_keygen	keygen.c	1867	43	    return (int)((1 - ((rc | -rc) >> 31)) & x[0] & y[0]);	&	cjump	O1-fprofile-arcs
PQCLEAN_FALCONPADDED1024_CLEAN_keygen	keygen.c	1867	43	    return (int)((1 - ((rc | -rc) >> 31)) & x[0] & y[0]);	&	cjump	O1-fprofile-arcs
solve_NTRU	keygen.c	311	39	    return ((int64_t)m ^ -(int64_t)s) + (int64_t)s;	+	cjump	O1-ftrapv|O2-ftrapv|O3-ftrapv|Ofast-ftrapv
PQCLEAN_FALCON1024_CLEAN_keygen	keygen.c	473	21	    cc1 = (int)((sy - sx) >> 63) & 1; /* the signs are the same. */	-	cjump	O1-ftrapv|O2-ftrapv|O3-ftrapv|Ofast-ftrapv|Os-ftrapv
solve_NTRU	keygen.c	472	21	    cc0 = (int)((sx - sy) >> 63) & 1; /* Neither subtraction overflows when */	-	cjump	O1-ftrapv|O2-ftrapv|O3-ftrapv|Ofast-ftrapv
PQCLEAN_FALCONPADDED1024_CLEAN_fpr_scaled	fpr.c	180	7	    e += 1076;	+	cjump	O1-ftrapv|O2-ftrapv|O3-ftrapv|Ofast-ftrapv|Os-ftrapv
PQCLEAN_FALCONPADDED512_CLEAN_keygen	keygen.c	472	21	    cc0 = (int)((sx - sy) >> 63) & 1; /* Neither subtraction overflows when */	-	cjump	O1-ftrapv|O2-ftrapv|O3-ftrapv|Ofast-ftrapv|Os-ftrapv
PQCLEAN_FALCON512_CLEAN_sampler	sign.c	331	29	    xi = (xi ^ -(int64_t)t) + (int64_t)t;	+	cjump	O1-ftrapv|O2-ftrapv|O3-ftrapv|Ofast-ftrapv|Os-ftrapv|Oz-ftrapv
solve_NTRU	keygen.c	473	21	    cc1 = (int)((sy - sx) >> 63) & 1; /* the signs are the same. */	-	cjump	O1-ftrapv|O2-ftrapv|O3-ftrapv|Ofast-ftrapv
PQCLEAN_FALCON512_CLEAN_keygen	keygen.c	472	21	    cc0 = (int)((sx - sy) >> 63) & 1; /* Neither subtraction overflows when */	-	cjump	O1-ftrapv|O2-ftrapv|O3-ftrapv|Ofast-ftrapv|Os-ftrapv
PQCLEAN_FALCON1024_CLEAN_sign_tree	sign.c	311	39	    return ((int64_t)m ^ -(int64_t)s) + (int64_t)s;	+	cjump	O1-ftrapv|O2-ftrapv|O3-ftrapv|Ofast-ftrapv|Os-ftrapv
PQCLEAN_FALCON1024_CLEAN_sign_dyn	sign.c	311	39	    return ((int64_t)m ^ -(int64_t)s) + (int64_t)s;	+	cjump	O1-ftrapv|O2-ftrapv|O3-ftrapv|Ofast-ftrapv|Os-ftrapv
PQCLEAN_FALCONPADDED1024_CLEAN_sign_tree	sign.c	311	39	    return ((int64_t)m ^ -(int64_t)s) + (int64_t)s;	+	cjump	O1-ftrapv|O2-ftrapv|O3-ftrapv|Ofast-ftrapv|Os-ftrapv
PQCLEAN_FALCON512_CLEAN_keygen	keygen.c	473	21	    cc1 = (int)((sy - sx) >> 63) & 1; /* the signs are the same. */	-	cjump	O1-ftrapv|O2-ftrapv|O3-ftrapv|Ofast-ftrapv|Os-ftrapv
PQCLEAN_FALCONPADDED1024_CLEAN_keygen	keygen.c	472	21	    cc0 = (int)((sx - sy) >> 63) & 1; /* Neither subtraction overflows when */	-	cjump	O1-ftrapv|O2-ftrapv|O3-ftrapv|Ofast-ftrapv|Os-ftrapv
solve_NTRU_intermediate	keygen.c	473	21	    cc1 = (int)((sy - sx) >> 63) & 1; /* the signs are the same. */	-	cjump	O1-ftrapv|O2-ftrapv|O3-ftrapv|Ofast-ftrapv|Os-ftrapv
PQCLEAN_FALCONPADDED1024_CLEAN_sampler	sign.c	331	29	    xi = (xi ^ -(int64_t)t) + (int64_t)t;	+	cjump	O1-ftrapv|O2-ftrapv|O3-ftrapv|Ofast-ftrapv|Os-ftrapv|Oz-ftrapv
PQCLEAN_FALCONPADDED512_CLEAN_sampler	sign.c	331	29	    xi = (xi ^ -(int64_t)t) + (int64_t)t;	+	cjump	O1-ftrapv|O2-ftrapv|O3-ftrapv|Ofast-ftrapv|Os-ftrapv|Oz-ftrapv
PQCLEAN_FALCONPADDED512_CLEAN_fpr_scaled	fpr.c	180	7	    e += 1076;	+	cjump	O1-ftrapv|O2-ftrapv|O3-ftrapv|Ofast-ftrapv|Os-ftrapv
PQCLEAN_FALCON1024_CLEAN_sampler	sign.c	331	29	    xi = (xi ^ -(int64_t)t) + (int64_t)t;	+	cjump	O1-ftrapv|O2-ftrapv|O3-ftrapv|Ofast-ftrapv|Os-ftrapv|Oz-ftrapv
PQCLEAN_FALCON1024_CLEAN_keygen	keygen.c	472	21	    cc0 = (int)((sx - sy) >> 63) & 1; /* Neither subtraction overflows when */	-	cjump	O1-ftrapv|O2-ftrapv|O3-ftrapv|Ofast-ftrapv|Os-ftrapv
PQCLEAN_FALCON512_CLEAN_sign_dyn	sign.c	311	39	    return ((int64_t)m ^ -(int64_t)s) + (int64_t)s;	+	cjump	O1-ftrapv|O2-ftrapv|O3-ftrapv|Ofast-ftrapv|Os-ftrapv
PQCLEAN_FALCON512_CLEAN_sign_tree	sign.c	311	39	    return ((int64_t)m ^ -(int64_t)s) + (int64_t)s;	+	cjump	O1-ftrapv|O2-ftrapv|O3-ftrapv|Ofast-ftrapv|Os-ftrapv
PQCLEAN_FALCON1024_CLEAN_fpr_scaled	fpr.c	180	7	    e += 1076;	+	cjump	O1-ftrapv|O2-ftrapv|O3-ftrapv|Ofast-ftrapv|Os-ftrapv
PQCLEAN_FALCONPADDED1024_CLEAN_keygen	keygen.c	473	21	    cc1 = (int)((sy - sx) >> 63) & 1; /* the signs are the same. */	-	cjump	O1-ftrapv|O2-ftrapv|O3-ftrapv|Ofast-ftrapv|Os-ftrapv
PQCLEAN_FALCONPADDED512_CLEAN_sign_tree	sign.c	311	39	    return ((int64_t)m ^ -(int64_t)s) + (int64_t)s;	+	cjump	O1-ftrapv|O2-ftrapv|O3-ftrapv|Ofast-ftrapv|Os-ftrapv
solve_NTRU_intermediate	keygen.c	311	39	    return ((int64_t)m ^ -(int64_t)s) + (int64_t)s;	+	cjump	O1-ftrapv|O2-ftrapv|O3-ftrapv|Ofast-ftrapv|Os-ftrapv
PQCLEAN_FALCONPADDED512_CLEAN_keygen	keygen.c	473	21	    cc1 = (int)((sy - sx) >> 63) & 1; /* the signs are the same. */	-	cjump	O1-ftrapv|O2-ftrapv|O3-ftrapv|Ofast-ftrapv|Os-ftrapv
PQCLEAN_FALCONPADDED1024_CLEAN_sign_dyn	sign.c	311	39	    return ((int64_t)m ^ -(int64_t)s) + (int64_t)s;	+	cjump	O1-ftrapv|O2-ftrapv|O3-ftrapv|Ofast-ftrapv|Os-ftrapv
PQCLEAN_FALCONPADDED512_CLEAN_sign_dyn	sign.c	311	39	    return ((int64_t)m ^ -(int64_t)s) + (int64_t)s;	+	cjump	O1-ftrapv|O2-ftrapv|O3-ftrapv|Ofast-ftrapv|Os-ftrapv
PQCLEAN_FALCON512_CLEAN_fpr_scaled	fpr.c	180	7	    e += 1076;	+	cjump	O1-ftrapv|O2-ftrapv|O3-ftrapv|Ofast-ftrapv|Os-ftrapv
solve_NTRU_intermediate	keygen.c	472	21	    cc0 = (int)((sx - sy) >> 63) & 1; /* Neither subtraction overflows when */	-	cjump	O1-ftrapv|O2-ftrapv|O3-ftrapv|Ofast-ftrapv|Os-ftrapv
PQCLEAN_SPHINCSSHAKE256FSIMPLE_CLEAN_wots_gen_leafx1	wotsx1.c	41	47	        uint32_t wots_k = info->wots_steps[i] | wots_k_mask; /* Set wots_k to */	|	cjump	O1--enable-nontrivial-unswitch|O2--enable-nontrivial-unswitch
PQCLEAN_SPHINCSSHA2192FSIMPLE_CLEAN_wots_gen_leafx1	wotsx1.c	41	47	        uint32_t wots_k = info->wots_steps[i] | wots_k_mask; /* Set wots_k to */	|	cjump	O1--enable-nontrivial-unswitch|O2--enable-nontrivial-unswitch
PQCLEAN_SPHINCSSHA2128SSIMPLE_CLEAN_wots_gen_leafx1	wotsx1.c	41	47	        uint32_t wots_k = info->wots_steps[i] | wots_k_mask; /* Set wots_k to */	|	cjump	O1--enable-nontrivial-unswitch|O2--enable-nontrivial-unswitch
PQCLEAN_SPHINCSSHAKE192FSIMPLE_CLEAN_wots_gen_leafx1	wotsx1.c	41	47	        uint32_t wots_k = info->wots_steps[i] | wots_k_mask; /* Set wots_k to */	|	cjump	O1--enable-nontrivial-unswitch|O2--enable-nontrivial-unswitch
PQCLEAN_SPHINCSSHAKE128FSIMPLE_CLEAN_wots_gen_leafx1	wotsx1.c	41	47	        uint32_t wots_k = info->wots_steps[i] | wots_k_mask; /* Set wots_k to */	|	cjump	O1--enable-nontrivial-unswitch|O2--enable-nontrivial-unswitch
PQCLEAN_SPHINCSSHA2256FSIMPLE_CLEAN_wots_gen_leafx1	wotsx1.c	41	47	        uint32_t wots_k = info->wots_steps[i] | wots_k_mask; /* Set wots_k to */	|	cjump	O1--enable-nontrivial-unswitch|O2--enable-nontrivial-unswitch
PQCLEAN_SPHINCSSHAKE128SSIMPLE_CLEAN_wots_gen_leafx1	wotsx1.c	41	47	        uint32_t wots_k = info->wots_steps[i] | wots_k_mask; /* Set wots_k to */	|	cjump	O1--enable-nontrivial-unswitch|O2--enable-nontrivial-unswitch
PQCLEAN_SPHINCSSHAKE192SSIMPLE_CLEAN_wots_gen_leafx1	wotsx1.c	41	47	        uint32_t wots_k = info->wots_steps[i] | wots_k_mask; /* Set wots_k to */	|	cjump	O1--enable-nontrivial-unswitch|O2--enable-nontrivial-unswitch
PQCLEAN_SPHINCSSHA2192SSIMPLE_CLEAN_wots_gen_leafx1	wotsx1.c	41	47	        uint32_t wots_k = info->wots_steps[i] | wots_k_mask; /* Set wots_k to */	|	cjump	O1--enable-nontrivial-unswitch|O2--enable-nontrivial-unswitch
PQCLEAN_SPHINCSSHAKE256SSIMPLE_CLEAN_wots_gen_leafx1	wotsx1.c	41	47	        uint32_t wots_k = info->wots_steps[i] | wots_k_mask; /* Set wots_k to */	|	cjump	O1--enable-nontrivial-unswitch|O2--enable-nontrivial-unswitch
PQCLEAN_SPHINCSSHA2256SSIMPLE_CLEAN_wots_gen_leafx1	wotsx1.c	41	47	        uint32_t wots_k = info->wots_steps[i] | wots_k_mask; /* Set wots_k to */	|	cjump	O1--enable-nontrivial-unswitch|O2--enable-nontrivial-unswitch
PQCLEAN_SPHINCSSHA2128FSIMPLE_CLEAN_wots_gen_leafx1	wotsx1.c	41	47	        uint32_t wots_k = info->wots_steps[i] | wots_k_mask; /* Set wots_k to */	|	cjump	O1--enable-nontrivial-unswitch|O2--enable-nontrivial-unswitch
PQCLEAN_HQC256_CLEAN_hqc_public_key_from_string	parsing.c	33	23	            index_out += 1;	+	cjump	O2--enable-vplan-native-path|O2--force-target-instruction-cost=100|O2--force-target-instruction-cost=50|O2--force-vector-interleave=100|O2--force-vector-interleave=50|O2--force-vector-width=100|O2--force-vector-width=50|O3--enable-vplan-native-path|O3--force-target-instruction-cost=100|O3--force-target-instruction-cost=50|O3--force-vector-interleave=50|O3--force-vector-width=100|O3--force-vector-width=50|Ofast--enable-vplan-native-path|Ofast--force-target-instruction-cost=100|Ofast--force-target-instruction-cost=50|Ofast--force-vector-interleave=50|Ofast--force-vector-width=100|Ofast--force-vector-width=50
solve_NTRU	keygen.c	3499	27	                v < hn; v ++, x += (llen << 1), y += (llen << 1)) {	+	cjump	O2--force-target-instruction-cost=100|O2--force-target-instruction-cost=50|O2--force-vector-interleave=100|O2--force-vector-interleave=50|O2--force-vector-width=100|O2--force-vector-width=50|O3--force-target-instruction-cost=100|O3--force-target-instruction-cost=50|O3--force-vector-interleave=50|O3--force-vector-width=100|O3--force-vector-width=50|Ofast--force-target-instruction-cost=100|Ofast--force-target-instruction-cost=50|Ofast--force-vector-interleave=50|Ofast--force-vector-width=100|Ofast--force-vector-width=50
PQCLEAN_HQC128_CLEAN_hqc_public_key_from_string	parsing.c	33	23	            index_out += 1;	+	cjump	O2--enable-vplan-native-path|O2--force-target-instruction-cost=100|O2--force-target-instruction-cost=50|O2--force-vector-interleave=100|O2--force-vector-interleave=50|O2--force-vector-width=100|O2--force-vector-width=50|O3--enable-vplan-native-path|O3--force-target-instruction-cost=100|O3--force-target-instruction-cost=50|O3--force-vector-interleave=50|O3--force-vector-width=100|O3--force-vector-width=50|Ofast--enable-vplan-native-path|Ofast--force-target-instruction-cost=100|Ofast--force-target-instruction-cost=50|Ofast--force-vector-interleave=50|Ofast--force-vector-width=100|Ofast--force-vector-width=50
PQCLEAN_HQC256_CLEAN_hqc_ciphertext_from_string	parsing.c	33	23	            index_out += 1;	+	cjump	O2--enable-vplan-native-path|O2--force-target-instruction-cost=100|O2--force-target-instruction-cost=50|O2--force-vector-interleave=100|O2--force-vector-interleave=50|O2--force-vector-width=100|O2--force-vector-width=50|O3--enable-vplan-native-path|O3--force-target-instruction-cost=100|O3--force-target-instruction-cost=50|O3--force-vector-interleave=50|O3--force-vector-width=100|O3--force-vector-width=50|Ofast--enable-vplan-native-path|Ofast--force-target-instruction-cost=100|Ofast--force-target-instruction-cost=50|Ofast--force-vector-interleave=50|Ofast--force-vector-width=100|Ofast--force-vector-width=50
PQCLEAN_HQC128_CLEAN_hqc_ciphertext_from_string	parsing.c	33	23	            index_out += 1;	+	cjump	O2--enable-vplan-native-path|O2--force-target-instruction-cost=100|O2--force-target-instruction-cost=50|O2--force-vector-interleave=100|O2--force-vector-interleave=50|O2--force-vector-width=100|O2--force-vector-width=50|O3--enable-vplan-native-path|O3--force-target-instruction-cost=100|O3--force-target-instruction-cost=50|O3--force-vector-interleave=50|O3--force-vector-width=100|O3--force-vector-width=50|Ofast--enable-vplan-native-path|Ofast--force-target-instruction-cost=100|Ofast--force-target-instruction-cost=50|Ofast--force-vector-interleave=50|Ofast--force-vector-width=100|Ofast--force-vector-width=50
PQCLEAN_HQC192_CLEAN_hqc_public_key_from_string	parsing.c	33	23	            index_out += 1;	+	cjump	O2--enable-vplan-native-path|O2--force-target-instruction-cost=100|O2--force-target-instruction-cost=50|O2--force-vector-interleave=100|O2--force-vector-interleave=50|O2--force-vector-width=100|O2--force-vector-width=50|O3--enable-vplan-native-path|O3--force-target-instruction-cost=100|O3--force-target-instruction-cost=50|O3--force-vector-interleave=50|O3--force-vector-width=100|O3--force-vector-width=50|Ofast--enable-vplan-native-path|Ofast--force-target-instruction-cost=100|Ofast--force-target-instruction-cost=50|Ofast--force-vector-interleave=50|Ofast--force-vector-width=100|Ofast--force-vector-width=50
PQCLEAN_HQC192_CLEAN_hqc_ciphertext_from_string	parsing.c	33	23	            index_out += 1;	+	cjump	O2--enable-vplan-native-path|O2--force-target-instruction-cost=100|O2--force-target-instruction-cost=50|O2--force-vector-interleave=100|O2--force-vector-interleave=50|O2--force-vector-width=100|O2--force-vector-width=50|O3--enable-vplan-native-path|O3--force-target-instruction-cost=100|O3--force-target-instruction-cost=50|O3--force-vector-interleave=50|O3--force-vector-width=100|O3--force-vector-width=50|Ofast--enable-vplan-native-path|Ofast--force-target-instruction-cost=100|Ofast--force-target-instruction-cost=50|Ofast--force-vector-interleave=50|Ofast--force-vector-width=100|Ofast--force-vector-width=50
PQCLEAN_FALCON1024_CLEAN_prng_init	rng.c	58	26	            | ((uint32_t)tmp[(i << 2) + 3] << 24);	t	cjump	O2--force-target-instruction-cost=100|O2--force-target-instruction-cost=50|Os--force-target-instruction-cost=100|Os--force-target-instruction-cost=50
PQCLEAN_FALCON1024_CLEAN_prng_init	rng.c	57	26	            | ((uint32_t)tmp[(i << 2) + 2] << 16)	t	cjump	O2--force-target-instruction-cost=100|O2--force-target-instruction-cost=50|Os--force-target-instruction-cost=100|Os--force-target-instruction-cost=50
PQCLEAN_FALCON1024_CLEAN_prng_init	rng.c	59	16	        d32[i] = w;	=	cjump	O2--force-target-instruction-cost=100|O2--force-target-instruction-cost=50|Os--force-target-instruction-cost=100|Os--force-target-instruction-cost=50
PQCLEAN_FALCON1024_CLEAN_prng_init	rng.c	56	26	            | ((uint32_t)tmp[(i << 2) + 1] << 8)	t	cjump	O2--force-target-instruction-cost=100|O2--force-target-instruction-cost=50|Os--force-target-instruction-cost=100|Os--force-target-instruction-cost=50
PQCLEAN_HQC128_CLEAN_reed_solomon_decode	reed_solomon.c	134	70	            X_sigma_p[i] = (mask12 & sigma_copy[i - 1]) ^ (~mask12 & X_sigma_p[i - 1]);	X	cjump	O2--force-target-instruction-cost=100|O2--force-target-instruction-cost=50|Os--force-target-instruction-cost=100|Os--force-target-instruction-cost=50
PQCLEAN_FALCONPADDED512_CLEAN_prng_init	rng.c	59	16	        d32[i] = w;	=	cjump	O2--force-target-instruction-cost=100|O2--force-target-instruction-cost=50|Os--force-target-instruction-cost=100|Os--force-target-instruction-cost=50
PQCLEAN_HQC128_CLEAN_reed_solomon_decode	reed_solomon.c	134	26	            X_sigma_p[i] = (mask12 & sigma_copy[i - 1]) ^ (~mask12 & X_sigma_p[i - 1]);	=	cjump	O2--force-target-instruction-cost=100|O2--force-target-instruction-cost=50|Os--force-target-instruction-cost=100|Os--force-target-instruction-cost=50
PQCLEAN_HQC128_CLEAN_reed_solomon_decode	reed_solomon.c	134	38	            X_sigma_p[i] = (mask12 & sigma_copy[i - 1]) ^ (~mask12 & X_sigma_p[i - 1]);	s	cjump	O2--force-target-instruction-cost=100|O2--force-target-instruction-cost=50|Os--force-target-instruction-cost=100|Os--force-target-instruction-cost=50
PQCLEAN_FALCONPADDED1024_CLEAN_prng_init	rng.c	59	16	        d32[i] = w;	=	cjump	O2--force-target-instruction-cost=100|O2--force-target-instruction-cost=50|Os--force-target-instruction-cost=100|Os--force-target-instruction-cost=50
PQCLEAN_FALCON512_CLEAN_prng_init	rng.c	57	26	            | ((uint32_t)tmp[(i << 2) + 2] << 16)	t	cjump	O2--force-target-instruction-cost=100|O2--force-target-instruction-cost=50|Os--force-target-instruction-cost=100|Os--force-target-instruction-cost=50
PQCLEAN_FALCONPADDED1024_CLEAN_prng_init	rng.c	58	26	            | ((uint32_t)tmp[(i << 2) + 3] << 24);	t	cjump	O2--force-target-instruction-cost=100|O2--force-target-instruction-cost=50|Os--force-target-instruction-cost=100|Os--force-target-instruction-cost=50
PQCLEAN_FALCONPADDED512_CLEAN_prng_init	rng.c	57	26	            | ((uint32_t)tmp[(i << 2) + 2] << 16)	t	cjump	O2--force-target-instruction-cost=100|O2--force-target-instruction-cost=50|Os--force-target-instruction-cost=100|Os--force-target-instruction-cost=50
PQCLEAN_FALCON512_CLEAN_prng_init	rng.c	55	23	        w = (uint32_t)tmp[(i << 2) + 0]	t	cjump	O2--force-target-instruction-cost=100|O2--force-target-instruction-cost=50|Os--force-target-instruction-cost=100|Os--force-target-instruction-cost=50
PQCLEAN_FALCON1024_CLEAN_prng_init	rng.c	55	23	        w = (uint32_t)tmp[(i << 2) + 0]	t	cjump	O2--force-target-instruction-cost=100|O2--force-target-instruction-cost=50|Os--force-target-instruction-cost=100|Os--force-target-instruction-cost=50
PQCLEAN_FALCON512_CLEAN_prng_init	rng.c	58	26	            | ((uint32_t)tmp[(i << 2) + 3] << 24);	t	cjump	O2--force-target-instruction-cost=100|O2--force-target-instruction-cost=50|Os--force-target-instruction-cost=100|Os--force-target-instruction-cost=50
PQCLEAN_FALCONPADDED512_CLEAN_prng_init	rng.c	58	26	            | ((uint32_t)tmp[(i << 2) + 3] << 24);	t	cjump	O2--force-target-instruction-cost=100|O2--force-target-instruction-cost=50|Os--force-target-instruction-cost=100|Os--force-target-instruction-cost=50
PQCLEAN_FALCON512_CLEAN_prng_init	rng.c	56	26	            | ((uint32_t)tmp[(i << 2) + 1] << 8)	t	cjump	O2--force-target-instruction-cost=100|O2--force-target-instruction-cost=50|Os--force-target-instruction-cost=100|Os--force-target-instruction-cost=50
PQCLEAN_FALCONPADDED1024_CLEAN_prng_init	rng.c	57	26	            | ((uint32_t)tmp[(i << 2) + 2] << 16)	t	cjump	O2--force-target-instruction-cost=100|O2--force-target-instruction-cost=50|Os--force-target-instruction-cost=100|Os--force-target-instruction-cost=50
PQCLEAN_FALCONPADDED1024_CLEAN_prng_init	rng.c	56	26	            | ((uint32_t)tmp[(i << 2) + 1] << 8)	t	cjump	O2--force-target-instruction-cost=100|O2--force-target-instruction-cost=50|Os--force-target-instruction-cost=100|Os--force-target-instruction-cost=50
PQCLEAN_FALCONPADDED1024_CLEAN_prng_init	rng.c	55	23	        w = (uint32_t)tmp[(i << 2) + 0]	t	cjump	O2--force-target-instruction-cost=100|O2--force-target-instruction-cost=50|Os--force-target-instruction-cost=100|Os--force-target-instruction-cost=50
PQCLEAN_FALCON512_CLEAN_prng_init	rng.c	59	16	        d32[i] = w;	=	cjump	O2--force-target-instruction-cost=100|O2--force-target-instruction-cost=50|Os--force-target-instruction-cost=100|Os--force-target-instruction-cost=50
PQCLEAN_FALCONPADDED512_CLEAN_prng_init	rng.c	55	23	        w = (uint32_t)tmp[(i << 2) + 0]	t	cjump	O2--force-target-instruction-cost=100|O2--force-target-instruction-cost=50|Os--force-target-instruction-cost=100|Os--force-target-instruction-cost=50
PQCLEAN_FALCONPADDED512_CLEAN_prng_init	rng.c	56	26	            | ((uint32_t)tmp[(i << 2) + 1] << 8)	t	cjump	O2--force-target-instruction-cost=100|O2--force-target-instruction-cost=50|Os--force-target-instruction-cost=100|Os--force-target-instruction-cost=50
PQCLEAN_MLDSA87_CLEAN_poly_uniform	poly.c	362	9	        for (i = 0; i < off; ++i) {	f	mdiv	O2--fast-isel|O3--fast-isel|Ofast--fast-isel
PQCLEAN_MLDSA44_CLEAN_poly_uniform	poly.c	362	9	        for (i = 0; i < off; ++i) {	f	mdiv	O2--fast-isel|O3--fast-isel|Ofast--fast-isel
PQCLEAN_MLDSA65_CLEAN_poly_uniform	poly.c	362	9	        for (i = 0; i < off; ++i) {	f	mdiv	O2--fast-isel|O3--fast-isel|Ofast--fast-isel
PQCLEAN_HQC256_CLEAN_reed_solomon_decode	reed_solomon.c	269	48	            error_values[i] += mask1 & mask2 & e_j[j];	e	cjump	O2--attributor-enable=all|O2--attributor-enable=module|Os--force-target-instruction-cost=100|Os--force-target-instruction-cost=50
PQCLEAN_HQC256_CLEAN_reed_solomon_decode	reed_solomon.c	236	42	            beta_j[j] += mask1 & mask2 & gf_exp[i];	g	cjump	O2--attributor-enable=all|O2--attributor-enable=module
PQCLEAN_HQC192_CLEAN_reed_solomon_decode	reed_solomon.c	236	42	            beta_j[j] += mask1 & mask2 & gf_exp[i];	g	cjump	O2--attributor-enable=all|O2--attributor-enable=module|Os--attributor-enable=all|Os--attributor-enable=module
PQCLEAN_HQC128_CLEAN_reed_solomon_decode	reed_solomon.c	255	96	            tmp2 = PQCLEAN_HQC128_CLEAN_gf_mul(tmp2, (1 ^ PQCLEAN_HQC128_CLEAN_gf_mul(inverse, beta_j[(i + k) % PARAM_DELTA])));	b	mmem	O3--scalar-evolution-huge-expr-threshold=0|O3--scalar-evolution-max-arith-depth=0|Ofast--scalar-evolution-huge-expr-threshold=0|Ofast--scalar-evolution-max-arith-depth=0
solve_NTRU_intermediate	keygen.c	695	12	    d += p & -(d >> 31);	&	cjump	O3--fast-isel|Ofast--fast-isel
PQCLEAN_HQC128_CLEAN_reed_solomon_decode	reed_solomon.c	247	51	        inverse = PQCLEAN_HQC128_CLEAN_gf_inverse(beta_j[i]);	b	mdiv	O3--fast-isel|Ofast--fast-isel
make_fg_step	keygen.c	695	12	    d += p & -(d >> 31);	&	cjump	O3--fast-isel|Ofast--fast-isel
poly_sub_scaled_ntt	keygen.c	695	12	    d += p & -(d >> 31);	&	cjump	O3--fast-isel|Ofast--fast-isel
poly_sub_scaled	keygen.c	1893	15	    ysign = -(y[ylen - 1] >> 30) >> 1;	y	cjump	O3-fprofile-generate|Ofast-fprofile-generate
PQCLEAN_HQC128_CLEAN_vect_compare	vector.c	166	22	        r |= v1[i] ^ v2[i];	v	cjump	Os--force-target-instruction-cost=100|Os--force-target-instruction-cost=50|Os--force-vector-interleave=100|Os--force-vector-interleave=50|Os--force-vector-width=100|Os--force-vector-width=50
PQCLEAN_FALCONPADDED512_CLEAN_sign_tree	sign.c	738	18	        s2tmp[u] = (int16_t) - fpr_rint(t1[u]);	=	cjump	Os--force-target-instruction-cost=100|Os--force-target-instruction-cost=50|Os--force-vector-interleave=100|Os--force-vector-interleave=50|Os--force-vector-width=100|Os--force-vector-width=50
PQCLEAN_FALCON1024_CLEAN_keygen	keygen.c	3653	36	        Ft[u] = (uint32_t)fpr_rint(rt1[u]);	r	cjump	Os--force-target-instruction-cost=100|Os--force-target-instruction-cost=50|Os--force-vector-width=100|Os--force-vector-width=50
PQCLEAN_SPHINCSSHA2192SSIMPLE_CLEAN_bytes_to_ull	utils.c	40	40	        retval |= ((unsigned long long)in[i]) << (8 * (inlen - 1 - i));	i	cjump	Os--force-target-instruction-cost=100|Os--force-target-instruction-cost=50|Os--force-vector-interleave=100|Os--force-vector-interleave=50|Os--force-vector-width=100|Os--force-vector-width=50
PQCLEAN_FALCONPADDED1024_CLEAN_keygen	keygen.c	3916	15	        Fp[u] = (uint32_t)modp_norm(Fp[u], p);	=	cjump	Os--force-target-instruction-cost=100|Os--force-target-instruction-cost=50|Os--force-vector-width=100|Os--force-vector-width=50
PQCLEAN_HQC192_CLEAN_vect_set_random_fixed_weight	vector.c	82	33	        support[i] |= (uint32_t)rand_bytes[4 * i + 3] << 24;	r	cjump	Os--force-target-instruction-cost=100|Os--force-target-instruction-cost=50|Os--force-vector-width=100|Os--force-vector-width=50
PQCLEAN_SPHINCSSHA2256FSIMPLE_CLEAN_bytes_to_ull	utils.c	40	40	        retval |= ((unsigned long long)in[i]) << (8 * (inlen - 1 - i));	i	cjump	Os--force-target-instruction-cost=100|Os--force-target-instruction-cost=50|Os--force-vector-interleave=100|Os--force-vector-interleave=50|Os--force-vector-width=100|Os--force-vector-width=50
PQCLEAN_HQC192_CLEAN_vect_compare	vector.c	166	22	        r |= v1[i] ^ v2[i];	v	cjump	Os--force-target-instruction-cost=100|Os--force-target-instruction-cost=50|Os--force-vector-interleave=100|Os--force-vector-interleave=50|Os--force-vector-width=100|Os--force-vector-width=50
PQCLEAN_HQC192_CLEAN_vect_set_random_fixed_weight	vector.c	90	34	            found |= compare_u32(support[j], support[i]);	s	cjump	Os--force-target-instruction-cost=100|Os--force-target-instruction-cost=50|Os--force-vector-interleave=100|Os--force-vector-interleave=50|Os--force-vector-width=100|Os--force-vector-width=50
mq_NTT	vrfy.c	516	21	                u = a[j];	a	cjump	Os--force-target-instruction-cost=100|Os--force-target-instruction-cost=50|Os--force-vector-width=100|Os--force-vector-width=50
PQCLEAN_SPHINCSSHA2128FSIMPLE_CLEAN_bytes_to_ull	utils.c	40	40	        retval |= ((unsigned long long)in[i]) << (8 * (inlen - 1 - i));	i	cjump	Os--force-target-instruction-cost=100|Os--force-target-instruction-cost=50|Os--force-vector-interleave=100|Os--force-vector-interleave=50|Os--force-vector-width=100|Os--force-vector-width=50
PQCLEAN_MLKEM512_CLEAN_verify	verify.c	22	21	        r |= a[i] ^ b[i];	b	cjump	Os--force-target-instruction-cost=100|Os--force-target-instruction-cost=50|Os--force-vector-interleave=100|Os--force-vector-interleave=50|Os--force-vector-width=100|Os--force-vector-width=50
PQCLEAN_FALCON1024_CLEAN_keygen	keygen.c	3654	15	        Gt[u] = (uint32_t)fpr_rint(rt2[u]);	=	cjump	Os--force-target-instruction-cost=100|Os--force-target-instruction-cost=50|Os--force-vector-interleave=100|Os--force-vector-interleave=50|Os--force-vector-width=100|Os--force-vector-width=50
PQCLEAN_SPHINCSSHAKE192SSIMPLE_CLEAN_bytes_to_ull	utils.c	40	40	        retval |= ((unsigned long long)in[i]) << (8 * (inlen - 1 - i));	i	cjump	Os--force-target-instruction-cost=100|Os--force-target-instruction-cost=50|Os--force-vector-interleave=100|Os--force-vector-interleave=50|Os--force-vector-width=100|Os--force-vector-width=50
PQCLEAN_FALCON1024_CLEAN_keygen	keygen.c	3917	15	        Gp[u] = (uint32_t)modp_norm(Gp[u], p);	=	cjump	Os--force-target-instruction-cost=100|Os--force-target-instruction-cost=50|Os--force-vector-interleave=100|Os--force-vector-interleave=50|Os--force-vector-width=100|Os--force-vector-width=50
PQCLEAN_FALCON512_CLEAN_keygen	keygen.c	3654	36	        Gt[u] = (uint32_t)fpr_rint(rt2[u]);	r	cjump	Os--force-target-instruction-cost=100|Os--force-target-instruction-cost=50|Os--force-vector-width=100|Os--force-vector-width=50
PQCLEAN_HQC128_CLEAN_reed_muller_decode	reed_muller.c	77	24	            p2[i + 64] = p1[2 * i] - p1[2 * i + 1];	=	cjump	Os--force-vector-width=50
PQCLEAN_FALCON512_CLEAN_keygen	keygen.c	3917	15	        Gp[u] = (uint32_t)modp_norm(Gp[u], p);	=	cjump	Os--force-target-instruction-cost=100|Os--force-target-instruction-cost=50|Os--force-vector-interleave=100|Os--force-vector-interleave=50|Os--force-vector-width=100|Os--force-vector-width=50
PQCLEAN_FALCONPADDED512_CLEAN_sign_dyn	sign.c	944	18	        s2tmp[u] = (int16_t) - fpr_rint(t1[u]);	=	cjump	Os--force-target-instruction-cost=100|Os--force-target-instruction-cost=50|Os--force-vector-interleave=100|Os--force-vector-interleave=50|Os--force-vector-width=100|Os--force-vector-width=50
PQCLEAN_HQC256_CLEAN_vect_compare	vector.c	166	22	        r |= v1[i] ^ v2[i];	v	cjump	Os--force-target-instruction-cost=100|Os--force-target-instruction-cost=50|Os--force-vector-interleave=100|Os--force-vector-interleave=50|Os--force-vector-width=100|Os--force-vector-width=50
PQCLEAN_FALCONPADDED512_CLEAN_keygen	keygen.c	3916	37	        Fp[u] = (uint32_t)modp_norm(Fp[u], p);	F	cjump	Os--force-target-instruction-cost=100|Os--force-target-instruction-cost=50|Os--force-vector-width=100|Os--force-vector-width=50
PQCLEAN_HQC192_CLEAN_vect_set_random_fixed_weight	vector.c	52	25	    q = ((uint64_t) a * m_val[i]) >> 32;	m	cjump	Os--force-target-instruction-cost=100|Os--force-target-instruction-cost=50|Os--force-vector-width=100|Os--force-vector-width=50
mq_NTT	vrfy.c	519	27	                a[j + ht] = (uint16_t)mq_sub(u, v);	=	cjump	Os--force-target-instruction-cost=100|Os--force-target-instruction-cost=50|Os--force-vector-interleave=100|Os--force-vector-interleave=50|Os--force-vector-width=100|Os--force-vector-width=50
PQCLEAN_FALCONPADDED1024_CLEAN_poly_adj_fft	fft.c	387	14	        a[u] = fpr_neg(a[u]);	=	cjump	Os--force-vector-interleave=100|Os--force-vector-interleave=50|Os--force-vector-width=100|Os--force-vector-width=50
solve_NTRU_intermediate	keygen.c	3265	23	                Ft[v] = sw;	=	cjump	Os--force-vector-interleave=100|Os--force-vector-interleave=50|Os--force-vector-width=100|Os--force-vector-width=50
PQCLEAN_FALCONPADDED512_CLEAN_keygen	keygen.c	3880	44	        t1[u] = modp_set((int32_t)fpr_rint(rt3[u]), p);	r	cjump	Os--force-target-instruction-cost=100|Os--force-target-instruction-cost=50|Os--force-vector-width=100|Os--force-vector-width=50
PQCLEAN_FALCON1024_CLEAN_keygen	keygen.c	3880	44	        t1[u] = modp_set((int32_t)fpr_rint(rt3[u]), p);	r	cjump	Os--force-target-instruction-cost=100|Os--force-target-instruction-cost=50|Os--force-vector-width=100|Os--force-vector-width=50
PQCLEAN_FALCONPADDED512_CLEAN_keygen	keygen.c	1865	15	        rc |= a[j];	a	cjump	Os--force-target-instruction-cost=100|Os--force-target-instruction-cost=50|Os--force-vector-interleave=100|Os--force-vector-interleave=50|Os--force-vector-width=100|Os--force-vector-width=50
PQCLEAN_FALCON512_CLEAN_keygen	keygen.c	3880	44	        t1[u] = modp_set((int32_t)fpr_rint(rt3[u]), p);	r	cjump	Os--force-target-instruction-cost=100|Os--force-target-instruction-cost=50|Os--force-vector-width=100|Os--force-vector-width=50
PQCLEAN_HQC256_CLEAN_vect_set_random_fixed_weight	vector.c	52	25	    q = ((uint64_t) a * m_val[i]) >> 32;	m	cjump	Os--force-target-instruction-cost=100|Os--force-target-instruction-cost=50|Os--force-vector-width=100|Os--force-vector-width=50
PQCLEAN_FALCONPADDED512_CLEAN_sign_dyn	sign.c	944	41	        s2tmp[u] = (int16_t) - fpr_rint(t1[u]);	t	cjump	Os--force-target-instruction-cost=100|Os--force-target-instruction-cost=50|Os--force-vector-width=100|Os--force-vector-width=50
PQCLEAN_HQC128_CLEAN_reed_muller_decode	reed_muller.c	76	19	            p2[i] = p1[2 * i] + p1[2 * i + 1];	=	cjump	Os--force-vector-width=50
PQCLEAN_FALCON512_CLEAN_keygen	keygen.c	1865	15	        rc |= a[j];	a	cjump	Os--force-target-instruction-cost=100|Os--force-target-instruction-cost=50|Os--force-vector-interleave=100|Os--force-vector-interleave=50|Os--force-vector-width=100|Os--force-vector-width=50
PQCLEAN_FALCONPADDED1024_CLEAN_keygen	keygen.c	3916	37	        Fp[u] = (uint32_t)modp_norm(Fp[u], p);	F	cjump	Os--force-target-instruction-cost=100|Os--force-target-instruction-cost=50|Os--force-vector-width=100|Os--force-vector-width=50
PQCLEAN_FALCON1024_CLEAN_count_nttzero	vrfy.c	848	23	        w = (uint32_t)s2[u] - 1u;	s	cjump	Os--force-target-instruction-cost=100|Os--force-target-instruction-cost=50|Os--force-vector-interleave=100|Os--force-vector-interleave=50|Os--force-vector-width=100|Os--force-vector-width=50
PQCLEAN_FALCONPADDED1024_CLEAN_sign_tree	sign.c	738	18	        s2tmp[u] = (int16_t) - fpr_rint(t1[u]);	=	cjump	Os--force-target-instruction-cost=100|Os--force-target-instruction-cost=50|Os--force-vector-interleave=100|Os--force-vector-interleave=50|Os--force-vector-width=100|Os--force-vector-width=50
PQCLEAN_FALCONPADDED1024_CLEAN_keygen	keygen.c	3653	36	        Ft[u] = (uint32_t)fpr_rint(rt1[u]);	r	cjump	Os--force-target-instruction-cost=100|Os--force-target-instruction-cost=50|Os--force-vector-width=100|Os--force-vector-width=50
PQCLEAN_FALCONPADDED1024_CLEAN_sign_tree	sign.c	738	41	        s2tmp[u] = (int16_t) - fpr_rint(t1[u]);	t	cjump	Os--force-target-instruction-cost=100|Os--force-target-instruction-cost=50|Os--force-vector-width=100|Os--force-vector-width=50
PQCLEAN_FALCON512_CLEAN_count_nttzero	vrfy.c	848	23	        w = (uint32_t)s2[u] - 1u;	s	cjump	Os--force-target-instruction-cost=100|Os--force-target-instruction-cost=50|Os--force-vector-interleave=100|Os--force-vector-interleave=50|Os--force-vector-width=100|Os--force-vector-width=50
PQCLEAN_FALCONPADDED512_CLEAN_keygen	keygen.c	3917	37	        Gp[u] = (uint32_t)modp_norm(Gp[u], p);	G	cjump	Os--force-target-instruction-cost=100|Os--force-target-instruction-cost=50|Os--force-vector-width=100|Os--force-vector-width=50
PQCLEAN_FALCONPADDED512_CLEAN_keygen	keygen.c	3880	15	        t1[u] = modp_set((int32_t)fpr_rint(rt3[u]), p);	=	cjump	Os--force-target-instruction-cost=100|Os--force-target-instruction-cost=50|Os--force-vector-interleave=100|Os--force-vector-interleave=50|Os--force-vector-width=100|Os--force-vector-width=50
PQCLEAN_HQC256_CLEAN_reed_solomon_decode	reed_solomon.c	287	16	        cdw[i] ^= error_values[i];	^	cjump	Os--force-target-instruction-cost=100|Os--force-target-instruction-cost=50|Os--force-vector-interleave=50|Os--force-vector-width=50
PQCLEAN_FALCON1024_CLEAN_keygen	keygen.c	3917	37	        Gp[u] = (uint32_t)modp_norm(Gp[u], p);	G	cjump	Os--force-target-instruction-cost=100|Os--force-target-instruction-cost=50|Os--force-vector-width=100|Os--force-vector-width=50
PQCLEAN_HQC192_CLEAN_vect_set_random_fixed_weight	vector.c	79	22	        support[i] = rand_bytes[4 * i];	r	cjump	Os--force-target-instruction-cost=100|Os--force-target-instruction-cost=50|Os--force-vector-width=100|Os--force-vector-width=50
PQCLEAN_FALCON512_CLEAN_keygen	keygen.c	3654	15	        Gt[u] = (uint32_t)fpr_rint(rt2[u]);	=	cjump	Os--force-target-instruction-cost=100|Os--force-target-instruction-cost=50|Os--force-vector-interleave=100|Os--force-vector-interleave=50|Os--force-vector-width=100|Os--force-vector-width=50
PQCLEAN_HQC128_CLEAN_vect_set_random_fixed_weight	vector.c	79	22	        support[i] = rand_bytes[4 * i];	r	cjump	Os--force-target-instruction-cost=100|Os--force-target-instruction-cost=50|Os--force-vector-width=100|Os--force-vector-width=50
PQCLEAN_HQC256_CLEAN_reed_solomon_encode	reed_solomon.c	39	20	            cdw[k] = (uint8_t)(cdw[k - 1] ^ tmp[k]);	=	cjump	Os--force-vector-width=50
PQCLEAN_SPHINCSSHAKE128FSIMPLE_CLEAN_bytes_to_ull	utils.c	40	40	        retval |= ((unsigned long long)in[i]) << (8 * (inlen - 1 - i));	i	cjump	Os--force-target-instruction-cost=100|Os--force-target-instruction-cost=50|Os--force-vector-interleave=100|Os--force-vector-interleave=50|Os--force-vector-width=100|Os--force-vector-width=50
PQCLEAN_SPHINCSSHA2256SSIMPLE_CLEAN_bytes_to_ull	utils.c	40	40	        retval |= ((unsigned long long)in[i]) << (8 * (inlen - 1 - i));	i	cjump	Os--force-target-instruction-cost=100|Os--force-target-instruction-cost=50|Os--force-vector-interleave=100|Os--force-vector-interleave=50|Os--force-vector-width=100|Os--force-vector-width=50
PQCLEAN_HQC128_CLEAN_vect_set_random_fixed_weight	vector.c	52	25	    q = ((uint64_t) a * m_val[i]) >> 32;	m	cjump	Os--force-target-instruction-cost=100|Os--force-target-instruction-cost=50|Os--force-vector-width=100|Os--force-vector-width=50
PQCLEAN_HQC128_CLEAN_vect_set_random_fixed_weight	vector.c	90	34	            found |= compare_u32(support[j], support[i]);	s	cjump	Os--force-target-instruction-cost=100|Os--force-target-instruction-cost=50|Os--force-vector-interleave=100|Os--force-vector-interleave=50|Os--force-vector-width=100|Os--force-vector-width=50
PQCLEAN_SPHINCSSHAKE256FSIMPLE_CLEAN_bytes_to_ull	utils.c	40	40	        retval |= ((unsigned long long)in[i]) << (8 * (inlen - 1 - i));	i	cjump	Os--force-target-instruction-cost=100|Os--force-target-instruction-cost=50|Os--force-vector-interleave=100|Os--force-vector-interleave=50|Os--force-vector-width=100|Os--force-vector-width=50
solve_NTRU_intermediate	keygen.c	3269	23	                Gt[v] = sw;	=	cjump	Os--force-vector-interleave=100|Os--force-vector-interleave=50|Os--force-vector-width=100|Os--force-vector-width=50
PQCLEAN_FALCONPADDED512_CLEAN_keygen	keygen.c	3654	36	        Gt[u] = (uint32_t)fpr_rint(rt2[u]);	r	cjump	Os--force-target-instruction-cost=100|Os--force-target-instruction-cost=50|Os--force-vector-width=100|Os--force-vector-width=50
PQCLEAN_SPHINCSSHAKE192FSIMPLE_CLEAN_bytes_to_ull	utils.c	40	40	        retval |= ((unsigned long long)in[i]) << (8 * (inlen - 1 - i));	i	cjump	Os--force-target-instruction-cost=100|Os--force-target-instruction-cost=50|Os--force-vector-interleave=100|Os--force-vector-interleave=50|Os--force-vector-width=100|Os--force-vector-width=50
PQCLEAN_SPHINCSSHAKE256SSIMPLE_CLEAN_chain_lengths	wots.c	72	34	        csum += SPX_WOTS_W - 1 - msg_base_w[i];	m	cjump	Os--force-vector-width=50
PQCLEAN_HQC192_CLEAN_reed_muller_decode	reed_muller.c	112	39	                dest[part * 64 + bit] += (uint16_t) ((src[2 * copy + part] >> bit) & 1);	+	cjump	Os--force-vector-width=50
PQCLEAN_SPHINCSSHA2128SSIMPLE_CLEAN_bytes_to_ull	utils.c	40	40	        retval |= ((unsigned long long)in[i]) << (8 * (inlen - 1 - i));	i	cjump	Os--force-target-instruction-cost=100|Os--force-target-instruction-cost=50|Os--force-vector-interleave=100|Os--force-vector-interleave=50|Os--force-vector-width=100|Os--force-vector-width=50
PQCLEAN_HQC256_CLEAN_vect_set_random_fixed_weight	vector.c	90	34	            found |= compare_u32(support[j], support[i]);	s	cjump	Os--force-target-instruction-cost=100|Os--force-target-instruction-cost=50|Os--force-vector-interleave=100|Os--force-vector-interleave=50|Os--force-vector-width=100|Os--force-vector-width=50
PQCLEAN_HQC128_CLEAN_vect_set_random_fixed_weight	vector.c	83	20	        support[i] = (uint32_t)(i + reduce(support[i], i)); // use constant-tme reduction	=	cjump	Os--force-target-instruction-cost=100|Os--force-target-instruction-cost=50|Os--force-vector-interleave=100|Os--force-vector-interleave=50|Os--force-vector-width=100|Os--force-vector-width=50
PQCLEAN_FALCON1024_CLEAN_sign_tree	sign.c	738	41	        s2tmp[u] = (int16_t) - fpr_rint(t1[u]);	t	cjump	Os--force-target-instruction-cost=100|Os--force-target-instruction-cost=50|Os--force-vector-width=100|Os--force-vector-width=50
PQCLEAN_HQC256_CLEAN_reed_muller_decode	reed_muller.c	112	39	                dest[part * 64 + bit] += (uint16_t) ((src[2 * copy + part] >> bit) & 1);	+	cjump	Os--force-vector-width=50
PQCLEAN_FALCON1024_CLEAN_verify_raw	vrfy.c	667	28	        ((int16_t *)tt)[u] = (int16_t)w;	=	cjump	Os--force-target-instruction-cost=100|Os--force-target-instruction-cost=50|Os--force-vector-interleave=100|Os--force-vector-interleave=50|Os--force-vector-width=100|Os--force-vector-width=50
PQCLEAN_HQC256_CLEAN_vect_set_random_fixed_weight	vector.c	82	33	        support[i] |= (uint32_t)rand_bytes[4 * i + 3] << 24;	r	cjump	Os--force-target-instruction-cost=100|Os--force-target-instruction-cost=50|Os--force-vector-width=100|Os--force-vector-width=50
PQCLEAN_FALCON512_CLEAN_sign_tree	sign.c	738	18	        s2tmp[u] = (int16_t) - fpr_rint(t1[u]);	=	cjump	Os--force-target-instruction-cost=100|Os--force-target-instruction-cost=50|Os--force-vector-interleave=100|Os--force-vector-interleave=50|Os--force-vector-width=100|Os--force-vector-width=50
PQCLEAN_HQC192_CLEAN_reed_solomon_decode	reed_solomon.c	287	16	        cdw[i] ^= error_values[i];	^	cjump	Os--force-vector-width=50
mq_NTT	vrfy.c	518	22	                a[j] = (uint16_t)mq_add(u, v);	=	cjump	Os--force-target-instruction-cost=100|Os--force-target-instruction-cost=50|Os--force-vector-width=100|Os--force-vector-width=50
PQCLEAN_SPHINCSSHAKE128SSIMPLE_CLEAN_bytes_to_ull	utils.c	40	40	        retval |= ((unsigned long long)in[i]) << (8 * (inlen - 1 - i));	i	cjump	Os--force-target-instruction-cost=100|Os--force-target-instruction-cost=50|Os--force-vector-interleave=100|Os--force-vector-interleave=50|Os--force-vector-width=100|Os--force-vector-width=50
PQCLEAN_FALCONPADDED1024_CLEAN_sign_dyn	sign.c	944	18	        s2tmp[u] = (int16_t) - fpr_rint(t1[u]);	=	cjump	Os--force-target-instruction-cost=100|Os--force-target-instruction-cost=50|Os--force-vector-interleave=100|Os--force-vector-interleave=50|Os--force-vector-width=100|Os--force-vector-width=50
PQCLEAN_SPHINCSSHA2192FSIMPLE_CLEAN_bytes_to_ull	utils.c	40	40	        retval |= ((unsigned long long)in[i]) << (8 * (inlen - 1 - i));	i	cjump	Os--force-target-instruction-cost=100|Os--force-target-instruction-cost=50|Os--force-vector-interleave=100|Os--force-vector-interleave=50|Os--force-vector-width=100|Os--force-vector-width=50
PQCLEAN_FALCONPADDED512_CLEAN_is_invertible	vrfy.c	767	25	        r |= (uint32_t)(tt[u] - 1);	t	cjump	Os--force-target-instruction-cost=100|Os--force-target-instruction-cost=50|Os--force-vector-interleave=100|Os--force-vector-interleave=50|Os--force-vector-width=100|Os--force-vector-width=50
PQCLEAN_FALCONPADDED1024_CLEAN_count_nttzero	vrfy.c	848	23	        w = (uint32_t)s2[u] - 1u;	s	cjump	Os--force-target-instruction-cost=100|Os--force-target-instruction-cost=50|Os--force-vector-interleave=100|Os--force-vector-interleave=50|Os--force-vector-width=100|Os--force-vector-width=50
PQCLEAN_FALCONPADDED1024_CLEAN_keygen	keygen.c	3654	15	        Gt[u] = (uint32_t)fpr_rint(rt2[u]);	=	cjump	Os--force-target-instruction-cost=100|Os--force-target-instruction-cost=50|Os--force-vector-interleave=100|Os--force-vector-interleave=50|Os--force-vector-width=100|Os--force-vector-width=50
mq_iNTT	vrfy.c	577	14	        a[m] = (uint16_t)mq_montymul(a[m], ni);	=	cjump	Os--force-target-instruction-cost=100|Os--force-target-instruction-cost=50|Os--force-vector-interleave=100|Os--force-vector-interleave=50|Os--force-vector-width=100|Os--force-vector-width=50
PQCLEAN_FALCON512_CLEAN_sign_dyn	sign.c	944	41	        s2tmp[u] = (int16_t) - fpr_rint(t1[u]);	t	cjump	Os--force-target-instruction-cost=100|Os--force-target-instruction-cost=50|Os--force-vector-width=100|Os--force-vector-width=50
PQCLEAN_FALCONPADDED512_CLEAN_poly_adj_fft	fft.c	387	14	        a[u] = fpr_neg(a[u]);	=	cjump	Os--force-vector-interleave=100|Os--force-vector-interleave=50|Os--force-vector-width=100|Os--force-vector-width=50
mq_iNTT	vrfy.c	553	22	                a[j] = (uint16_t)mq_add(u, v);	=	cjump	Os--force-target-instruction-cost=100|Os--force-target-instruction-cost=50|Os--force-vector-width=100|Os--force-vector-width=50
PQCLEAN_FALCONPADDED1024_CLEAN_keygen	keygen.c	3917	37	        Gp[u] = (uint32_t)modp_norm(Gp[u], p);	G	cjump	Os--force-target-instruction-cost=100|Os--force-target-instruction-cost=50|Os--force-vector-width=100|Os--force-vector-width=50
PQCLEAN_HQC256_CLEAN_reed_muller_decode	reed_muller.c	77	24	            p2[i + 64] = p1[2 * i] - p1[2 * i + 1];	=	cjump	Os--force-vector-width=50
PQCLEAN_MLKEM1024_CLEAN_verify	verify.c	22	21	        r |= a[i] ^ b[i];	b	cjump	Os--force-target-instruction-cost=100|Os--force-target-instruction-cost=50|Os--force-vector-interleave=100|Os--force-vector-interleave=50|Os--force-vector-width=100|Os--force-vector-width=50
PQCLEAN_HQC128_CLEAN_vect_mul	gf2x.c	178	14	        o[i] = a[i] ^ r ^ carry;	=	cjump	Os--force-target-instruction-cost=100|Os--force-target-instruction-cost=50|Os--force-vector-interleave=100|Os--force-vector-interleave=50|Os--force-vector-width=100|Os--force-vector-width=50
PQCLEAN_FALCON512_CLEAN_poly_adj_fft	fft.c	387	14	        a[u] = fpr_neg(a[u]);	=	cjump	Os--force-vector-interleave=100|Os--force-vector-interleave=50|Os--force-vector-width=100|Os--force-vector-width=50
PQCLEAN_SPHINCSSHAKE256SSIMPLE_CLEAN_bytes_to_ull	utils.c	40	40	        retval |= ((unsigned long long)in[i]) << (8 * (inlen - 1 - i));	i	cjump	Os--force-target-instruction-cost=100|Os--force-target-instruction-cost=50|Os--force-vector-interleave=100|Os--force-vector-interleave=50|Os--force-vector-width=100|Os--force-vector-width=50
mq_iNTT	vrfy.c	577	38	        a[m] = (uint16_t)mq_montymul(a[m], ni);	a	cjump	Os--force-target-instruction-cost=100|Os--force-target-instruction-cost=50|Os--force-vector-width=100|Os--force-vector-width=50
PQCLEAN_FALCONPADDED512_CLEAN_keygen	keygen.c	3654	15	        Gt[u] = (uint32_t)fpr_rint(rt2[u]);	=	cjump	Os--force-target-instruction-cost=100|Os--force-target-instruction-cost=50|Os--force-vector-interleave=100|Os--force-vector-interleave=50|Os--force-vector-width=100|Os--force-vector-width=50
PQCLEAN_HQC256_CLEAN_vect_set_random_fixed_weight	vector.c	80	23	        support[i] |= rand_bytes[4 * i + 1] << 8;	r	cjump	Os--force-target-instruction-cost=100|Os--force-target-instruction-cost=50|Os--force-vector-width=100|Os--force-vector-width=50
PQCLEAN_FALCON1024_CLEAN_sign_dyn	sign.c	944	41	        s2tmp[u] = (int16_t) - fpr_rint(t1[u]);	t	cjump	Os--force-target-instruction-cost=100|Os--force-target-instruction-cost=50|Os--force-vector-width=100|Os--force-vector-width=50
PQCLEAN_FALCON1024_CLEAN_keygen	keygen.c	1865	15	        rc |= a[j];	a	cjump	Os--force-target-instruction-cost=100|Os--force-target-instruction-cost=50|Os--force-vector-interleave=100|Os--force-vector-interleave=50|Os--force-vector-width=100|Os--force-vector-width=50
mq_NTT	vrfy.c	517	33	                v = mq_montymul(a[j + ht], s);	a	cjump	Os--force-target-instruction-cost=100|Os--force-target-instruction-cost=50|Os--force-vector-width=100|Os--force-vector-width=50
PQCLEAN_HQC192_CLEAN_vect_set_random_fixed_weight	vector.c	80	23	        support[i] |= rand_bytes[4 * i + 1] << 8;	r	cjump	Os--force-target-instruction-cost=100|Os--force-target-instruction-cost=50|Os--force-vector-width=100|Os--force-vector-width=50
PQCLEAN_FALCON1024_CLEAN_keygen	keygen.c	3880	15	        t1[u] = modp_set((int32_t)fpr_rint(rt3[u]), p);	=	cjump	Os--force-target-instruction-cost=100|Os--force-target-instruction-cost=50|Os--force-vector-interleave=100|Os--force-vector-interleave=50|Os--force-vector-width=100|Os--force-vector-width=50
PQCLEAN_FALCON1024_CLEAN_keygen	keygen.c	3916	37	        Fp[u] = (uint32_t)modp_norm(Fp[u], p);	F	cjump	Os--force-target-instruction-cost=100|Os--force-target-instruction-cost=50|Os--force-vector-width=100|Os--force-vector-width=50
mq_iNTT	vrfy.c	555	26	                a[j + t] = (uint16_t)	=	cjump	Os--force-target-instruction-cost=100|Os--force-target-instruction-cost=50|Os--force-vector-interleave=100|Os--force-vector-interleave=50|Os--force-vector-width=100|Os--force-vector-width=50
PQCLEAN_FALCONPADDED512_CLEAN_keygen	keygen.c	3917	15	        Gp[u] = (uint32_t)modp_norm(Gp[u], p);	=	cjump	Os--force-target-instruction-cost=100|Os--force-target-instruction-cost=50|Os--force-vector-interleave=100|Os--force-vector-interleave=50|Os--force-vector-width=100|Os--force-vector-width=50
PQCLEAN_FALCONPADDED1024_CLEAN_keygen	keygen.c	3917	15	        Gp[u] = (uint32_t)modp_norm(Gp[u], p);	=	cjump	Os--force-target-instruction-cost=100|Os--force-target-instruction-cost=50|Os--force-vector-interleave=100|Os--force-vector-interleave=50|Os--force-vector-width=100|Os--force-vector-width=50
PQCLEAN_HQC192_CLEAN_reed_muller_decode	reed_muller.c	76	33	            p2[i] = p1[2 * i] + p1[2 * i + 1];	p	cjump	Os--force-vector-width=50
PQCLEAN_HQC256_CLEAN_reed_muller_decode	reed_muller.c	76	19	            p2[i] = p1[2 * i] + p1[2 * i + 1];	=	cjump	Os--force-vector-width=50
PQCLEAN_FALCON512_CLEAN_keygen	keygen.c	3916	37	        Fp[u] = (uint32_t)modp_norm(Fp[u], p);	F	cjump	Os--force-target-instruction-cost=100|Os--force-target-instruction-cost=50|Os--force-vector-width=100|Os--force-vector-width=50
PQCLEAN_FALCON512_CLEAN_verify_raw	vrfy.c	667	28	        ((int16_t *)tt)[u] = (int16_t)w;	=	cjump	Os--force-target-instruction-cost=100|Os--force-target-instruction-cost=50|Os--force-vector-interleave=100|Os--force-vector-interleave=50|Os--force-vector-width=100|Os--force-vector-width=50
PQCLEAN_HQC256_CLEAN_vect_mul	gf2x.c	178	14	        o[i] = a[i] ^ r ^ carry;	=	cjump	Os--force-target-instruction-cost=100|Os--force-target-instruction-cost=50|Os--force-vector-interleave=100|Os--force-vector-interleave=50|Os--force-vector-width=100|Os--force-vector-width=50
PQCLEAN_FALCONPADDED512_CLEAN_count_nttzero	vrfy.c	848	23	        w = (uint32_t)s2[u] - 1u;	s	cjump	Os--force-target-instruction-cost=100|Os--force-target-instruction-cost=50|Os--force-vector-interleave=100|Os--force-vector-interleave=50|Os--force-vector-width=100|Os--force-vector-width=50
PQCLEAN_HQC256_CLEAN_vect_set_random_fixed_weight	vector.c	79	22	        support[i] = rand_bytes[4 * i];	r	cjump	Os--force-target-instruction-cost=100|Os--force-target-instruction-cost=50|Os--force-vector-width=100|Os--force-vector-width=50
PQCLEAN_MLDSA65_CLEAN_poly_shiftl	poly.c	105	22	        a->coeffs[i] <<= D;	<	cjump	Os--force-vector-interleave=100|Os--force-vector-interleave=50|Os--force-vector-width=100|Os--force-vector-width=50
PQCLEAN_FALCONPADDED1024_CLEAN_is_invertible	vrfy.c	767	25	        r |= (uint32_t)(tt[u] - 1);	t	cjump	Os--force-target-instruction-cost=100|Os--force-target-instruction-cost=50|Os--force-vector-interleave=100|Os--force-vector-interleave=50|Os--force-vector-width=100|Os--force-vector-width=50
PQCLEAN_FALCON512_CLEAN_keygen	keygen.c	3917	37	        Gp[u] = (uint32_t)modp_norm(Gp[u], p);	G	cjump	Os--force-target-instruction-cost=100|Os--force-target-instruction-cost=50|Os--force-vector-width=100|Os--force-vector-width=50
PQCLEAN_MLDSA44_CLEAN_poly_shiftl	poly.c	105	22	        a->coeffs[i] <<= D;	<	cjump	Os--force-vector-interleave=100|Os--force-vector-interleave=50|Os--force-vector-width=100|Os--force-vector-width=50
PQCLEAN_HQC128_CLEAN_reed_muller_decode	reed_muller.c	76	33	            p2[i] = p1[2 * i] + p1[2 * i + 1];	p	cjump	Os--force-vector-width=50
PQCLEAN_HQC192_CLEAN_reed_muller_decode	reed_muller.c	77	24	            p2[i + 64] = p1[2 * i] - p1[2 * i + 1];	=	cjump	Os--force-vector-width=50
PQCLEAN_HQC256_CLEAN_vect_set_random_fixed_weight	vector.c	81	33	        support[i] |= (uint32_t)rand_bytes[4 * i + 2] << 16;	r	cjump	Os--force-target-instruction-cost=100|Os--force-target-instruction-cost=50|Os--force-vector-width=100|Os--force-vector-width=50
PQCLEAN_FALCON1024_CLEAN_is_invertible	vrfy.c	767	25	        r |= (uint32_t)(tt[u] - 1);	t	cjump	Os--force-target-instruction-cost=100|Os--force-target-instruction-cost=50|Os--force-vector-interleave=100|Os--force-vector-interleave=50|Os--force-vector-width=100|Os--force-vector-width=50
PQCLEAN_FALCON1024_CLEAN_poly_adj_fft	fft.c	387	14	        a[u] = fpr_neg(a[u]);	=	cjump	Os--force-vector-interleave=100|Os--force-vector-interleave=50|Os--force-vector-width=100|Os--force-vector-width=50
PQCLEAN_FALCONPADDED512_CLEAN_keygen	keygen.c	3916	15	        Fp[u] = (uint32_t)modp_norm(Fp[u], p);	=	cjump	Os--force-target-instruction-cost=100|Os--force-target-instruction-cost=50|Os--force-vector-width=100|Os--force-vector-width=50
mq_iNTT	vrfy.c	551	21	                u = a[j];	a	cjump	Os--force-target-instruction-cost=100|Os--force-target-instruction-cost=50|Os--force-vector-width=100|Os--force-vector-width=50
PQCLEAN_HQC256_CLEAN_vect_set_random_fixed_weight	vector.c	83	20	        support[i] = (uint32_t)(i + reduce(support[i], i)); // use constant-tme reduction	=	cjump	Os--force-target-instruction-cost=100|Os--force-target-instruction-cost=50|Os--force-vector-interleave=100|Os--force-vector-interleave=50|Os--force-vector-width=100|Os--force-vector-width=50
PQCLEAN_FALCON1024_CLEAN_sign_tree	sign.c	738	18	        s2tmp[u] = (int16_t) - fpr_rint(t1[u]);	=	cjump	Os--force-target-instruction-cost=100|Os--force-target-instruction-cost=50|Os--force-vector-interleave=100|Os--force-vector-interleave=50|Os--force-vector-width=100|Os--force-vector-width=50
PQCLEAN_FALCON1024_CLEAN_sign_dyn	sign.c	944	18	        s2tmp[u] = (int16_t) - fpr_rint(t1[u]);	=	cjump	Os--force-target-instruction-cost=100|Os--force-target-instruction-cost=50|Os--force-vector-interleave=100|Os--force-vector-interleave=50|Os--force-vector-width=100|Os--force-vector-width=50
PQCLEAN_FALCONPADDED1024_CLEAN_keygen	keygen.c	3880	44	        t1[u] = modp_set((int32_t)fpr_rint(rt3[u]), p);	r	cjump	Os--force-target-instruction-cost=100|Os--force-target-instruction-cost=50|Os--force-vector-width=100|Os--force-vector-width=50
PQCLEAN_HQC128_CLEAN_vect_set_random_fixed_weight	vector.c	80	23	        support[i] |= rand_bytes[4 * i + 1] << 8;	r	cjump	Os--force-target-instruction-cost=100|Os--force-target-instruction-cost=50|Os--force-vector-width=100|Os--force-vector-width=50
PQCLEAN_FALCONPADDED512_CLEAN_sign_tree	sign.c	738	41	        s2tmp[u] = (int16_t) - fpr_rint(t1[u]);	t	cjump	Os--force-target-instruction-cost=100|Os--force-target-instruction-cost=50|Os--force-vector-width=100|Os--force-vector-width=50
PQCLEAN_FALCONPADDED1024_CLEAN_keygen	keygen.c	3880	15	        t1[u] = modp_set((int32_t)fpr_rint(rt3[u]), p);	=	cjump	Os--force-target-instruction-cost=100|Os--force-target-instruction-cost=50|Os--force-vector-interleave=100|Os--force-vector-interleave=50|Os--force-vector-width=100|Os--force-vector-width=50
PQCLEAN_HQC128_CLEAN_vect_set_random_fixed_weight	vector.c	82	33	        support[i] |= (uint32_t)rand_bytes[4 * i + 3] << 24;	r	cjump	Os--force-target-instruction-cost=100|Os--force-target-instruction-cost=50|Os--force-vector-width=100|Os--force-vector-width=50
PQCLEAN_FALCONPADDED1024_CLEAN_keygen	keygen.c	1865	15	        rc |= a[j];	a	cjump	Os--force-target-instruction-cost=100|Os--force-target-instruction-cost=50|Os--force-vector-interleave=100|Os--force-vector-interleave=50|Os--force-vector-width=100|Os--force-vector-width=50
PQCLEAN_SPHINCSSHA2256FSIMPLE_CLEAN_chain_lengths	wots.c	72	34	        csum += SPX_WOTS_W - 1 - msg_base_w[i];	m	cjump	Os--force-vector-width=50
PQCLEAN_MLDSA87_CLEAN_poly_shiftl	poly.c	105	22	        a->coeffs[i] <<= D;	<	cjump	Os--force-vector-interleave=100|Os--force-vector-interleave=50|Os--force-vector-width=100|Os--force-vector-width=50
PQCLEAN_MLKEM768_CLEAN_verify	verify.c	22	21	        r |= a[i] ^ b[i];	b	cjump	Os--force-target-instruction-cost=100|Os--force-target-instruction-cost=50|Os--force-vector-interleave=100|Os--force-vector-interleave=50|Os--force-vector-width=100|Os--force-vector-width=50
PQCLEAN_HQC192_CLEAN_vect_set_random_fixed_weight	vector.c	83	20	        support[i] = (uint32_t)(i + reduce(support[i], i)); // use constant-tme reduction	=	cjump	Os--force-target-instruction-cost=100|Os--force-target-instruction-cost=50|Os--force-vector-interleave=100|Os--force-vector-interleave=50|Os--force-vector-width=100|Os--force-vector-width=50
PQCLEAN_FALCON1024_CLEAN_keygen	keygen.c	3916	15	        Fp[u] = (uint32_t)modp_norm(Fp[u], p);	=	cjump	Os--force-target-instruction-cost=100|Os--force-target-instruction-cost=50|Os--force-vector-width=100|Os--force-vector-width=50
PQCLEAN_HQC256_CLEAN_reed_muller_decode	reed_muller.c	76	33	            p2[i] = p1[2 * i] + p1[2 * i + 1];	p	cjump	Os--force-vector-width=50
PQCLEAN_FALCON1024_CLEAN_keygen	keygen.c	3654	36	        Gt[u] = (uint32_t)fpr_rint(rt2[u]);	r	cjump	Os--force-target-instruction-cost=100|Os--force-target-instruction-cost=50|Os--force-vector-width=100|Os--force-vector-width=50
PQCLEAN_FALCON512_CLEAN_keygen	keygen.c	3880	15	        t1[u] = modp_set((int32_t)fpr_rint(rt3[u]), p);	=	cjump	Os--force-target-instruction-cost=100|Os--force-target-instruction-cost=50|Os--force-vector-interleave=100|Os--force-vector-interleave=50|Os--force-vector-width=100|Os--force-vector-width=50
PQCLEAN_FALCON512_CLEAN_keygen	keygen.c	3916	15	        Fp[u] = (uint32_t)modp_norm(Fp[u], p);	=	cjump	Os--force-target-instruction-cost=100|Os--force-target-instruction-cost=50|Os--force-vector-width=100|Os--force-vector-width=50
PQCLEAN_FALCON512_CLEAN_sign_dyn	sign.c	944	18	        s2tmp[u] = (int16_t) - fpr_rint(t1[u]);	=	cjump	Os--force-target-instruction-cost=100|Os--force-target-instruction-cost=50|Os--force-vector-interleave=100|Os--force-vector-interleave=50|Os--force-vector-width=100|Os--force-vector-width=50
PQCLEAN_FALCONPADDED1024_CLEAN_keygen	keygen.c	3654	36	        Gt[u] = (uint32_t)fpr_rint(rt2[u]);	r	cjump	Os--force-target-instruction-cost=100|Os--force-target-instruction-cost=50|Os--force-vector-width=100|Os--force-vector-width=50
mq_iNTT	vrfy.c	552	21	                v = a[j + t];	a	cjump	Os--force-target-instruction-cost=100|Os--force-target-instruction-cost=50|Os--force-vector-width=100|Os--force-vector-width=50
fft_rec	fft.c	189	26	                w[x + k] = w[k] ^ tmp[j];	=	cjump	Os--force-target-instruction-cost=100|Os--force-target-instruction-cost=50|Os--force-vector-interleave=100|Os--force-vector-interleave=50|Os--force-vector-width=100|Os--force-vector-width=50
PQCLEAN_FALCON512_CLEAN_keygen	keygen.c	3653	36	        Ft[u] = (uint32_t)fpr_rint(rt1[u]);	r	cjump	Os--force-target-instruction-cost=100|Os--force-target-instruction-cost=50|Os--force-vector-width=100|Os--force-vector-width=50
PQCLEAN_HQC192_CLEAN_vect_mul	gf2x.c	178	14	        o[i] = a[i] ^ r ^ carry;	=	cjump	Os--force-target-instruction-cost=100|Os--force-target-instruction-cost=50|Os--force-vector-interleave=100|Os--force-vector-interleave=50|Os--force-vector-width=100|Os--force-vector-width=50
PQCLEAN_FALCONPADDED512_CLEAN_verify_raw	vrfy.c	667	28	        ((int16_t *)tt)[u] = (int16_t)w;	=	cjump	Os--force-target-instruction-cost=100|Os--force-target-instruction-cost=50|Os--force-vector-interleave=100|Os--force-vector-interleave=50|Os--force-vector-width=100|Os--force-vector-width=50
PQCLEAN_FALCON512_CLEAN_is_invertible	vrfy.c	767	25	        r |= (uint32_t)(tt[u] - 1);	t	cjump	Os--force-target-instruction-cost=100|Os--force-target-instruction-cost=50|Os--force-vector-interleave=100|Os--force-vector-interleave=50|Os--force-vector-width=100|Os--force-vector-width=50
PQCLEAN_FALCONPADDED1024_CLEAN_verify_raw	vrfy.c	667	28	        ((int16_t *)tt)[u] = (int16_t)w;	=	cjump	Os--force-target-instruction-cost=100|Os--force-target-instruction-cost=50|Os--force-vector-interleave=100|Os--force-vector-interleave=50|Os--force-vector-width=100|Os--force-vector-width=50
PQCLEAN_HQC192_CLEAN_reed_muller_decode	reed_muller.c	76	19	            p2[i] = p1[2 * i] + p1[2 * i + 1];	=	cjump	Os--force-vector-width=50
PQCLEAN_FALCON512_CLEAN_sign_tree	sign.c	738	41	        s2tmp[u] = (int16_t) - fpr_rint(t1[u]);	t	cjump	Os--force-target-instruction-cost=100|Os--force-target-instruction-cost=50|Os--force-vector-width=100|Os--force-vector-width=50
PQCLEAN_HQC128_CLEAN_reed_muller_decode	reed_muller.c	112	39	                dest[part * 64 + bit] += (uint16_t) ((src[2 * copy + part] >> bit) & 1);	+	cjump	Os--force-vector-width=50
PQCLEAN_SPHINCSSHA2256SSIMPLE_CLEAN_chain_lengths	wots.c	72	34	        csum += SPX_WOTS_W - 1 - msg_base_w[i];	m	cjump	Os--force-vector-width=50
PQCLEAN_FALCONPADDED1024_CLEAN_sign_dyn	sign.c	944	41	        s2tmp[u] = (int16_t) - fpr_rint(t1[u]);	t	cjump	Os--force-target-instruction-cost=100|Os--force-target-instruction-cost=50|Os--force-vector-width=100|Os--force-vector-width=50
PQCLEAN_FALCONPADDED512_CLEAN_keygen	keygen.c	3653	36	        Ft[u] = (uint32_t)fpr_rint(rt1[u]);	r	cjump	Os--force-target-instruction-cost=100|Os--force-target-instruction-cost=50|Os--force-vector-width=100|Os--force-vector-width=50
PQCLEAN_SPHINCSSHAKE256FSIMPLE_CLEAN_chain_lengths	wots.c	72	34	        csum += SPX_WOTS_W - 1 - msg_base_w[i];	m	cjump	Os--force-vector-width=50
PQCLEAN_HQC192_CLEAN_vect_set_random_fixed_weight	vector.c	81	33	        support[i] |= (uint32_t)rand_bytes[4 * i + 2] << 16;	r	cjump	Os--force-target-instruction-cost=100|Os--force-target-instruction-cost=50|Os--force-vector-width=100|Os--force-vector-width=50
PQCLEAN_HQC128_CLEAN_vect_set_random_fixed_weight	vector.c	81	33	        support[i] |= (uint32_t)rand_bytes[4 * i + 2] << 16;	r	cjump	Os--force-target-instruction-cost=100|Os--force-target-instruction-cost=50|Os--force-vector-width=100|Os--force-vector-width=50
PQCLEAN_SPHINCSSHAKE256FSIMPLE_CLEAN_fors_pk_from_sig	fors.c	56	40	            indices[i] ^= (uint32_t)(((m[offset >> 3] >> (offset & 0x7)) & 0x1) << j);	m	cjump	Os--force-target-instruction-cost=100|Os--force-target-instruction-cost=50
PQCLEAN_SPHINCSSHAKE256SSIMPLE_CLEAN_fors_sign	fors.c	56	40	            indices[i] ^= (uint32_t)(((m[offset >> 3] >> (offset & 0x7)) & 0x1) << j);	m	cjump	Os--force-target-instruction-cost=100|Os--force-target-instruction-cost=50
PQCLEAN_SPHINCSSHAKE256FSIMPLE_CLEAN_fors_sign	fors.c	56	40	            indices[i] ^= (uint32_t)(((m[offset >> 3] >> (offset & 0x7)) & 0x1) << j);	m	cjump	Os--force-target-instruction-cost=100|Os--force-target-instruction-cost=50
PQCLEAN_SPHINCSSHA2192FSIMPLE_CLEAN_gen_message_random	hash_sha2.c	117	16	        buf[i] = 0x36 ^ sk_prf[i];	=	cjump	Os--force-target-instruction-cost=100|Os--force-target-instruction-cost=50
PQCLEAN_HQC192_CLEAN_crypto_kem_dec	kem.c	128	36	        mc[i] = (m[i] & result) ^ (sigma[i] & ~result);	s	cjump	Os--force-target-instruction-cost=100|Os--force-target-instruction-cost=50
PQCLEAN_SPHINCSSHA2256SSIMPLE_CLEAN_fors_pk_from_sig	fors.c	56	40	            indices[i] ^= (uint32_t)(((m[offset >> 3] >> (offset & 0x7)) & 0x1) << j);	m	cjump	Os--force-target-instruction-cost=100|Os--force-target-instruction-cost=50
PQCLEAN_HQC256_CLEAN_reed_solomon_decode	reed_solomon.c	134	26	            X_sigma_p[i] = (mask12 & sigma_copy[i - 1]) ^ (~mask12 & X_sigma_p[i - 1]);	=	cjump	Os--force-target-instruction-cost=100|Os--force-target-instruction-cost=50
PQCLEAN_FALCON1024_CLEAN_verify_raw	vrfy.c	665	22	        w = (int32_t)tt[u];	t	cjump	Os--force-target-instruction-cost=100|Os--force-target-instruction-cost=50
PQCLEAN_SPHINCSSHA2128FSIMPLE_CLEAN_fors_pk_from_sig	fors.c	56	40	            indices[i] ^= (uint32_t)(((m[offset >> 3] >> (offset & 0x7)) & 0x1) << j);	m	cjump	Os--force-target-instruction-cost=100|Os--force-target-instruction-cost=50
PQCLEAN_SPHINCSSHA2256FSIMPLE_CLEAN_fors_sign	fors.c	56	40	            indices[i] ^= (uint32_t)(((m[offset >> 3] >> (offset & 0x7)) & 0x1) << j);	m	cjump	Os--force-target-instruction-cost=100|Os--force-target-instruction-cost=50
PQCLEAN_FALCON512_CLEAN_verify_raw	vrfy.c	665	22	        w = (int32_t)tt[u];	t	cjump	Os--force-target-instruction-cost=100|Os--force-target-instruction-cost=50
PQCLEAN_SPHINCSSHAKE192SSIMPLE_CLEAN_fors_sign	fors.c	56	40	            indices[i] ^= (uint32_t)(((m[offset >> 3] >> (offset & 0x7)) & 0x1) << j);	m	cjump	Os--force-target-instruction-cost=100|Os--force-target-instruction-cost=50
PQCLEAN_HQC256_CLEAN_reed_solomon_decode	reed_solomon.c	134	38	            X_sigma_p[i] = (mask12 & sigma_copy[i - 1]) ^ (~mask12 & X_sigma_p[i - 1]);	s	cjump	Os--force-target-instruction-cost=100|Os--force-target-instruction-cost=50
PQCLEAN_HQC128_CLEAN_reed_solomon_decode	reed_solomon.c	186	14	        z[i] = mask & sigma[i];	=	cjump	Os--force-target-instruction-cost=100|Os--force-target-instruction-cost=50
PQCLEAN_SPHINCSSHAKE256SSIMPLE_CLEAN_fors_pk_from_sig	fors.c	56	40	            indices[i] ^= (uint32_t)(((m[offset >> 3] >> (offset & 0x7)) & 0x1) << j);	m	cjump	Os--force-target-instruction-cost=100|Os--force-target-instruction-cost=50
PQCLEAN_SPHINCSSHAKE192SSIMPLE_CLEAN_fors_pk_from_sig	fors.c	56	40	            indices[i] ^= (uint32_t)(((m[offset >> 3] >> (offset & 0x7)) & 0x1) << j);	m	cjump	Os--force-target-instruction-cost=100|Os--force-target-instruction-cost=50
PQCLEAN_SPHINCSSHA2128FSIMPLE_CLEAN_fors_sign	fors.c	56	40	            indices[i] ^= (uint32_t)(((m[offset >> 3] >> (offset & 0x7)) & 0x1) << j);	m	cjump	Os--force-target-instruction-cost=100|Os--force-target-instruction-cost=50
PQCLEAN_SPHINCSSHA2192SSIMPLE_CLEAN_gen_message_random	hash_sha2.c	117	16	        buf[i] = 0x36 ^ sk_prf[i];	=	cjump	Os--force-target-instruction-cost=100|Os--force-target-instruction-cost=50
PQCLEAN_FALCONPADDED512_CLEAN_gaussian0_sampler	sign.c	1006	14	        w2 = dist[u + 0];	d	cjump	Os--force-target-instruction-cost=100|Os--force-target-instruction-cost=50
PQCLEAN_HQC192_CLEAN_crypto_kem_dec	kem.c	128	18	        mc[i] = (m[i] & result) ^ (sigma[i] & ~result);	m	cjump	Os--force-target-instruction-cost=100|Os--force-target-instruction-cost=50
PQCLEAN_HQC128_CLEAN_reed_solomon_decode	reed_solomon.c	269	48	            error_values[i] += mask1 & mask2 & e_j[j];	e	cjump	Os--force-target-instruction-cost=100|Os--force-target-instruction-cost=50
PQCLEAN_SPHINCSSHAKE128FSIMPLE_CLEAN_fors_pk_from_sig	fors.c	56	40	            indices[i] ^= (uint32_t)(((m[offset >> 3] >> (offset & 0x7)) & 0x1) << j);	m	cjump	Os--force-target-instruction-cost=100|Os--force-target-instruction-cost=50
PQCLEAN_SPHINCSSHA2256SSIMPLE_CLEAN_fors_sign	fors.c	56	40	            indices[i] ^= (uint32_t)(((m[offset >> 3] >> (offset & 0x7)) & 0x1) << j);	m	cjump	Os--force-target-instruction-cost=100|Os--force-target-instruction-cost=50
PQCLEAN_SPHINCSSHA2192FSIMPLE_CLEAN_gen_message_random	hash_sha2.c	143	16	        buf[i] = 0x5c ^ sk_prf[i];	=	cjump	Os--force-target-instruction-cost=100|Os--force-target-instruction-cost=50
PQCLEAN_FALCON1024_CLEAN_gaussian0_sampler	sign.c	1006	14	        w2 = dist[u + 0];	d	cjump	Os--force-target-instruction-cost=100|Os--force-target-instruction-cost=50
PQCLEAN_SPHINCSSHA2192SSIMPLE_CLEAN_fors_pk_from_sig	fors.c	56	40	            indices[i] ^= (uint32_t)(((m[offset >> 3] >> (offset & 0x7)) & 0x1) << j);	m	cjump	Os--force-target-instruction-cost=100|Os--force-target-instruction-cost=50
PQCLEAN_HQC128_CLEAN_reed_solomon_decode	reed_solomon.c	287	16	        cdw[i] ^= error_values[i];	^	cjump	Os--force-target-instruction-cost=100|Os--force-target-instruction-cost=50
PQCLEAN_FALCONPADDED1024_CLEAN_verify_raw	vrfy.c	665	22	        w = (int32_t)tt[u];	t	cjump	Os--force-target-instruction-cost=100|Os--force-target-instruction-cost=50
PQCLEAN_HQC192_CLEAN_crypto_kem_dec	kem.c	128	15	        mc[i] = (m[i] & result) ^ (sigma[i] & ~result);	=	cjump	Os--force-target-instruction-cost=100|Os--force-target-instruction-cost=50
PQCLEAN_SPHINCSSHA2192SSIMPLE_CLEAN_gen_message_random	hash_sha2.c	143	16	        buf[i] = 0x5c ^ sk_prf[i];	=	cjump	Os--force-target-instruction-cost=100|Os--force-target-instruction-cost=50
PQCLEAN_SPHINCSSHA2192SSIMPLE_CLEAN_fors_sign	fors.c	56	40	            indices[i] ^= (uint32_t)(((m[offset >> 3] >> (offset & 0x7)) & 0x1) << j);	m	cjump	Os--force-target-instruction-cost=100|Os--force-target-instruction-cost=50
PQCLEAN_FALCONPADDED1024_CLEAN_gaussian0_sampler	sign.c	1006	14	        w2 = dist[u + 0];	d	cjump	Os--force-target-instruction-cost=100|Os--force-target-instruction-cost=50
PQCLEAN_FALCON512_CLEAN_gaussian0_sampler	sign.c	1006	14	        w2 = dist[u + 0];	d	cjump	Os--force-target-instruction-cost=100|Os--force-target-instruction-cost=50
PQCLEAN_FALCONPADDED512_CLEAN_verify_raw	vrfy.c	665	22	        w = (int32_t)tt[u];	t	cjump	Os--force-target-instruction-cost=100|Os--force-target-instruction-cost=50
PQCLEAN_HQC256_CLEAN_reed_solomon_decode	reed_solomon.c	134	70	            X_sigma_p[i] = (mask12 & sigma_copy[i - 1]) ^ (~mask12 & X_sigma_p[i - 1]);	X	cjump	Os--force-target-instruction-cost=100|Os--force-target-instruction-cost=50
PQCLEAN_HQC256_CLEAN_reed_solomon_decode	reed_solomon.c	186	14	        z[i] = mask & sigma[i];	=	cjump	Os--force-target-instruction-cost=100|Os--force-target-instruction-cost=50
PQCLEAN_SPHINCSSHAKE128FSIMPLE_CLEAN_fors_sign	fors.c	56	40	            indices[i] ^= (uint32_t)(((m[offset >> 3] >> (offset & 0x7)) & 0x1) << j);	m	cjump	Os--force-target-instruction-cost=100|Os--force-target-instruction-cost=50
PQCLEAN_SPHINCSSHA2256FSIMPLE_CLEAN_fors_pk_from_sig	fors.c	56	40	            indices[i] ^= (uint32_t)(((m[offset >> 3] >> (offset & 0x7)) & 0x1) << j);	m	cjump	Os--force-target-instruction-cost=100|Os--force-target-instruction-cost=50
PQCLEAN_MLDSA87_CLEAN_crypto_sign_open_ctx	sign.c	372	14	        m[i] = 0;	=	cjump	Os-ffreestanding|Os-fno-builtin
PQCLEAN_MLDSA44_CLEAN_pack_sig	packing.c	187	16	        sig[i] = 0;	=	cjump	Os--scalar-evolution-huge-expr-threshold=0|Os--scalar-evolution-max-arith-depth=0|Os-ffreestanding|Os-fno-builtin
PQCLEAN_MLDSA65_CLEAN_crypto_sign_open_ctx	sign.c	372	14	        m[i] = 0;	=	cjump	Os-ffreestanding|Os-fno-builtin
poly_big_to_fp	keygen.c	2014	18	            d[u] = fpr_zero;	=	cjump	Os-ffreestanding|Os-fno-builtin
PQCLEAN_MLDSA87_CLEAN_pack_sig	packing.c	187	16	        sig[i] = 0;	=	cjump	Os--scalar-evolution-huge-expr-threshold=0|Os--scalar-evolution-max-arith-depth=0|Os-ffreestanding|Os-fno-builtin
PQCLEAN_MLDSA65_CLEAN_pack_sig	packing.c	187	16	        sig[i] = 0;	=	cjump	Os--scalar-evolution-huge-expr-threshold=0|Os--scalar-evolution-max-arith-depth=0|Os-ffreestanding|Os-fno-builtin
PQCLEAN_MLDSA44_CLEAN_crypto_sign_open_ctx	sign.c	372	14	        m[i] = 0;	=	cjump	Os-ffreestanding|Os-fno-builtin
PQCLEAN_HQC192_CLEAN_reed_solomon_decode	reed_solomon.c	269	48	            error_values[i] += mask1 & mask2 & e_j[j];	e	cjump	Os--attributor-enable=all|Os--attributor-enable=module
PQCLEAN_FALCONPADDED512_CLEAN_keygen	keygen.c	635	12	    w += p & -(w >> 31);	&	cjump	Os--x86-cmov-converter-force-all|Oz--x86-cmov-converter-force-all
PQCLEAN_FALCON1024_CLEAN_keygen	keygen.c	285	7	    m &= -(uint64_t)((uint32_t)(e - 64) >> 31);	&	cjump	Os--x86-cmov-converter-force-all
PQCLEAN_FALCON1024_CLEAN_keygen	keygen.c	1747	16	            c0 &= (((aw | bw) + 0x7FFFFFFF) >> 31) - (uint32_t)1;	&	cjump	Os--x86-cmov-converter-force-all|Oz--x86-cmov-converter-force-all
modp_NTT2_ext	keygen.c	723	7	    d += p & -(d >> 31);	+	cjump	Os--x86-cmov-converter-force-all|Oz--x86-cmov-converter-force-all
PQCLEAN_FALCONPADDED512_CLEAN_keygen	keygen.c	1832	26	            a_lo += a_lo & (cA - 1);	&	cjump	Os--x86-cmov-converter-force-all|Oz--x86-cmov-converter-force-all
PQCLEAN_FALCONPADDED1024_CLEAN_keygen	keygen.c	475	31	    return cc0 ^ ((cc0 ^ cc1) & (int)((x & y) >> 63));	&	cjump	Os--x86-cmov-converter-force-all
PQCLEAN_FALCON1024_CLEAN_keygen	keygen.c	683	7	    d += p & -(d >> 31);	+	cjump	Os--x86-cmov-converter-force-all|Oz--x86-cmov-converter-force-all
PQCLEAN_FALCON512_CLEAN_keygen	keygen.c	635	12	    w += p & -(w >> 31);	&	cjump	Os--x86-cmov-converter-force-all|Oz--x86-cmov-converter-force-all
PQCLEAN_FALCONPADDED512_CLEAN_keygen	keygen.c	1199	11	        w += p & -(w >> 31);	+	cjump	Os--x86-cmov-converter-force-all
PQCLEAN_FALCONPADDED1024_CLEAN_keygen	keygen.c	285	7	    m &= -(uint64_t)((uint32_t)(e - 64) >> 31);	&	cjump	Os--x86-cmov-converter-force-all
PQCLEAN_FALCONPADDED1024_CLEAN_keygen	keygen.c	683	7	    d += p & -(d >> 31);	+	cjump	Os--x86-cmov-converter-force-all|Oz--x86-cmov-converter-force-all
PQCLEAN_FALCON1024_CLEAN_keygen	keygen.c	723	7	    d += p & -(d >> 31);	+	cjump	Os--x86-cmov-converter-force-all|Oz--x86-cmov-converter-force-all
PQCLEAN_FALCON512_CLEAN_keygen	keygen.c	723	7	    d += p & -(d >> 31);	+	cjump	Os--x86-cmov-converter-force-all|Oz--x86-cmov-converter-force-all
modp_NTT2_ext	keygen.c	683	7	    d += p & -(d >> 31);	+	cjump	Os--x86-cmov-converter-force-all|Oz--x86-cmov-converter-force-all
PQCLEAN_FALCON1024_CLEAN_keygen	keygen.c	1199	11	        w += p & -(w >> 31);	+	cjump	Os--x86-cmov-converter-force-all
modp_R2	keygen.c	723	7	    d += p & -(d >> 31);	+	cjump	Os--x86-cmov-converter-force-all|Oz--x86-cmov-converter-force-all
zint_mod_small_unsigned	keygen.c	683	7	    d += p & -(d >> 31);	+	cjump	Os--x86-cmov-converter-force-all|Oz--x86-cmov-converter-force-all
PQCLEAN_FALCON512_CLEAN_keygen	keygen.c	285	7	    m &= -(uint64_t)((uint32_t)(e - 64) >> 31);	&	cjump	Os--x86-cmov-converter-force-all
PQCLEAN_FALCON512_CLEAN_keygen	keygen.c	1747	16	            c0 &= (((aw | bw) + 0x7FFFFFFF) >> 31) - (uint32_t)1;	&	cjump	Os--x86-cmov-converter-force-all|Oz--x86-cmov-converter-force-all
PQCLEAN_FALCONPADDED512_CLEAN_keygen	keygen.c	1747	16	            c0 &= (((aw | bw) + 0x7FFFFFFF) >> 31) - (uint32_t)1;	&	cjump	Os--x86-cmov-converter-force-all|Oz--x86-cmov-converter-force-all
PQCLEAN_FALCONPADDED1024_CLEAN_keygen	keygen.c	1832	26	            a_lo += a_lo & (cA - 1);	&	cjump	Os--x86-cmov-converter-force-all|Oz--x86-cmov-converter-force-all
PQCLEAN_FALCONPADDED1024_CLEAN_keygen	keygen.c	635	12	    w += p & -(w >> 31);	&	cjump	Os--x86-cmov-converter-force-all|Oz--x86-cmov-converter-force-all
PQCLEAN_FALCONPADDED1024_CLEAN_keygen	keygen.c	723	7	    d += p & -(d >> 31);	+	cjump	Os--x86-cmov-converter-force-all|Oz--x86-cmov-converter-force-all
PQCLEAN_FALCON512_CLEAN_keygen	keygen.c	1199	11	        w += p & -(w >> 31);	+	cjump	Os--x86-cmov-converter-force-all
PQCLEAN_FALCONPADDED512_CLEAN_keygen	keygen.c	475	31	    return cc0 ^ ((cc0 ^ cc1) & (int)((x & y) >> 63));	&	cjump	Os--x86-cmov-converter-force-all
PQCLEAN_FALCONPADDED512_CLEAN_keygen	keygen.c	683	7	    d += p & -(d >> 31);	+	cjump	Os--x86-cmov-converter-force-all|Oz--x86-cmov-converter-force-all
PQCLEAN_FALCON512_CLEAN_keygen	keygen.c	1832	26	            a_lo += a_lo & (cA - 1);	&	cjump	Os--x86-cmov-converter-force-all|Oz--x86-cmov-converter-force-all
PQCLEAN_FALCONPADDED512_CLEAN_keygen	keygen.c	285	7	    m &= -(uint64_t)((uint32_t)(e - 64) >> 31);	&	cjump	Os--x86-cmov-converter-force-all
PQCLEAN_FALCON512_CLEAN_keygen	keygen.c	475	31	    return cc0 ^ ((cc0 ^ cc1) & (int)((x & y) >> 63));	&	cjump	Os--x86-cmov-converter-force-all
mq_NTT	vrfy.c	417	7	    z += Q & -(z >> 31);	+	cjump	Os--x86-cmov-converter-force-all
PQCLEAN_FALCONPADDED1024_CLEAN_keygen	keygen.c	1199	11	        w += p & -(w >> 31);	+	cjump	Os--x86-cmov-converter-force-all
zint_mod_small_unsigned	keygen.c	1199	11	        w += p & -(w >> 31);	+	cjump	Os--x86-cmov-converter-force-all|Oz--x86-cmov-converter-force-all
PQCLEAN_FALCON1024_CLEAN_keygen	keygen.c	475	31	    return cc0 ^ ((cc0 ^ cc1) & (int)((x & y) >> 63));	&	cjump	Os--x86-cmov-converter-force-all
modp_poly_rec_res	keygen.c	723	7	    d += p & -(d >> 31);	+	cjump	Os--x86-cmov-converter-force-all|Oz--x86-cmov-converter-force-all
PQCLEAN_FALCON512_CLEAN_keygen	keygen.c	683	7	    d += p & -(d >> 31);	+	cjump	Os--x86-cmov-converter-force-all|Oz--x86-cmov-converter-force-all
PQCLEAN_FALCONPADDED1024_CLEAN_keygen	keygen.c	1747	16	            c0 &= (((aw | bw) + 0x7FFFFFFF) >> 31) - (uint32_t)1;	&	cjump	Os--x86-cmov-converter-force-all|Oz--x86-cmov-converter-force-all
PQCLEAN_FALCONPADDED512_CLEAN_keygen	keygen.c	723	7	    d += p & -(d >> 31);	+	cjump	Os--x86-cmov-converter-force-all|Oz--x86-cmov-converter-force-all
PQCLEAN_FALCON1024_CLEAN_keygen	keygen.c	1832	26	            a_lo += a_lo & (cA - 1);	&	cjump	Os--x86-cmov-converter-force-all|Oz--x86-cmov-converter-force-all
PQCLEAN_FALCON1024_CLEAN_keygen	keygen.c	635	12	    w += p & -(w >> 31);	&	cjump	Os--x86-cmov-converter-force-all|Oz--x86-cmov-converter-force-all
zint_mod_small_unsigned	keygen.c	723	7	    d += p & -(d >> 31);	+	cjump	Os--x86-cmov-converter-force-all|Oz--x86-cmov-converter-force-all
PQCLEAN_FALCON512_CLEAN_keygen	keygen.c	695	12	    d += p & -(d >> 31);	&	cjump	Os--fast-isel|Oz--fast-isel
PQCLEAN_FALCONPADDED512_CLEAN_keygen	keygen.c	695	12	    d += p & -(d >> 31);	&	cjump	Os--fast-isel|Oz--fast-isel
PQCLEAN_FALCONPADDED1024_CLEAN_keygen	keygen.c	695	12	    d += p & -(d >> 31);	&	cjump	Os--fast-isel|Oz--fast-isel
PQCLEAN_FALCON1024_CLEAN_keygen	keygen.c	695	12	    d += p & -(d >> 31);	&	cjump	Os--fast-isel|Oz--fast-isel
PQCLEAN_FALCONPADDED1024_CLEAN_keygen	keygen.c	311	39	    return ((int64_t)m ^ -(int64_t)s) + (int64_t)s;	+	cjump	Os-ftrapv
PQCLEAN_FALCON1024_CLEAN_keygen	keygen.c	311	39	    return ((int64_t)m ^ -(int64_t)s) + (int64_t)s;	+	cjump	Os-ftrapv
PQCLEAN_FALCONPADDED512_CLEAN_keygen	keygen.c	311	39	    return ((int64_t)m ^ -(int64_t)s) + (int64_t)s;	+	cjump	Os-ftrapv
PQCLEAN_FALCON512_CLEAN_keygen	keygen.c	311	39	    return ((int64_t)m ^ -(int64_t)s) + (int64_t)s;	+	cjump	Os-ftrapv
PQCLEAN_MLDSA44_CLEAN_poly_uniform	poly.c	362	14	        for (i = 0; i < off; ++i) {	i	mdiv	Oz--scalar-evolution-max-arith-depth=0|Oz--sroa-skip-mem2reg
PQCLEAN_MLDSA87_CLEAN_poly_uniform	poly.c	362	14	        for (i = 0; i < off; ++i) {	i	mdiv	Oz--scalar-evolution-max-arith-depth=0|Oz--sroa-skip-mem2reg
PQCLEAN_MLDSA65_CLEAN_poly_uniform	poly.c	362	14	        for (i = 0; i < off; ++i) {	i	mdiv	Oz--scalar-evolution-max-arith-depth=0|Oz--sroa-skip-mem2reg
mq_montymul	vrfy.c	417	7	    z += Q & -(z >> 31);	+	cjump	Oz--x86-cmov-converter-force-all
modp_Rx	keygen.c	723	7	    d += p & -(d >> 31);	+	cjump	Oz--x86-cmov-converter-force-all
PQCLEAN_HQC256_CLEAN_reed_solomon_decode	reed_solomon.c	255	111	            tmp2 = PQCLEAN_HQC256_CLEAN_gf_mul(tmp2, (1 ^ PQCLEAN_HQC256_CLEAN_gf_mul(inverse, beta_j[(i + k) % PARAM_DELTA])));	%	mdiv	Oz--disable-lsr
PQCLEAN_HQC128_CLEAN_reed_solomon_decode	reed_solomon.c	255	111	            tmp2 = PQCLEAN_HQC128_CLEAN_gf_mul(tmp2, (1 ^ PQCLEAN_HQC128_CLEAN_gf_mul(inverse, beta_j[(i + k) % PARAM_DELTA])));	%	mdiv	Oz--disable-lsr
PQCLEAN_HQC128_CLEAN_reed_solomon_decode	reed_solomon.c	254	28	        for (size_t k = 1; k < PARAM_DELTA; ++k) {	k	mdiv	Oz-fpseudo-probe-for-profiling
PQCLEAN_HQC256_CLEAN_reed_solomon_decode	reed_solomon.c	254	28	        for (size_t k = 1; k < PARAM_DELTA; ++k) {	k	mdiv	Oz-fpseudo-probe-for-profiling
