function	file	line	col	source	char	type	optimization
drbg_ctr_df	random-drbg.c	787	42	  padlen = (inputlen + sizeof (L_N) + 1) % (drbg_blocklen (drbg));	%	cjump	O0--expand-div-rem-bits=0|O0--expand-div-rem-bits=50
keccak_write	keccak.c	1138	45	      count = ((size_t) count + nlanes * 8) % bsize;	%	cjump	O0--expand-div-rem-bits=0|O0--expand-div-rem-bits=50|O1--expand-div-rem-bits=0|O1--expand-div-rem-bits=50|Os--expand-div-rem-bits=0|Os--expand-div-rem-bits=50|Oz--expand-div-rem-bits=0|Oz--expand-div-rem-bits=50
sha3_update	./jitterentropy-sha3.c	282	32	 size_t partial = ctx->msg_len % ctx->r;	%	cjump	O0--expand-div-rem-bits=0|O0--expand-div-rem-bits=50
do_polyval_buf	cipher-gcm-siv.c	156	24	      nblocks = buflen / blocksize;	/	cjump	O0--expand-div-rem-bits=0|O0--expand-div-rem-bits=50
jent_gcd64	./jitterentropy-gcd.c	47	9	  r = a % b;	%	cjump	O0--expand-div-rem-bits=0|O0--expand-div-rem-bits=50
index_alpha	kdf.c	672	47	  return (start_position + relative_position) % a->lane_length;	%	cjump	O0--expand-div-rem-bits=0|O0--expand-div-rem-bits=50
balloon_compute_mix	kdf.c	1287	55	          blocks[n] = t->block + (b->blklen * (rand64 % b->n_blocks));	%	cjump	O0--expand-div-rem-bits=0|O0--expand-div-rem-bits=50
_gcry_kdf_pkdf2	kdf.c	164	19	  l = ((dklen - 1)/ hlen) + 1;	/	cjump	O0--expand-div-rem-bits=0|O0--expand-div-rem-bits=50|O1--expand-div-rem-bits=0|O1--expand-div-rem-bits=50|O2--expand-div-rem-bits=0|O3--expand-div-rem-bits=0|Ofast--expand-div-rem-bits=0|Os--expand-div-rem-bits=0|Oz--expand-div-rem-bits=0
blake2_write	blake2.c	197	18	   nblks = inlen / blkbytes - !(inlen % blkbytes);	/	cjump	O0--expand-div-rem-bits=0|O0--expand-div-rem-bits=50|O2--enable-coldcc-stress-test|O2--inline-call-penalty=-1|O2--inline-call-penalty=100|O2--inline-instr-cost=-1|O2--inline-instr-cost=100|O2--inline-instr-cost=50|O2--inline-memaccess-cost=100|O2--inline-memaccess-cost=50|O2--inline-threshold=-1|O2--inline-threshold=0|O2--inline-threshold=100|O2--inline-threshold=50|O2--inlinedefault-threshold=-1|O2--inlinedefault-threshold=0|O2--inlinedefault-threshold=50|O2-fapple-kext|O2-ffreestanding|O2-finline-hint-functions|O2-finstrument-functions|O2-fno-builtin|O2-fno-inline|O2-fno-inline-functions|O2-fprofile-arcs|O2-fprofile-generate|O2-fprofile-instr-generate|O3--enable-coldcc-stress-test|O3--inline-call-penalty=-1|O3--inline-call-penalty=100|O3--inline-instr-cost=-1|O3--inline-instr-cost=100|O3--inline-instr-cost=50|O3--inline-memaccess-cost=100|O3--inline-memaccess-cost=50|O3--inline-threshold=-1|O3--inline-threshold=0|O3--inline-threshold=100|O3--inline-threshold=50|O3-fapple-kext|O3-ffreestanding|O3-finline-hint-functions|O3-finstrument-functions|O3-fno-builtin|O3-fno-inline|O3-fno-inline-functions|O3-fprofile-arcs|O3-fprofile-generate|O3-fprofile-instr-generate|Ofast--enable-coldcc-stress-test|Ofast--inline-call-penalty=-1|Ofast--inline-instr-cost=-1|Ofast--inline-instr-cost=100|Ofast--inline-instr-cost=50|Ofast--inline-memaccess-cost=100|Ofast--inline-memaccess-cost=50|Ofast--inline-threshold=-1|Ofast--inline-threshold=0|Ofast-fapple-kext|Ofast-ffreestanding|Ofast-finline-hint-functions|Ofast-finstrument-functions|Ofast-fno-builtin|Ofast-fno-inline|Ofast-fno-inline-functions|Ofast-fprofile-arcs|Ofast-fprofile-generate|Ofast-fprofile-instr-generate|Os--expand-div-rem-bits=0|Os--expand-div-rem-bits=50|Oz--expand-div-rem-bits=0|Oz--expand-div-rem-bits=50
blake2_write	blake2.c	197	39	   nblks = inlen / blkbytes - !(inlen % blkbytes);	%	cjump	O0--expand-div-rem-bits=0|O0--expand-div-rem-bits=50|Os--expand-div-rem-bits=0|Os--expand-div-rem-bits=50|Oz--expand-div-rem-bits=0|Oz--expand-div-rem-bits=50
drbg_generate_long	random-drbg.c	1521	31	      slice = ((buflen - len) / drbg_max_request_bytes ());	/	cjump	O0--expand-div-rem-bits=0|O0--expand-div-rem-bits=50
sha3_final	./jitterentropy-sha3.c	325	32	 size_t partial = ctx->msg_len % ctx->r;	%	cjump	O0--expand-div-rem-bits=0|O0--expand-div-rem-bits=50
do_ecb_crypt	cipher.c	1102	22	  nblocks = inbuflen / blocksize;	/	cjump	O0--expand-div-rem-bits=0|O0--expand-div-rem-bits=50|Os--expand-div-rem-bits=0|Os--expand-div-rem-bits=50|Oz--expand-div-rem-bits=0|Oz--expand-div-rem-bits=50
mul_inv	idea.c	76	20	    t1 = 0x10001UL / x;	/	cjump	O0--expand-div-rem-bits=0|O0--expand-div-rem-bits=50|Os--expand-div-rem-bits=0|Oz--expand-div-rem-bits=0
argon2_compute_segment	kdf.c	736	35	        ref_lane = (rand64 >> 32) % a->lanes;	%	cjump	O0--expand-div-rem-bits=0|O0--expand-div-rem-bits=50|O1--expand-div-rem-bits=0|O1--expand-div-rem-bits=50|O2--expand-div-rem-bits=0|O3--expand-div-rem-bits=0|Ofast--expand-div-rem-bits=0|Os--expand-div-rem-bits=0|Oz--expand-div-rem-bits=0
jent_measure_jitter	./jitterentropy-noise.c	342	50	 current_delta = jent_delta(ec->prev_time, time) /	/	cjump	O0--expand-div-rem-bits=0|O0--expand-div-rem-bits=50
scrypt_ro_mix	scrypt.c	211	45	      j = LE_READ_UINT64 (&X[128 * r - 64]) % N;	%	cjump	O0--expand-div-rem-bits=0|O0--expand-div-rem-bits=50
mul_inv	idea.c	77	20	    y =  0x10001UL % x;	%	cjump	O0--expand-div-rem-bits=0|O0--expand-div-rem-bits=50|Os--expand-div-rem-bits=0|Oz--expand-div-rem-bits=0
do_ghash_buf	cipher-gcm.c	778	24	      nblocks = buflen / blocksize;	/	cjump	O0--expand-div-rem-bits=0|O0--expand-div-rem-bits=50
bench_ecc_init	bench-slope.c	2641	34	     num_measurement_repetitions / obj->max_bufsize;	/	cjump	O0--expand-div-rem-bits=0|O1--expand-div-rem-bits=0|O2--expand-div-rem-bits=0|O3--expand-div-rem-bits=0|Ofast--expand-div-rem-bits=0|Os--expand-div-rem-bits=0|Oz--expand-div-rem-bits=0
bench_ecc_mult_init	bench-slope.c	2529	33	    num_measurement_repetitions / obj->max_bufsize;	/	cjump	O0--expand-div-rem-bits=0
mul_inv	idea.c	89	8	 y = y % x;	%	cjump	O0--expand-div-rem-bits=0
do_bf_setkey	blowfish.c	989	29	             ((u32)key[(j+2)%keylen] << 8) |	%	cjump	O0--expand-div-rem-bits=0
balloon_open	kdf.c	1136	33	  b->n_blocks = (s_cost * 1024) / b->blklen;	/	cjump	O0--expand-div-rem-bits=0
prime_generate_internal	primegen.c	341	19	    qbits = pbits / 3;	/	cjump	O0--expand-div-rem-bits=0
do_bf_setkey	blowfish.c	990	29	             ((u32)key[(j+3)%keylen]);	%	cjump	O0--expand-div-rem-bits=0
_gcry_generate_fips186_3_prime	primegen.c	1729	33	  value_n = (pbits + qbits - 1) / qbits - 1;	/	cjump	O0--expand-div-rem-bits=0|O1--expand-div-rem-bits=0|O2--expand-div-rem-bits=0|O3--expand-div-rem-bits=0|Ofast--expand-div-rem-bits=0|Os--expand-div-rem-bits=0|Oz--expand-div-rem-bits=0
do_bf_setkey	blowfish.c	992	17	      j = (j+4) % keylen;	%	cjump	O0--expand-div-rem-bits=0
mul_inv	idea.c	83	8	 q = x / y;	/	cjump	O0--expand-div-rem-bits=0
get_num_measurements	bench-slope.c	334	32	  unsigned int num = buf_range / obj->step_size + 1;	/	cjump	O0--expand-div-rem-bits=0|O1--expand-div-rem-bits=0|O2--expand-div-rem-bits=0|O3--expand-div-rem-bits=0|Ofast--expand-div-rem-bits=0|Os--expand-div-rem-bits=0|Oz--expand-div-rem-bits=0
mul_inv	idea.c	88	8	 q = y / x;	/	cjump	O0--expand-div-rem-bits=0
do_bf_setkey	blowfish.c	988	29	             ((u32)key[(j+1)%keylen] << 16) |	%	cjump	O0--expand-div-rem-bits=0
mul_inv	idea.c	84	8	 x = x % y;	%	cjump	O0--expand-div-rem-bits=0
cshake_input_s	keccak.c	1697	42	  padlen = ctx->blocksize - (len_written % ctx->blocksize);	%	cjump	O0--expand-div-rem-bits=0|Os--expand-div-rem-bits=0|Oz--expand-div-rem-bits=0
prime_generate_internal	primegen.c	366	38	      fbits = (pbits - req_qbits -1) / n;	/	cjump	O0--expand-div-rem-bits=0|O1--expand-div-rem-bits=0|O2--expand-div-rem-bits=0|O3--expand-div-rem-bits=0|Ofast--expand-div-rem-bits=0|Os--expand-div-rem-bits=0|Oz--expand-div-rem-bits=0
uint32_divmod_uint14	sntrup761.c	159	5	  v /= m;	/	cjump	O0--expand-div-rem-bits=0|Oz--expand-div-rem-bits=0
argon2_init	kdf.c	507	34	  segment_length = memory_blocks / (parallelism * 4);	/	cjump	O0--expand-div-rem-bits=0
prime_generate_internal	primegen.c	361	42	      fbits = (pbits - 2 * req_qbits -1) / n;	/	cjump	O0--expand-div-rem-bits=0|O1--expand-div-rem-bits=0|O2--expand-div-rem-bits=0|O3--expand-div-rem-bits=0|Ofast--expand-div-rem-bits=0|Os--expand-div-rem-bits=0|Oz--expand-div-rem-bits=0
bench_ecc_init	bench-slope.c	2629	33	    num_measurement_repetitions / obj->max_bufsize;	/	cjump	O0--expand-div-rem-bits=0
bench_ecc_mult_init	bench-slope.c	2541	34	     num_measurement_repetitions / obj->max_bufsize;	/	cjump	O0--expand-div-rem-bits=0|O1--expand-div-rem-bits=0|O2--expand-div-rem-bits=0|O3--expand-div-rem-bits=0|Ofast--expand-div-rem-bits=0|Os--expand-div-rem-bits=0|Oz--expand-div-rem-bits=0
_gcry_generate_fips186_2_prime	primegen.c	1491	25	  value_n = (pbits - 1) / qbits;	/	cjump	O0--expand-div-rem-bits=0
_gcry_sexp_canon_len	sexp.c	2161	27	                  *erroff = count;	=	cjump	O1--enable-tail-merge=false|O1--misched=ilpmax|O1--pre-RA-sched=linearize|O1--tail-merge-threshold=0|O1-fcs-profile-generate|O1-fprofile-generate|O2--enable-tail-merge=false|O2--jump-threading-across-loop-headers|O2--misched=ilpmax|O2--pre-RA-sched=linearize|O2--tail-merge-threshold=0|O2-fcs-profile-generate|O2-fprofile-generate|O3--disable-branch-fold|O3--enable-tail-merge=false|O3--jump-threading-across-loop-headers|O3--misched=ilpmax|O3--pre-RA-sched=linearize|O3--tail-merge-threshold=0|O3-fcs-profile-generate|O3-fprofile-generate|Ofast--aggressive-machine-cse|Ofast--jump-threading-across-loop-headers|Ofast--misched=ilpmax|Ofast--pre-RA-sched=linearize|Ofast-fcs-profile-generate|Ofast-fprofile-generate|Os--jump-threading-across-loop-headers|Os-fcs-profile-generate|Os-fprofile-generate|Oz-fcs-profile-generate|Oz-fprofile-generate
do_vsexp_sscan	sexp.c	1634	16	       *erroff = p - buffer;	=	cjump	O1--cold-callsite-rel-freq=-1|O1--cold-callsite-rel-freq=100|O1--disable-cgp|O1--disable-lsr|O1--disable-machine-sink|O1--enable-tail-merge=false|O1--fast-isel|O1--inline-call-penalty=-1|O1--inline-call-penalty=100|O1--inline-instr-cost=100|O1--inline-instr-cost=50|O1--inline-memaccess-cost=100|O1--inline-threshold=-1|O1--inline-threshold=0|O1--inline-threshold=100|O1--inline-threshold=50|O1--inlinedefault-threshold=-1|O1--inlinedefault-threshold=0|O1--inlinedefault-threshold=50|O1--simplifycfg-branch-fold-threshold=0|O1--tail-merge-threshold=0|O1-fapple-kext|O1-fcs-profile-generate|O1-ffreestanding|O1-finline-hint-functions|O1-fmemory-profile|O1-fno-builtin|O1-fprofile-generate|O2--disable-cgp|O2--enable-tail-merge=false|O2--fast-isel|O2--simplifycfg-branch-fold-threshold=0|O2--tail-merge-threshold=0|O2-fcs-profile-generate|O2-fprofile-generate|O3--enable-tail-merge=false|O3--jump-threading-across-loop-headers|O3--jump-threading-phi-threshold=0|O3--tail-merge-threshold=0|O3-fcs-profile-generate|O3-fprofile-generate|Ofast--jump-threading-across-loop-headers|Ofast--jump-threading-phi-threshold=0|Ofast-fcs-profile-generate|Ofast-fprofile-generate|Os-fcs-profile-generate|Os-fprofile-generate|Oz-fcs-profile-generate|Oz-fprofile-generate
_gcry_sexp_canon_len	sexp.c	2199	24	              *errcode = GPG_ERR_SEXP_UNMATCHED_DH;	=	cjump	O1--enable-tail-merge=false|O1--tail-merge-threshold=0|O1-fcs-profile-generate|O1-fprofile-generate|O2--enable-tail-merge=false|O2--tail-merge-threshold=0|O2-fcs-profile-generate|O2-fprofile-generate|O3--disable-branch-fold|O3--enable-tail-merge=false|O3--tail-merge-size=100|O3--tail-merge-size=50|O3--tail-merge-threshold=0|O3-fcs-profile-generate|O3-fprofile-generate|Ofast--aggressive-machine-cse|Ofast-fcs-profile-generate|Ofast-fprofile-generate|Os-fcs-profile-generate|Os-fprofile-generate|Oz-fcs-profile-generate|Oz-fprofile-generate
_gcry_sexp_canon_len	sexp.c	2220	24	              *errcode = GPG_ERR_SEXP_UNMATCHED_DH;	=	cjump	O1--enable-tail-merge=false|O1--tail-merge-threshold=0|O1-fcs-profile-generate|O1-fprofile-generate|O2--enable-tail-merge=false|O2--tail-merge-threshold=0|O2-fcs-profile-generate|O2-fprofile-generate|O3--disable-branch-fold|O3--enable-tail-merge=false|O3--tail-merge-size=100|O3--tail-merge-size=50|O3--tail-merge-threshold=0|O3-fcs-profile-generate|O3-fprofile-generate|Ofast-fcs-profile-generate|Ofast-fprofile-generate|Oz-fcs-profile-generate|Oz-fprofile-generate
do_vsexp_sscan	sexp.c	1705	16	       *erroff = p - buffer;	=	cjump	O1--enable-tail-merge=false|O1--inline-instr-cost=-1|O1--tail-merge-threshold=0|O1-fcs-profile-generate|O1-fno-inline|O1-fno-inline-functions|O1-fprofile-generate|O2--enable-tail-merge=false|O2--simplifycfg-branch-fold-threshold=0|O2--tail-merge-threshold=0|O2-fcs-profile-generate|O2-fprofile-generate|O3--enable-tail-merge=false|O3--tail-merge-threshold=0|O3-fcs-profile-generate|O3-fprofile-generate|Ofast-fcs-profile-generate|Ofast-fprofile-generate|Os-fcs-profile-generate|Os-fprofile-generate|Oz-fcs-profile-generate|Oz-fprofile-generate
_gcry_sexp_canon_len	sexp.c	2162	28	                  *errcode = GPG_ERR_SEXP_STRING_TOO_LONG;	=	cjump	O1--enable-tail-merge=false|O1--misched=ilpmax|O1--pre-RA-sched=linearize|O1--tail-merge-threshold=0|O1-fcs-profile-generate|O1-fprofile-generate|O2--enable-tail-merge=false|O2--misched=ilpmax|O2--pre-RA-sched=linearize|O2--tail-merge-threshold=0|O2-fcs-profile-generate|O2-fprofile-generate|O3--disable-branch-fold|O3--enable-tail-merge=false|O3--misched=ilpmax|O3--pre-RA-sched=linearize|O3--tail-merge-threshold=0|O3-fcs-profile-generate|O3-fprofile-generate|Ofast--misched=ilpmax|Ofast--pre-RA-sched=linearize|Ofast-fcs-profile-generate|Ofast-fprofile-generate|Oz-fcs-profile-generate|Oz-fprofile-generate
do_vsexp_sscan	sexp.c	1325	16	       *erroff = p - buffer;	=	cjump	O1--cold-callsite-rel-freq=-1|O1--cold-callsite-rel-freq=100|O1--disable-cgp|O1--enable-tail-merge=false|O1--inline-call-penalty=-1|O1--inline-call-penalty=100|O1--inline-instr-cost=50|O1--inline-memaccess-cost=100|O1--inline-threshold=-1|O1--inline-threshold=0|O1--inline-threshold=100|O1--inline-threshold=50|O1--inlinedefault-threshold=-1|O1--inlinedefault-threshold=0|O1--inlinedefault-threshold=50|O1--tail-merge-threshold=0|O1-fcs-profile-generate|O1-finline-hint-functions|O1-finstrument-functions|O1-fprofile-generate|O1-ftrapv|O3--cold-callsite-rel-freq=50|O3--disable-branch-fold|O3--enable-tail-merge=false|O3--inline-call-penalty=50|O3--inline-memaccess-cost=100|O3--jump-threading-phi-threshold=0|O3--jump-threading-threshold=100|O3--jump-threading-threshold=50|O3--tail-merge-threshold=0|O3-fapple-kext|O3-fconvergent-functions|O3-fcs-profile-generate|O3-ffreestanding|O3-finstrument-functions|O3-fmemory-profile|O3-fno-builtin|O3-fprofile-generate|O3-fsycl|Ofast--disable-machine-cse|Ofast--inline-memaccess-cost=100|Ofast--jump-threading-phi-threshold=0|Ofast-fapple-kext|Ofast-fcs-profile-generate|Ofast-ffreestanding|Ofast-finstrument-functions|Ofast-fmemory-profile|Ofast-fno-builtin|Ofast-fprofile-generate|Os--disable-machine-cse|Os--jump-threading-phi-threshold=0|Os-fcs-profile-generate|Os-fprofile-generate|Oz--disable-machine-cse|Oz--jump-threading-phi-threshold=0|Oz-fcs-profile-generate|Oz-fprofile-generate
_gcry_sexp_canon_len	sexp.c	2150	19	          *erroff = count;	=	cjump	O1--enable-tail-merge=false|O1--misched=ilpmax|O1--pre-RA-sched=linearize|O1--tail-merge-threshold=0|O1-fcs-profile-generate|O1-fprofile-generate|O2--enable-tail-merge=false|O2--jump-threading-across-loop-headers|O2--misched=ilpmax|O2--pre-RA-sched=linearize|O2--tail-merge-threshold=0|O2-fcs-profile-generate|O2-fprofile-generate|O3--disable-branch-fold|O3--enable-tail-merge=false|O3--jump-threading-across-loop-headers|O3--misched=ilpmax|O3--pre-RA-sched=linearize|O3--tail-merge-threshold=0|O3-fcs-profile-generate|O3-fprofile-generate|Ofast--aggressive-machine-cse|Ofast--jump-threading-across-loop-headers|Ofast--misched=ilpmax|Ofast--pre-RA-sched=linearize|Ofast-fcs-profile-generate|Ofast-fprofile-generate|Os--jump-threading-across-loop-headers|Os-fcs-profile-generate|Os-fprofile-generate|Oz-fcs-profile-generate|Oz-fprofile-generate
do_vsexp_sscan	sexp.c	1733	12	   *erroff = p - buffer;	=	cjump	O1--enable-tail-merge=false|O1--tail-merge-threshold=0|O1-fcs-profile-generate|O1-fprofile-generate|O2--enable-tail-merge=false|O2--tail-merge-threshold=0|O2-fprofile-generate|O3--enable-tail-merge=false|O3--tail-merge-threshold=0|O3-fprofile-generate|Ofast-fprofile-generate|Os-fprofile-generate|Oz-fprofile-generate
do_vsexp_sscan	sexp.c	1231	17	        *erroff = p - buffer;	=	cjump	O1--enable-tail-merge=false|O1--tail-merge-threshold=0|O1-fcs-profile-generate|O1-fprofile-generate|O2--enable-tail-merge=false|O2--tail-merge-threshold=0|O2-fcs-profile-generate|O2-fprofile-generate|O3--enable-tail-merge=false|O3--tail-merge-threshold=0|O3-fcs-profile-generate|O3-fprofile-generate|Ofast-fcs-profile-generate|Ofast-fprofile-generate|Os-fcs-profile-generate|Os-fprofile-generate|Oz-fcs-profile-generate|Oz-fprofile-generate
_gcry_sexp_canon_len	sexp.c	2182	23	              *erroff = count;	=	cjump	O1--enable-tail-merge=false|O1--tail-merge-threshold=0|O1-fcs-profile-generate|O1-fprofile-generate|O2--enable-tail-merge=false|O2--tail-merge-threshold=0|O2-fcs-profile-generate|O2-fprofile-generate|O3--disable-branch-fold|O3--enable-tail-merge=false|O3--tail-merge-size=100|O3--tail-merge-size=50|O3--tail-merge-threshold=0|O3-fcs-profile-generate|O3-fprofile-generate|Ofast--aggressive-machine-cse|Ofast-fcs-profile-generate|Ofast-fprofile-generate|Os-fcs-profile-generate|Os-fprofile-generate|Oz-fcs-profile-generate|Oz-fprofile-generate
_gcry_sexp_canon_len	sexp.c	2151	20	          *errcode = GPG_ERR_SEXP_STRING_TOO_LONG;	=	cjump	O1--enable-tail-merge=false|O1--misched=ilpmax|O1--pre-RA-sched=linearize|O1--tail-merge-threshold=0|O1-fcs-profile-generate|O1-fprofile-generate|O2--enable-tail-merge=false|O2--misched=ilpmax|O2--pre-RA-sched=linearize|O2--tail-merge-threshold=0|O2-fcs-profile-generate|O2-fprofile-generate|O3--disable-branch-fold|O3--enable-tail-merge=false|O3--misched=ilpmax|O3--pre-RA-sched=linearize|O3--tail-merge-threshold=0|O3-fcs-profile-generate|O3-fprofile-generate|Ofast--aggressive-machine-cse|Ofast--misched=ilpmax|Ofast--pre-RA-sched=linearize|Ofast-fcs-profile-generate|Ofast-fprofile-generate|Os-fcs-profile-generate|Os-fprofile-generate|Oz-fcs-profile-generate|Oz-fprofile-generate
do_vsexp_sscan	sexp.c	1262	13	    *erroff = p - buffer;	=	cjump	O1--enable-tail-merge=false|O1--tail-merge-threshold=0|O1-fcs-profile-generate|O1-fprofile-generate|O2--enable-tail-merge=false|O2--tail-merge-threshold=0|O2-fcs-profile-generate|O2-fprofile-generate|O3--enable-tail-merge=false|O3--tail-merge-threshold=0|O3-fcs-profile-generate|O3-fprofile-generate|Ofast-fcs-profile-generate|Ofast-fprofile-generate|Os-fcs-profile-generate|Os-fprofile-generate|Oz-fcs-profile-generate|Oz-fprofile-generate
_gcry_sexp_canon_len	sexp.c	2183	24	              *errcode = GPG_ERR_SEXP_UNMATCHED_DH;	=	cjump	O1--enable-tail-merge=false|O1--tail-merge-threshold=0|O1-fcs-profile-generate|O1-fprofile-generate|O2--enable-tail-merge=false|O2--tail-merge-threshold=0|O2-fcs-profile-generate|O2-fprofile-generate|O3--disable-branch-fold|O3--enable-tail-merge=false|O3--tail-merge-size=100|O3--tail-merge-size=50|O3--tail-merge-threshold=0|O3-fcs-profile-generate|O3-fprofile-generate|Ofast--aggressive-machine-cse|Ofast-fcs-profile-generate|Ofast-fprofile-generate|Os-fcs-profile-generate|Os-fprofile-generate|Oz-fcs-profile-generate|Oz-fprofile-generate
do_vsexp_sscan	sexp.c	1218	17	        *erroff = p - buffer;	=	cjump	O1--enable-tail-merge=false|O1--tail-merge-threshold=0|O1-fcs-profile-generate|O1-fprofile-generate|O2--enable-tail-merge=false|O2--tail-merge-threshold=0|O2-fcs-profile-generate|O2-fprofile-generate|O3--enable-tail-merge=false|O3--tail-merge-threshold=0|O3-fcs-profile-generate|O3-fprofile-generate|Ofast-fcs-profile-generate|Ofast-fprofile-generate|Os-fcs-profile-generate|Os-fprofile-generate|Oz-fcs-profile-generate|Oz-fprofile-generate
_gcry_sexp_canon_len	sexp.c	2198	23	              *erroff = count;	=	cjump	O1--enable-tail-merge=false|O1--tail-merge-threshold=0|O1-fcs-profile-generate|O1-fprofile-generate|O2--enable-tail-merge=false|O2--tail-merge-threshold=0|O2-fcs-profile-generate|O2-fprofile-generate|O3--disable-branch-fold|O3--enable-tail-merge=false|O3--tail-merge-size=100|O3--tail-merge-size=50|O3--tail-merge-threshold=0|O3-fcs-profile-generate|O3-fprofile-generate|Ofast--aggressive-machine-cse|Ofast-fcs-profile-generate|Ofast-fprofile-generate|Os-fcs-profile-generate|Os-fprofile-generate|Oz-fcs-profile-generate|Oz-fprofile-generate
do_vsexp_sscan	sexp.c	1296	13	    *erroff = p - buffer;	=	cjump	O1--cold-callsite-rel-freq=-1|O1--cold-callsite-rel-freq=100|O1--disable-cgp|O1--enable-tail-merge=false|O1--inline-call-penalty=-1|O1--inline-call-penalty=100|O1--inline-memaccess-cost=100|O1--inline-threshold=-1|O1--inline-threshold=0|O1--inline-threshold=100|O1--inline-threshold=50|O1--inlinedefault-threshold=-1|O1--inlinedefault-threshold=0|O1--inlinedefault-threshold=50|O1--tail-merge-threshold=0|O1-fcs-profile-generate|O1-finline-hint-functions|O1-fprofile-generate|O1-ftrapv|O3--cold-callsite-rel-freq=-1|O3--cold-callsite-rel-freq=100|O3--cold-callsite-rel-freq=50|O3--disable-branch-fold|O3--enable-gvn-memdep=false|O3--enable-tail-merge=false|O3--gvn-max-num-deps=0|O3--inline-call-penalty=50|O3--inline-memaccess-cost=100|O3--jump-threading-across-loop-headers|O3--jump-threading-phi-threshold=0|O3--memdep-block-number-limit=0|O3--tail-merge-threshold=0|O3-fapple-kext|O3-fconvergent-functions|O3-fcs-profile-generate|O3-ffreestanding|O3-finline-hint-functions|O3-finstrument-functions|O3-fno-builtin|O3-fprofile-generate|O3-fsycl|Ofast--disable-machine-cse|Ofast--enable-gvn-memdep=false|Ofast--gvn-max-num-deps=0|Ofast--inline-memaccess-cost=100|Ofast--jump-threading-across-loop-headers|Ofast--jump-threading-phi-threshold=0|Ofast--memdep-block-number-limit=0|Ofast-fapple-kext|Ofast-fcs-profile-generate|Ofast-ffreestanding|Ofast-finline-hint-functions|Ofast-finstrument-functions|Ofast-fno-builtin|Ofast-fprofile-generate|Os--disable-machine-cse|Os--jump-threading-phi-threshold=0|Oz--disable-machine-cse|Oz--jump-threading-phi-threshold=0|Oz-fmemory-profile
do_vsexp_sscan	sexp.c	1431	16	       *erroff = p - buffer;	=	cjump	O1--cold-callsite-rel-freq=-1|O1--cold-callsite-rel-freq=100|O1--disable-cgp|O1--enable-tail-merge=false|O1--inline-call-penalty=-1|O1--inline-call-penalty=100|O1--inline-instr-cost=100|O1--inline-memaccess-cost=100|O1--inline-threshold=-1|O1--inline-threshold=0|O1--inline-threshold=100|O1--inline-threshold=50|O1--inlinedefault-threshold=-1|O1--inlinedefault-threshold=0|O1--inlinedefault-threshold=50|O1--simplifycfg-branch-fold-threshold=0|O1--tail-merge-threshold=0|O1-fcs-profile-generate|O1-finline-hint-functions|O1-fmemory-profile|O1-fprofile-generate|O2--enable-tail-merge=false|O2--fast-isel|O2--jump-threading-across-loop-headers|O2--tail-merge-threshold=0|O2-fcs-profile-generate|O2-fmemory-profile|O2-fprofile-generate|O3--enable-tail-merge=false|O3--jump-threading-across-loop-headers|O3--jump-threading-phi-threshold=0|O3--tail-merge-threshold=0|O3-fcs-profile-generate|O3-fprofile-generate|Ofast--jump-threading-across-loop-headers|Ofast--jump-threading-phi-threshold=0|Ofast-fcs-profile-generate|Ofast-fprofile-generate|Os-fcs-profile-generate|Os-finline-hint-functions|Os-fprofile-generate|Oz-fcs-profile-generate|Oz-fprofile-generate
do_vsexp_sscan	sexp.c	1740	12	   *erroff = p - buffer;	=	cjump	O1--enable-tail-merge=false|O1--tail-merge-threshold=0|O1-fcs-profile-generate|O1-fprofile-generate|O2--enable-tail-merge=false|O2--tail-merge-threshold=0|O2-fcs-profile-generate|O2-fprofile-generate|O3--enable-tail-merge=false|O3--tail-merge-threshold=0|O3-fcs-profile-generate|O3-fprofile-generate|Ofast-fcs-profile-generate|Ofast-fprofile-generate|Os-fcs-profile-generate|Os-fprofile-generate|Oz-fcs-profile-generate|Oz-fprofile-generate
do_vsexp_sscan	sexp.c	1382	23	              *erroff = p - buffer;	=	cjump	O1--cold-callsite-rel-freq=-1|O1--cold-callsite-rel-freq=100|O1--disable-cgp|O1--enable-coldcc-stress-test|O1--enable-tail-merge=false|O1--inline-call-penalty=-1|O1--inline-call-penalty=100|O1--inline-instr-cost=50|O1--inline-memaccess-cost=100|O1--inline-threshold=-1|O1--inline-threshold=0|O1--inline-threshold=100|O1--inline-threshold=50|O1--inlinedefault-threshold=-1|O1--inlinedefault-threshold=0|O1--inlinedefault-threshold=50|O1--simplifycfg-branch-fold-threshold=0|O1--tail-merge-threshold=0|O1-finline-hint-functions|O1-fprofile-generate|O1-ftrapv|O3--cold-callsite-rel-freq=50|O3--disable-branch-fold|O3--enable-tail-merge=false|O3--inline-call-penalty=50|O3--inline-memaccess-cost=100|O3--jump-threading-across-loop-headers|O3--jump-threading-phi-threshold=0|O3--tail-merge-threshold=0|O3-fapple-kext|O3-fconvergent-functions|O3-ffreestanding|O3-finstrument-functions|O3-fmemory-profile|O3-fno-builtin|O3-fsycl|Ofast--disable-machine-cse|Ofast--inline-memaccess-cost=100|Ofast--jump-threading-across-loop-headers|Ofast--jump-threading-phi-threshold=0|Ofast-fapple-kext|Ofast-ffreestanding|Ofast-finstrument-functions|Ofast-fmemory-profile|Ofast-fno-builtin|Os--disable-machine-cse|Os--jump-threading-phi-threshold=0|Os-fapple-kext|Os-finstrument-functions|Os-ftrapv|Oz--disable-machine-cse|Oz--jump-threading-phi-threshold=0|Oz-fcs-profile-generate|Oz-fmemory-profile|Oz-fprofile-generate
_gcry_sexp_canon_len	sexp.c	2219	23	              *erroff = count;	=	cjump	O1--enable-tail-merge=false|O1--tail-merge-threshold=0|O1-fcs-profile-generate|O1-fprofile-generate|O2--enable-tail-merge=false|O2--tail-merge-threshold=0|O2-fcs-profile-generate|O2-fprofile-generate|O3--disable-branch-fold|O3--enable-tail-merge=false|O3--tail-merge-size=100|O3--tail-merge-size=50|O3--tail-merge-threshold=0|O3-fcs-profile-generate|O3-fprofile-generate|Ofast--aggressive-machine-cse|Ofast-fcs-profile-generate|Ofast-fprofile-generate|Os-fcs-profile-generate|Os-fprofile-generate|Oz-fcs-profile-generate|Oz-fprofile-generate
do_vsexp_sscan	sexp.c	1659	16	       *erroff = p - buffer;	=	cjump	O1--enable-tail-merge=false|O1--tail-merge-threshold=0|O1-fcs-profile-generate|O1-fprofile-generate|O2--enable-tail-merge=false|O2--simplifycfg-branch-fold-threshold=0|O2--tail-merge-threshold=0|O2-fcs-profile-generate|O2-fprofile-generate|O3--enable-tail-merge=false|O3--tail-merge-threshold=0|O3-fcs-profile-generate|O3-fprofile-generate|Ofast-fcs-profile-generate|Ofast-fprofile-generate|Os-fcs-profile-generate|Os-fprofile-generate|Oz-fcs-profile-generate|Oz-fprofile-generate
balloon_compute	kdf.c	1287	55	          blocks[n] = t->block + (b->blklen * (rand64 % b->n_blocks));	%	cjump	O1--expand-div-rem-bits=0|O1--expand-div-rem-bits=50|Os--expand-div-rem-bits=0|Os--expand-div-rem-bits=50|Oz--expand-div-rem-bits=0|Oz--expand-div-rem-bits=50
argon2_compute_segment	kdf.c	672	47	  return (start_position + relative_position) % a->lane_length;	%	cjump	O1--expand-div-rem-bits=0|O1--expand-div-rem-bits=50|Os--expand-div-rem-bits=0|Os--expand-div-rem-bits=50|Oz--expand-div-rem-bits=0|Oz--expand-div-rem-bits=50
invert_key	idea.c	77	20	    y =  0x10001UL % x;	%	cjump	O1--expand-div-rem-bits=0|O1--expand-div-rem-bits=50|O2--expand-div-rem-bits=0|O3--expand-div-rem-bits=0|Ofast--expand-div-rem-bits=0
do_ecb_encrypt	cipher.c	1102	22	  nblocks = inbuflen / blocksize;	/	cjump	O1--expand-div-rem-bits=0|O1--expand-div-rem-bits=50|O2--expand-div-rem-bits=0|O2--expand-div-rem-bits=50|O3--expand-div-rem-bits=0|O3--expand-div-rem-bits=50|Ofast--expand-div-rem-bits=0|Ofast--expand-div-rem-bits=50
_gcry_kdf_scrypt	scrypt.c	211	45	      j = LE_READ_UINT64 (&X[128 * r - 64]) % N;	%	cjump	O1--expand-div-rem-bits=0|O1--expand-div-rem-bits=50|Os--expand-div-rem-bits=0|Os--expand-div-rem-bits=50|Oz--expand-div-rem-bits=0|Oz--expand-div-rem-bits=50
drbg_ctr_update	random-drbg.c	787	42	  padlen = (inputlen + sizeof (L_N) + 1) % (drbg_blocklen (drbg));	%	cjump	O1--expand-div-rem-bits=0|O1--expand-div-rem-bits=50|Os--expand-div-rem-bits=0|Os--expand-div-rem-bits=50|Oz--expand-div-rem-bits=0|Oz--expand-div-rem-bits=50
do_ecb_decrypt	cipher.c	1102	22	  nblocks = inbuflen / blocksize;	/	cjump	O1--expand-div-rem-bits=0|O1--expand-div-rem-bits=50|O2--expand-div-rem-bits=0|O2--expand-div-rem-bits=50|O3--expand-div-rem-bits=0|O3--expand-div-rem-bits=50|Ofast--expand-div-rem-bits=0|Ofast--expand-div-rem-bits=50
invert_key	idea.c	76	20	    t1 = 0x10001UL / x;	/	cjump	O1--expand-div-rem-bits=0|O1--expand-div-rem-bits=50|O2--expand-div-rem-bits=0|O3--expand-div-rem-bits=0|Ofast--expand-div-rem-bits=0
blake2_write	blake2.c	197	39	   nblks = inlen / blkbytes - !(inlen % blkbytes);	%	mdiv	O1--enable-coldcc-stress-test|O1--inline-call-penalty=-1|O1--inline-call-penalty=100|O1--inline-instr-cost=-1|O1--inline-instr-cost=100|O1--inline-instr-cost=50|O1--inline-memaccess-cost=100|O1--inline-memaccess-cost=50|O1--inline-threshold=-1|O1--inline-threshold=0|O1--inline-threshold=100|O1--inline-threshold=50|O1--inlinedefault-threshold=-1|O1--inlinedefault-threshold=0|O1--inlinedefault-threshold=50|O1-fapple-kext|O1-ffreestanding|O1-finline-hint-functions|O1-finstrument-functions|O1-fno-builtin|O1-fno-inline|O1-fno-inline-functions|O1-fprofile-arcs|O1-fprofile-generate|O1-fprofile-instr-generate
controlbitsfrompermutation	mceliece6688128f.c	1889	16	      p[ i+j ] ^= d;	^	cjump	O1--inline-call-penalty=-1|O1--inline-instr-cost=-1|O1-finstrument-functions
layer	mceliece6688128f.c	1889	16	      p[ i+j ] ^= d;	^	cjump	O1--enable-coldcc-stress-test|O1--inline-instr-cost=100|O1--inline-instr-cost=50|O1--inline-memaccess-cost=100|O1--inline-memaccess-cost=50|O1--inline-threshold=-1|O1--inline-threshold=0|O1--inline-threshold=100|O1--inline-threshold=50|O1--inlinedefault-threshold=-1|O1--inlinedefault-threshold=0|O1--inlinedefault-threshold=50|O1-finline-hint-functions|O1-finstrument-functions|O1-fno-inline|O1-fno-inline-functions
_gcry_mceliece6688128f_keypair	mceliece6688128f.c	1889	16	      p[ i+j ] ^= d;	^	cjump	O1--fast-isel|O1--lsr-complexity-limit=100|O1--lsr-complexity-limit=50|O1--lsr-preferred-addressing-mode=postindexed|O1--scalar-evolution-max-arith-depth=0|O1--x86-cmov-converter-force-all
check_ciphers	basic.c	13182	74	      fail ("%s-CTR-%d test failed (CTR getctr fail)", cipher, blocksize * 8);	*	cjump	O1-ftrapv|O2-ftrapv|O3-ftrapv|Ofast-ftrapv|Os-ftrapv|Oz-ftrapv
main	t-x448.c	98	38	              (((double) (stopped_at - started_at)/CLOCKS_PER_SEC)*10000000));	-	cjump	O1-ftrapv|O2-ftrapv|O3-ftrapv|Ofast-ftrapv|Os-ftrapv|Oz-ftrapv
check_ciphers	basic.c	13078	62	  memsize = (blocksize * 2) + (blocksize * nblocks * 4) + 16 + (blocksize + 1);	+	cjump	O1-ftrapv|O2-ftrapv|O3-ftrapv|Ofast-ftrapv|Os-ftrapv|Oz-ftrapv
check_ciphers	basic.c	13151	69	      fail ("%s-CTR-%d test failed (setiv fail)", cipher, blocksize * 8);	*	cjump	O1-ftrapv|O2-ftrapv|O3-ftrapv|Ofast-ftrapv|Os-ftrapv|Oz-ftrapv
main	t-mlkem.c	274	7	      ++*lineno;	+	cjump	O1-ftrapv|O2-ftrapv|O3-ftrapv|Ofast-ftrapv|Oz-ftrapv
check_ciphers	basic.c	13309	36	     ciphertext[i+j] ^= plaintext[i+j];	+	cjump	O1-ftrapv|O2-ftrapv|O3-ftrapv|Ofast-ftrapv|Os-ftrapv|Oz-ftrapv
main	t-kem.c	98	38	              (((double) (stopped_at - started_at)/CLOCKS_PER_SEC)*10000000));	-	cjump	O1-ftrapv|O2-ftrapv|O3-ftrapv|Ofast-ftrapv|Os-ftrapv|Oz-ftrapv
check_ciphers	basic.c	12609	42	  memsize = (blocksize * 2) + (blocksize * nblocks * 3) + 16 + (blocksize + 1);	*	cjump	O1-ftrapv|O2-ftrapv|O3-ftrapv|Ofast-ftrapv|Os-ftrapv|Oz-ftrapv
check_ciphers	basic.c	13078	42	  memsize = (blocksize * 2) + (blocksize * nblocks * 4) + 16 + (blocksize + 1);	*	cjump	O1-ftrapv|O2-ftrapv|O3-ftrapv|Ofast-ftrapv|Os-ftrapv|Oz-ftrapv
main	random.c	98	38	              (((double) (stopped_at - started_at)/CLOCKS_PER_SEC)*10000000));	-	cjump	O1-ftrapv|O2-ftrapv|O3-ftrapv|Ofast-ftrapv
check_ciphers	basic.c	13078	75	  memsize = (blocksize * 2) + (blocksize * nblocks * 4) + 16 + (blocksize + 1);	+	cjump	O1-ftrapv
main	t-kdf.c	94	39	              ((((double) (stopped_at - started_at)/(double)divisor)	-	cjump	O1-ftrapv|O2-ftrapv|O3-ftrapv|Ofast-ftrapv|Os-ftrapv|Oz-ftrapv
check_ciphers	basic.c	12849	24	  memsize = (blocksize * 2) + (blocksize * nblocks * 3) + 16 + (blocksize + 1);	*	cjump	O1-ftrapv|O2-ftrapv|O3-ftrapv|Ofast-ftrapv|Os-ftrapv|Oz-ftrapv
check_ciphers	basic.c	12849	52	  memsize = (blocksize * 2) + (blocksize * nblocks * 3) + 16 + (blocksize + 1);	*	cjump	O1-ftrapv|O2-ftrapv|O3-ftrapv|Ofast-ftrapv|Os-ftrapv|Oz-ftrapv
check_ciphers	basic.c	12609	57	  memsize = (blocksize * 2) + (blocksize * nblocks * 3) + 16 + (blocksize + 1);	+	cjump	O1-ftrapv|O2-ftrapv|O3-ftrapv|Ofast-ftrapv|Os-ftrapv|Oz-ftrapv
check_ciphers	basic.c	12609	29	  memsize = (blocksize * 2) + (blocksize * nblocks * 3) + 16 + (blocksize + 1);	+	cjump	O1-ftrapv|O2-ftrapv|O3-ftrapv|Ofast-ftrapv|Os-ftrapv|Oz-ftrapv
check_ciphers	basic.c	13132	75	      fail ("%s-CTR-%d test failed (ECB encrypt fail)", cipher, blocksize * 8);	*	cjump	O1-ftrapv|O2-ftrapv|O3-ftrapv|Ofast-ftrapv|Os-ftrapv|Oz-ftrapv
check_ciphers	basic.c	13078	57	  memsize = (blocksize * 2) + (blocksize * nblocks * 4) + 16 + (blocksize + 1);	+	cjump	O1-ftrapv|O2-ftrapv|O3-ftrapv|Ofast-ftrapv|Os-ftrapv|Oz-ftrapv
check_ciphers	basic.c	13161	75	      fail ("%s-CTR-%d test failed (CTR encrypt fail)", cipher, blocksize * 8);	*	cjump	O1-ftrapv|O2-ftrapv|O3-ftrapv|Ofast-ftrapv|Os-ftrapv|Oz-ftrapv
mont_reduc	mpih-pow.c	87	14	      s1_size--;	-	cjump	O1-ftrapv|O2-ftrapv|O3-ftrapv|Ofast-ftrapv|Os-ftrapv
check_ciphers	basic.c	12849	75	  memsize = (blocksize * 2) + (blocksize * nblocks * 3) + 16 + (blocksize + 1);	+	cjump	O1-ftrapv
check_ciphers	basic.c	13116	70	      fail ("%s-CTR-%d test failed (setkey fail)", cipher, blocksize * 8);	*	cjump	O1-ftrapv
check_ciphers	basic.c	13078	24	  memsize = (blocksize * 2) + (blocksize * nblocks * 4) + 16 + (blocksize + 1);	*	cjump	O1-ftrapv|O2-ftrapv|O3-ftrapv|Ofast-ftrapv|Os-ftrapv|Oz-ftrapv
check_ciphers	basic.c	12609	52	  memsize = (blocksize * 2) + (blocksize * nblocks * 3) + 16 + (blocksize + 1);	*	cjump	O1-ftrapv|O2-ftrapv|O3-ftrapv|Ofast-ftrapv|Os-ftrapv|Oz-ftrapv
check_ciphers	basic.c	12609	75	  memsize = (blocksize * 2) + (blocksize * nblocks * 3) + 16 + (blocksize + 1);	+	cjump	O1-ftrapv
main	t-mlkem.c	98	38	              (((double) (stopped_at - started_at)/CLOCKS_PER_SEC)*10000000));	-	cjump	O1-ftrapv|O2-ftrapv|O3-ftrapv|Ofast-ftrapv|Os-ftrapv|Oz-ftrapv
main	version.c	95	12	          i++;	+	cjump	O1-ftrapv|O2-ftrapv|O3-ftrapv|Ofast-ftrapv|Os-ftrapv|Oz-ftrapv
check_ciphers	basic.c	12849	57	  memsize = (blocksize * 2) + (blocksize * nblocks * 3) + 16 + (blocksize + 1);	+	cjump	O1-ftrapv|O2-ftrapv|O3-ftrapv|Ofast-ftrapv|Os-ftrapv|Oz-ftrapv
nist_generate_key	ecc.c	557	16	        test = mpi_set_opaque (NULL, rndbuf, len*8);	m	cjump	O1-ftrapv|O2-ftrapv|O3-ftrapv|Ofast-ftrapv|Os-ftrapv|Oz-ftrapv
check_ciphers	basic.c	12849	62	  memsize = (blocksize * 2) + (blocksize * nblocks * 3) + 16 + (blocksize + 1);	+	cjump	O1-ftrapv|O2-ftrapv|O3-ftrapv|Ofast-ftrapv|Os-ftrapv|Oz-ftrapv
check_ciphers	basic.c	13224	39	        ciphertext[i+j] ^= plaintext[i+j];	+	cjump	O1-ftrapv|O2-ftrapv|O3-ftrapv|Ofast-ftrapv|Os-ftrapv|Oz-ftrapv
main	t-ed25519.c	98	38	              (((double) (stopped_at - started_at)/CLOCKS_PER_SEC)*10000000));	-	cjump	O1-ftrapv|O2-ftrapv|O3-ftrapv|Ofast-ftrapv|Os-ftrapv|Oz-ftrapv
main	t-ed448.c	98	38	              (((double) (stopped_at - started_at)/CLOCKS_PER_SEC)*10000000));	-	cjump	O1-ftrapv|O2-ftrapv|O3-ftrapv|Ofast-ftrapv|Os-ftrapv|Oz-ftrapv
check_ciphers	basic.c	12609	24	  memsize = (blocksize * 2) + (blocksize * nblocks * 3) + 16 + (blocksize + 1);	*	cjump	O1-ftrapv|O2-ftrapv|O3-ftrapv|Ofast-ftrapv|Os-ftrapv|Oz-ftrapv
check_ciphers	basic.c	12609	62	  memsize = (blocksize * 2) + (blocksize * nblocks * 3) + 16 + (blocksize + 1);	+	cjump	O1-ftrapv|O2-ftrapv|O3-ftrapv|Ofast-ftrapv|Os-ftrapv|Oz-ftrapv
check_ciphers	basic.c	12849	29	  memsize = (blocksize * 2) + (blocksize * nblocks * 3) + 16 + (blocksize + 1);	+	cjump	O1-ftrapv|O2-ftrapv|O3-ftrapv|Ofast-ftrapv|Os-ftrapv|Oz-ftrapv
check_ciphers	basic.c	13074	72	      fail ("%s-CTR-%d test failed (key too short)", cipher, blocksize * 8);	*	cjump	O1-ftrapv|O2-ftrapv|O3-ftrapv|Ofast-ftrapv|Os-ftrapv|Oz-ftrapv
check_ciphers	basic.c	13078	29	  memsize = (blocksize * 2) + (blocksize * nblocks * 4) + 16 + (blocksize + 1);	+	cjump	O1-ftrapv|O2-ftrapv|O3-ftrapv|Ofast-ftrapv|Os-ftrapv|Oz-ftrapv
main	t-cv25519.c	98	38	              (((double) (stopped_at - started_at)/CLOCKS_PER_SEC)*10000000));	-	cjump	O1-ftrapv|O2-ftrapv|O3-ftrapv|Ofast-ftrapv|Os-ftrapv|Oz-ftrapv
check_ciphers	basic.c	12849	42	  memsize = (blocksize * 2) + (blocksize * nblocks * 3) + 16 + (blocksize + 1);	*	cjump	O1-ftrapv|O2-ftrapv|O3-ftrapv|Ofast-ftrapv|Os-ftrapv|Oz-ftrapv
check_ciphers	basic.c	13171	31	            cipher, blocksize * 8);	*	cjump	O1-ftrapv|O2-ftrapv|O3-ftrapv|Ofast-ftrapv|Os-ftrapv|Oz-ftrapv
main	random.c	94	39	              ((((double) (stopped_at - started_at)/(double)divisor)	-	cjump	O1-ftrapv|O2-ftrapv|O3-ftrapv|Ofast-ftrapv
Short_random	sntrup761.c	106	10	       i += 2 * p;	+	mdiv	O1--enable-nontrivial-unswitch|O2--enable-nontrivial-unswitch
_gcry_mceliece6688128f_keypair	mceliece6688128f.c	2801	11	 tmp = t0 * (t1 & 1);	*	cjump	O1--enable-nontrivial-unswitch|O1--x86-cmov-converter-force-all
_gcry_sntrup761_dec	sntrup761.c	796	12	    r[i] = ((ev[i] ^ 1) & ~mask) ^ 1;	(	cjump	O1--enable-nontrivial-unswitch|O1--fast-isel|O1--x86-cmov-converter-force-all|O1-fcs-profile-generate|Os--fast-isel|Os--force-target-instruction-cost=100|Os--force-target-instruction-cost=50|Os--force-vector-width=100|Os--x86-cmov-converter-force-all|Os-fcs-profile-generate|Oz--fast-isel|Oz--x86-cmov-converter-force-all
_gcry_sntrup761_dec	sntrup761.c	1060	14	    r_enc[i] ^= mask & (r_enc[i] ^ rho[i]);	^	cjump	O1--enable-nontrivial-unswitch|O1--fast-isel|O1--x86-cmov-converter-force-all|O2--enable-nontrivial-unswitch|O2--enable-vplan-native-path|O2--fast-isel|O2-fmemory-profile|Os--fast-isel|Os--force-target-instruction-cost=100|Os--force-target-instruction-cost=50|Os--force-vector-interleave=50|Os--force-vector-width=100|Os--force-vector-width=50|Os--x86-cmov-converter-force-all|Oz--fast-isel|Oz--x86-cmov-converter-force-all
_gcry_sntrup761_dec	sntrup761.c	798	12	    r[i] = ev[i] & ~mask;	e	cjump	O1--enable-nontrivial-unswitch|O1--fast-isel|O1--x86-cmov-converter-force-all|O3--rotation-max-header-size=0|O3--scalar-evolution-huge-expr-threshold=0|O3--unswitch-num-initial-unscaled-candidates=-1|O3--unswitch-num-initial-unscaled-candidates=0|O3--unswitch-threshold=0|O3-fapple-kext|O3-ffreestanding|O3-fno-builtin|O3-fprofile-arcs|O3-fprofile-generate|Ofast--rotation-max-header-size=0|Ofast--scalar-evolution-huge-expr-threshold=0|Ofast--unswitch-num-initial-unscaled-candidates=-1|Ofast--unswitch-num-initial-unscaled-candidates=0|Ofast--unswitch-threshold=0|Ofast-fapple-kext|Ofast-ffreestanding|Ofast-fno-builtin|Ofast-fprofile-arcs|Ofast-fprofile-generate|Os--fast-isel|Os--force-vector-width=100|Os--x86-cmov-converter-force-all|Oz--fast-isel|Oz--x86-cmov-converter-force-all
gcry_pk_algo_info	visibility.c	957	10	  return code == GPG_ERR_NO_ERROR ? GPG_ERR_NO_ERROR	c	cjump	O1--x86-cmov-converter-force-all|O1-fprofile-arcs|O1-fprofile-instr-generate|O2--x86-cmov-converter-force-all|O2-fprofile-arcs|O2-fprofile-instr-generate|O3--x86-cmov-converter-force-all|O3-fprofile-arcs|O3-fprofile-instr-generate|Ofast--max-speculation-depth=0|Ofast--two-entry-phi-node-folding-threshold=0|Ofast--x86-cmov-converter-force-all|Ofast-fprofile-arcs|Ofast-fprofile-instr-generate|Os--max-speculation-depth=0|Os--two-entry-phi-node-folding-threshold=0|Os--x86-cmov-converter-force-all|Os-fprofile-arcs|Os-fprofile-instr-generate|Oz--max-speculation-depth=0|Oz--two-entry-phi-node-folding-threshold=0|Oz--x86-cmov-converter-force-all
gcry_pk_ctl	visibility.c	957	10	  return code == GPG_ERR_NO_ERROR ? GPG_ERR_NO_ERROR	c	cjump	O1--x86-cmov-converter-force-all|O1-fprofile-arcs|O1-fprofile-instr-generate|O2--x86-cmov-converter-force-all|O2-fprofile-arcs|O2-fprofile-instr-generate|O3--x86-cmov-converter-force-all|O3-fprofile-arcs|O3-fprofile-instr-generate|Ofast--max-speculation-depth=0|Ofast--two-entry-phi-node-folding-threshold=0|Ofast--x86-cmov-converter-force-all|Ofast-fprofile-arcs|Ofast-fprofile-instr-generate|Os--max-speculation-depth=0|Os--two-entry-phi-node-folding-threshold=0|Os--x86-cmov-converter-force-all|Os-fprofile-arcs|Os-fprofile-instr-generate|Oz--max-speculation-depth=0|Oz--two-entry-phi-node-folding-threshold=0|Oz--x86-cmov-converter-force-all
main	version.c	957	10	  return code == GPG_ERR_NO_ERROR ? GPG_ERR_NO_ERROR	c	cjump	O1--x86-cmov-converter-force-all|O1-fprofile-arcs|O1-fprofile-instr-generate|O2--x86-cmov-converter-force-all|O2-fprofile-arcs|O2-fprofile-instr-generate|O3--x86-cmov-converter-force-all|O3-fprofile-arcs|O3-fprofile-instr-generate|Ofast--max-speculation-depth=0|Ofast--two-entry-phi-node-folding-threshold=0|Ofast--x86-cmov-converter-force-all|Ofast-fprofile-arcs|Ofast-fprofile-instr-generate|Os--max-speculation-depth=0|Os--two-entry-phi-node-folding-threshold=0|Os--x86-cmov-converter-force-all|Os-fprofile-arcs|Os-fprofile-instr-generate
gcry_kdf_compute	visibility.c	957	10	  return code == GPG_ERR_NO_ERROR ? GPG_ERR_NO_ERROR	c	cjump	O1--x86-cmov-converter-force-all|O1-fprofile-arcs|O1-fprofile-instr-generate|O2--x86-cmov-converter-force-all|O2-fprofile-arcs|O2-fprofile-instr-generate|O3--x86-cmov-converter-force-all|O3-fprofile-arcs|O3-fprofile-instr-generate|Ofast--max-speculation-depth=0|Ofast--two-entry-phi-node-folding-threshold=0|Ofast--x86-cmov-converter-force-all|Ofast-fprofile-arcs|Ofast-fprofile-instr-generate|Os--max-speculation-depth=0|Os--two-entry-phi-node-folding-threshold=0|Os--x86-cmov-converter-force-all|Os-fprofile-arcs|Os-fprofile-instr-generate|Oz--max-speculation-depth=0|Oz--two-entry-phi-node-folding-threshold=0|Oz--x86-cmov-converter-force-all
gcry_pk_random_override_new	visibility.c	957	10	  return code == GPG_ERR_NO_ERROR ? GPG_ERR_NO_ERROR	c	cjump	O1--x86-cmov-converter-force-all|O1-fprofile-arcs|O1-fprofile-instr-generate|O2--x86-cmov-converter-force-all|O2-fprofile-arcs|O2-fprofile-instr-generate|O3--x86-cmov-converter-force-all|O3-fprofile-arcs|O3-fprofile-instr-generate|Ofast--max-speculation-depth=0|Ofast--two-entry-phi-node-folding-threshold=0|Ofast--x86-cmov-converter-force-all|Ofast-fprofile-arcs|Ofast-fprofile-instr-generate|Os--max-speculation-depth=0|Os--two-entry-phi-node-folding-threshold=0|Os--x86-cmov-converter-force-all|Os-fprofile-arcs|Os-fprofile-instr-generate|Oz--max-speculation-depth=0|Oz--two-entry-phi-node-folding-threshold=0|Oz--x86-cmov-converter-force-all
gcry_pk_hash_verify	visibility.c	957	10	  return code == GPG_ERR_NO_ERROR ? GPG_ERR_NO_ERROR	c	cjump	O1--x86-cmov-converter-force-all|O1-fprofile-arcs|O1-fprofile-instr-generate|O2--x86-cmov-converter-force-all|O2-fprofile-arcs|O2-fprofile-instr-generate|O3--x86-cmov-converter-force-all|O3-fprofile-arcs|O3-fprofile-instr-generate|Ofast--max-speculation-depth=0|Ofast--two-entry-phi-node-folding-threshold=0|Ofast--x86-cmov-converter-force-all|Ofast-fprofile-arcs|Ofast-fprofile-instr-generate|Os--max-speculation-depth=0|Os--two-entry-phi-node-folding-threshold=0|Os--x86-cmov-converter-force-all|Os-fprofile-arcs|Os-fprofile-instr-generate|Oz--max-speculation-depth=0|Oz--two-entry-phi-node-folding-threshold=0|Oz--x86-cmov-converter-force-all
gcry_sexp_extract_param	visibility.c	957	10	  return code == GPG_ERR_NO_ERROR ? GPG_ERR_NO_ERROR	c	cjump	O1--x86-cmov-converter-force-all|O1-fprofile-arcs|O1-fprofile-instr-generate|O2--x86-cmov-converter-force-all|O2-fprofile-arcs|O2-fprofile-instr-generate|O3--x86-cmov-converter-force-all|O3-fprofile-arcs|O3-fprofile-instr-generate|Ofast--max-speculation-depth=0|Ofast--two-entry-phi-node-folding-threshold=0|Ofast--x86-cmov-converter-force-all|Ofast-fprofile-arcs|Ofast-fprofile-instr-generate|Os--max-speculation-depth=0|Os--two-entry-phi-node-folding-threshold=0|Os--x86-cmov-converter-force-all|Os-fprofile-arcs|Os-fprofile-instr-generate|Oz--max-speculation-depth=0|Oz--two-entry-phi-node-folding-threshold=0|Oz--x86-cmov-converter-force-all
gcry_cipher_setkey	visibility.c	957	10	  return code == GPG_ERR_NO_ERROR ? GPG_ERR_NO_ERROR	c	cjump	O1--x86-cmov-converter-force-all|O1-fprofile-arcs|O1-fprofile-instr-generate|O2--x86-cmov-converter-force-all|O2-fprofile-arcs|O2-fprofile-instr-generate|O3--x86-cmov-converter-force-all|O3-fprofile-arcs|O3-fprofile-instr-generate|Ofast--max-speculation-depth=0|Ofast--two-entry-phi-node-folding-threshold=0|Ofast--x86-cmov-converter-force-all|Ofast-fprofile-arcs|Ofast-fprofile-instr-generate|Os--max-speculation-depth=0|Os--two-entry-phi-node-folding-threshold=0|Os--x86-cmov-converter-force-all|Os-fprofile-arcs|Os-fprofile-instr-generate|Oz--max-speculation-depth=0|Oz--two-entry-phi-node-folding-threshold=0|Oz--x86-cmov-converter-force-all
gcry_sexp_canon_len	visibility.c	957	10	  return code == GPG_ERR_NO_ERROR ? GPG_ERR_NO_ERROR	c	cjump	O1--x86-cmov-converter-force-all|O1-fprofile-arcs|O1-fprofile-instr-generate|O2--x86-cmov-converter-force-all|O2-fprofile-arcs|O2-fprofile-instr-generate|O3--x86-cmov-converter-force-all|O3-fprofile-arcs|O3-fprofile-instr-generate|Ofast--max-speculation-depth=0|Ofast--two-entry-phi-node-folding-threshold=0|Ofast--x86-cmov-converter-force-all|Ofast-fprofile-arcs|Ofast-fprofile-instr-generate|Os--max-speculation-depth=0|Os--two-entry-phi-node-folding-threshold=0|Os--x86-cmov-converter-force-all|Os-fprofile-arcs|Os-fprofile-instr-generate|Oz--max-speculation-depth=0|Oz--two-entry-phi-node-folding-threshold=0|Oz--x86-cmov-converter-force-all
gcry_md_extract	visibility.c	957	10	  return code == GPG_ERR_NO_ERROR ? GPG_ERR_NO_ERROR	c	cjump	O1--x86-cmov-converter-force-all|O1-fprofile-arcs|O1-fprofile-instr-generate|O2--x86-cmov-converter-force-all|O2-fprofile-arcs|O2-fprofile-instr-generate|O3--x86-cmov-converter-force-all|O3-fprofile-arcs|O3-fprofile-instr-generate|Ofast--max-speculation-depth=0|Ofast--two-entry-phi-node-folding-threshold=0|Ofast--x86-cmov-converter-force-all|Ofast-fprofile-arcs|Ofast-fprofile-instr-generate|Os--max-speculation-depth=0|Os--two-entry-phi-node-folding-threshold=0|Os--x86-cmov-converter-force-all|Os-fprofile-arcs|Os-fprofile-instr-generate|Oz--max-speculation-depth=0|Oz--two-entry-phi-node-folding-threshold=0|Oz--x86-cmov-converter-force-all
gcry_kem_genkey	visibility.c	957	10	  return code == GPG_ERR_NO_ERROR ? GPG_ERR_NO_ERROR	c	cjump	O1--x86-cmov-converter-force-all|O1-fprofile-arcs|O1-fprofile-instr-generate|O2--x86-cmov-converter-force-all|O2-fprofile-arcs|O2-fprofile-instr-generate|O3--x86-cmov-converter-force-all|O3-fprofile-arcs|O3-fprofile-instr-generate|Ofast--max-speculation-depth=0|Ofast--two-entry-phi-node-folding-threshold=0|Ofast--x86-cmov-converter-force-all|Ofast-fprofile-arcs|Ofast-fprofile-instr-generate|Os--max-speculation-depth=0|Os--two-entry-phi-node-folding-threshold=0|Os--x86-cmov-converter-force-all|Os-fprofile-arcs|Os-fprofile-instr-generate|Oz--max-speculation-depth=0|Oz--two-entry-phi-node-folding-threshold=0|Oz--x86-cmov-converter-force-all
gcry_cipher_ctl	visibility.c	957	10	  return code == GPG_ERR_NO_ERROR ? GPG_ERR_NO_ERROR	c	cjump	O1--x86-cmov-converter-force-all|O1-fprofile-arcs|O1-fprofile-instr-generate|O2--x86-cmov-converter-force-all|O2-fprofile-arcs|O2-fprofile-instr-generate|O3--x86-cmov-converter-force-all|O3-fprofile-arcs|O3-fprofile-instr-generate|Ofast--max-speculation-depth=0|Ofast--two-entry-phi-node-folding-threshold=0|Ofast--x86-cmov-converter-force-all|Ofast-fprofile-arcs|Ofast-fprofile-instr-generate|Os--max-speculation-depth=0|Os--two-entry-phi-node-folding-threshold=0|Os--x86-cmov-converter-force-all|Os-fprofile-arcs|Os-fprofile-instr-generate|Oz--max-speculation-depth=0|Oz--two-entry-phi-node-folding-threshold=0|Oz--x86-cmov-converter-force-all
gcry_control	visibility.c	957	10	  return code == GPG_ERR_NO_ERROR ? GPG_ERR_NO_ERROR	c	cjump	O1--x86-cmov-converter-force-all|O1-fprofile-arcs|O1-fprofile-instr-generate|O2--x86-cmov-converter-force-all|O2-fprofile-arcs|O2-fprofile-instr-generate|O3--x86-cmov-converter-force-all|O3-fprofile-arcs|O3-fprofile-instr-generate|Ofast--max-speculation-depth=0|Ofast--two-entry-phi-node-folding-threshold=0|Ofast--x86-cmov-converter-force-all|Ofast-fprofile-arcs|Ofast-fprofile-instr-generate|Os--max-speculation-depth=0|Os--two-entry-phi-node-folding-threshold=0|Os--x86-cmov-converter-force-all|Os-fprofile-arcs|Os-fprofile-instr-generate|Oz--max-speculation-depth=0|Oz--two-entry-phi-node-folding-threshold=0|Oz--x86-cmov-converter-force-all
gcry_pk_sign	visibility.c	957	10	  return code == GPG_ERR_NO_ERROR ? GPG_ERR_NO_ERROR	c	cjump	O1--x86-cmov-converter-force-all|O1-fprofile-arcs|O1-fprofile-instr-generate|O2--x86-cmov-converter-force-all|O2-fprofile-arcs|O2-fprofile-instr-generate|O3--x86-cmov-converter-force-all|O3-fprofile-arcs|O3-fprofile-instr-generate|Ofast--max-speculation-depth=0|Ofast--two-entry-phi-node-folding-threshold=0|Ofast--x86-cmov-converter-force-all|Ofast-fprofile-arcs|Ofast-fprofile-instr-generate|Os--max-speculation-depth=0|Os--two-entry-phi-node-folding-threshold=0|Os--x86-cmov-converter-force-all|Os-fprofile-arcs|Os-fprofile-instr-generate|Oz--max-speculation-depth=0|Oz--two-entry-phi-node-folding-threshold=0|Oz--x86-cmov-converter-force-all
gcry_kem_keypair	visibility.c	957	10	  return code == GPG_ERR_NO_ERROR ? GPG_ERR_NO_ERROR	c	cjump	O1--x86-cmov-converter-force-all|O1-fprofile-arcs|O1-fprofile-instr-generate|O2--x86-cmov-converter-force-all|O2-fprofile-arcs|O2-fprofile-instr-generate|O3--x86-cmov-converter-force-all|O3-fprofile-arcs|O3-fprofile-instr-generate|Ofast--max-speculation-depth=0|Ofast--two-entry-phi-node-folding-threshold=0|Ofast--x86-cmov-converter-force-all|Ofast-fprofile-arcs|Ofast-fprofile-instr-generate|Os--max-speculation-depth=0|Os--two-entry-phi-node-folding-threshold=0|Os--x86-cmov-converter-force-all|Os-fprofile-arcs|Os-fprofile-instr-generate|Oz--max-speculation-depth=0|Oz--two-entry-phi-node-folding-threshold=0|Oz--x86-cmov-converter-force-all
gcry_mac_write	visibility.c	957	10	  return code == GPG_ERR_NO_ERROR ? GPG_ERR_NO_ERROR	c	cjump	O1--x86-cmov-converter-force-all|O1-fprofile-arcs|O1-fprofile-instr-generate|O2--x86-cmov-converter-force-all|O2-fprofile-arcs|O2-fprofile-instr-generate|O3--x86-cmov-converter-force-all|O3-fprofile-arcs|O3-fprofile-instr-generate|Ofast--max-speculation-depth=0|Ofast--two-entry-phi-node-folding-threshold=0|Ofast--x86-cmov-converter-force-all|Ofast-fprofile-arcs|Ofast-fprofile-instr-generate|Os--max-speculation-depth=0|Os--two-entry-phi-node-folding-threshold=0|Os--x86-cmov-converter-force-all|Os-fprofile-arcs|Os-fprofile-instr-generate|Oz--max-speculation-depth=0|Oz--two-entry-phi-node-folding-threshold=0|Oz--x86-cmov-converter-force-all
gcry_md_hash_buffers_ext	visibility.c	957	10	  return code == GPG_ERR_NO_ERROR ? GPG_ERR_NO_ERROR	c	cjump	O1--x86-cmov-converter-force-all|O1-fprofile-arcs|O1-fprofile-instr-generate|O2--x86-cmov-converter-force-all|O2-fprofile-arcs|O2-fprofile-instr-generate|O3--x86-cmov-converter-force-all|O3-fprofile-arcs|O3-fprofile-instr-generate|Ofast--max-speculation-depth=0|Ofast--two-entry-phi-node-folding-threshold=0|Ofast--x86-cmov-converter-force-all|Ofast-fprofile-arcs|Ofast-fprofile-instr-generate|Os--max-speculation-depth=0|Os--two-entry-phi-node-folding-threshold=0|Os--x86-cmov-converter-force-all|Os-fprofile-arcs|Os-fprofile-instr-generate|Oz--max-speculation-depth=0|Oz--two-entry-phi-node-folding-threshold=0|Oz--x86-cmov-converter-force-all
gcry_mac_setkey	visibility.c	957	10	  return code == GPG_ERR_NO_ERROR ? GPG_ERR_NO_ERROR	c	cjump	O1--x86-cmov-converter-force-all|O1-fprofile-arcs|O1-fprofile-instr-generate|O2--x86-cmov-converter-force-all|O2-fprofile-arcs|O2-fprofile-instr-generate|O3--x86-cmov-converter-force-all|O3-fprofile-arcs|O3-fprofile-instr-generate|Ofast--max-speculation-depth=0|Ofast--two-entry-phi-node-folding-threshold=0|Ofast--x86-cmov-converter-force-all|Ofast-fprofile-arcs|Ofast-fprofile-instr-generate|Os--max-speculation-depth=0|Os--two-entry-phi-node-folding-threshold=0|Os--x86-cmov-converter-force-all|Os-fprofile-arcs|Os-fprofile-instr-generate|Oz--max-speculation-depth=0|Oz--two-entry-phi-node-folding-threshold=0|Oz--x86-cmov-converter-force-all
gcry_random_add_bytes	visibility.c	957	10	  return code == GPG_ERR_NO_ERROR ? GPG_ERR_NO_ERROR	c	cjump	O1--x86-cmov-converter-force-all|O1-fprofile-arcs|O1-fprofile-instr-generate|O2--x86-cmov-converter-force-all|O2-fprofile-arcs|O2-fprofile-instr-generate|O3--x86-cmov-converter-force-all|O3-fprofile-arcs|O3-fprofile-instr-generate|Ofast--max-speculation-depth=0|Ofast--two-entry-phi-node-folding-threshold=0|Ofast--x86-cmov-converter-force-all|Ofast-fprofile-arcs|Ofast-fprofile-instr-generate|Os--max-speculation-depth=0|Os--two-entry-phi-node-folding-threshold=0|Os--x86-cmov-converter-force-all|Os-fprofile-arcs|Os-fprofile-instr-generate|Oz--max-speculation-depth=0|Oz--two-entry-phi-node-folding-threshold=0|Oz--x86-cmov-converter-force-all
gcry_cipher_encrypt	visibility.c	957	10	  return code == GPG_ERR_NO_ERROR ? GPG_ERR_NO_ERROR	c	cjump	O1--x86-cmov-converter-force-all|O1-fprofile-arcs|O1-fprofile-instr-generate|O2--x86-cmov-converter-force-all|O2-fprofile-arcs|O2-fprofile-instr-generate|O3--x86-cmov-converter-force-all|O3-fprofile-arcs|O3-fprofile-instr-generate|Ofast--max-speculation-depth=0|Ofast--two-entry-phi-node-folding-threshold=0|Ofast--x86-cmov-converter-force-all|Ofast-fprofile-arcs|Ofast-fprofile-instr-generate|Os--max-speculation-depth=0|Os--two-entry-phi-node-folding-threshold=0|Os--x86-cmov-converter-force-all|Os-fprofile-arcs|Os-fprofile-instr-generate|Oz--max-speculation-depth=0|Oz--two-entry-phi-node-folding-threshold=0|Oz--x86-cmov-converter-force-all
gcry_md_enable	visibility.c	957	10	  return code == GPG_ERR_NO_ERROR ? GPG_ERR_NO_ERROR	c	cjump	O1--x86-cmov-converter-force-all|O1-fprofile-arcs|O1-fprofile-instr-generate|O2--x86-cmov-converter-force-all|O2-fprofile-arcs|O2-fprofile-instr-generate|O3--x86-cmov-converter-force-all|O3-fprofile-arcs|O3-fprofile-instr-generate|Ofast--max-speculation-depth=0|Ofast--two-entry-phi-node-folding-threshold=0|Ofast--x86-cmov-converter-force-all|Ofast-fprofile-arcs|Ofast-fprofile-instr-generate|Os--max-speculation-depth=0|Os--two-entry-phi-node-folding-threshold=0|Os--x86-cmov-converter-force-all|Os-fprofile-arcs|Os-fprofile-instr-generate|Oz--max-speculation-depth=0|Oz--two-entry-phi-node-folding-threshold=0|Oz--x86-cmov-converter-force-all
gcry_md_info	visibility.c	957	10	  return code == GPG_ERR_NO_ERROR ? GPG_ERR_NO_ERROR	c	cjump	O1--x86-cmov-converter-force-all|O1-fprofile-arcs|O1-fprofile-instr-generate|O2--x86-cmov-converter-force-all|O2-fprofile-arcs|O2-fprofile-instr-generate|O3--x86-cmov-converter-force-all|O3-fprofile-arcs|O3-fprofile-instr-generate|Ofast--max-speculation-depth=0|Ofast--two-entry-phi-node-folding-threshold=0|Ofast--x86-cmov-converter-force-all|Ofast-fprofile-arcs|Ofast-fprofile-instr-generate|Os--max-speculation-depth=0|Os--two-entry-phi-node-folding-threshold=0|Os--x86-cmov-converter-force-all|Os-fprofile-arcs|Os-fprofile-instr-generate|Oz--max-speculation-depth=0|Oz--two-entry-phi-node-folding-threshold=0|Oz--x86-cmov-converter-force-all
gcry_pubkey_get_sexp	visibility.c	957	10	  return code == GPG_ERR_NO_ERROR ? GPG_ERR_NO_ERROR	c	cjump	O1--x86-cmov-converter-force-all|O1-fprofile-arcs|O1-fprofile-instr-generate|O2--x86-cmov-converter-force-all|O2-fprofile-arcs|O2-fprofile-instr-generate|O3--x86-cmov-converter-force-all|O3-fprofile-arcs|O3-fprofile-instr-generate|Ofast--max-speculation-depth=0|Ofast--two-entry-phi-node-folding-threshold=0|Ofast--x86-cmov-converter-force-all|Ofast-fprofile-arcs|Ofast-fprofile-instr-generate|Os--max-speculation-depth=0|Os--two-entry-phi-node-folding-threshold=0|Os--x86-cmov-converter-force-all|Os-fprofile-arcs|Os-fprofile-instr-generate|Oz--max-speculation-depth=0|Oz--two-entry-phi-node-folding-threshold=0|Oz--x86-cmov-converter-force-all
gcry_mac_verify	visibility.c	957	10	  return code == GPG_ERR_NO_ERROR ? GPG_ERR_NO_ERROR	c	cjump	O1--x86-cmov-converter-force-all|O1-fprofile-arcs|O1-fprofile-instr-generate|O2--x86-cmov-converter-force-all|O2-fprofile-arcs|O2-fprofile-instr-generate|O3--x86-cmov-converter-force-all|O3-fprofile-arcs|O3-fprofile-instr-generate|Ofast--max-speculation-depth=0|Ofast--two-entry-phi-node-folding-threshold=0|Ofast--x86-cmov-converter-force-all|Ofast-fprofile-arcs|Ofast-fprofile-instr-generate|Os--max-speculation-depth=0|Os--two-entry-phi-node-folding-threshold=0|Os--x86-cmov-converter-force-all|Os-fprofile-arcs|Os-fprofile-instr-generate|Oz--max-speculation-depth=0|Oz--two-entry-phi-node-folding-threshold=0|Oz--x86-cmov-converter-force-all
gcry_err_make_from_errno	visibility.c	957	10	  return code == GPG_ERR_NO_ERROR ? GPG_ERR_NO_ERROR	c	cjump	O1--x86-cmov-converter-force-all|O1-fprofile-arcs|O1-fprofile-instr-generate|O2--x86-cmov-converter-force-all|O2-fprofile-arcs|O2-fprofile-instr-generate|O3--x86-cmov-converter-force-all|O3-fprofile-arcs|O3-fprofile-instr-generate|Ofast--max-speculation-depth=0|Ofast--two-entry-phi-node-folding-threshold=0|Ofast--x86-cmov-converter-force-all|Ofast-fprofile-arcs|Ofast-fprofile-instr-generate|Os--max-speculation-depth=0|Os--two-entry-phi-node-folding-threshold=0|Os--x86-cmov-converter-force-all|Os-fprofile-arcs|Os-fprofile-instr-generate|Oz--max-speculation-depth=0|Oz--two-entry-phi-node-folding-threshold=0|Oz--x86-cmov-converter-force-all
gcry_ecc_mul_point	visibility.c	957	10	  return code == GPG_ERR_NO_ERROR ? GPG_ERR_NO_ERROR	c	cjump	O1--x86-cmov-converter-force-all|O1-fprofile-arcs|O1-fprofile-instr-generate|O2--x86-cmov-converter-force-all|O2-fprofile-arcs|O2-fprofile-instr-generate|O3--x86-cmov-converter-force-all|O3-fprofile-arcs|O3-fprofile-instr-generate|Ofast--max-speculation-depth=0|Ofast--two-entry-phi-node-folding-threshold=0|Ofast--x86-cmov-converter-force-all|Ofast-fprofile-arcs|Ofast-fprofile-instr-generate|Os--max-speculation-depth=0|Os--two-entry-phi-node-folding-threshold=0|Os--x86-cmov-converter-force-all|Os-fprofile-arcs|Os-fprofile-instr-generate|Oz--max-speculation-depth=0|Oz--two-entry-phi-node-folding-threshold=0|Oz--x86-cmov-converter-force-all
gcry_mpi_get_ui	visibility.c	957	10	  return code == GPG_ERR_NO_ERROR ? GPG_ERR_NO_ERROR	c	cjump	O1--x86-cmov-converter-force-all|O1-fprofile-arcs|O1-fprofile-instr-generate|O2--x86-cmov-converter-force-all|O2-fprofile-arcs|O2-fprofile-instr-generate|O3--x86-cmov-converter-force-all|O3-fprofile-arcs|O3-fprofile-instr-generate|Ofast--max-speculation-depth=0|Ofast--two-entry-phi-node-folding-threshold=0|Ofast--x86-cmov-converter-force-all|Ofast-fprofile-arcs|Ofast-fprofile-instr-generate|Os--max-speculation-depth=0|Os--two-entry-phi-node-folding-threshold=0|Os--x86-cmov-converter-force-all|Os-fprofile-arcs|Os-fprofile-instr-generate|Oz--max-speculation-depth=0|Oz--two-entry-phi-node-folding-threshold=0|Oz--x86-cmov-converter-force-all
gcry_sexp_create	visibility.c	957	10	  return code == GPG_ERR_NO_ERROR ? GPG_ERR_NO_ERROR	c	cjump	O1--x86-cmov-converter-force-all|O1-fprofile-arcs|O1-fprofile-instr-generate|O2--x86-cmov-converter-force-all|O2-fprofile-arcs|O2-fprofile-instr-generate|O3--x86-cmov-converter-force-all|O3-fprofile-arcs|O3-fprofile-instr-generate|Ofast--max-speculation-depth=0|Ofast--two-entry-phi-node-folding-threshold=0|Ofast--x86-cmov-converter-force-all|Ofast-fprofile-arcs|Ofast-fprofile-instr-generate|Os--max-speculation-depth=0|Os--two-entry-phi-node-folding-threshold=0|Os--x86-cmov-converter-force-all|Os-fprofile-arcs|Os-fprofile-instr-generate|Oz--max-speculation-depth=0|Oz--two-entry-phi-node-folding-threshold=0|Oz--x86-cmov-converter-force-all
gcry_cipher_authenticate	visibility.c	957	10	  return code == GPG_ERR_NO_ERROR ? GPG_ERR_NO_ERROR	c	cjump	O1--x86-cmov-converter-force-all|O1-fprofile-arcs|O1-fprofile-instr-generate|O2--x86-cmov-converter-force-all|O2-fprofile-arcs|O2-fprofile-instr-generate|O3--x86-cmov-converter-force-all|O3-fprofile-arcs|O3-fprofile-instr-generate|Ofast--max-speculation-depth=0|Ofast--two-entry-phi-node-folding-threshold=0|Ofast--x86-cmov-converter-force-all|Ofast-fprofile-arcs|Ofast-fprofile-instr-generate|Os--max-speculation-depth=0|Os--two-entry-phi-node-folding-threshold=0|Os--x86-cmov-converter-force-all|Os-fprofile-arcs|Os-fprofile-instr-generate|Oz--max-speculation-depth=0|Oz--two-entry-phi-node-folding-threshold=0|Oz--x86-cmov-converter-force-all
gcry_cipher_algo_info	visibility.c	957	10	  return code == GPG_ERR_NO_ERROR ? GPG_ERR_NO_ERROR	c	cjump	O1--x86-cmov-converter-force-all|O1-fprofile-arcs|O1-fprofile-instr-generate|O2--x86-cmov-converter-force-all|O2-fprofile-arcs|O2-fprofile-instr-generate|O3--x86-cmov-converter-force-all|O3-fprofile-arcs|O3-fprofile-instr-generate|Ofast--max-speculation-depth=0|Ofast--two-entry-phi-node-folding-threshold=0|Ofast--x86-cmov-converter-force-all|Ofast-fprofile-arcs|Ofast-fprofile-instr-generate|Os--max-speculation-depth=0|Os--two-entry-phi-node-folding-threshold=0|Os--x86-cmov-converter-force-all|Os-fprofile-arcs|Os-fprofile-instr-generate|Oz--max-speculation-depth=0|Oz--two-entry-phi-node-folding-threshold=0|Oz--x86-cmov-converter-force-all
gcry_kem_encap	visibility.c	957	10	  return code == GPG_ERR_NO_ERROR ? GPG_ERR_NO_ERROR	c	cjump	O1--x86-cmov-converter-force-all|O1-fprofile-arcs|O1-fprofile-instr-generate|O2--x86-cmov-converter-force-all|O2-fprofile-arcs|O2-fprofile-instr-generate|O3--x86-cmov-converter-force-all|O3-fprofile-arcs|O3-fprofile-instr-generate|Ofast--max-speculation-depth=0|Ofast--two-entry-phi-node-folding-threshold=0|Ofast--x86-cmov-converter-force-all|Ofast-fprofile-arcs|Ofast-fprofile-instr-generate|Os--max-speculation-depth=0|Os--two-entry-phi-node-folding-threshold=0|Os--x86-cmov-converter-force-all|Os-fprofile-arcs|Os-fprofile-instr-generate|Oz--max-speculation-depth=0|Oz--two-entry-phi-node-folding-threshold=0|Oz--x86-cmov-converter-force-all
gcry_pk_genkey	visibility.c	957	10	  return code == GPG_ERR_NO_ERROR ? GPG_ERR_NO_ERROR	c	cjump	O1--x86-cmov-converter-force-all|O1-fprofile-arcs|O1-fprofile-instr-generate|O2--x86-cmov-converter-force-all|O2-fprofile-arcs|O2-fprofile-instr-generate|O3--x86-cmov-converter-force-all|O3-fprofile-arcs|O3-fprofile-instr-generate|Ofast--max-speculation-depth=0|Ofast--two-entry-phi-node-folding-threshold=0|Ofast--x86-cmov-converter-force-all|Ofast-fprofile-arcs|Ofast-fprofile-instr-generate|Os--max-speculation-depth=0|Os--two-entry-phi-node-folding-threshold=0|Os--x86-cmov-converter-force-all|Os-fprofile-arcs|Os-fprofile-instr-generate|Oz--max-speculation-depth=0|Oz--two-entry-phi-node-folding-threshold=0|Oz--x86-cmov-converter-force-all
gcry_kem_decap	visibility.c	957	10	  return code == GPG_ERR_NO_ERROR ? GPG_ERR_NO_ERROR	c	cjump	O1--x86-cmov-converter-force-all|O1-fprofile-arcs|O1-fprofile-instr-generate|O2--x86-cmov-converter-force-all|O2-fprofile-arcs|O2-fprofile-instr-generate|O3--x86-cmov-converter-force-all|O3-fprofile-arcs|O3-fprofile-instr-generate|Ofast--max-speculation-depth=0|Ofast--two-entry-phi-node-folding-threshold=0|Ofast--x86-cmov-converter-force-all|Ofast-fprofile-arcs|Ofast-fprofile-instr-generate|Os--max-speculation-depth=0|Os--two-entry-phi-node-folding-threshold=0|Os--x86-cmov-converter-force-all|Os-fprofile-arcs|Os-fprofile-instr-generate|Oz--max-speculation-depth=0|Oz--two-entry-phi-node-folding-threshold=0|Oz--x86-cmov-converter-force-all
gcry_md_setkey	visibility.c	957	10	  return code == GPG_ERR_NO_ERROR ? GPG_ERR_NO_ERROR	c	cjump	O1--x86-cmov-converter-force-all|O1-fprofile-arcs|O1-fprofile-instr-generate|O2--x86-cmov-converter-force-all|O2-fprofile-arcs|O2-fprofile-instr-generate|O3--x86-cmov-converter-force-all|O3-fprofile-arcs|O3-fprofile-instr-generate|Ofast--max-speculation-depth=0|Ofast--two-entry-phi-node-folding-threshold=0|Ofast--x86-cmov-converter-force-all|Ofast-fprofile-arcs|Ofast-fprofile-instr-generate|Os--max-speculation-depth=0|Os--two-entry-phi-node-folding-threshold=0|Os--x86-cmov-converter-force-all|Os-fprofile-arcs|Os-fprofile-instr-generate|Oz--max-speculation-depth=0|Oz--two-entry-phi-node-folding-threshold=0|Oz--x86-cmov-converter-force-all
gcry_cipher_decrypt	visibility.c	957	10	  return code == GPG_ERR_NO_ERROR ? GPG_ERR_NO_ERROR	c	cjump	O1--x86-cmov-converter-force-all|O1-fprofile-arcs|O1-fprofile-instr-generate|O2--x86-cmov-converter-force-all|O2-fprofile-arcs|O2-fprofile-instr-generate|O3--x86-cmov-converter-force-all|O3-fprofile-arcs|O3-fprofile-instr-generate|Ofast--max-speculation-depth=0|Ofast--two-entry-phi-node-folding-threshold=0|Ofast--x86-cmov-converter-force-all|Ofast-fprofile-arcs|Ofast-fprofile-instr-generate|Os--max-speculation-depth=0|Os--two-entry-phi-node-folding-threshold=0|Os--x86-cmov-converter-force-all|Os-fprofile-arcs|Os-fprofile-instr-generate|Oz--max-speculation-depth=0|Oz--two-entry-phi-node-folding-threshold=0|Oz--x86-cmov-converter-force-all
my_kdf_derive	t-kdf.c	957	10	  return code == GPG_ERR_NO_ERROR ? GPG_ERR_NO_ERROR	c	cjump	O1--x86-cmov-converter-force-all|O1-fprofile-arcs|O1-fprofile-instr-generate|O2--x86-cmov-converter-force-all|O2-fprofile-arcs|O2-fprofile-instr-generate|O3--x86-cmov-converter-force-all|O3-fprofile-arcs|O3-fprofile-instr-generate|Ofast--max-speculation-depth=0|Ofast--two-entry-phi-node-folding-threshold=0|Ofast--x86-cmov-converter-force-all|Ofast-fprofile-arcs|Ofast-fprofile-instr-generate|Os--max-speculation-depth=0|Os--two-entry-phi-node-folding-threshold=0|Os--x86-cmov-converter-force-all|Os-fprofile-arcs|Os-fprofile-instr-generate
gcry_cipher_setctr	visibility.c	957	10	  return code == GPG_ERR_NO_ERROR ? GPG_ERR_NO_ERROR	c	cjump	O1--x86-cmov-converter-force-all|O1-fprofile-arcs|O1-fprofile-instr-generate|O2--x86-cmov-converter-force-all|O2-fprofile-arcs|O2-fprofile-instr-generate|O3--x86-cmov-converter-force-all|O3-fprofile-arcs|O3-fprofile-instr-generate|Ofast--max-speculation-depth=0|Ofast--two-entry-phi-node-folding-threshold=0|Ofast--x86-cmov-converter-force-all|Ofast-fprofile-arcs|Ofast-fprofile-instr-generate|Os--max-speculation-depth=0|Os--two-entry-phi-node-folding-threshold=0|Os--x86-cmov-converter-force-all|Os-fprofile-arcs|Os-fprofile-instr-generate|Oz--max-speculation-depth=0|Oz--two-entry-phi-node-folding-threshold=0|Oz--x86-cmov-converter-force-all
gcry_mpi_aprint	visibility.c	957	10	  return code == GPG_ERR_NO_ERROR ? GPG_ERR_NO_ERROR	c	cjump	O1--x86-cmov-converter-force-all|O1-fprofile-arcs|O1-fprofile-instr-generate|O2--x86-cmov-converter-force-all|O2-fprofile-arcs|O2-fprofile-instr-generate|O3--x86-cmov-converter-force-all|O3-fprofile-arcs|O3-fprofile-instr-generate|Ofast--max-speculation-depth=0|Ofast--two-entry-phi-node-folding-threshold=0|Ofast--x86-cmov-converter-force-all|Ofast-fprofile-arcs|Ofast-fprofile-instr-generate|Os--max-speculation-depth=0|Os--two-entry-phi-node-folding-threshold=0|Os--x86-cmov-converter-force-all|Os-fprofile-arcs|Os-fprofile-instr-generate|Oz--max-speculation-depth=0|Oz--two-entry-phi-node-folding-threshold=0|Oz--x86-cmov-converter-force-all
gcry_prime_generate	visibility.c	957	10	  return code == GPG_ERR_NO_ERROR ? GPG_ERR_NO_ERROR	c	cjump	O1--x86-cmov-converter-force-all|O1-fprofile-arcs|O1-fprofile-instr-generate|O2--x86-cmov-converter-force-all|O2-fprofile-arcs|O2-fprofile-instr-generate|O3--x86-cmov-converter-force-all|O3-fprofile-arcs|O3-fprofile-instr-generate|Ofast--max-speculation-depth=0|Ofast--two-entry-phi-node-folding-threshold=0|Ofast--x86-cmov-converter-force-all|Ofast-fprofile-arcs|Ofast-fprofile-instr-generate|Os--max-speculation-depth=0|Os--two-entry-phi-node-folding-threshold=0|Os--x86-cmov-converter-force-all|Os-fprofile-arcs|Os-fprofile-instr-generate|Oz--max-speculation-depth=0|Oz--two-entry-phi-node-folding-threshold=0|Oz--x86-cmov-converter-force-all
gcry_mpi_ec_decode_point	visibility.c	957	10	  return code == GPG_ERR_NO_ERROR ? GPG_ERR_NO_ERROR	c	cjump	O1--x86-cmov-converter-force-all|O1-fprofile-arcs|O1-fprofile-instr-generate|O2--x86-cmov-converter-force-all|O2-fprofile-arcs|O2-fprofile-instr-generate|O3--x86-cmov-converter-force-all|O3-fprofile-arcs|O3-fprofile-instr-generate|Ofast--max-speculation-depth=0|Ofast--two-entry-phi-node-folding-threshold=0|Ofast--x86-cmov-converter-force-all|Ofast-fprofile-arcs|Ofast-fprofile-instr-generate|Os--max-speculation-depth=0|Os--two-entry-phi-node-folding-threshold=0|Os--x86-cmov-converter-force-all|Os-fprofile-arcs|Os-fprofile-instr-generate|Oz--max-speculation-depth=0|Oz--two-entry-phi-node-folding-threshold=0|Oz--x86-cmov-converter-force-all
gcry_mac_open	visibility.c	957	10	  return code == GPG_ERR_NO_ERROR ? GPG_ERR_NO_ERROR	c	cjump	O1--x86-cmov-converter-force-all|O1-fprofile-arcs|O1-fprofile-instr-generate|O2--x86-cmov-converter-force-all|O2-fprofile-arcs|O2-fprofile-instr-generate|O3--x86-cmov-converter-force-all|O3-fprofile-arcs|O3-fprofile-instr-generate|Ofast--max-speculation-depth=0|Ofast--two-entry-phi-node-folding-threshold=0|Ofast--x86-cmov-converter-force-all|Ofast-fprofile-arcs|Ofast-fprofile-instr-generate|Os--max-speculation-depth=0|Os--two-entry-phi-node-folding-threshold=0|Os--x86-cmov-converter-force-all|Os-fprofile-arcs|Os-fprofile-instr-generate|Oz--max-speculation-depth=0|Oz--two-entry-phi-node-folding-threshold=0|Oz--x86-cmov-converter-force-all
gcry_cipher_info	visibility.c	957	10	  return code == GPG_ERR_NO_ERROR ? GPG_ERR_NO_ERROR	c	cjump	O1--x86-cmov-converter-force-all|O1-fprofile-arcs|O1-fprofile-instr-generate|O2--x86-cmov-converter-force-all|O2-fprofile-arcs|O2-fprofile-instr-generate|O3--x86-cmov-converter-force-all|O3-fprofile-arcs|O3-fprofile-instr-generate|Ofast--max-speculation-depth=0|Ofast--two-entry-phi-node-folding-threshold=0|Ofast--x86-cmov-converter-force-all|Ofast-fprofile-arcs|Ofast-fprofile-instr-generate|Os--max-speculation-depth=0|Os--two-entry-phi-node-folding-threshold=0|Os--x86-cmov-converter-force-all|Os-fprofile-arcs|Os-fprofile-instr-generate|Oz--max-speculation-depth=0|Oz--two-entry-phi-node-folding-threshold=0|Oz--x86-cmov-converter-force-all
gcry_pk_encrypt	visibility.c	957	10	  return code == GPG_ERR_NO_ERROR ? GPG_ERR_NO_ERROR	c	cjump	O1--x86-cmov-converter-force-all|O1-fprofile-arcs|O1-fprofile-instr-generate|O2--x86-cmov-converter-force-all|O2-fprofile-arcs|O2-fprofile-instr-generate|O3--x86-cmov-converter-force-all|O3-fprofile-arcs|O3-fprofile-instr-generate|Ofast--max-speculation-depth=0|Ofast--two-entry-phi-node-folding-threshold=0|Ofast--x86-cmov-converter-force-all|Ofast-fprofile-arcs|Ofast-fprofile-instr-generate|Os--max-speculation-depth=0|Os--two-entry-phi-node-folding-threshold=0|Os--x86-cmov-converter-force-all|Os-fprofile-arcs|Os-fprofile-instr-generate|Oz--max-speculation-depth=0|Oz--two-entry-phi-node-folding-threshold=0|Oz--x86-cmov-converter-force-all
gcry_pk_verify	visibility.c	957	10	  return code == GPG_ERR_NO_ERROR ? GPG_ERR_NO_ERROR	c	cjump	O1--x86-cmov-converter-force-all|O1-fprofile-arcs|O1-fprofile-instr-generate|O2--x86-cmov-converter-force-all|O2-fprofile-arcs|O2-fprofile-instr-generate|O3--x86-cmov-converter-force-all|O3-fprofile-arcs|O3-fprofile-instr-generate|Ofast--max-speculation-depth=0|Ofast--two-entry-phi-node-folding-threshold=0|Ofast--x86-cmov-converter-force-all|Ofast-fprofile-arcs|Ofast-fprofile-instr-generate|Os--max-speculation-depth=0|Os--two-entry-phi-node-folding-threshold=0|Os--x86-cmov-converter-force-all|Os-fprofile-arcs|Os-fprofile-instr-generate|Oz--max-speculation-depth=0|Oz--two-entry-phi-node-folding-threshold=0|Oz--x86-cmov-converter-force-all
gcry_prime_group_generator	visibility.c	957	10	  return code == GPG_ERR_NO_ERROR ? GPG_ERR_NO_ERROR	c	cjump	O1--x86-cmov-converter-force-all|O1-fprofile-arcs|O1-fprofile-instr-generate|O2--x86-cmov-converter-force-all|O2-fprofile-arcs|O2-fprofile-instr-generate|O3--x86-cmov-converter-force-all|O3-fprofile-arcs|O3-fprofile-instr-generate|Ofast--max-speculation-depth=0|Ofast--two-entry-phi-node-folding-threshold=0|Ofast--x86-cmov-converter-force-all|Ofast-fprofile-arcs|Ofast-fprofile-instr-generate|Os--max-speculation-depth=0|Os--two-entry-phi-node-folding-threshold=0|Os--x86-cmov-converter-force-all|Os-fprofile-arcs|Os-fprofile-instr-generate|Oz--max-speculation-depth=0|Oz--two-entry-phi-node-folding-threshold=0|Oz--x86-cmov-converter-force-all
gcry_md_hash_buffers	visibility.c	957	10	  return code == GPG_ERR_NO_ERROR ? GPG_ERR_NO_ERROR	c	cjump	O1--x86-cmov-converter-force-all|O1-fprofile-arcs|O1-fprofile-instr-generate|O2--x86-cmov-converter-force-all|O2-fprofile-arcs|O2-fprofile-instr-generate|O3--x86-cmov-converter-force-all|O3-fprofile-arcs|O3-fprofile-instr-generate|Ofast--max-speculation-depth=0|Ofast--two-entry-phi-node-folding-threshold=0|Ofast--x86-cmov-converter-force-all|Ofast-fprofile-arcs|Ofast-fprofile-instr-generate|Os--max-speculation-depth=0|Os--two-entry-phi-node-folding-threshold=0|Os--x86-cmov-converter-force-all|Os-fprofile-arcs|Os-fprofile-instr-generate|Oz--max-speculation-depth=0|Oz--two-entry-phi-node-folding-threshold=0|Oz--x86-cmov-converter-force-all
gcry_mpi_scan	visibility.c	957	10	  return code == GPG_ERR_NO_ERROR ? GPG_ERR_NO_ERROR	c	cjump	O1--x86-cmov-converter-force-all|O1-fprofile-arcs|O1-fprofile-instr-generate|O2--x86-cmov-converter-force-all|O2-fprofile-arcs|O2-fprofile-instr-generate|O3--x86-cmov-converter-force-all|O3-fprofile-arcs|O3-fprofile-instr-generate|Ofast--max-speculation-depth=0|Ofast--two-entry-phi-node-folding-threshold=0|Ofast--x86-cmov-converter-force-all|Ofast-fprofile-arcs|Ofast-fprofile-instr-generate|Os--max-speculation-depth=0|Os--two-entry-phi-node-folding-threshold=0|Os--x86-cmov-converter-force-all|Os-fprofile-arcs|Os-fprofile-instr-generate|Oz--max-speculation-depth=0|Oz--two-entry-phi-node-folding-threshold=0|Oz--x86-cmov-converter-force-all
gcry_sexp_build	visibility.c	957	10	  return code == GPG_ERR_NO_ERROR ? GPG_ERR_NO_ERROR	c	cjump	O1--x86-cmov-converter-force-all|O1-fprofile-arcs|O1-fprofile-instr-generate|O2--x86-cmov-converter-force-all|O2-fprofile-arcs|O2-fprofile-instr-generate|O3--x86-cmov-converter-force-all|O3-fprofile-arcs|O3-fprofile-instr-generate|Ofast--max-speculation-depth=0|Ofast--two-entry-phi-node-folding-threshold=0|Ofast--x86-cmov-converter-force-all|Ofast-fprofile-arcs|Ofast-fprofile-instr-generate|Os--max-speculation-depth=0|Os--two-entry-phi-node-folding-threshold=0|Os--x86-cmov-converter-force-all|Os-fprofile-arcs|Os-fprofile-instr-generate|Oz--max-speculation-depth=0|Oz--two-entry-phi-node-folding-threshold=0|Oz--x86-cmov-converter-force-all
gcry_mpi_print	visibility.c	957	10	  return code == GPG_ERR_NO_ERROR ? GPG_ERR_NO_ERROR	c	cjump	O1--x86-cmov-converter-force-all|O1-fprofile-arcs|O1-fprofile-instr-generate|O2--x86-cmov-converter-force-all|O2-fprofile-arcs|O2-fprofile-instr-generate|O3--x86-cmov-converter-force-all|O3-fprofile-arcs|O3-fprofile-instr-generate|Ofast--max-speculation-depth=0|Ofast--two-entry-phi-node-folding-threshold=0|Ofast--x86-cmov-converter-force-all|Ofast-fprofile-arcs|Ofast-fprofile-instr-generate|Os--max-speculation-depth=0|Os--two-entry-phi-node-folding-threshold=0|Os--x86-cmov-converter-force-all|Os-fprofile-arcs|Os-fprofile-instr-generate|Oz--max-speculation-depth=0|Oz--two-entry-phi-node-folding-threshold=0|Oz--x86-cmov-converter-force-all
gcry_md_copy	visibility.c	957	10	  return code == GPG_ERR_NO_ERROR ? GPG_ERR_NO_ERROR	c	cjump	O1--x86-cmov-converter-force-all|O1-fprofile-arcs|O1-fprofile-instr-generate|O2--x86-cmov-converter-force-all|O2-fprofile-arcs|O2-fprofile-instr-generate|O3--x86-cmov-converter-force-all|O3-fprofile-arcs|O3-fprofile-instr-generate|Ofast--max-speculation-depth=0|Ofast--two-entry-phi-node-folding-threshold=0|Ofast--x86-cmov-converter-force-all|Ofast-fprofile-arcs|Ofast-fprofile-instr-generate|Os--max-speculation-depth=0|Os--two-entry-phi-node-folding-threshold=0|Os--x86-cmov-converter-force-all|Os-fprofile-arcs|Os-fprofile-instr-generate|Oz--max-speculation-depth=0|Oz--two-entry-phi-node-folding-threshold=0|Oz--x86-cmov-converter-force-all
gcry_kdf_final	visibility.c	957	10	  return code == GPG_ERR_NO_ERROR ? GPG_ERR_NO_ERROR	c	cjump	O1--x86-cmov-converter-force-all|O1-fprofile-arcs|O1-fprofile-instr-generate|O2--x86-cmov-converter-force-all|O2-fprofile-arcs|O2-fprofile-instr-generate|O3--x86-cmov-converter-force-all|O3-fprofile-arcs|O3-fprofile-instr-generate|Ofast--max-speculation-depth=0|Ofast--two-entry-phi-node-folding-threshold=0|Ofast--x86-cmov-converter-force-all|Ofast-fprofile-arcs|Ofast-fprofile-instr-generate|Os--max-speculation-depth=0|Os--two-entry-phi-node-folding-threshold=0|Os--x86-cmov-converter-force-all|Os-fprofile-arcs|Os-fprofile-instr-generate|Oz--max-speculation-depth=0|Oz--two-entry-phi-node-folding-threshold=0|Oz--x86-cmov-converter-force-all
gcry_md_ctl	visibility.c	957	10	  return code == GPG_ERR_NO_ERROR ? GPG_ERR_NO_ERROR	c	cjump	O1--x86-cmov-converter-force-all|O1-fprofile-arcs|O1-fprofile-instr-generate|O2--x86-cmov-converter-force-all|O2-fprofile-arcs|O2-fprofile-instr-generate|O3--x86-cmov-converter-force-all|O3-fprofile-arcs|O3-fprofile-instr-generate|Ofast--max-speculation-depth=0|Ofast--two-entry-phi-node-folding-threshold=0|Ofast--x86-cmov-converter-force-all|Ofast-fprofile-arcs|Ofast-fprofile-instr-generate|Os--max-speculation-depth=0|Os--two-entry-phi-node-folding-threshold=0|Os--x86-cmov-converter-force-all|Os-fprofile-arcs|Os-fprofile-instr-generate|Oz--max-speculation-depth=0|Oz--two-entry-phi-node-folding-threshold=0|Oz--x86-cmov-converter-force-all
gcry_prime_check	visibility.c	957	10	  return code == GPG_ERR_NO_ERROR ? GPG_ERR_NO_ERROR	c	cjump	O1--x86-cmov-converter-force-all|O1-fprofile-arcs|O1-fprofile-instr-generate|O2--x86-cmov-converter-force-all|O2-fprofile-arcs|O2-fprofile-instr-generate|O3--x86-cmov-converter-force-all|O3-fprofile-arcs|O3-fprofile-instr-generate|Ofast--max-speculation-depth=0|Ofast--two-entry-phi-node-folding-threshold=0|Ofast--x86-cmov-converter-force-all|Ofast-fprofile-arcs|Ofast-fprofile-instr-generate|Os--max-speculation-depth=0|Os--two-entry-phi-node-folding-threshold=0|Os--x86-cmov-converter-force-all|Os-fprofile-arcs|Os-fprofile-instr-generate|Oz--max-speculation-depth=0|Oz--two-entry-phi-node-folding-threshold=0|Oz--x86-cmov-converter-force-all
gcry_mpi_ec_set_point	visibility.c	957	10	  return code == GPG_ERR_NO_ERROR ? GPG_ERR_NO_ERROR	c	cjump	O1--x86-cmov-converter-force-all|O1-fprofile-arcs|O1-fprofile-instr-generate|O2--x86-cmov-converter-force-all|O2-fprofile-arcs|O2-fprofile-instr-generate|O3--x86-cmov-converter-force-all|O3-fprofile-arcs|O3-fprofile-instr-generate|Ofast--max-speculation-depth=0|Ofast--two-entry-phi-node-folding-threshold=0|Ofast--x86-cmov-converter-force-all|Ofast-fprofile-arcs|Ofast-fprofile-instr-generate|Os--max-speculation-depth=0|Os--two-entry-phi-node-folding-threshold=0|Os--x86-cmov-converter-force-all|Os-fprofile-arcs|Os-fprofile-instr-generate|Oz--max-speculation-depth=0|Oz--two-entry-phi-node-folding-threshold=0|Oz--x86-cmov-converter-force-all
gcry_cipher_open	visibility.c	957	10	  return code == GPG_ERR_NO_ERROR ? GPG_ERR_NO_ERROR	c	cjump	O1--x86-cmov-converter-force-all|O1-fprofile-arcs|O1-fprofile-instr-generate|O2--x86-cmov-converter-force-all|O2-fprofile-arcs|O2-fprofile-instr-generate|O3--x86-cmov-converter-force-all|O3-fprofile-arcs|O3-fprofile-instr-generate|Ofast--max-speculation-depth=0|Ofast--two-entry-phi-node-folding-threshold=0|Ofast--x86-cmov-converter-force-all|Ofast-fprofile-arcs|Ofast-fprofile-instr-generate|Os--max-speculation-depth=0|Os--two-entry-phi-node-folding-threshold=0|Os--x86-cmov-converter-force-all|Os-fprofile-arcs|Os-fprofile-instr-generate|Oz--max-speculation-depth=0|Oz--two-entry-phi-node-folding-threshold=0|Oz--x86-cmov-converter-force-all
gcry_cipher_setup_geniv	visibility.c	957	10	  return code == GPG_ERR_NO_ERROR ? GPG_ERR_NO_ERROR	c	cjump	O1--x86-cmov-converter-force-all|O1-fprofile-arcs|O1-fprofile-instr-generate|O2--x86-cmov-converter-force-all|O2-fprofile-arcs|O2-fprofile-instr-generate|O3--x86-cmov-converter-force-all|O3-fprofile-arcs|O3-fprofile-instr-generate|Ofast--max-speculation-depth=0|Ofast--two-entry-phi-node-folding-threshold=0|Ofast--x86-cmov-converter-force-all|Ofast-fprofile-arcs|Ofast-fprofile-instr-generate|Os--max-speculation-depth=0|Os--two-entry-phi-node-folding-threshold=0|Os--x86-cmov-converter-force-all|Os-fprofile-arcs|Os-fprofile-instr-generate|Oz--max-speculation-depth=0|Oz--two-entry-phi-node-folding-threshold=0|Oz--x86-cmov-converter-force-all
gcry_mpi_ec_set_mpi	visibility.c	957	10	  return code == GPG_ERR_NO_ERROR ? GPG_ERR_NO_ERROR	c	cjump	O1--x86-cmov-converter-force-all|O1-fprofile-arcs|O1-fprofile-instr-generate|O2--x86-cmov-converter-force-all|O2-fprofile-arcs|O2-fprofile-instr-generate|O3--x86-cmov-converter-force-all|O3-fprofile-arcs|O3-fprofile-instr-generate|Ofast--max-speculation-depth=0|Ofast--two-entry-phi-node-folding-threshold=0|Ofast--x86-cmov-converter-force-all|Ofast-fprofile-arcs|Ofast-fprofile-instr-generate|Os--max-speculation-depth=0|Os--two-entry-phi-node-folding-threshold=0|Os--x86-cmov-converter-force-all|Os-fprofile-arcs|Os-fprofile-instr-generate|Oz--max-speculation-depth=0|Oz--two-entry-phi-node-folding-threshold=0|Oz--x86-cmov-converter-force-all
gcry_cipher_gettag	visibility.c	957	10	  return code == GPG_ERR_NO_ERROR ? GPG_ERR_NO_ERROR	c	cjump	O1--x86-cmov-converter-force-all|O1-fprofile-arcs|O1-fprofile-instr-generate|O2--x86-cmov-converter-force-all|O2-fprofile-arcs|O2-fprofile-instr-generate|O3--x86-cmov-converter-force-all|O3-fprofile-arcs|O3-fprofile-instr-generate|Ofast--max-speculation-depth=0|Ofast--two-entry-phi-node-folding-threshold=0|Ofast--x86-cmov-converter-force-all|Ofast-fprofile-arcs|Ofast-fprofile-instr-generate|Os--max-speculation-depth=0|Os--two-entry-phi-node-folding-threshold=0|Os--x86-cmov-converter-force-all|Os-fprofile-arcs|Os-fprofile-instr-generate|Oz--max-speculation-depth=0|Oz--two-entry-phi-node-folding-threshold=0|Oz--x86-cmov-converter-force-all
gcry_mac_algo_info	visibility.c	957	10	  return code == GPG_ERR_NO_ERROR ? GPG_ERR_NO_ERROR	c	cjump	O1--x86-cmov-converter-force-all|O1-fprofile-arcs|O1-fprofile-instr-generate|O2--x86-cmov-converter-force-all|O2-fprofile-arcs|O2-fprofile-instr-generate|O3--x86-cmov-converter-force-all|O3-fprofile-arcs|O3-fprofile-instr-generate|Ofast--max-speculation-depth=0|Ofast--two-entry-phi-node-folding-threshold=0|Ofast--x86-cmov-converter-force-all|Ofast-fprofile-arcs|Ofast-fprofile-instr-generate|Os--max-speculation-depth=0|Os--two-entry-phi-node-folding-threshold=0|Os--x86-cmov-converter-force-all|Os-fprofile-arcs|Os-fprofile-instr-generate|Oz--max-speculation-depth=0|Oz--two-entry-phi-node-folding-threshold=0|Oz--x86-cmov-converter-force-all
gcry_mac_ctl	visibility.c	957	10	  return code == GPG_ERR_NO_ERROR ? GPG_ERR_NO_ERROR	c	cjump	O1--x86-cmov-converter-force-all|O1-fprofile-arcs|O1-fprofile-instr-generate|O2--x86-cmov-converter-force-all|O2-fprofile-arcs|O2-fprofile-instr-generate|O3--x86-cmov-converter-force-all|O3-fprofile-arcs|O3-fprofile-instr-generate|Ofast--max-speculation-depth=0|Ofast--two-entry-phi-node-folding-threshold=0|Ofast--x86-cmov-converter-force-all|Ofast-fprofile-arcs|Ofast-fprofile-instr-generate|Os--max-speculation-depth=0|Os--two-entry-phi-node-folding-threshold=0|Os--x86-cmov-converter-force-all|Os-fprofile-arcs|Os-fprofile-instr-generate|Oz--max-speculation-depth=0|Oz--two-entry-phi-node-folding-threshold=0|Oz--x86-cmov-converter-force-all
gcry_mac_setiv	visibility.c	957	10	  return code == GPG_ERR_NO_ERROR ? GPG_ERR_NO_ERROR	c	cjump	O1--x86-cmov-converter-force-all|O1-fprofile-arcs|O1-fprofile-instr-generate|O2--x86-cmov-converter-force-all|O2-fprofile-arcs|O2-fprofile-instr-generate|O3--x86-cmov-converter-force-all|O3-fprofile-arcs|O3-fprofile-instr-generate|Ofast--max-speculation-depth=0|Ofast--two-entry-phi-node-folding-threshold=0|Ofast--x86-cmov-converter-force-all|Ofast-fprofile-arcs|Ofast-fprofile-instr-generate|Os--max-speculation-depth=0|Os--two-entry-phi-node-folding-threshold=0|Os--x86-cmov-converter-force-all|Os-fprofile-arcs|Os-fprofile-instr-generate|Oz--max-speculation-depth=0|Oz--two-entry-phi-node-folding-threshold=0|Oz--x86-cmov-converter-force-all
gcry_error_from_errno	visibility.c	957	10	  return code == GPG_ERR_NO_ERROR ? GPG_ERR_NO_ERROR	c	cjump	O1--x86-cmov-converter-force-all|O1-fprofile-arcs|O1-fprofile-instr-generate|O2--x86-cmov-converter-force-all|O2-fprofile-arcs|O2-fprofile-instr-generate|O3--x86-cmov-converter-force-all|O3-fprofile-arcs|O3-fprofile-instr-generate|Ofast--max-speculation-depth=0|Ofast--two-entry-phi-node-folding-threshold=0|Ofast--x86-cmov-converter-force-all|Ofast-fprofile-arcs|Ofast-fprofile-instr-generate|Os--max-speculation-depth=0|Os--two-entry-phi-node-folding-threshold=0|Os--x86-cmov-converter-force-all|Os-fprofile-arcs|Os-fprofile-instr-generate|Oz--max-speculation-depth=0|Oz--two-entry-phi-node-folding-threshold=0|Oz--x86-cmov-converter-force-all
gcry_mpi_ec_new	visibility.c	957	10	  return code == GPG_ERR_NO_ERROR ? GPG_ERR_NO_ERROR	c	cjump	O1--x86-cmov-converter-force-all|O1-fprofile-arcs|O1-fprofile-instr-generate|O2--x86-cmov-converter-force-all|O2-fprofile-arcs|O2-fprofile-instr-generate|O3--x86-cmov-converter-force-all|O3-fprofile-arcs|O3-fprofile-instr-generate|Ofast--max-speculation-depth=0|Ofast--two-entry-phi-node-folding-threshold=0|Ofast--x86-cmov-converter-force-all|Ofast-fprofile-arcs|Ofast-fprofile-instr-generate|Os--max-speculation-depth=0|Os--two-entry-phi-node-folding-threshold=0|Os--x86-cmov-converter-force-all|Os-fprofile-arcs|Os-fprofile-instr-generate|Oz--max-speculation-depth=0|Oz--two-entry-phi-node-folding-threshold=0|Oz--x86-cmov-converter-force-all
gcry_md_open	visibility.c	957	10	  return code == GPG_ERR_NO_ERROR ? GPG_ERR_NO_ERROR	c	cjump	O1--x86-cmov-converter-force-all|O1-fprofile-arcs|O1-fprofile-instr-generate|O2--x86-cmov-converter-force-all|O2-fprofile-arcs|O2-fprofile-instr-generate|O3--x86-cmov-converter-force-all|O3-fprofile-arcs|O3-fprofile-instr-generate|Ofast--max-speculation-depth=0|Ofast--two-entry-phi-node-folding-threshold=0|Ofast--x86-cmov-converter-force-all|Ofast-fprofile-arcs|Ofast-fprofile-instr-generate|Os--max-speculation-depth=0|Os--two-entry-phi-node-folding-threshold=0|Os--x86-cmov-converter-force-all|Os-fprofile-arcs|Os-fprofile-instr-generate|Oz--max-speculation-depth=0|Oz--two-entry-phi-node-folding-threshold=0|Oz--x86-cmov-converter-force-all
gcry_kdf_derive	visibility.c	957	10	  return code == GPG_ERR_NO_ERROR ? GPG_ERR_NO_ERROR	c	cjump	O1--x86-cmov-converter-force-all|O1-fprofile-arcs|O1-fprofile-instr-generate|O2--x86-cmov-converter-force-all|O2-fprofile-arcs|O2-fprofile-instr-generate|O3--x86-cmov-converter-force-all|O3-fprofile-arcs|O3-fprofile-instr-generate|Ofast--max-speculation-depth=0|Ofast--two-entry-phi-node-folding-threshold=0|Ofast--x86-cmov-converter-force-all|Ofast-fprofile-arcs|Ofast-fprofile-instr-generate|Os--max-speculation-depth=0|Os--two-entry-phi-node-folding-threshold=0|Os--x86-cmov-converter-force-all|Os-fprofile-arcs|Os-fprofile-instr-generate|Oz--max-speculation-depth=0|Oz--two-entry-phi-node-folding-threshold=0|Oz--x86-cmov-converter-force-all
gcry_pk_decrypt	visibility.c	957	10	  return code == GPG_ERR_NO_ERROR ? GPG_ERR_NO_ERROR	c	cjump	O1--x86-cmov-converter-force-all|O1-fprofile-arcs|O1-fprofile-instr-generate|O2--x86-cmov-converter-force-all|O2-fprofile-arcs|O2-fprofile-instr-generate|O3--x86-cmov-converter-force-all|O3-fprofile-arcs|O3-fprofile-instr-generate|Ofast--max-speculation-depth=0|Ofast--two-entry-phi-node-folding-threshold=0|Ofast--x86-cmov-converter-force-all|Ofast-fprofile-arcs|Ofast-fprofile-instr-generate|Os--max-speculation-depth=0|Os--two-entry-phi-node-folding-threshold=0|Os--x86-cmov-converter-force-all|Os-fprofile-arcs|Os-fprofile-instr-generate|Oz--max-speculation-depth=0|Oz--two-entry-phi-node-folding-threshold=0|Oz--x86-cmov-converter-force-all
gcry_sexp_build_array	visibility.c	957	10	  return code == GPG_ERR_NO_ERROR ? GPG_ERR_NO_ERROR	c	cjump	O1--x86-cmov-converter-force-all|O1-fprofile-arcs|O1-fprofile-instr-generate|O2--x86-cmov-converter-force-all|O2-fprofile-arcs|O2-fprofile-instr-generate|O3--x86-cmov-converter-force-all|O3-fprofile-arcs|O3-fprofile-instr-generate|Ofast--max-speculation-depth=0|Ofast--two-entry-phi-node-folding-threshold=0|Ofast--x86-cmov-converter-force-all|Ofast-fprofile-arcs|Ofast-fprofile-instr-generate|Os--max-speculation-depth=0|Os--two-entry-phi-node-folding-threshold=0|Os--x86-cmov-converter-force-all|Os-fprofile-arcs|Os-fprofile-instr-generate|Oz--max-speculation-depth=0|Oz--two-entry-phi-node-folding-threshold=0|Oz--x86-cmov-converter-force-all
gcry_md_algo_info	visibility.c	957	10	  return code == GPG_ERR_NO_ERROR ? GPG_ERR_NO_ERROR	c	cjump	O1--x86-cmov-converter-force-all|O1-fprofile-arcs|O1-fprofile-instr-generate|O2--x86-cmov-converter-force-all|O2-fprofile-arcs|O2-fprofile-instr-generate|O3--x86-cmov-converter-force-all|O3-fprofile-arcs|O3-fprofile-instr-generate|Ofast--max-speculation-depth=0|Ofast--two-entry-phi-node-folding-threshold=0|Ofast--x86-cmov-converter-force-all|Ofast-fprofile-arcs|Ofast-fprofile-instr-generate|Os--max-speculation-depth=0|Os--two-entry-phi-node-folding-threshold=0|Os--x86-cmov-converter-force-all|Os-fprofile-arcs|Os-fprofile-instr-generate|Oz--max-speculation-depth=0|Oz--two-entry-phi-node-folding-threshold=0|Oz--x86-cmov-converter-force-all
gcry_mac_read	visibility.c	957	10	  return code == GPG_ERR_NO_ERROR ? GPG_ERR_NO_ERROR	c	cjump	O1--x86-cmov-converter-force-all|O1-fprofile-arcs|O1-fprofile-instr-generate|O2--x86-cmov-converter-force-all|O2-fprofile-arcs|O2-fprofile-instr-generate|O3--x86-cmov-converter-force-all|O3-fprofile-arcs|O3-fprofile-instr-generate|Ofast--max-speculation-depth=0|Ofast--two-entry-phi-node-folding-threshold=0|Ofast--x86-cmov-converter-force-all|Ofast-fprofile-arcs|Ofast-fprofile-instr-generate|Os--max-speculation-depth=0|Os--two-entry-phi-node-folding-threshold=0|Os--x86-cmov-converter-force-all|Os-fprofile-arcs|Os-fprofile-instr-generate|Oz--max-speculation-depth=0|Oz--two-entry-phi-node-folding-threshold=0|Oz--x86-cmov-converter-force-all
gcry_cipher_geniv	visibility.c	957	10	  return code == GPG_ERR_NO_ERROR ? GPG_ERR_NO_ERROR	c	cjump	O1--x86-cmov-converter-force-all|O1-fprofile-arcs|O1-fprofile-instr-generate|O2--x86-cmov-converter-force-all|O2-fprofile-arcs|O2-fprofile-instr-generate|O3--x86-cmov-converter-force-all|O3-fprofile-arcs|O3-fprofile-instr-generate|Ofast--max-speculation-depth=0|Ofast--two-entry-phi-node-folding-threshold=0|Ofast--x86-cmov-converter-force-all|Ofast-fprofile-arcs|Ofast-fprofile-instr-generate|Os--max-speculation-depth=0|Os--two-entry-phi-node-folding-threshold=0|Os--x86-cmov-converter-force-all|Os-fprofile-arcs|Os-fprofile-instr-generate|Oz--max-speculation-depth=0|Oz--two-entry-phi-node-folding-threshold=0|Oz--x86-cmov-converter-force-all
gcry_cipher_setiv	visibility.c	957	10	  return code == GPG_ERR_NO_ERROR ? GPG_ERR_NO_ERROR	c	cjump	O1--x86-cmov-converter-force-all|O1-fprofile-arcs|O1-fprofile-instr-generate|O2--x86-cmov-converter-force-all|O2-fprofile-arcs|O2-fprofile-instr-generate|O3--x86-cmov-converter-force-all|O3-fprofile-arcs|O3-fprofile-instr-generate|Ofast--max-speculation-depth=0|Ofast--two-entry-phi-node-folding-threshold=0|Ofast--x86-cmov-converter-force-all|Ofast-fprofile-arcs|Ofast-fprofile-instr-generate|Os--max-speculation-depth=0|Os--two-entry-phi-node-folding-threshold=0|Os--x86-cmov-converter-force-all|Os-fprofile-arcs|Os-fprofile-instr-generate|Oz--max-speculation-depth=0|Oz--two-entry-phi-node-folding-threshold=0|Oz--x86-cmov-converter-force-all
gcry_pk_hash_sign	visibility.c	957	10	  return code == GPG_ERR_NO_ERROR ? GPG_ERR_NO_ERROR	c	cjump	O1--x86-cmov-converter-force-all|O1-fprofile-arcs|O1-fprofile-instr-generate|O2--x86-cmov-converter-force-all|O2-fprofile-arcs|O2-fprofile-instr-generate|O3--x86-cmov-converter-force-all|O3-fprofile-arcs|O3-fprofile-instr-generate|Ofast--max-speculation-depth=0|Ofast--two-entry-phi-node-folding-threshold=0|Ofast--x86-cmov-converter-force-all|Ofast-fprofile-arcs|Ofast-fprofile-instr-generate|Os--max-speculation-depth=0|Os--two-entry-phi-node-folding-threshold=0|Os--x86-cmov-converter-force-all|Os-fprofile-arcs|Os-fprofile-instr-generate|Oz--max-speculation-depth=0|Oz--two-entry-phi-node-folding-threshold=0|Oz--x86-cmov-converter-force-all
gcry_sexp_new	visibility.c	957	10	  return code == GPG_ERR_NO_ERROR ? GPG_ERR_NO_ERROR	c	cjump	O1--x86-cmov-converter-force-all|O1-fprofile-arcs|O1-fprofile-instr-generate|O2--x86-cmov-converter-force-all|O2-fprofile-arcs|O2-fprofile-instr-generate|O3--x86-cmov-converter-force-all|O3-fprofile-arcs|O3-fprofile-instr-generate|Ofast--max-speculation-depth=0|Ofast--two-entry-phi-node-folding-threshold=0|Ofast--x86-cmov-converter-force-all|Ofast-fprofile-arcs|Ofast-fprofile-instr-generate|Os--max-speculation-depth=0|Os--two-entry-phi-node-folding-threshold=0|Os--x86-cmov-converter-force-all|Os-fprofile-arcs|Os-fprofile-instr-generate|Oz--max-speculation-depth=0|Oz--two-entry-phi-node-folding-threshold=0|Oz--x86-cmov-converter-force-all
gcry_sexp_sscan	visibility.c	957	10	  return code == GPG_ERR_NO_ERROR ? GPG_ERR_NO_ERROR	c	cjump	O1--x86-cmov-converter-force-all|O1-fprofile-arcs|O1-fprofile-instr-generate|O2--x86-cmov-converter-force-all|O2-fprofile-arcs|O2-fprofile-instr-generate|O3--x86-cmov-converter-force-all|O3-fprofile-arcs|O3-fprofile-instr-generate|Ofast--max-speculation-depth=0|Ofast--two-entry-phi-node-folding-threshold=0|Ofast--x86-cmov-converter-force-all|Ofast-fprofile-arcs|Ofast-fprofile-instr-generate|Os--max-speculation-depth=0|Os--two-entry-phi-node-folding-threshold=0|Os--x86-cmov-converter-force-all|Os-fprofile-arcs|Os-fprofile-instr-generate|Oz--max-speculation-depth=0|Oz--two-entry-phi-node-folding-threshold=0|Oz--x86-cmov-converter-force-all
gcry_kdf_open	visibility.c	957	10	  return code == GPG_ERR_NO_ERROR ? GPG_ERR_NO_ERROR	c	cjump	O1--x86-cmov-converter-force-all|O1-fprofile-arcs|O1-fprofile-instr-generate|O2--x86-cmov-converter-force-all|O2-fprofile-arcs|O2-fprofile-instr-generate|O3--x86-cmov-converter-force-all|O3-fprofile-arcs|O3-fprofile-instr-generate|Ofast--max-speculation-depth=0|Ofast--two-entry-phi-node-folding-threshold=0|Ofast--x86-cmov-converter-force-all|Ofast-fprofile-arcs|Ofast-fprofile-instr-generate|Os--max-speculation-depth=0|Os--two-entry-phi-node-folding-threshold=0|Os--x86-cmov-converter-force-all|Os-fprofile-arcs|Os-fprofile-instr-generate|Oz--max-speculation-depth=0|Oz--two-entry-phi-node-folding-threshold=0|Oz--x86-cmov-converter-force-all
gcry_cipher_checktag	visibility.c	957	10	  return code == GPG_ERR_NO_ERROR ? GPG_ERR_NO_ERROR	c	cjump	O1--x86-cmov-converter-force-all|O1-fprofile-arcs|O1-fprofile-instr-generate|O2--x86-cmov-converter-force-all|O2-fprofile-arcs|O2-fprofile-instr-generate|O3--x86-cmov-converter-force-all|O3-fprofile-arcs|O3-fprofile-instr-generate|Ofast--max-speculation-depth=0|Ofast--two-entry-phi-node-folding-threshold=0|Ofast--x86-cmov-converter-force-all|Ofast-fprofile-arcs|Ofast-fprofile-instr-generate|Os--max-speculation-depth=0|Os--two-entry-phi-node-folding-threshold=0|Os--x86-cmov-converter-force-all|Os-fprofile-arcs|Os-fprofile-instr-generate|Oz--max-speculation-depth=0|Oz--two-entry-phi-node-folding-threshold=0|Oz--x86-cmov-converter-force-all
bf_setkey	blowfish.c	990	29	             ((u32)key[(j+3)%keylen]);	%	cjump	O1--expand-div-rem-bits=0|O2--expand-div-rem-bits=0|O3--expand-div-rem-bits=0|Ofast--expand-div-rem-bits=0|Os--expand-div-rem-bits=0|Oz--expand-div-rem-bits=0
_gcry_kdf_open	kdf.c	507	34	  segment_length = memory_blocks / (parallelism * 4);	/	cjump	O1--expand-div-rem-bits=0|O2--expand-div-rem-bits=0|O3--expand-div-rem-bits=0|Ofast--expand-div-rem-bits=0|Os--expand-div-rem-bits=0|Oz--expand-div-rem-bits=0
_gcry_cshake_customize	keccak.c	1697	42	  padlen = ctx->blocksize - (len_written % ctx->blocksize);	%	cjump	O1--expand-div-rem-bits=0|O2--expand-div-rem-bits=0|O3--expand-div-rem-bits=0|Ofast--expand-div-rem-bits=0
bf_setkey	blowfish.c	992	17	      j = (j+4) % keylen;	%	cjump	O1--expand-div-rem-bits=0|O2--expand-div-rem-bits=0|O3--expand-div-rem-bits=0|Ofast--expand-div-rem-bits=0|Os--expand-div-rem-bits=0|Oz--expand-div-rem-bits=0
bf_setkey	blowfish.c	989	29	             ((u32)key[(j+2)%keylen] << 8) |	%	cjump	O1--expand-div-rem-bits=0|O2--expand-div-rem-bits=0|O3--expand-div-rem-bits=0|Ofast--expand-div-rem-bits=0|Os--expand-div-rem-bits=0|Oz--expand-div-rem-bits=0
cshake_hash_buffers	keccak.c	1697	42	  padlen = ctx->blocksize - (len_written % ctx->blocksize);	%	cjump	O1--expand-div-rem-bits=0|O2--expand-div-rem-bits=0|O3--expand-div-rem-bits=0|Ofast--expand-div-rem-bits=0
bf_setkey	blowfish.c	988	29	             ((u32)key[(j+1)%keylen] << 16) |	%	cjump	O1--expand-div-rem-bits=0|O2--expand-div-rem-bits=0|O3--expand-div-rem-bits=0|Ofast--expand-div-rem-bits=0|Os--expand-div-rem-bits=0|Oz--expand-div-rem-bits=0
_gcry_kdf_open	kdf.c	1136	33	  b->n_blocks = (s_cost * 1024) / b->blklen;	/	cjump	O1--expand-div-rem-bits=0|O2--expand-div-rem-bits=0|O3--expand-div-rem-bits=0|Ofast--expand-div-rem-bits=0|Os--expand-div-rem-bits=0|Oz--expand-div-rem-bits=0
Decode	sntrup761.c	159	5	  v /= m;	/	cjump	O1--expand-div-rem-bits=0|O2--expand-div-rem-bits=0|O3--expand-div-rem-bits=0|Ofast--expand-div-rem-bits=0|Os--expand-div-rem-bits=0
get_auto_ghz	bench-slope.c	267	7	  if (y != 0)	y	mdiv	O1--two-entry-phi-node-folding-threshold=100|O1--two-entry-phi-node-folding-threshold=50|O2--two-entry-phi-node-folding-threshold=100|O2--two-entry-phi-node-folding-threshold=50|O3--two-entry-phi-node-folding-threshold=100|O3--two-entry-phi-node-folding-threshold=50|Ofast--two-entry-phi-node-folding-threshold=100|Ofast--two-entry-phi-node-folding-threshold=50|Os--two-entry-phi-node-folding-threshold=100|Os--two-entry-phi-node-folding-threshold=50|Oz--two-entry-phi-node-folding-threshold=100|Oz--two-entry-phi-node-folding-threshold=50
bench_print_result	bench-slope.c	267	7	  if (y != 0)	y	mdiv	O1--two-entry-phi-node-folding-threshold=100|O1--two-entry-phi-node-folding-threshold=50|O2--two-entry-phi-node-folding-threshold=100|O2--two-entry-phi-node-folding-threshold=50|O3--two-entry-phi-node-folding-threshold=100|O3--two-entry-phi-node-folding-threshold=50|Ofast--two-entry-phi-node-folding-threshold=100|Ofast--two-entry-phi-node-folding-threshold=50|Os--two-entry-phi-node-folding-threshold=100|Os--two-entry-phi-node-folding-threshold=50|Oz--two-entry-phi-node-folding-threshold=100|Oz--two-entry-phi-node-folding-threshold=50
do_mpi_cmp	mpi-cmp.c	80	45	      return memcmp (u->d, v->d, (u->sign+7)/8);	/	cjump	O1--x86-cmov-converter-force-all|O2--x86-cmov-converter-force-all|O3--x86-cmov-converter-force-all|Ofast--x86-cmov-converter-force-all|Os--x86-cmov-converter-force-all
cbrecursion	mceliece6688128f.c	1865	30	  cbrecursion(out,pos,step*2,q,w-1,n/2,temp);	q	cjump	O1--x86-cmov-converter-force-all|O2--x86-cmov-converter-force-all|O3--x86-cmov-converter-force-all|Ofast--x86-cmov-converter-force-all|Os--x86-cmov-converter-force-all
rsa_decrypt	rsa.c	1556	24	                       (ctx.flags & PUBKEY_FLAG_LEGACYRESULT)	(	cjump	O1--x86-cmov-converter-force-all|O2--x86-cmov-converter-force-all|O3--x86-cmov-converter-force-all|Ofast--x86-cmov-converter-force-all|Os--x86-cmov-converter-force-all|Oz--x86-cmov-converter-force-all
mont_reduc	mpih-pow.c	101	24	                       & mpih_limb_is_zero (cy1));	&	cjump	O1--x86-cmov-converter-force-all|O2--x86-cmov-converter-force-all|Os--x86-cmov-converter-force-all|Oz--x86-cmov-converter-force-all
drbg_seed	random-drbg.c	1348	20	      entropylen = drbg_sec_strength (drbg->core->flags);	d	cjump	O1--x86-cmov-converter-force-all|O2--x86-cmov-converter-force-all|O3--x86-cmov-converter-force-all|Ofast--x86-cmov-converter-force-all|Os--x86-cmov-converter-force-all|Oz--x86-cmov-converter-force-all
_gcry_mpih_powm_lli	mpih-pow.c	256	21	          shift = i % BITS_PER_MPI_LIMB;	%	cjump	O1--x86-cmov-converter-force-all|O2--x86-cmov-converter-force-all|O3--x86-cmov-converter-force-all|Ofast--x86-cmov-converter-force-all|Os--x86-cmov-converter-force-all
_gcry_sntrup761_keypair	sntrup761.c	631	45	      swap = int16_t_negative_mask (-delta) & int16_t_nonzero_mask (g[0]);	&	cjump	O1--x86-cmov-converter-force-all|O2--x86-cmov-converter-force-all|O3--x86-cmov-converter-force-all|Ofast--x86-cmov-converter-force-all|Os--x86-cmov-converter-force-all|Oz--x86-cmov-converter-force-all
main	keygen.c	803	23	          argc--; argv++;	+	cjump	O1--x86-cmov-converter-force-all|O2--x86-cmov-converter-force-all|O3--x86-cmov-converter-force-all|Ofast--x86-cmov-converter-force-all|Os--x86-cmov-converter-force-all
get_elg_key_new	pubkey.c	472	7	     (fixed_x	f	cjump	O1--x86-cmov-converter-force-all|O2--x86-cmov-converter-force-all|O3--x86-cmov-converter-force-all|Ofast--x86-cmov-converter-force-all|Os--x86-cmov-converter-force-all|Oz--x86-cmov-converter-force-all
_gcry_serpent_xts_crypt	serpent.c	1829	39	      nburn = bulk_xts_crypt_128(ctx, encrypt ? serpent_encrypt_blk1_32	e	cjump	O1--x86-cmov-converter-force-all|O2--x86-cmov-converter-force-all|O3--x86-cmov-converter-force-all|Ofast--x86-cmov-converter-force-all|Os--x86-cmov-converter-force-all|Oz--x86-cmov-converter-force-all
_gcry_camellia_ecb_crypt	camellia-glue.c	1343	39	      nburn = bulk_ecb_crypt_128(ctx, encrypt ? camellia_encrypt_blk1_64	e	cjump	O1--x86-cmov-converter-force-all|O2--x86-cmov-converter-force-all|O3--x86-cmov-converter-force-all|Ofast--x86-cmov-converter-force-all|Os--x86-cmov-converter-force-all|Oz--x86-cmov-converter-force-all
elg_decrypt	elgamal.c	962	24	                       (ctx.flags & PUBKEY_FLAG_LEGACYRESULT)	(	cjump	O1--x86-cmov-converter-force-all|O2--x86-cmov-converter-force-all|O3--x86-cmov-converter-force-all|Ofast--x86-cmov-converter-force-all|Os--x86-cmov-converter-force-all|Oz--x86-cmov-converter-force-all
_gcry_sm4_xts_crypt	sm4.c	1629	39	      nburn = bulk_xts_crypt_128(ctx, encrypt ? sm4_encrypt_blk1_32	e	cjump	O1--x86-cmov-converter-force-all|O2--x86-cmov-converter-force-all|O3--x86-cmov-converter-force-all|Ofast--x86-cmov-converter-force-all|Os--x86-cmov-converter-force-all|Oz--x86-cmov-converter-force-all
_gcry_mpi_powm	mpi-pow.c	734	52	                  base_u_size |= ( precomp_size[k] & (0UL - (k == e0)) );	&	cjump	O1--x86-cmov-converter-force-all|O2--x86-cmov-converter-force-all|O3--x86-cmov-converter-force-all|Ofast--x86-cmov-converter-force-all|Os--x86-cmov-converter-force-all|Oz--x86-cmov-converter-force-all
_gcry_camellia_xts_crypt	camellia-glue.c	1371	39	      nburn = bulk_xts_crypt_128(ctx, encrypt ? camellia_encrypt_blk1_64	e	cjump	O1--x86-cmov-converter-force-all|O2--x86-cmov-converter-force-all|O3--x86-cmov-converter-force-all|Ofast--x86-cmov-converter-force-all|Os--x86-cmov-converter-force-all|Oz--x86-cmov-converter-force-all
_gcry_mpi_copy	mpiutil.c	362	45	                memcpy( p, a->d, (a->sign+7)/8 );	/	cjump	O1--x86-cmov-converter-force-all|O2--x86-cmov-converter-force-all|O3--x86-cmov-converter-force-all|Ofast--x86-cmov-converter-force-all|Os--x86-cmov-converter-force-all
get_dsa_key_new	pubkey.c	518	23	                      transient_key	t	cjump	O1--x86-cmov-converter-force-all|O2--x86-cmov-converter-force-all|O3--x86-cmov-converter-force-all|Ofast--x86-cmov-converter-force-all|Os--x86-cmov-converter-force-all|Oz--x86-cmov-converter-force-all
_gcry_sntrup761_keypair	sntrup761.c	523	45	      swap = int16_t_negative_mask (-delta) & int16_t_nonzero_mask (g[0]);	&	cjump	O1--x86-cmov-converter-force-all|O2--x86-cmov-converter-force-all|O3--x86-cmov-converter-force-all|Ofast--x86-cmov-converter-force-all|Os--x86-cmov-converter-force-all|Oz--x86-cmov-converter-force-all
pthread_jobs_launch_job	t-kdf.c	1333	42	      idx = (ctx->oldest_thread_idx + i) % MAX_THREADS;	%	cjump	O1--x86-cmov-converter-force-all|O2--x86-cmov-converter-force-all|O3--x86-cmov-converter-force-all|Ofast--x86-cmov-converter-force-all
_gcry_sm4_ecb_crypt	sm4.c	1588	39	      nburn = bulk_ecb_crypt_128(ctx, encrypt ? sm4_encrypt_blk1_32	e	cjump	O1--x86-cmov-converter-force-all|O2--x86-cmov-converter-force-all|O3--x86-cmov-converter-force-all|Ofast--x86-cmov-converter-force-all|Os--x86-cmov-converter-force-all|Oz--x86-cmov-converter-force-all
_gcry_mpi_alloc_like	mpiutil.c	436	21	 int n = (a->sign+7)/8;	/	cjump	O1--x86-cmov-converter-force-all|O2--x86-cmov-converter-force-all|O3--x86-cmov-converter-force-all|Ofast--x86-cmov-converter-force-all|Os--x86-cmov-converter-force-all
gf_mul	mceliece6688128f.c	2801	11	 tmp = t0 * (t1 & 1);	*	cjump	O1--x86-cmov-converter-force-all|Os--x86-cmov-converter-force-all|Oz--x86-cmov-converter-force-all
pthread_jobs_launch_job	t-kdf.c	1319	53	  ctx->next_thread_idx = (ctx->next_thread_idx + 1) % MAX_THREADS;	%	cjump	O1--x86-cmov-converter-force-all|O2--x86-cmov-converter-force-all|O3--x86-cmov-converter-force-all|Ofast--x86-cmov-converter-force-all|Os--x86-cmov-converter-force-all
_gcry_twofish_ecb_crypt	twofish.c	1656	39	      nburn = bulk_ecb_crypt_128(ctx, encrypt ? twofish_encrypt_blk1_16	e	cjump	O1--x86-cmov-converter-force-all|O2--x86-cmov-converter-force-all|O3--x86-cmov-converter-force-all|Ofast--x86-cmov-converter-force-all|Os--x86-cmov-converter-force-all|Oz--x86-cmov-converter-force-all
_gcry_mpi_powm	mpi-pow.c	741	27	              base_u_size ^= ((base_u_size ^ rsize)  & (0UL - (j != 0)));	^	cjump	O1--x86-cmov-converter-force-all|O2--x86-cmov-converter-force-all|O3--x86-cmov-converter-force-all|Ofast--x86-cmov-converter-force-all|Os--x86-cmov-converter-force-all|Oz--x86-cmov-converter-force-all
_gcry_dsa_modify_k	dsa-common.c	49	41	  ksize = (qbits+1+BITS_PER_MPI_LIMB-1) / BITS_PER_MPI_LIMB;	/	cjump	O1--x86-cmov-converter-force-all|O2--x86-cmov-converter-force-all|O3--x86-cmov-converter-force-all|Ofast--x86-cmov-converter-force-all|Os--x86-cmov-converter-force-all
_gcry_mceliece6688128f_dec	mceliece6688128f.c	1684	26	  mask = mask_nonzero(d) & mask_leq(L*2, N);	&	cjump	O1--x86-cmov-converter-force-all|O2--x86-cmov-converter-force-all|O3--x86-cmov-converter-force-all|Ofast--x86-cmov-converter-force-all|Os--x86-cmov-converter-force-all|Oz--x86-cmov-converter-force-all
pthread_jobs_launch_job	t-kdf.c	1302	61	      ctx->oldest_thread_idx = (ctx->oldest_thread_idx + 1) % MAX_THREADS;	%	cjump	O1--x86-cmov-converter-force-all|O2--x86-cmov-converter-force-all|O3--x86-cmov-converter-force-all|Ofast--x86-cmov-converter-force-all|Os--x86-cmov-converter-force-all
wait_all_jobs_completion	t-kdf.c	1333	42	      idx = (ctx->oldest_thread_idx + i) % MAX_THREADS;	%	cjump	O1--x86-cmov-converter-force-all|O2--x86-cmov-converter-force-all|O3--x86-cmov-converter-force-all|Ofast--x86-cmov-converter-force-all|Os--x86-cmov-converter-force-all
cbrecursion	mceliece6688128f.c	434	25	  return crypto_int32_x ^ crypto_int32_z;	^	cjump	O1--fast-isel|O1--x86-cmov-converter-force-all|O2--fast-isel|O2--x86-cmov-converter-force-all|O3--fast-isel|O3--x86-cmov-converter-force-all|Ofast--fast-isel|Ofast--x86-cmov-converter-force-all|Os--fast-isel|Os--unroll-partial-threshold=100|Os--unroll-partial-threshold=50|Os--x86-cmov-converter-force-all|Oz--fast-isel|Oz--x86-cmov-converter-force-all
_gcry_serpent_ecb_crypt	serpent.c	1859	39	      nburn = bulk_ecb_crypt_128(ctx, encrypt ? serpent_encrypt_blk1_32	e	cjump	O1--x86-cmov-converter-force-all|O2--x86-cmov-converter-force-all|O3--x86-cmov-converter-force-all|Ofast--x86-cmov-converter-force-all|Os--x86-cmov-converter-force-all|Oz--x86-cmov-converter-force-all
_gcry_sexp_vextract_param	sexp.c	2558	39	                          needed += n + 1;	+	cjump	O1--x86-cmov-converter-force-all
base64_decode	fipsdrv.c	417	21	      idx = (idx+1) % 4;	%	cjump	O1--x86-cmov-converter-force-all|O2--x86-cmov-converter-force-all|O3--x86-cmov-converter-force-all|Ofast--x86-cmov-converter-force-all|Os--x86-cmov-converter-force-all
_gcry_pk_util_data_to_mpi	pubkey-util.c	714	20	      int mpifmt = (ctx->flags & PUBKEY_FLAG_RAW_FLAG) ?	(	cjump	O1--x86-cmov-converter-force-all|O2--x86-cmov-converter-force-all|O3--x86-cmov-converter-force-all|Ofast--x86-cmov-converter-force-all|Os--x86-cmov-converter-force-all|Oz--x86-cmov-converter-force-all
_gcry_twofish_xts_crypt	twofish.c	1620	39	      nburn = bulk_xts_crypt_128(ctx, encrypt ? twofish_encrypt_blk1_16	e	cjump	O1--x86-cmov-converter-force-all|O2--x86-cmov-converter-force-all|O3--x86-cmov-converter-force-all|Ofast--x86-cmov-converter-force-all|Os--x86-cmov-converter-force-all|Oz--x86-cmov-converter-force-all
_gcry_cipher_cmac_check_tag	cipher-cmac.c	238	14	      return buf_eq_const (tag, ctx->u_iv.iv, taglen) ?	b	cjump	O1--x86-cmov-converter-force-all|O2--x86-cmov-converter-force-all
_gcry_mceliece6688128f_keypair	mceliece6688128f.c	3289	18	   pi[ row + j ] ^= d;	^	cjump	O1--x86-cmov-converter-force-all|O2--x86-cmov-converter-force-all|O3--x86-cmov-converter-force-all|Ofast--x86-cmov-converter-force-all|Os--x86-cmov-converter-force-all|Oz--x86-cmov-converter-force-all
base64_decode	fipsdrv.c	417	21	      idx = (idx+1) % 4;	%	mdiv	O1--fast-isel|O2--fast-isel|O3--fast-isel|Ofast--fast-isel|Os--fast-isel
_gcry_sntrup761_keypair	sntrup761.c	224	6	  ur += mask & m;	+	cjump	O1--fast-isel|Os--fast-isel
wait_all_jobs_completion	t-kdf.c	1333	42	      idx = (ctx->oldest_thread_idx + i) % MAX_THREADS;	%	mdiv	O1--fast-isel|O2--fast-isel|O3--fast-isel|Ofast--fast-isel|Os--fast-isel
prime_generate_internal	primegen.c	340	7	  if (!qbits)	!	mdiv	O1--fast-isel|O2--fast-isel|O3--fast-isel|Ofast--fast-isel|Os--fast-isel
_gcry_mpi_alloc_like	mpiutil.c	436	21	 int n = (a->sign+7)/8;	/	mdiv	O1--fast-isel|O2--fast-isel|O3--fast-isel|Ofast--fast-isel|Os--fast-isel
do_setkey	rijndael.c	908	51	              rcon = ((rcon << 1) ^ (-(rcon >> 7) & 0x1b)) & 0xff;	&	cjump	O1--fast-isel|O2--fast-isel|O3--fast-isel|Ofast--fast-isel|Os--fast-isel|Oz--fast-isel
Hide	sntrup761.c	193	13	  x += mask & (uint32_t) m;	&	cjump	O1--fast-isel|Os--fast-isel
pthread_jobs_launch_job	t-kdf.c	1302	61	      ctx->oldest_thread_idx = (ctx->oldest_thread_idx + 1) % MAX_THREADS;	%	mdiv	O1--fast-isel|O2--fast-isel|O3--fast-isel|Ofast--fast-isel|Os--fast-isel
_gcry_mpih_powm_lli	mpih-pow.c	256	21	          shift = i % BITS_PER_MPI_LIMB;	%	mdiv	O1--fast-isel|O2--fast-isel|O3--fast-isel|Ofast--fast-isel|Os--fast-isel
pthread_jobs_launch_job	t-kdf.c	1333	42	      idx = (ctx->oldest_thread_idx + i) % MAX_THREADS;	%	mdiv	O1--fast-isel|O2--fast-isel|O3--fast-isel|Ofast--fast-isel
main	t-secmem.c	82	35	      a[i] = gcry_xmalloc_secure (chunk_size);	c	mdiv	O1--fast-isel|O2--fast-isel|O3--fast-isel|Ofast--fast-isel|Os--fast-isel|Oz--jump-threading-across-loop-headers
pthread_jobs_launch_job	t-kdf.c	1319	53	  ctx->next_thread_idx = (ctx->next_thread_idx + 1) % MAX_THREADS;	%	mdiv	O1--fast-isel|O2--fast-isel|O3--fast-isel|Ofast--fast-isel|Os--fast-isel
_gcry_mpi_copy	mpiutil.c	362	45	                memcpy( p, a->d, (a->sign+7)/8 );	/	mdiv	O1--fast-isel|O2--fast-isel|O3--fast-isel|Ofast--fast-isel|Os--fast-isel
_gcry_sntrup761_dec	sntrup761.c	224	6	  ur += mask & m;	+	cjump	O1--fast-isel|Os--fast-isel
do_tripledes_setkey	des.c	1034	31	      middle = (left + right) / 2;	/	mdiv	O1--fast-isel|O2--fast-isel|O3--fast-isel|Ofast--fast-isel
prepare_datasexp_to_be_signed	pubkey.c	498	55	          rc = _gcry_pk_get_single_data (&ctx, &data[i/2], &len);	/	mdiv	O1--fast-isel|Oz--jump-threading-phi-threshold=0
do_ecb_encrypt	cipher.c	1099	17	  if ((inbuflen % blocksize))	%	mdiv	O1--fast-isel
_gcry_sntrup761_keypair	sntrup761.c	193	13	  x += mask & (uint32_t) m;	&	cjump	O1--fast-isel|Os--fast-isel
main	fipsdrv.c	2638	29	              if (!(++count % 1000))	%	mdiv	O1--fast-isel|O2--fast-isel|Os--fast-isel
cbrecursion	mceliece6688128f.c	1865	30	  cbrecursion(out,pos,step*2,q,w-1,n/2,temp);	q	mdiv	O1--fast-isel|O2--fast-isel|O3--fast-isel|Ofast--fast-isel|Os--fast-isel
nonce_thread	t-lock.c	151	7	      gcry_create_nonce (nonce, sizeof nonce);	g	mdiv	O1--fast-isel|O2--fast-isel|O3--fast-isel|Ofast--fast-isel|Os--fast-isel|Oz--jump-threading-across-loop-headers
invert_key	idea.c	76	20	    t1 = 0x10001UL / x;	/	mdiv	O1--fast-isel|O2--fast-isel|O3--fast-isel|Ofast--fast-isel
do_ecb_decrypt	cipher.c	1099	17	  if ((inbuflen % blocksize))	%	mdiv	O1--fast-isel
Hide	sntrup761.c	224	6	  ur += mask & m;	+	cjump	O1--fast-isel|Os--fast-isel
_gcry_dsa_modify_k	dsa-common.c	49	41	  ksize = (qbits+1+BITS_PER_MPI_LIMB-1) / BITS_PER_MPI_LIMB;	/	mdiv	O1--fast-isel|O2--fast-isel|O3--fast-isel|Ofast--fast-isel|Os--fast-isel
do_des_setkey	des.c	1034	31	      middle = (left + right) / 2;	/	mdiv	O1--fast-isel|O2--fast-isel|O3--fast-isel|Ofast--fast-isel
_gcry_mpih_powm_lli	mpih-pow.c	255	17	          j = i / BITS_PER_MPI_LIMB;	/	mdiv	O1--fast-isel|O2--fast-isel|O3--fast-isel|Ofast--fast-isel|Os--fast-isel|Oz--fast-isel
_gcry_sntrup761_dec	sntrup761.c	193	13	  x += mask & (uint32_t) m;	&	cjump	O1--fast-isel|Os--fast-isel
_gcry_generate_fips186_2_prime	primegen.c	1491	25	  value_n = (pbits - 1) / qbits;	/	mdiv	O1--sroa-skip-mem2reg
do_vsexp_sscan	sexp.c	1645	16	       *erroff = p - buffer;	=	cjump	O2--enable-tail-merge=false|O2--jump-threading-phi-threshold=0|O2--simplifycfg-branch-fold-threshold=0|O2--tail-merge-threshold=0|O2-fcs-profile-generate|O2-fprofile-generate|O3--enable-tail-merge=false|O3--tail-merge-threshold=0|O3-fcs-profile-generate|O3-fprofile-generate|Ofast-fcs-profile-generate|Ofast-fprofile-generate|Os-fcs-profile-generate|Os-fprofile-generate|Oz-fcs-profile-generate|Oz-fprofile-generate
blake2_write	blake2.c	197	18	   nblks = inlen / blkbytes - !(inlen % blkbytes);	/	mdiv	O2--enable-coldcc-stress-test|O2--inline-call-penalty=-1|O2--inline-call-penalty=100|O2--inline-instr-cost=-1|O2--inline-instr-cost=100|O2--inline-instr-cost=50|O2--inline-memaccess-cost=100|O2--inline-memaccess-cost=50|O2--inline-threshold=-1|O2--inline-threshold=0|O2--inline-threshold=100|O2--inline-threshold=50|O2--inlinedefault-threshold=-1|O2--inlinedefault-threshold=0|O2--inlinedefault-threshold=50|O2-fapple-kext|O2-ffreestanding|O2-finline-hint-functions|O2-finstrument-functions|O2-fno-builtin|O2-fno-inline|O2-fno-inline-functions|O2-fprofile-arcs|O2-fprofile-generate|O2-fprofile-instr-generate|O3--enable-coldcc-stress-test|O3--inline-call-penalty=-1|O3--inline-call-penalty=100|O3--inline-instr-cost=-1|O3--inline-instr-cost=100|O3--inline-instr-cost=50|O3--inline-memaccess-cost=100|O3--inline-memaccess-cost=50|O3--inline-threshold=-1|O3--inline-threshold=0|O3--inline-threshold=100|O3--inline-threshold=50|O3-fapple-kext|O3-ffreestanding|O3-finline-hint-functions|O3-finstrument-functions|O3-fno-builtin|O3-fno-inline|O3-fno-inline-functions|O3-fprofile-arcs|O3-fprofile-generate|O3-fprofile-instr-generate|Ofast--enable-coldcc-stress-test|Ofast--inline-call-penalty=-1|Ofast--inline-instr-cost=-1|Ofast--inline-instr-cost=100|Ofast--inline-instr-cost=50|Ofast--inline-memaccess-cost=100|Ofast--inline-memaccess-cost=50|Ofast--inline-threshold=-1|Ofast--inline-threshold=0|Ofast-fapple-kext|Ofast-ffreestanding|Ofast-finline-hint-functions|Ofast-finstrument-functions|Ofast-fno-builtin|Ofast-fno-inline|Ofast-fno-inline-functions|Ofast-fprofile-arcs|Ofast-fprofile-generate|Ofast-fprofile-instr-generate|Os--fast-isel|Oz--fast-isel
bench_ecc_init	bench-slope.c	2641	34	     num_measurement_repetitions / obj->max_bufsize;	/	mdiv	O2--fast-isel|O2--jump-threading-phi-threshold=0|O2--jump-threading-threshold=0|O2--rotation-max-header-size=0|O2-fprofile-instr-generate|O3--fast-isel|O3--jump-threading-phi-threshold=0|O3--jump-threading-threshold=0|O3--rotation-max-header-size=0|O3-fprofile-instr-generate|Ofast--fast-isel|Ofast--jump-threading-phi-threshold=0|Ofast--rotation-max-header-size=0|Ofast-fprofile-instr-generate|Os--fast-isel|Os--jump-threading-phi-threshold=0|Os--rotation-max-header-size=0|Os-fprofile-arcs|Os-fprofile-instr-generate
_gcry_sntrup761_keypair	sntrup761.c	705	9	    x[i + 1] = in[i];	+	cjump	O2-fprofile-arcs|O2-fprofile-instr-generate|O3-fprofile-arcs|O3-fprofile-instr-generate|Ofast-fprofile-arcs|Ofast-fprofile-instr-generate
bench_ecc_mult_init	bench-slope.c	2541	34	     num_measurement_repetitions / obj->max_bufsize;	/	mdiv	O2--fast-isel|O2--jump-threading-phi-threshold=0|O2--jump-threading-threshold=0|O2--rotation-max-header-size=0|O2-fprofile-instr-generate|O3--fast-isel|O3--jump-threading-phi-threshold=0|O3--jump-threading-threshold=0|O3--rotation-max-header-size=0|O3-fprofile-instr-generate|Ofast--fast-isel|Ofast--jump-threading-phi-threshold=0|Ofast--rotation-max-header-size=0|Ofast-fprofile-instr-generate|Os--fast-isel|Os--jump-threading-phi-threshold=0|Os--rotation-max-header-size=0|Os-fprofile-arcs|Os-fprofile-instr-generate
_gcry_sntrup761_enc	sntrup761.c	705	9	    x[i + 1] = in[i];	+	cjump	O2-ffreestanding|O2-fno-builtin|O2-fprofile-arcs|O2-fprofile-instr-generate|O3-fprofile-arcs|O3-fprofile-instr-generate|Ofast-fprofile-arcs|Ofast-fprofile-instr-generate
_gcry_mceliece6688128f_enc	mceliece6688128f.c	2228	23	   e_int[i] |= val[j] & mask;	&	cjump	O2--enable-vplan-native-path|O2--force-vector-interleave=100|O2--force-vector-interleave=50|O2--force-vector-width=100|O2--force-vector-width=50|O2--rotation-max-header-size=0|O2--scalar-evolution-huge-expr-threshold=0|O2-fapple-kext|O2-fcs-profile-generate|O3--enable-vplan-native-path|O3--force-vector-interleave=100|O3--rotation-max-header-size=0|O3--scalar-evolution-huge-expr-threshold=0|O3-fapple-kext|O3-fcs-profile-generate|Ofast--enable-vplan-native-path|Ofast--rotation-max-header-size=0|Ofast--scalar-evolution-huge-expr-threshold=0|Ofast-fapple-kext|Ofast-fcs-profile-generate|Os--enable-vplan-native-path|Os--rotation-max-header-size=0|Os--scalar-evolution-huge-expr-threshold=0|Os-fapple-kext|Os-fcs-profile-generate
_gcry_sm4_ctr_enc	sm4.c	174	10	  out->a = be_bswap64(val);	=	cjump	O2--force-target-instruction-cost=100|O2--force-target-instruction-cost=50|O2--force-vector-interleave=100|O2--force-vector-interleave=50|O2--force-vector-width=100|O2--force-vector-width=50|O3--force-target-instruction-cost=100|O3--force-target-instruction-cost=50|O3--force-vector-interleave=100|O3--force-vector-interleave=50|O3--force-vector-width=100|O3--force-vector-width=50|Ofast--force-target-instruction-cost=100|Ofast--force-target-instruction-cost=50|Ofast--force-vector-interleave=50|Ofast--force-vector-width=100|Ofast--force-vector-width=50|Os--force-target-instruction-cost=100|Os--force-target-instruction-cost=50|Os--force-vector-interleave=50|Os--force-vector-width=100|Os--force-vector-width=50
_gcry_aria_ctr_enc	aria.c	174	10	  out->a = be_bswap64(val);	=	cjump	O2--force-target-instruction-cost=100|O2--force-target-instruction-cost=50|O2--force-vector-interleave=100|O2--force-vector-interleave=50|O2--force-vector-width=100|O2--force-vector-width=50|O3--force-target-instruction-cost=100|O3--force-target-instruction-cost=50|O3--force-vector-interleave=100|O3--force-vector-interleave=50|O3--force-vector-width=100|O3--force-vector-width=50|Ofast--force-target-instruction-cost=100|Ofast--force-target-instruction-cost=50|Ofast--force-vector-interleave=50|Ofast--force-vector-width=100|Ofast--force-vector-width=50|Os--force-target-instruction-cost=100|Os--force-target-instruction-cost=50|Os--force-vector-interleave=50|Os--force-vector-width=100|Os--force-vector-width=50
_gcry_aria_ctr32le_enc	aria.c	180	10	  out->a = le_bswap64(val);	=	cjump	O2--force-target-instruction-cost=100|O2--force-target-instruction-cost=50|O2--force-vector-interleave=100|O2--force-vector-interleave=50|O2--force-vector-width=100|O2--force-vector-width=50|O3--force-target-instruction-cost=100|O3--force-target-instruction-cost=50|O3--force-vector-interleave=100|O3--force-vector-interleave=50|O3--force-vector-width=100|O3--force-vector-width=50|Ofast--force-target-instruction-cost=100|Ofast--force-target-instruction-cost=50|Ofast--force-vector-interleave=50|Ofast--force-vector-width=100|Ofast--force-vector-width=50|Os--force-target-instruction-cost=100|Os--force-target-instruction-cost=50|Os--force-vector-interleave=50|Os--force-vector-width=100|Os--force-vector-width=50
do_vsexp_sscan	sexp.c	1178	15	      *erroff = 0;	=	cjump	O2--disable-branch-fold|O2--jump-threading-phi-threshold=0|O2--jump-threading-threshold=0|O2--jump-threading-threshold=100|O2--jump-threading-threshold=50|O2--rotation-max-header-size=0|O3--disable-branch-fold|O3--jump-threading-phi-threshold=0|O3--jump-threading-threshold=0|O3--jump-threading-threshold=100|O3--jump-threading-threshold=50|O3--rotation-max-header-size=0|O3-fcs-profile-generate|O3-fmemory-profile|Ofast--jump-threading-phi-threshold=0|Ofast--rotation-max-header-size=0|Ofast-fcs-profile-generate|Ofast-fmemory-profile|Os--jump-threading-phi-threshold=0|Os--rotation-max-header-size=0
_gcry_sntrup761_dec	sntrup761.c	896	10	    M[i] = (q + 2) / 3;	=	cjump	O2--prefer-predicate-over-epilogue=predicate-dont-vectorize|O2--prefer-predicate-over-epilogue=predicate-else-scalar-epilogue|O3--prefer-predicate-over-epilogue=predicate-dont-vectorize|O3--prefer-predicate-over-epilogue=predicate-else-scalar-epilogue|Ofast--prefer-predicate-over-epilogue=predicate-dont-vectorize|Ofast--prefer-predicate-over-epilogue=predicate-else-scalar-epilogue
check_ciphers	basic.c	13123	18	    plaintext[i] = i;	=	cjump	O2--prefer-predicate-over-epilogue=predicate-dont-vectorize|O2--prefer-predicate-over-epilogue=predicate-else-scalar-epilogue|O3--prefer-predicate-over-epilogue=predicate-dont-vectorize|O3--prefer-predicate-over-epilogue=predicate-else-scalar-epilogue|Ofast--prefer-predicate-over-epilogue=predicate-dont-vectorize|Ofast--prefer-predicate-over-epilogue=predicate-else-scalar-epilogue
check_ciphers	basic.c	12894	18	    plaintext[i] = i;	=	cjump	O2--prefer-predicate-over-epilogue=predicate-dont-vectorize|O2--prefer-predicate-over-epilogue=predicate-else-scalar-epilogue|O3--prefer-predicate-over-epilogue=predicate-dont-vectorize|O3--prefer-predicate-over-epilogue=predicate-else-scalar-epilogue|Ofast--prefer-predicate-over-epilogue=predicate-dont-vectorize|Ofast--prefer-predicate-over-epilogue=predicate-else-scalar-epilogue
check_digests	basic.c	13662	9	 buf[i] = i;	=	cjump	O2--prefer-predicate-over-epilogue=predicate-dont-vectorize|O2--prefer-predicate-over-epilogue=predicate-else-scalar-epilogue|O3--prefer-predicate-over-epilogue=predicate-dont-vectorize|O3--prefer-predicate-over-epilogue=predicate-else-scalar-epilogue|Ofast--prefer-predicate-over-epilogue=predicate-dont-vectorize|Ofast--prefer-predicate-over-epilogue=predicate-else-scalar-epilogue
check_ciphers	basic.c	12724	18	    plaintext[i] = i;	=	cjump	O2--prefer-predicate-over-epilogue=predicate-dont-vectorize|O2--prefer-predicate-over-epilogue=predicate-else-scalar-epilogue|O3--prefer-predicate-over-epilogue=predicate-dont-vectorize|O3--prefer-predicate-over-epilogue=predicate-else-scalar-epilogue|Ofast--prefer-predicate-over-epilogue=predicate-dont-vectorize|Ofast--prefer-predicate-over-epilogue=predicate-else-scalar-epilogue
check_ciphers	basic.c	12963	18	    plaintext[i] = i;	=	cjump	O2--prefer-predicate-over-epilogue=predicate-dont-vectorize|O2--prefer-predicate-over-epilogue=predicate-else-scalar-epilogue|O3--prefer-predicate-over-epilogue=predicate-dont-vectorize|O3--prefer-predicate-over-epilogue=predicate-else-scalar-epilogue|Ofast--prefer-predicate-over-epilogue=predicate-dont-vectorize|Ofast--prefer-predicate-over-epilogue=predicate-else-scalar-epilogue
_gcry_sntrup761_keypair	sntrup761.c	857	10	    M[i] = q;	=	cjump	O2--prefer-predicate-over-epilogue=predicate-dont-vectorize|O2--prefer-predicate-over-epilogue=predicate-else-scalar-epilogue|O3--prefer-predicate-over-epilogue=predicate-dont-vectorize|O3--prefer-predicate-over-epilogue=predicate-else-scalar-epilogue|Ofast--prefer-predicate-over-epilogue=predicate-dont-vectorize|Ofast--prefer-predicate-over-epilogue=predicate-else-scalar-epilogue
Hide	sntrup761.c	868	10	    M[i] = q;	=	cjump	O2--prefer-predicate-over-epilogue=predicate-dont-vectorize|O2--prefer-predicate-over-epilogue=predicate-else-scalar-epilogue|O3--prefer-predicate-over-epilogue=predicate-dont-vectorize|O3--prefer-predicate-over-epilogue=predicate-else-scalar-epilogue|Ofast--prefer-predicate-over-epilogue=predicate-dont-vectorize|Ofast--prefer-predicate-over-epilogue=predicate-else-scalar-epilogue
check_ciphers	basic.c	13292	15	 plaintext[i] = i;	=	cjump	O2--prefer-predicate-over-epilogue=predicate-dont-vectorize|O2--prefer-predicate-over-epilogue=predicate-else-scalar-epilogue|O3--prefer-predicate-over-epilogue=predicate-dont-vectorize|O3--prefer-predicate-over-epilogue=predicate-else-scalar-epilogue|Ofast--prefer-predicate-over-epilogue=predicate-dont-vectorize|Ofast--prefer-predicate-over-epilogue=predicate-else-scalar-epilogue
check_ciphers	basic.c	12654	18	    plaintext[i] = i;	=	cjump	O2--prefer-predicate-over-epilogue=predicate-dont-vectorize|O2--prefer-predicate-over-epilogue=predicate-else-scalar-epilogue|O3--prefer-predicate-over-epilogue=predicate-dont-vectorize|O3--prefer-predicate-over-epilogue=predicate-else-scalar-epilogue|Ofast--prefer-predicate-over-epilogue=predicate-dont-vectorize|Ofast--prefer-predicate-over-epilogue=predicate-else-scalar-epilogue
bench_set_cipher_key	bench-slope.c	1008	12	    key[i] = 0x33 ^ (11 - i);	=	cjump	O2--prefer-predicate-over-epilogue=predicate-dont-vectorize|O2--prefer-predicate-over-epilogue=predicate-else-scalar-epilogue|O3--prefer-predicate-over-epilogue=predicate-dont-vectorize|O3--prefer-predicate-over-epilogue=predicate-else-scalar-epilogue|Ofast--prefer-predicate-over-epilogue=predicate-dont-vectorize|Ofast--prefer-predicate-over-epilogue=predicate-else-scalar-epilogue
check_one_mac	basic.c	13584	33	    *((unsigned char *)(buf++)) = pos++;	=	cjump	O2--prefer-predicate-over-epilogue=predicate-dont-vectorize|O2--prefer-predicate-over-epilogue=predicate-else-scalar-epilogue|O3--prefer-predicate-over-epilogue=predicate-dont-vectorize|O3--prefer-predicate-over-epilogue=predicate-else-scalar-epilogue|Ofast--prefer-predicate-over-epilogue=predicate-dont-vectorize|Ofast--prefer-predicate-over-epilogue=predicate-else-scalar-epilogue
chacha20_setkey	chacha20.c	1429	12	    buf[i] = i;	=	cjump	O2--prefer-predicate-over-epilogue=predicate-dont-vectorize|O2--prefer-predicate-over-epilogue=predicate-else-scalar-epilogue
Hide	sntrup761.c	885	10	    M[i] = (q + 2) / 3;	=	cjump	O2--prefer-predicate-over-epilogue=predicate-dont-vectorize|O2--prefer-predicate-over-epilogue=predicate-else-scalar-epilogue|O3--prefer-predicate-over-epilogue=predicate-dont-vectorize|O3--prefer-predicate-over-epilogue=predicate-else-scalar-epilogue|Ofast--prefer-predicate-over-epilogue=predicate-dont-vectorize|Ofast--prefer-predicate-over-epilogue=predicate-else-scalar-epilogue
check_digests	basic.c	14082	11	 inbuf[j] = j;	=	cjump	O2--prefer-predicate-over-epilogue=predicate-dont-vectorize|O2--prefer-predicate-over-epilogue=predicate-else-scalar-epilogue|O3--prefer-predicate-over-epilogue=predicate-dont-vectorize|O3--prefer-predicate-over-epilogue=predicate-else-scalar-epilogue|Ofast--prefer-predicate-over-epilogue=predicate-dont-vectorize|Ofast--prefer-predicate-over-epilogue=predicate-else-scalar-epilogue
check_digests	basic.c	13584	33	    *((unsigned char *)(buf++)) = pos++;	=	cjump	O2--prefer-predicate-over-epilogue=predicate-dont-vectorize|O2--prefer-predicate-over-epilogue=predicate-else-scalar-epilogue|O3--prefer-predicate-over-epilogue=predicate-dont-vectorize|O3--prefer-predicate-over-epilogue=predicate-else-scalar-epilogue|Ofast--prefer-predicate-over-epilogue=predicate-dont-vectorize|Ofast--prefer-predicate-over-epilogue=predicate-else-scalar-epilogue
main	hmac.c	111	12	    key[i] = j++;	=	cjump	O2--prefer-predicate-over-epilogue=predicate-dont-vectorize|O2--prefer-predicate-over-epilogue=predicate-else-scalar-epilogue|O3--prefer-predicate-over-epilogue=predicate-dont-vectorize|O3--prefer-predicate-over-epilogue=predicate-else-scalar-epilogue|Ofast--prefer-predicate-over-epilogue=predicate-dont-vectorize|Ofast--prefer-predicate-over-epilogue=predicate-else-scalar-epilogue
_gcry_mceliece6688128f_dec	mceliece6688128f.c	1715	8	  v[i] = vec_setbits((c0 >> i) & 1);	=	cjump	O2--unroll-count=0|O2--unroll-full-max-count=0|O2--unroll-threshold-default=0|O2--unroll-threshold-default=50|O2--unroll-threshold=0|O2--unroll-threshold=50|O2-fno-unroll-loops|O3--unroll-count=0|O3--unroll-full-max-count=0|O3--unroll-threshold-aggressive=0|O3--unroll-threshold-aggressive=50|O3--unroll-threshold=0|O3--unroll-threshold=50|O3-fno-unroll-loops|Ofast--unroll-count=0|Ofast--unroll-full-max-count=0|Ofast--unroll-threshold-aggressive=0|Ofast--unroll-threshold-aggressive=50|Ofast--unroll-threshold=0|Ofast--unroll-threshold=50|Ofast-fno-unroll-loops
fft	mceliece6688128f.c	2432	14	   pre[i][j] = -pre[i][j];	=	cjump	O2--unroll-count=0|O2--unroll-full-max-count=0|O2--unroll-threshold-default=0|O2--unroll-threshold-default=50|O2--unroll-threshold=0|O2--unroll-threshold=50|O2-fno-unroll-loops|O3--unroll-count=0|O3--unroll-full-max-count=0|O3--unroll-threshold-aggressive=0|O3--unroll-threshold-aggressive=50|O3--unroll-threshold=0|O3--unroll-threshold=50|O3-fno-unroll-loops|Ofast--unroll-count=0|Ofast--unroll-full-max-count=0|Ofast--unroll-threshold-aggressive=0|Ofast--unroll-threshold-aggressive=50|Ofast--unroll-threshold=0|Ofast--unroll-threshold=50|Ofast-fno-unroll-loops
do_ecb_encrypt	cipher.c	1102	22	  nblocks = inbuflen / blocksize;	/	mdiv	O2--disable-cgp|O3--disable-cgp|Ofast--disable-cgp
do_ecb_decrypt	cipher.c	1102	22	  nblocks = inbuflen / blocksize;	/	mdiv	O2--disable-cgp|O3--disable-cgp|Ofast--disable-cgp
_gcry_mceliece6688128f_enc	mceliece6688128f.c	2223	16	   mask = i ^ (ind[j] >> 6);	i	cjump	O2--jump-threading-across-loop-headers|O3--jump-threading-across-loop-headers|Ofast--jump-threading-across-loop-headers|Os--force-vector-interleave=50|Os--force-vector-width=100|Os--force-vector-width=50|Os--jump-threading-across-loop-headers
_gcry_sntrup761_keypair	sntrup761.c	543	13	 g[i] = g[i + 1];	+	cjump	O2-ffreestanding|O2-fno-builtin
_gcry_cipher_cfb8_decrypt	cipher-cfb.c	304	37	        c->u_iv.iv[i] = c->u_iv.iv[i+1];	+	cjump	O2-ffreestanding|O2-fno-builtin|O2-fwrapv|O3-ffreestanding|O3-fno-builtin|O3-fwrapv|Ofast-ffreestanding|Ofast-fno-builtin
_gcry_cipher_cfb8_encrypt	cipher-cfb.c	256	37	        c->u_iv.iv[i] = c->u_iv.iv[i+1];	+	cjump	O2-ffreestanding|O2-fno-builtin|O2-fwrapv|O3-ffreestanding|O3-fno-builtin|O3-fwrapv|Ofast-ffreestanding|Ofast-fno-builtin
_gcry_sntrup761_keypair	sntrup761.c	653	13	 g[i] = g[i + 1];	+	cjump	O2-ffreestanding|O2-fno-builtin|O3-ffreestanding|O3-fno-builtin|Ofast-ffreestanding|Ofast-fno-builtin
Hash_prefix	sntrup761.c	705	9	    x[i + 1] = in[i];	+	cjump	O2-ffreestanding|O2-fno-builtin|O3-ffreestanding|O3-fno-builtin|Ofast-ffreestanding|Ofast-fno-builtin
_ZL14do_vsexp_sscanPP9gcry_sexpPmPKcmiPPvP13__va_list_tag.__uniq.288420769118052529225994376692035028141	sexp.c	1740	12	   *erroff = p - buffer;	=	cjump	O2-fpseudo-probe-for-profiling
_ZL14do_vsexp_sscanPP9gcry_sexpPmPKcmiPPvP13__va_list_tag.__uniq.288420769118052529225994376692035028141	sexp.c	1733	12	   *erroff = p - buffer;	=	cjump	O2-fpseudo-probe-for-profiling
indcpa_enc_2	./kyber-kdep.c	290	5	    for(start = 0; start < 256; start = j + len) {	f	mdiv	O2--rotation-max-header-size=0
_gcry_mlkem_decap	kyber.c	290	5	    for(start = 0; start < 256; start = j + len) {	f	mdiv	O2--rotation-max-header-size=0
indcpa_enc_3	./kyber-kdep.c	290	5	    for(start = 0; start < 256; start = j + len) {	f	mdiv	O2--rotation-max-header-size=0
crypto_kem_keypair_derand_4	./kyber-kdep.c	290	5	    for(start = 0; start < 256; start = j + len) {	f	mdiv	O2--rotation-max-header-size=0
Short_random	sntrup761.c	72	7	      for (j = i; j < n - p; ++j)	f	mdiv	O2--rotation-max-header-size=0|O3--rotation-max-header-size=0|Ofast--rotation-max-header-size=0
crypto_kem_keypair_derand_3	./kyber-kdep.c	290	5	    for(start = 0; start < 256; start = j + len) {	f	mdiv	O2--rotation-max-header-size=0
crypto_kem_keypair_derand_2	./kyber-kdep.c	290	5	    for(start = 0; start < 256; start = j + len) {	f	mdiv	O2--rotation-max-header-size=0
indcpa_enc_4	./kyber-kdep.c	290	5	    for(start = 0; start < 256; start = j + len) {	f	mdiv	O2--rotation-max-header-size=0
_gcry_mceliece6688128f_keypair	mceliece6688128f.c	1888	9	      d &= m;	&	cjump	O2--sroa-skip-mem2reg|O3--sroa-skip-mem2reg|Ofast--sroa-skip-mem2reg
fft_tr	mceliece6688128f.c	2598	17	   in[1][i] ^= (in[1][i] & mask[k][0]) << (1 << k);	i	cjump	O2--force-target-instruction-cost=100|O2--force-target-instruction-cost=50|O3--force-target-instruction-cost=100|O3--force-target-instruction-cost=50|Ofast--force-target-instruction-cost=100|Ofast--force-target-instruction-cost=50|Os--force-target-instruction-cost=100|Os--force-target-instruction-cost=50
_gcry_mceliece6688128f_dec	mceliece6688128f.c	1689	13	   bb[0][i] = bb[1][i] = vec_setbits((b >> i) & 1);	=	cjump	O2--force-target-instruction-cost=100|O2--force-target-instruction-cost=50|Os--force-target-instruction-cost=100|Os--force-target-instruction-cost=50
fft_tr	mceliece6688128f.c	2599	13	   in[1][i] ^= (in[1][i] & mask[k][1]) << (1 << k);	^	cjump	O2--force-target-instruction-cost=100|O2--force-target-instruction-cost=50|O3--force-target-instruction-cost=100|O3--force-target-instruction-cost=50|Ofast--force-target-instruction-cost=100|Ofast--force-target-instruction-cost=50|Os--force-target-instruction-cost=100|Os--force-target-instruction-cost=50
fft_tr	mceliece6688128f.c	2613	13	   in[3][i] ^= in[3][i] << 32;	^	cjump	O2--force-target-instruction-cost=100|O2--force-target-instruction-cost=50|Os--force-target-instruction-cost=100|Os--force-target-instruction-cost=50
fft_tr	mceliece6688128f.c	2609	13	   in[1][i] ^= in[0][i] >> 32;	^	cjump	O2--force-target-instruction-cost=100|O2--force-target-instruction-cost=50|Os--force-target-instruction-cost=100|Os--force-target-instruction-cost=50
fft_tr	mceliece6688128f.c	2612	16	   in[3][i] ^= in[2][i] >> 32;	i	cjump	O2--force-target-instruction-cost=100|O2--force-target-instruction-cost=50|Os--force-target-instruction-cost=100|Os--force-target-instruction-cost=50
fft_tr	mceliece6688128f.c	2600	17	   in[2][i] ^= (in[2][i] & mask[k][0]) << (1 << k);	i	cjump	O2--force-target-instruction-cost=100|O2--force-target-instruction-cost=50|O3--force-target-instruction-cost=100|O3--force-target-instruction-cost=50|Ofast--force-target-instruction-cost=100|Ofast--force-target-instruction-cost=50|Os--force-target-instruction-cost=100|Os--force-target-instruction-cost=50
fft_tr	mceliece6688128f.c	2603	13	   in[3][i] ^= (in[3][i] & mask[k][1]) << (1 << k);	^	cjump	O2--force-target-instruction-cost=100|O2--force-target-instruction-cost=50|O3--force-target-instruction-cost=100|O3--force-target-instruction-cost=50|Ofast--force-target-instruction-cost=100|Ofast--force-target-instruction-cost=50|Os--force-target-instruction-cost=100|Os--force-target-instruction-cost=50
fft_tr	mceliece6688128f.c	2763	17	   out[3][b] ^= pre[i][1][b];	p	cjump	O2--force-target-instruction-cost=100|O2--force-target-instruction-cost=50|Os--force-target-instruction-cost=100|Os--force-target-instruction-cost=50
fft_tr	mceliece6688128f.c	2762	14	   out[2][b] ^= pre[i][0][b];	^	cjump	O2--force-target-instruction-cost=100|O2--force-target-instruction-cost=50|Os--force-target-instruction-cost=100|Os--force-target-instruction-cost=50
fft_tr	mceliece6688128f.c	2763	14	   out[3][b] ^= pre[i][1][b];	^	cjump	O2--force-target-instruction-cost=100|O2--force-target-instruction-cost=50|Os--force-target-instruction-cost=100|Os--force-target-instruction-cost=50
_gcry_mceliece6688128f_dec	mceliece6688128f.c	1688	13	   dd[0][i] = dd[1][i] = vec_setbits((d >> i) & 1);	=	cjump	O2--force-target-instruction-cost=100|O2--force-target-instruction-cost=50|Os--force-target-instruction-cost=100|Os--force-target-instruction-cost=50
fft_tr	mceliece6688128f.c	2609	16	   in[1][i] ^= in[0][i] >> 32;	i	cjump	O2--force-target-instruction-cost=100|O2--force-target-instruction-cost=50|Os--force-target-instruction-cost=100|Os--force-target-instruction-cost=50
fft_tr	mceliece6688128f.c	2597	13	   in[0][i] ^= (in[0][i] & mask[k][1]) << (1 << k);	^	cjump	O2--force-target-instruction-cost=100|O2--force-target-instruction-cost=50|O3--force-target-instruction-cost=100|O3--force-target-instruction-cost=50|Ofast--force-target-instruction-cost=100|Ofast--force-target-instruction-cost=50|Os--force-target-instruction-cost=100|Os--force-target-instruction-cost=50
fft_tr	mceliece6688128f.c	2601	13	   in[2][i] ^= (in[2][i] & mask[k][1]) << (1 << k);	^	cjump	O2--force-target-instruction-cost=100|O2--force-target-instruction-cost=50|O3--force-target-instruction-cost=100|O3--force-target-instruction-cost=50|Ofast--force-target-instruction-cost=100|Ofast--force-target-instruction-cost=50|Os--force-target-instruction-cost=100|Os--force-target-instruction-cost=50
fft_tr	mceliece6688128f.c	2612	13	   in[3][i] ^= in[2][i] >> 32;	^	cjump	O2--force-target-instruction-cost=100|O2--force-target-instruction-cost=50|Os--force-target-instruction-cost=100|Os--force-target-instruction-cost=50
fft_tr	mceliece6688128f.c	2602	17	   in[3][i] ^= (in[3][i] & mask[k][0]) << (1 << k);	i	cjump	O2--force-target-instruction-cost=100|O2--force-target-instruction-cost=50|O3--force-target-instruction-cost=100|O3--force-target-instruction-cost=50|Ofast--force-target-instruction-cost=100|Ofast--force-target-instruction-cost=50|Os--force-target-instruction-cost=100|Os--force-target-instruction-cost=50
fft_tr	mceliece6688128f.c	2762	17	   out[2][b] ^= pre[i][0][b];	p	cjump	O2--force-target-instruction-cost=100|O2--force-target-instruction-cost=50|Os--force-target-instruction-cost=100|Os--force-target-instruction-cost=50
fft_tr	mceliece6688128f.c	2596	17	   in[0][i] ^= (in[0][i] & mask[k][0]) << (1 << k);	i	cjump	O2--force-target-instruction-cost=100|O2--force-target-instruction-cost=50|O3--force-target-instruction-cost=100|O3--force-target-instruction-cost=50|Ofast--force-target-instruction-cost=100|Ofast--force-target-instruction-cost=50|Os--force-target-instruction-cost=100|Os--force-target-instruction-cost=50
_gcry_mpih_submul_1	mpih-mul3.c	51	3	  do	d	cjump	O2--unroll-runtime|O3--unroll-runtime|Ofast--unroll-runtime
_gcry_mpih_powm_lli	mpih-pow.c	265	7	      do	d	cjump	O2--unroll-runtime|O3--unroll-runtime|Ofast--unroll-runtime
_gcry_mpih_add_n	mpih-add1.c	51	3	  do	d	cjump	O2--unroll-runtime|O3--unroll-runtime|Ofast--unroll-runtime
_gcry_mpih_addmul_1	mpih-mul2.c	51	3	  do	d	cjump	O2--unroll-runtime|O3--unroll-runtime|Ofast--unroll-runtime
_gcry_mpih_sub_n	mpih-sub1.c	51	3	  do	d	cjump	O2--unroll-runtime|O3--unroll-runtime|Ofast--unroll-runtime
transform	stribog.c	1270	3	  do	d	cjump	O2--unroll-runtime|O3--unroll-runtime|Ofast--unroll-runtime
transform	gostr3411-94.c	289	3	  do	d	cjump	O2--unroll-runtime|O3--unroll-runtime|Ofast--unroll-runtime
_gcry_mpih_mul_1	mpih-mul1.c	51	3	  do	d	cjump	O2--unroll-runtime|O3--unroll-runtime|Ofast--unroll-runtime
Short_random	sntrup761.c	106	10	       i += 2 * p;	+	cjump	O2--enable-nontrivial-unswitch
do_vsexp_sscan	sexp.c	1749	12	   *erroff = p - buffer;	=	cjump	O3--cold-callsite-rel-freq=50|O3--disable-cgp|O3--disable-machine-sink|O3--enable-tail-merge=false|O3--inline-call-penalty=50|O3--inline-memaccess-cost=100|O3--inline-memaccess-cost=50|O3--jump-threading-across-loop-headers|O3--jump-threading-phi-threshold=0|O3--jump-threading-threshold=0|O3--jump-threading-threshold=100|O3--jump-threading-threshold=50|O3--rotation-max-header-size=0|O3--tail-merge-threshold=0|O3-fapple-kext|O3-fconvergent-functions|O3-fcs-profile-generate|O3-ffreestanding|O3-finstrument-functions|O3-fno-builtin|O3-fprofile-generate|O3-fsycl|Ofast--disable-cgp|Ofast--disable-machine-cse|Ofast--disable-machine-sink|Ofast--inline-memaccess-cost=100|Ofast--inline-memaccess-cost=50|Ofast--jump-threading-across-loop-headers|Ofast--jump-threading-phi-threshold=0|Ofast--rotation-max-header-size=0|Ofast-fapple-kext|Ofast-fcs-profile-generate|Ofast-ffreestanding|Ofast-finstrument-functions|Ofast-fno-builtin|Ofast-fprofile-generate|Os--aggressive-machine-cse|Os--bonus-inst-threshold=0|Os--bonus-inst-threshold=100|Os--bonus-inst-threshold=50|Os--disable-machine-cse|Os--enable-coldcc-stress-test|Os--enable-gvn-sink|Os--jump-threading-across-loop-headers|Os--jump-threading-phi-threshold=0|Os--simplifycfg-branch-fold-common-dest-vector-multiplier=0|Os--simplifycfg-branch-fold-threshold=0|Os-fapple-kext|Os-fcs-profile-generate|Os-ffreestanding|Os-finline-hint-functions|Os-fno-builtin|Os-fprofile-generate|Oz--aggressive-machine-cse|Oz--bonus-inst-threshold=0|Oz--bonus-inst-threshold=100|Oz--bonus-inst-threshold=50|Oz--disable-machine-cse|Oz--enable-coldcc-stress-test|Oz--enable-gvn-sink|Oz--jump-threading-phi-threshold=0|Oz--simplifycfg-branch-fold-common-dest-vector-multiplier=0|Oz-fapple-kext|Oz-fcs-profile-generate|Oz-ffreestanding|Oz-fno-builtin|Oz-fno-inline|Oz-fno-inline-functions|Oz-fprofile-generate
do_vsexp_sscan	sexp.c	1717	16	       *erroff = p - buffer;	=	cjump	O3--cold-callsite-rel-freq=50|O3--disable-branch-fold|O3--disable-cgp|O3--disable-machine-sink|O3--enable-tail-merge=false|O3--inline-call-penalty=50|O3--inline-memaccess-cost=100|O3--inline-memaccess-cost=50|O3--jump-threading-phi-threshold=0|O3--jump-threading-threshold=0|O3--jump-threading-threshold=100|O3--jump-threading-threshold=50|O3--rotation-max-header-size=0|O3--scalar-evolution-huge-expr-threshold=0|O3--tail-merge-size=100|O3--tail-merge-size=50|O3--tail-merge-threshold=0|O3-fapple-kext|O3-fconvergent-functions|O3-fcs-profile-generate|O3-ffreestanding|O3-finstrument-functions|O3-fno-builtin|O3-fprofile-generate|O3-fsycl|Ofast--disable-cgp|Ofast--disable-machine-cse|Ofast--disable-machine-sink|Ofast--inline-memaccess-cost=100|Ofast--inline-memaccess-cost=50|Ofast--jump-threading-phi-threshold=0|Ofast--rotation-max-header-size=0|Ofast--scalar-evolution-huge-expr-threshold=0|Ofast-fapple-kext|Ofast-fcs-profile-generate|Ofast-ffreestanding|Ofast-finstrument-functions|Ofast-fno-builtin|Ofast-fprofile-generate|Os--aggressive-machine-cse|Os--bonus-inst-threshold=0|Os--bonus-inst-threshold=100|Os--bonus-inst-threshold=50|Os--disable-machine-cse|Os--enable-coldcc-stress-test|Os--enable-gvn-sink|Os--jump-threading-across-loop-headers|Os--jump-threading-phi-threshold=0|Os--simplifycfg-branch-fold-common-dest-vector-multiplier=0|Os--simplifycfg-branch-fold-threshold=0|Os-fapple-kext|Os-fcs-profile-generate|Os-ffreestanding|Os-finline-hint-functions|Os-fno-builtin|Os-fprofile-generate|Oz--aggressive-machine-cse|Oz--bonus-inst-threshold=100|Oz--bonus-inst-threshold=50|Oz--disable-machine-cse|Oz--enable-coldcc-stress-test|Oz--enable-gvn-sink|Oz--jump-threading-phi-threshold=0|Oz--simplifycfg-branch-fold-threshold=0|Oz-fapple-kext|Oz-fcs-profile-generate|Oz-ffreestanding|Oz-fno-builtin|Oz-fno-inline|Oz-fno-inline-functions|Oz-fprofile-generate
_gcry_sntrup761_dec	sntrup761.c	1060	14	    r_enc[i] ^= mask & (r_enc[i] ^ rho[i]);	^	mmem	O3--inline-instr-cost=0|O3--rotation-max-header-size=0|O3--scalar-evolution-huge-expr-threshold=0|O3--unswitch-num-initial-unscaled-candidates=-1|O3--unswitch-num-initial-unscaled-candidates=0|O3--unswitch-threshold=0|O3-fapple-kext|O3-ffreestanding|O3-fno-builtin|O3-fprofile-arcs|O3-fprofile-generate|O3-fprofile-instr-generate|Ofast--inline-instr-cost=0|Ofast--rotation-max-header-size=0|Ofast--scalar-evolution-huge-expr-threshold=0|Ofast--unswitch-num-initial-unscaled-candidates=-1|Ofast--unswitch-num-initial-unscaled-candidates=0|Ofast--unswitch-threshold=0|Ofast-fapple-kext|Ofast-ffreestanding|Ofast-fno-builtin|Ofast-fprofile-arcs|Ofast-fprofile-generate|Ofast-fprofile-instr-generate
do_vsexp_sscan	sexp.c	1397	13	    *erroff = p - buffer;	=	cjump	O3--disable-branch-fold|O3--enable-tail-merge=false|O3--inline-call-penalty=50|O3--inline-memaccess-cost=100|O3--jump-threading-phi-threshold=0|O3--tail-merge-threshold=0|O3-fapple-kext|O3-fconvergent-functions|O3-fcs-profile-generate|O3-ffreestanding|O3-fno-builtin|O3-fprofile-generate|O3-fsycl|Ofast--disable-machine-cse|Ofast--inline-memaccess-cost=100|Ofast--jump-threading-phi-threshold=0|Ofast-fapple-kext|Ofast-fcs-profile-generate|Ofast-ffreestanding|Ofast-fno-builtin|Ofast-fprofile-generate|Os--disable-machine-cse|Os--jump-threading-phi-threshold=0|Os-fcs-profile-generate|Os-fprofile-generate|Oz--disable-machine-cse|Oz--jump-threading-phi-threshold=0|Oz-fcs-profile-generate|Oz-fprofile-generate
do_vsexp_sscan	sexp.c	1694	16	       *erroff = p - buffer;	=	cjump	O3--disable-branch-fold|O3--enable-tail-merge=false|O3--inline-call-penalty=50|O3--inline-memaccess-cost=100|O3--jump-threading-phi-threshold=0|O3--jump-threading-threshold=0|O3--tail-merge-threshold=0|O3-fapple-kext|O3-fconvergent-functions|O3-fcs-profile-generate|O3-ffreestanding|O3-fno-builtin|O3-fprofile-generate|O3-fsycl|Ofast--disable-machine-cse|Ofast--inline-memaccess-cost=100|Ofast--jump-threading-phi-threshold=0|Ofast-fapple-kext|Ofast-fcs-profile-generate|Ofast-ffreestanding|Ofast-fno-builtin|Ofast-fprofile-generate|Os--disable-machine-cse|Os--jump-threading-phi-threshold=0|Os-fcs-profile-generate|Os-fprofile-generate|Oz--disable-machine-cse|Oz--jump-threading-phi-threshold=0|Oz-fcs-profile-generate|Oz-fprofile-generate
do_vsexp_sscan	sexp.c	1667	16	       *erroff = p - buffer;	=	cjump	O3--cold-callsite-rel-freq=50|O3--disable-branch-fold|O3--enable-tail-merge=false|O3--inline-call-penalty=50|O3--inline-memaccess-cost=100|O3--jump-threading-phi-threshold=0|O3--jump-threading-threshold=0|O3--tail-merge-threshold=0|O3-fapple-kext|O3-fconvergent-functions|O3-fcs-profile-generate|O3-ffreestanding|O3-fno-builtin|O3-fprofile-generate|O3-fsycl|Ofast--disable-machine-cse|Ofast--inline-memaccess-cost=100|Ofast--jump-threading-phi-threshold=0|Ofast-fapple-kext|Ofast-fcs-profile-generate|Ofast-ffreestanding|Ofast-fno-builtin|Ofast-fprofile-generate|Os--disable-machine-cse|Os--jump-threading-phi-threshold=0|Os-fcs-profile-generate|Os-fprofile-generate|Oz--disable-machine-cse|Oz--jump-threading-phi-threshold=0|Oz-fcs-profile-generate|Oz-fprofile-generate
do_vsexp_sscan	sexp.c	1552	27	                  *erroff = p - buffer;	=	cjump	O3--cold-callsite-rel-freq=50|O3--disable-branch-fold|O3--enable-tail-merge=false|O3--inline-call-penalty=50|O3--inline-memaccess-cost=100|O3--jump-threading-across-loop-headers|O3--jump-threading-phi-threshold=0|O3--tail-merge-threshold=0|O3-fapple-kext|O3-fconvergent-functions|O3-fcs-profile-generate|O3-ffreestanding|O3-finstrument-functions|O3-fno-builtin|O3-fprofile-generate|O3-fsycl|Ofast--aggressive-machine-cse|Ofast--disable-machine-cse|Ofast--inline-memaccess-cost=100|Ofast--jump-threading-across-loop-headers|Ofast--jump-threading-phi-threshold=0|Ofast-fapple-kext|Ofast-fcs-profile-generate|Ofast-ffreestanding|Ofast-finstrument-functions|Ofast-fno-builtin|Ofast-fprofile-generate|Os--aggressive-machine-cse|Os--disable-machine-cse|Os--jump-threading-phi-threshold=0|Os-fcs-profile-generate|Os-fprofile-generate|Oz--aggressive-machine-cse|Oz--disable-machine-cse|Oz--jump-threading-phi-threshold=0|Oz--sroa-skip-mem2reg|Oz-fcs-profile-generate|Oz-fprofile-generate
cmac_tag	cipher-cmac.c	238	14	      return buf_eq_const (tag, ctx->u_iv.iv, taglen) ?	b	cjump	O3--x86-cmov-converter-force-all|Ofast--x86-cmov-converter-force-all|Os--x86-cmov-converter-force-all|Oz--x86-cmov-converter-force-all
_gcry_mpih_powm_lli	mpih-pow.c	101	24	                       & mpih_limb_is_zero (cy1));	&	cjump	O3--x86-cmov-converter-force-all|Ofast--x86-cmov-converter-force-all
mont_mul	mpih-pow.c	101	24	                       & mpih_limb_is_zero (cy1));	&	cjump	O3--x86-cmov-converter-force-all|Ofast--x86-cmov-converter-force-all
_gcry_mpih_powm_lli	mpih-pow.c	87	14	      s1_size--;	-	cjump	O3-ftrapv|Ofast-ftrapv
_ZL12Short_randomPaPvPFvS0_mPhE.__uniq.47582316985060396007221597788315839115	sntrup761.c	97	4	   while (i + p <= n - q)	w	mdiv	O3-fpseudo-probe-for-profiling|Ofast-fpseudo-probe-for-profiling
Short_random	sntrup761.c	97	4	   while (i + p <= n - q)	w	mdiv	O3-fprofile-generate|Ofast-fprofile-generate|Oz--scev-cheap-expansion-budget=100|Oz--scev-cheap-expansion-budget=50
Short_random	sntrup761.c	89	12	  x[j + p] = a;	=	cjump	O3-fprofile-generate|Ofast-fprofile-generate
_gcry_ecc_mul_point	ecc-ecdh.c	353	10	  return _gcry_ecc_curve_mul_point (curve, result, pubkey_len,	_	cjump	O3--force-specialization|Ofast--force-specialization
main	fipsdrv.c	2632	40	          err = run_external_rng_test (context, buffer, sizeof buffer);	c	mdiv	O3--fast-isel|Ofast--fast-isel
Short_random	sntrup761.c	68	4	   for (j = i; j < i + p; ++j)	f	mdiv	Ofast--scev-addops-inline-threshold=0|Ofast--scev-mulops-inline-threshold=0
_gcry_mpi_print	mpicoder.c	803	17	      *nwritten = n;	=	cjump	Os--disable-cgp|Os--disable-machine-cse|Os--fast-isel|Os--jump-is-expensive|Os--jump-threading-phi-threshold=0|Os--pre-RA-sched=linearize|Os-fcs-profile-generate|Os-finstrument-functions|Os-fprofile-generate|Oz--aggressive-machine-cse|Oz--disable-cgp|Oz--disable-machine-cse|Oz--fast-isel|Oz--jump-threading-phi-threshold=0|Oz--pre-RA-sched=fast|Oz--pre-RA-sched=linearize|Oz-fcs-profile-generate|Oz-finstrument-functions|Oz-fprofile-generate
_gcry_mpi_print	mpicoder.c	780	17	      *nwritten = n;	=	cjump	Os--disable-cgp|Os--disable-machine-cse|Os--fast-isel|Os--jump-is-expensive|Os--jump-threading-phi-threshold=0|Os--pre-RA-sched=linearize|Os-fcs-profile-generate|Os-finstrument-functions|Os-fprofile-generate|Oz--aggressive-machine-cse|Oz--disable-cgp|Oz--disable-machine-cse|Oz--fast-isel|Oz--jump-threading-phi-threshold=0|Oz--pre-RA-sched=fast|Oz--pre-RA-sched=linearize|Oz-fcs-profile-generate|Oz-finstrument-functions|Oz-fprofile-generate
bm	mceliece6688128f.c	1672	35	  interval[0][i] = interval[1][i] = 0;	=	cjump	Os--inline-instr-cost=100|Os--inline-max-stacksize=0|Os--inline-max-stacksize=50|Os-finline-hint-functions|Os-finline-max-stacksize=0|Os-finline-max-stacksize=50|Os-finstrument-functions|Os-fno-inline|Os-fno-inline-functions
_gcry_poly1305_init	poly1305.c	837	13	 all_msg[j] = i;	=	cjump	Os-ffreestanding|Os-fno-builtin
_gcry_dsa_gen_rfc6979_k	dsa-common.c	229	10	    V[i] = 1;	=	cjump	Os-ffreestanding|Os-fno-builtin
prime_generate_internal	primegen.c	425	24	        pool_in_use[i] = -1;	=	cjump	Os-ffreestanding|Os-fno-builtin
_gcry_sntrup761_keypair	sntrup761.c	504	10	    r[i] = 0;	=	cjump	Os--scalar-evolution-huge-expr-threshold=0|Os-ffreestanding|Os-fno-builtin
_gcry_sntrup761_keypair	sntrup761.c	616	10	    f[i] = 0;	=	cjump	Os--scalar-evolution-huge-expr-threshold=0|Os-ffreestanding|Os-fno-builtin
prime_generate_internal	primegen.c	400	20	    pool_in_use[i] = -1;	=	cjump	Os-ffreestanding|Os-fno-builtin
_gcry_sntrup761_keypair	sntrup761.c	507	10	    f[i] = 0;	=	cjump	Os--scalar-evolution-huge-expr-threshold=0|Os-ffreestanding|Os-fno-builtin
_gcry_mpi_lshift_limbs	mpi-bit.c	326	11	    ap[i] = 0;	=	cjump	Os-ffreestanding|Os-fno-builtin
_gcry_sntrup761_keypair	sntrup761.c	502	10	    v[i] = 0;	=	cjump	Os--scalar-evolution-huge-expr-threshold=0|Os-ffreestanding|Os-fno-builtin
_gcry_mpi_lshift	mpi-bit.c	371	11	    xp[i] = 0;	=	cjump	Os-ffreestanding|Os-fno-builtin
_gcry_sntrup761_keypair	sntrup761.c	611	10	    v[i] = 0;	=	cjump	Os--scalar-evolution-huge-expr-threshold=0|Os-ffreestanding|Os-fno-builtin
_gcry_mceliece6688128f_keypair	mceliece6688128f.c	2968	11	  prod[i] = 0;	=	cjump	Os--scalar-evolution-huge-expr-threshold=0|Os-ffreestanding|Os-fno-builtin
_gcry_sntrup761_keypair	sntrup761.c	613	10	    r[i] = 0;	=	cjump	Os--scalar-evolution-huge-expr-threshold=0|Os-ffreestanding|Os-fno-builtin
vec_mul	mceliece6688128f.c	3558	10	  buf[i] = 0;	=	cjump	Os--scalar-evolution-huge-expr-threshold=0|Os-ffreestanding|Os-fno-builtin
_gcry_sntrup761_dec	sntrup761.c	899	10	    r[i] = R[i] * 3 - q12;	=	cjump	Os--force-target-instruction-cost=100|Os--force-target-instruction-cost=50|Os--force-vector-interleave=50|Os--force-vector-width=100|Os--force-vector-width=50
_gcry_sntrup761_keypair	sntrup761.c	620	18	    g[p - 1 - i] = in[i];	=	cjump	Os--force-target-instruction-cost=100|Os--force-target-instruction-cost=50|Os--force-vector-interleave=50|Os--force-vector-width=100|Os--force-vector-width=50
_gcry_mceliece6688128f_dec	mceliece6688128f.c	1603	15	  in[0][i] = (in[0][i] >> 1) | (in[1][i] << 63);	i	cjump	Os--force-target-instruction-cost=100|Os--force-target-instruction-cost=50
vec_mul	mceliece6688128f.c	3562	12	  buf[i+j] ^= f[i] & g[j];	^	cjump	Os--force-target-instruction-cost=100|Os--force-target-instruction-cost=50
_gcry_sntrup761_keypair	sntrup761.c	549	12	    out[i] = sign * v[p - 1 - i];	=	cjump	Os--force-target-instruction-cost=100|Os--force-target-instruction-cost=50|Os--force-vector-interleave=50|Os--force-vector-width=100|Os--force-vector-width=50
_gcry_sntrup761_keypair	sntrup761.c	648	7	 g[i] = Fq_freeze (f0 * g[i] - g0 * f[i]);	=	cjump	Os--force-target-instruction-cost=100|Os--force-target-instruction-cost=50|Os--force-vector-interleave=50|Os--force-vector-width=100|Os--force-vector-width=50
_gcry_ct_memequal	const-time.c	52	13	      ab |= a[i] - b[i];	a	cjump	Os--force-target-instruction-cost=100|Os--force-target-instruction-cost=50|Os--force-vector-interleave=50|Os--force-vector-width=100|Os--force-vector-width=50
_gcry_sntrup761_keypair	sntrup761.c	531	9	   g[i] ^= t;	^	cjump	Os--force-target-instruction-cost=100|Os--force-target-instruction-cost=50|Os--force-vector-width=100|Os--force-vector-width=50
_gcry_mceliece6688128f_dec	mceliece6688128f.c	2030	13	  out[i][j] = inv[i][j] & recv[i];	=	cjump	Os--force-target-instruction-cost=100|Os--force-target-instruction-cost=50
main	fipsdrv.c	1171	22	            input[i] ^= output[i];	^	cjump	Os--force-target-instruction-cost=100|Os--force-target-instruction-cost=50|Os--force-vector-interleave=50|Os--force-vector-width=100|Os--force-vector-width=50
cbrecursion	mceliece6688128f.c	1787	14	        B[x] = int32_min(ppcx,ppcpx);	=	cjump	Os--force-target-instruction-cost=100|Os--force-target-instruction-cost=50|Os--force-vector-interleave=50|Os--force-vector-width=100|Os--force-vector-width=50
cbrecursion	mceliece6688128f.c	1786	38	        int32 ppcx = (A[x]&0xffc00)|(B[x]&0x3ff);	B	cjump	Os--force-target-instruction-cost=100|Os--force-target-instruction-cost=50|Os--force-vector-width=100|Os--force-vector-width=50
_gcry_sntrup761_keypair	sntrup761.c	538	20	 g[i] = F3_freeze (g[i] + sign * f[i]);	g	cjump	Os--force-target-instruction-cost=100|Os--force-target-instruction-cost=50|Os--force-vector-width=100|Os--force-vector-width=50
_gcry_sntrup761_keypair	sntrup761.c	530	9	   f[i] ^= t;	^	cjump	Os--force-target-instruction-cost=100|Os--force-target-instruction-cost=50|Os--force-vector-width=100|Os--force-vector-width=50
fft	mceliece6688128f.c	2370	16	   in[1][i] ^= in[1][i] >> 32;	i	cjump	Os--force-target-instruction-cost=100|Os--force-target-instruction-cost=50
_gcry_sntrup761_keypair	sntrup761.c	650	7	 r[i] = Fq_freeze (f0 * r[i] - g0 * v[i]);	=	cjump	Os--force-target-instruction-cost=100|Os--force-target-instruction-cost=50|Os--force-vector-interleave=50|Os--force-vector-width=100|Os--force-vector-width=50
Hide	sntrup761.c	871	10	    r[i] = ((Fq) R[i]) - q12;	=	cjump	Os--force-target-instruction-cost=100|Os--force-target-instruction-cost=50|Os--force-vector-interleave=50|Os--force-vector-width=100|Os--force-vector-width=50
_gcry_sntrup761_dec	sntrup761.c	796	10	    r[i] = ((ev[i] ^ 1) & ~mask) ^ 1;	=	cjump	Os--force-target-instruction-cost=100|Os--force-target-instruction-cost=50|Os--force-vector-interleave=50|Os--force-vector-width=100|Os--force-vector-width=50
_gcry_sntrup761_keypair	sntrup761.c	529	23	   t = swap & (f[i] ^ g[i]);	g	cjump	Os--force-target-instruction-cost=100|Os--force-target-instruction-cost=50|Os--force-vector-width=100|Os--force-vector-width=50
Short_random	sntrup761.c	688	12	    out[i] = (L[i] & 3) - 1;	=	cjump	Os--force-target-instruction-cost=100|Os--force-target-instruction-cost=50|Os--force-vector-interleave=50|Os--force-vector-width=100|Os--force-vector-width=50
_gcry_mceliece6688128f_dec	mceliece6688128f.c	1704	28	   C[1][i] = B_tmp[1][i] ^ C_tmp[1][i];	C	cjump	Os--force-target-instruction-cost=100|Os--force-target-instruction-cost=50
_gcry_mceliece6688128f_dec	mceliece6688128f.c	1604	12	  in[1][i] = (in[1][i] >> 1) | (tmp      << 63);	=	cjump	Os--force-target-instruction-cost=100|Os--force-target-instruction-cost=50
cbrecursion	mceliece6688128f.c	1785	23	        int32 ppcpx = A[x]&0xfffff;	A	cjump	Os--force-target-instruction-cost=100|Os--force-target-instruction-cost=50|Os--force-vector-width=100|Os--force-vector-width=50
fft	mceliece6688128f.c	2370	13	   in[1][i] ^= in[1][i] >> 32;	^	cjump	Os--force-target-instruction-cost=100|Os--force-target-instruction-cost=50
_gcry_camellia_ctr_enc	camellia-glue.c	174	10	  out->a = be_bswap64(val);	=	cjump	Os--force-target-instruction-cost=100|Os--force-target-instruction-cost=50|Os--force-vector-interleave=50|Os--force-vector-width=100|Os--force-vector-width=50
_gcry_sntrup761_keypair	sntrup761.c	511	18	    g[p - 1 - i] = in[i];	=	cjump	Os--force-target-instruction-cost=100|Os--force-target-instruction-cost=50|Os--force-vector-interleave=50|Os--force-vector-width=100|Os--force-vector-width=50
_gcry_sntrup761_dec	sntrup761.c	596	10	    h[i] = Fq_freeze (3 * f[i]);	=	cjump	Os--force-target-instruction-cost=100|Os--force-target-instruction-cost=50|Os--force-vector-interleave=50|Os--force-vector-width=100|Os--force-vector-width=50
_gcry_sntrup761_keypair	sntrup761.c	855	10	    R[i] = r[i] + q12;	=	cjump	Os--force-target-instruction-cost=100|Os--force-target-instruction-cost=50|Os--force-vector-interleave=50|Os--force-vector-width=100|Os--force-vector-width=50
_gcry_sntrup761_dec	sntrup761.c	1039	32	    differentbits |= (*c++) ^ (*c2++);	*	cjump	Os--force-target-instruction-cost=100|Os--force-target-instruction-cost=50|Os--force-vector-interleave=50|Os--force-vector-width=100|Os--force-vector-width=50
cbrecursion	mceliece6688128f.c	1814	37	        int32 cpx = (B[x]&~0xffff)|(A[x]&0xffff);	A	cjump	Os--force-target-instruction-cost=100|Os--force-target-instruction-cost=50|Os--force-vector-width=100|Os--force-vector-width=50
_gcry_sntrup761_dec	sntrup761.c	457	25	    out[i] = F3_freeze (r[i]);	r	cjump	Os--force-target-instruction-cost=100|Os--force-target-instruction-cost=50|Os--force-vector-width=100|Os--force-vector-width=50
_gcry_sntrup761_keypair	sntrup761.c	650	25	 r[i] = Fq_freeze (f0 * r[i] - g0 * v[i]);	r	cjump	Os--force-target-instruction-cost=100|Os--force-target-instruction-cost=50|Os--force-vector-width=100|Os--force-vector-width=50
_gcry_sntrup761_keypair	sntrup761.c	640	16	   t = swap & (v[i] ^ r[i]);	v	cjump	Os--force-target-instruction-cost=100|Os--force-target-instruction-cost=50|Os--force-vector-width=100|Os--force-vector-width=50
_gcry_rsa_pss_encode	rsa-common.c	949	14	    em[n] ^= *p;	*	cjump	Os--force-target-instruction-cost=100|Os--force-target-instruction-cost=50|Os--force-vector-width=100|Os--force-vector-width=50
_gcry_sntrup761_keypair	sntrup761.c	540	20	 r[i] = F3_freeze (r[i] + sign * v[i]);	r	cjump	Os--force-target-instruction-cost=100|Os--force-target-instruction-cost=50|Os--force-vector-width=100|Os--force-vector-width=50
_gcry_mceliece6688128f_dec	mceliece6688128f.c	1704	12	   C[1][i] = B_tmp[1][i] ^ C_tmp[1][i];	=	cjump	Os--force-target-instruction-cost=100|Os--force-target-instruction-cost=50
_gcry_generate_fips186_2_prime	primegen.c	1519	20	        value_u[i] ^= digest[i];	^	cjump	Os--force-target-instruction-cost=100|Os--force-target-instruction-cost=50
Hide	sntrup761.c	671	12	    out[i] = a[i] - F3_freeze (a[i]);	=	cjump	Os--force-target-instruction-cost=100|Os--force-target-instruction-cost=50|Os--force-vector-interleave=50|Os--force-vector-width=100|Os--force-vector-width=50
cbrecursion	mceliece6688128f.c	1862	17	    q[j+n/2] = (A[2*j+1]&0xffff)>>1;	A	cjump	Os--force-target-instruction-cost=100|Os--force-target-instruction-cost=50|Os--force-vector-width=100|Os--force-vector-width=50
_gcry_ct_memequal	const-time.c	52	20	      ab |= a[i] - b[i];	b	cjump	Os--force-target-instruction-cost=100|Os--force-target-instruction-cost=50|Os--force-vector-interleave=50|Os--force-vector-width=100|Os--force-vector-width=50
_gcry_mceliece6688128f_dec	mceliece6688128f.c	1994	13	  out[i][j] = inv[i][j] & recv[i];	=	cjump	Os--force-target-instruction-cost=100|Os--force-target-instruction-cost=50
onecompl	mpicoder.c	495	11	    ap[i] ^= (mpi_limb_t)(-1);	^	cjump	Os--force-target-instruction-cost=100|Os--force-target-instruction-cost=50|Os--force-vector-interleave=50|Os--force-vector-width=100|Os--force-vector-width=50
_gcry_sm4_ctr32le_enc	sm4.c	180	10	  out->a = le_bswap64(val);	=	cjump	Os--force-target-instruction-cost=100|Os--force-target-instruction-cost=50|Os--force-vector-interleave=50|Os--force-vector-width=100|Os--force-vector-width=50
cbrecursion	mceliece6688128f.c	1814	22	        int32 cpx = (B[x]&~0xffff)|(A[x]&0xffff);	B	cjump	Os--force-target-instruction-cost=100|Os--force-target-instruction-cost=50|Os--force-vector-width=100|Os--force-vector-width=50
cbrecursion	mceliece6688128f.c	1815	14	        B[x] = int32_min(B[x],cpx);	=	cjump	Os--force-target-instruction-cost=100|Os--force-target-instruction-cost=50|Os--force-vector-interleave=50|Os--force-vector-width=100|Os--force-vector-width=50
cbrecursion	mceliece6688128f.c	1861	13	    q[j] = (A[2*j]&0xffff)>>1;	A	cjump	Os--force-target-instruction-cost=100|Os--force-target-instruction-cost=50|Os--force-vector-width=100|Os--force-vector-width=50
_gcry_sntrup761_keypair	sntrup761.c	642	9	   r[i] ^= t;	^	cjump	Os--force-target-instruction-cost=100|Os--force-target-instruction-cost=50|Os--force-vector-interleave=50|Os--force-vector-width=100|Os--force-vector-width=50
_gcry_sntrup761_dec	sntrup761.c	486	21	      fg[i - p + 1] = F3_freeze (fg[i - p + 1] + fg[i]);	=	cjump	Os--force-target-instruction-cost=100|Os--force-target-instruction-cost=50|Os--force-vector-interleave=50|Os--force-vector-width=100|Os--force-vector-width=50
_gcry_camellia_ctr32le_enc	camellia-glue.c	180	10	  out->a = le_bswap64(val);	=	cjump	Os--force-target-instruction-cost=100|Os--force-target-instruction-cost=50|Os--force-vector-interleave=50|Os--force-vector-width=100|Os--force-vector-width=50
_gcry_sntrup761_keypair	sntrup761.c	637	16	   t = swap & (f[i] ^ g[i]);	f	cjump	Os--force-target-instruction-cost=100|Os--force-target-instruction-cost=50|Os--force-vector-width=100|Os--force-vector-width=50
_gcry_sntrup761_keypair	sntrup761.c	532	23	   t = swap & (v[i] ^ r[i]);	r	cjump	Os--force-target-instruction-cost=100|Os--force-target-instruction-cost=50|Os--force-vector-width=100|Os--force-vector-width=50
_gcry_sntrup761_dec	sntrup761.c	485	30	      fg[i - p] = F3_freeze (fg[i - p] + fg[i]);	f	cjump	Os--force-target-instruction-cost=100|Os--force-target-instruction-cost=50|Os--force-vector-interleave=50|Os--force-vector-width=100|Os--force-vector-width=50
fft_tr	mceliece6688128f.c	2617	13	   in[3][i] ^= in[2][i] ^= in[1][i];	^	cjump	Os--force-target-instruction-cost=100|Os--force-target-instruction-cost=50
Short_random	sntrup761.c	69	6	     int32_MINMAX (x[j], x[j + p]);	i	cjump	Os--force-target-instruction-cost=100|Os--force-target-instruction-cost=50|Os--force-vector-interleave=50|Os--force-vector-width=100|Os--force-vector-width=50
_gcry_generate_fips186_2_prime	primegen.c	1519	23	        value_u[i] ^= digest[i];	d	cjump	Os--force-target-instruction-cost=100|Os--force-target-instruction-cost=50
_gcry_mceliece6688128f_dec	mceliece6688128f.c	2060	23	  diff |= (s0[i][j] ^ s1[i][j]);	s	cjump	Os--force-target-instruction-cost=100|Os--force-target-instruction-cost=50
_gcry_sntrup761_keypair	sntrup761.c	538	34	 g[i] = F3_freeze (g[i] + sign * f[i]);	f	cjump	Os--force-target-instruction-cost=100|Os--force-target-instruction-cost=50|Os--force-vector-width=100|Os--force-vector-width=50
_gcry_mceliece6688128f_dec	mceliece6688128f.c	1703	28	   C[0][i] = B_tmp[0][i] ^ C_tmp[0][i];	C	cjump	Os--force-target-instruction-cost=100|Os--force-target-instruction-cost=50
cbrecursion	mceliece6688128f.c	1862	14	    q[j+n/2] = (A[2*j+1]&0xffff)>>1;	=	cjump	Os--force-target-instruction-cost=100|Os--force-target-instruction-cost=50|Os--force-vector-interleave=50|Os--force-vector-width=100|Os--force-vector-width=50
cbrecursion	mceliece6688128f.c	1759	16	    int32 Ax = A[x];	A	cjump	Os--force-target-instruction-cost=100|Os--force-target-instruction-cost=50|Os--force-vector-width=100|Os--force-vector-width=50
_gcry_sntrup761_keypair	sntrup761.c	659	43	    out[i] = Fq_freeze (scale * (int32_t) v[p - 1 - i]);	v	cjump	Os--force-target-instruction-cost=100|Os--force-target-instruction-cost=50|Os--force-vector-width=100|Os--force-vector-width=50
_gcry_sntrup761_keypair	sntrup761.c	640	23	   t = swap & (v[i] ^ r[i]);	r	cjump	Os--force-target-instruction-cost=100|Os--force-target-instruction-cost=50|Os--force-vector-width=100|Os--force-vector-width=50
_gcry_sntrup761_keypair	sntrup761.c	529	16	   t = swap & (f[i] ^ g[i]);	f	cjump	Os--force-target-instruction-cost=100|Os--force-target-instruction-cost=50|Os--force-vector-width=100|Os--force-vector-width=50
_gcry_sntrup761_keypair	sntrup761.c	532	16	   t = swap & (v[i] ^ r[i]);	v	cjump	Os--force-target-instruction-cost=100|Os--force-target-instruction-cost=50|Os--force-vector-width=100|Os--force-vector-width=50
_gcry_sntrup761_keypair	sntrup761.c	540	7	 r[i] = F3_freeze (r[i] + sign * v[i]);	=	cjump	Os--force-target-instruction-cost=100|Os--force-target-instruction-cost=50|Os--force-vector-interleave=50|Os--force-vector-width=100|Os--force-vector-width=50
_gcry_sntrup761_dec	sntrup761.c	485	17	      fg[i - p] = F3_freeze (fg[i - p] + fg[i]);	=	cjump	Os--force-target-instruction-cost=100|Os--force-target-instruction-cost=50|Os--force-vector-width=100|Os--force-vector-width=50
_gcry_mceliece6688128f_dec	mceliece6688128f.c	1603	12	  in[0][i] = (in[0][i] >> 1) | (in[1][i] << 63);	=	cjump	Os--force-target-instruction-cost=100|Os--force-target-instruction-cost=50
_gcry_sntrup761_keypair	sntrup761.c	641	9	   v[i] ^= t;	^	cjump	Os--force-target-instruction-cost=100|Os--force-target-instruction-cost=50|Os--force-vector-width=100|Os--force-vector-width=50
_gcry_mceliece6688128f_keypair	mceliece6688128f.c	3383	17	  mat[ k ][ j ] = prod[ j ][ k ];	=	cjump	Os--force-target-instruction-cost=100|Os--force-target-instruction-cost=50
_gcry_sntrup761_keypair	sntrup761.c	533	9	   v[i] ^= t;	^	cjump	Os--force-target-instruction-cost=100|Os--force-target-instruction-cost=50|Os--force-vector-width=100|Os--force-vector-width=50
_gcry_sntrup761_keypair	sntrup761.c	659	12	    out[i] = Fq_freeze (scale * (int32_t) v[p - 1 - i]);	=	cjump	Os--force-target-instruction-cost=100|Os--force-target-instruction-cost=50|Os--force-vector-interleave=50|Os--force-vector-width=100|Os--force-vector-width=50
_gcry_sntrup761_dec	sntrup761.c	1060	36	    r_enc[i] ^= mask & (r_enc[i] ^ rho[i]);	r	cjump	Os--force-target-instruction-cost=100|Os--force-target-instruction-cost=50|Os--force-vector-width=100|Os--force-vector-width=50
_gcry_sntrup761_keypair	sntrup761.c	538	7	 g[i] = F3_freeze (g[i] + sign * f[i]);	=	cjump	Os--force-target-instruction-cost=100|Os--force-target-instruction-cost=50|Os--force-vector-interleave=50|Os--force-vector-width=100|Os--force-vector-width=50
_gcry_rsa_oaep_encode	rsa-common.c	593	19	      frame[n] ^= *p++;	*	cjump	Os--force-target-instruction-cost=100|Os--force-target-instruction-cost=50|Os--force-vector-width=100|Os--force-vector-width=50
_gcry_rsa_oaep_encode	rsa-common.c	616	16	      frame[n] ^= *p++;	^	cjump	Os--force-target-instruction-cost=100|Os--force-target-instruction-cost=50|Os--force-vector-interleave=50|Os--force-vector-width=100|Os--force-vector-width=50
_gcry_mceliece6688128f_dec	mceliece6688128f.c	1515	10	  out[i] = (in[i] & m0) | (out[i] & m1);	=	cjump	Os--force-target-instruction-cost=100|Os--force-target-instruction-cost=50
_gcry_kdf_final	kdf.c	1169	12	    dst[i] ^= src[i];	^	cjump	Os--force-target-instruction-cost=100|Os--force-target-instruction-cost=50|Os--force-vector-interleave=50|Os--force-vector-width=100|Os--force-vector-width=50
_gcry_sntrup761_dec	sntrup761.c	447	15	    weight += r[i] & 1;	r	cjump	Os--force-target-instruction-cost=100|Os--force-target-instruction-cost=50|Os--force-vector-interleave=50|Os--force-vector-width=100|Os--force-vector-width=50
_gcry_sntrup761_keypair	sntrup761.c	648	37	 g[i] = Fq_freeze (f0 * g[i] - g0 * f[i]);	f	cjump	Os--force-target-instruction-cost=100|Os--force-target-instruction-cost=50|Os--force-vector-width=100|Os--force-vector-width=50
_gcry_ct_not_memequal	const-time.c	52	20	      ab |= a[i] - b[i];	b	cjump	Os--force-target-instruction-cost=100|Os--force-target-instruction-cost=50|Os--force-vector-interleave=50|Os--force-vector-width=100|Os--force-vector-width=50
_gcry_rsa_pss_encode	rsa-common.c	949	11	    em[n] ^= *p;	^	cjump	Os--force-target-instruction-cost=100|Os--force-target-instruction-cost=50|Os--force-vector-interleave=50|Os--force-vector-width=100|Os--force-vector-width=50
Hide	sntrup761.c	671	14	    out[i] = a[i] - F3_freeze (a[i]);	a	cjump	Os--force-target-instruction-cost=100|Os--force-target-instruction-cost=50|Os--force-vector-width=100|Os--force-vector-width=50
_gcry_sntrup761_dec	sntrup761.c	899	12	    r[i] = R[i] * 3 - q12;	R	cjump	Os--force-target-instruction-cost=100|Os--force-target-instruction-cost=50|Os--force-vector-width=100|Os--force-vector-width=50
_gcry_sntrup761_dec	sntrup761.c	485	42	      fg[i - p] = F3_freeze (fg[i - p] + fg[i]);	f	cjump	Os--force-target-instruction-cost=100|Os--force-target-instruction-cost=50|Os--force-vector-interleave=50|Os--force-vector-width=100|Os--force-vector-width=50
_gcry_sntrup761_dec	sntrup761.c	596	27	    h[i] = Fq_freeze (3 * f[i]);	f	cjump	Os--force-target-instruction-cost=100|Os--force-target-instruction-cost=50|Os--force-vector-width=100|Os--force-vector-width=50
fft	mceliece6688128f.c	2371	13	   in[0][i] ^= in[1][i] << 32;	^	cjump	Os--force-target-instruction-cost=100|Os--force-target-instruction-cost=50
_gcry_rsa_oaep_encode	rsa-common.c	616	19	      frame[n] ^= *p++;	*	cjump	Os--force-target-instruction-cost=100|Os--force-target-instruction-cost=50|Os--force-vector-width=100|Os--force-vector-width=50
_gcry_sntrup761_keypair	sntrup761.c	639	9	   g[i] ^= t;	^	cjump	Os--force-target-instruction-cost=100|Os--force-target-instruction-cost=50|Os--force-vector-width=100|Os--force-vector-width=50
Hide	sntrup761.c	883	10	    R[i] = ((r[i] + q12) * 10923) >> 15;	=	cjump	Os--force-target-instruction-cost=100|Os--force-target-instruction-cost=50|Os--force-vector-interleave=50|Os--force-vector-width=100|Os--force-vector-width=50
_gcry_sntrup761_dec	sntrup761.c	1039	35	    differentbits |= (*c++) ^ (*c2++);	+	cjump	Os--force-target-instruction-cost=100|Os--force-target-instruction-cost=50|Os--force-vector-interleave=50|Os--force-vector-width=100|Os--force-vector-width=50
check_digests	basic.c	14086	12	 xorbuf[j] ^= digest[j];	^	cjump	Os--force-target-instruction-cost=100|Os--force-target-instruction-cost=50|Os--force-vector-interleave=50|Os--force-vector-width=100|Os--force-vector-width=50
_gcry_sntrup761_keypair	sntrup761.c	540	34	 r[i] = F3_freeze (r[i] + sign * v[i]);	v	cjump	Os--force-target-instruction-cost=100|Os--force-target-instruction-cost=50|Os--force-vector-width=100|Os--force-vector-width=50
_gcry_sntrup761_dec	sntrup761.c	457	12	    out[i] = F3_freeze (r[i]);	=	cjump	Os--force-target-instruction-cost=100|Os--force-target-instruction-cost=50|Os--force-vector-interleave=50|Os--force-vector-width=100|Os--force-vector-width=50
check_digests	basic.c	14086	15	 xorbuf[j] ^= digest[j];	d	cjump	Os--force-target-instruction-cost=100|Os--force-target-instruction-cost=50|Os--force-vector-width=100|Os--force-vector-width=50
_gcry_sntrup761_keypair	sntrup761.c	534	9	   r[i] ^= t;	^	cjump	Os--force-target-instruction-cost=100|Os--force-target-instruction-cost=50|Os--force-vector-interleave=50|Os--force-vector-width=100|Os--force-vector-width=50
_gcry_sntrup761_keypair	sntrup761.c	549	21	    out[i] = sign * v[p - 1 - i];	v	cjump	Os--force-target-instruction-cost=100|Os--force-target-instruction-cost=50|Os--force-vector-width=100|Os--force-vector-width=50
fft_tr	mceliece6688128f.c	2617	25	   in[3][i] ^= in[2][i] ^= in[1][i];	^	cjump	Os--force-target-instruction-cost=100|Os--force-target-instruction-cost=50
_gcry_sntrup761_keypair	sntrup761.c	648	25	 g[i] = Fq_freeze (f0 * g[i] - g0 * f[i]);	g	cjump	Os--force-target-instruction-cost=100|Os--force-target-instruction-cost=50|Os--force-vector-width=100|Os--force-vector-width=50
_gcry_rsa_oaep_encode	rsa-common.c	593	16	      frame[n] ^= *p++;	^	cjump	Os--force-target-instruction-cost=100|Os--force-target-instruction-cost=50|Os--force-vector-interleave=50|Os--force-vector-width=100|Os--force-vector-width=50
Short_random	sntrup761.c	683	10	    L[i] = in[i] & (uint32_t) - 2;	=	cjump	Os--force-target-instruction-cost=100|Os--force-target-instruction-cost=50|Os--force-vector-interleave=50|Os--force-vector-width=100|Os--force-vector-width=50
main	fipsdrv.c	1171	25	            input[i] ^= output[i];	o	cjump	Os--force-target-instruction-cost=100|Os--force-target-instruction-cost=50|Os--force-vector-width=100|Os--force-vector-width=50
_gcry_sntrup761_keypair	sntrup761.c	650	37	 r[i] = Fq_freeze (f0 * r[i] - g0 * v[i]);	v	cjump	Os--force-target-instruction-cost=100|Os--force-target-instruction-cost=50|Os--force-vector-width=100|Os--force-vector-width=50
_gcry_mceliece6688128f_dec	mceliece6688128f.c	1603	33	  in[0][i] = (in[0][i] >> 1) | (in[1][i] << 63);	i	cjump	Os--force-target-instruction-cost=100|Os--force-target-instruction-cost=50
Short_random	sntrup761.c	135	10	    x[j] ^= 0x80000000;	^	cjump	Os--force-target-instruction-cost=100|Os--force-target-instruction-cost=50|Os--force-vector-interleave=50|Os--force-vector-width=100|Os--force-vector-width=50
cbrecursion	mceliece6688128f.c	1762	10	    B[x] = (px<<16)|cx;	=	cjump	Os--force-target-instruction-cost=100|Os--force-target-instruction-cost=50|Os--force-vector-interleave=50|Os--force-vector-width=100|Os--force-vector-width=50
fft_tr	mceliece6688128f.c	2617	28	   in[3][i] ^= in[2][i] ^= in[1][i];	i	cjump	Os--force-target-instruction-cost=100|Os--force-target-instruction-cost=50
Short_random	sntrup761.c	138	10	    x[j] ^= 0x80000000;	^	cjump	Os--force-target-instruction-cost=100|Os--force-target-instruction-cost=50|Os--force-vector-interleave=50|Os--force-vector-width=100|Os--force-vector-width=50
_gcry_sntrup761_keypair	sntrup761.c	638	9	   f[i] ^= t;	^	cjump	Os--force-target-instruction-cost=100|Os--force-target-instruction-cost=50|Os--force-vector-width=100|Os--force-vector-width=50
_gcry_sntrup761_keypair	sntrup761.c	637	23	   t = swap & (f[i] ^ g[i]);	g	cjump	Os--force-target-instruction-cost=100|Os--force-target-instruction-cost=50|Os--force-vector-width=100|Os--force-vector-width=50
_gcry_ct_not_memequal	const-time.c	52	13	      ab |= a[i] - b[i];	a	cjump	Os--force-target-instruction-cost=100|Os--force-target-instruction-cost=50|Os--force-vector-interleave=50|Os--force-vector-width=100|Os--force-vector-width=50
_gcry_mceliece6688128f_keypair	mceliece6688128f.c	3391	29	   mat[ i*GFBITS + k ][ j ] = prod[ j ][ k ];	=	cjump	Os--force-target-instruction-cost=100|Os--force-target-instruction-cost=50
_gcry_sexp_canon_len	sexp.c	2193	24	              *errcode = GPG_ERR_SEXP_UNMATCHED_PAREN;	=	cjump	Os--disable-machine-sink
layer	mceliece6688128f.c	1888	9	      d &= m;	&	cjump	Os--sroa-skip-mem2reg|Oz--sroa-skip-mem2reg
_gcry_mceliece6688128f_keypair	mceliece6688128f.c	1245	6	 a = src[1];	s	cjump	Os--force-vector-width=100|Os--force-vector-width=50
_gcry_mceliece6688128f_keypair	mceliece6688128f.c	3367	11	  list[i] |= ((uint64_t) perm[i]) << 31;	|	cjump	Os--force-vector-interleave=50|Os--force-vector-width=100|Os--force-vector-width=50
_gcry_mceliece6688128f_keypair	mceliece6688128f.c	3116	9	   f[i] = load_gf(rp + i*2);	=	cjump	Os--force-vector-interleave=50|Os--force-vector-width=100|Os--force-vector-width=50
_gcry_mceliece6688128f_keypair	mceliece6688128f.c	3131	12	   perm[i] = load4(rp + i*4);	=	cjump	Os--force-vector-interleave=50|Os--force-vector-width=100|Os--force-vector-width=50
_gcry_mceliece6688128f_keypair	mceliece6688128f.c	1247	7	 a |= src[0];	s	cjump	Os--force-vector-width=100|Os--force-vector-width=50
crypto_kem_keypair_derand_4	./kyber-kdep.c	706	18	    r->coeffs[i] = a->coeffs[i] + b->coeffs[i];	=	cjump	Os--force-vector-interleave=50|Os--force-vector-width=100|Os--force-vector-width=50
_gcry_mceliece6688128f_dec	mceliece6688128f.c	1292	9	 out[2] = (in >> 0x10) & 0xFF;	=	cjump	Os--force-vector-width=100|Os--force-vector-width=50
crypto_kem_keypair_derand_2	./kyber-kdep.c	706	18	    r->coeffs[i] = a->coeffs[i] + b->coeffs[i];	=	cjump	Os--force-vector-interleave=50|Os--force-vector-width=100|Os--force-vector-width=50
polyvec_basemul_acc_montgomery_4	./kyber-kdep.c	690	18	    r->coeffs[i] = barrett_reduce(r->coeffs[i]);	=	cjump	Os--force-vector-interleave=50|Os--force-vector-width=100|Os--force-vector-width=50
_gcry_mceliece6688128f_dec	mceliece6688128f.c	1245	6	 a = src[1];	s	cjump	Os--force-vector-width=100|Os--force-vector-width=50
_gcry_mceliece6688128f_enc	mceliece6688128f.c	2215	10	  val[j] = one << (ind[j] & 63);	=	cjump	Os--force-vector-interleave=50|Os--force-vector-width=100|Os--force-vector-width=50
poly_ntt	./kyber-common.c	690	18	    r->coeffs[i] = barrett_reduce(r->coeffs[i]);	=	cjump	Os--force-vector-interleave=50|Os--force-vector-width=100|Os--force-vector-width=50
polyvec_basemul_acc_montgomery_4	./kyber-kdep.c	706	18	    r->coeffs[i] = a->coeffs[i] + b->coeffs[i];	=	cjump	Os--force-vector-interleave=50|Os--force-vector-width=100|Os--force-vector-width=50
Rq_mult_small	sntrup761.c	581	30	      fg[i - p] = Fq_freeze (fg[i - p] + fg[i]);	f	cjump	Os--force-vector-interleave=50|Os--force-vector-width=100|Os--force-vector-width=50
crypto_kem_keypair_derand_4	./kyber-kdep.c	675	47	    r->coeffs[i] = montgomery_reduce((int32_t)r->coeffs[i]*f);	r	cjump	Os--force-vector-width=100|Os--force-vector-width=50
_gcry_mceliece6688128f_keypair	mceliece6688128f.c	3379	9	  pi[i] = list[i] & GFMASK;	=	cjump	Os--force-vector-interleave=50|Os--force-vector-width=100|Os--force-vector-width=50
_gcry_mceliece6688128f_dec	mceliece6688128f.c	1271	10	  irr[i] = load_gf(in + i*2);	=	cjump	Os--force-vector-interleave=50|Os--force-vector-width=100|Os--force-vector-width=50
_gcry_mceliece6688128f_keypair	mceliece6688128f.c	3271	9	   t |= buf[j];	b	cjump	Os--force-vector-interleave=50|Os--force-vector-width=100|Os--force-vector-width=50
indcpa_enc_4	./kyber-kdep.c	706	18	    r->coeffs[i] = a->coeffs[i] + b->coeffs[i];	=	cjump	Os--force-vector-interleave=50|Os--force-vector-width=100|Os--force-vector-width=50
crypto_kem_keypair_derand_3	./kyber-kdep.c	706	18	    r->coeffs[i] = a->coeffs[i] + b->coeffs[i];	=	cjump	Os--force-vector-interleave=50|Os--force-vector-width=100|Os--force-vector-width=50
Rq_mult_small	sntrup761.c	582	21	      fg[i - p + 1] = Fq_freeze (fg[i - p + 1] + fg[i]);	=	cjump	Os--force-vector-interleave=50|Os--force-vector-width=100|Os--force-vector-width=50
indcpa_enc_3	./kyber-kdep.c	690	18	    r->coeffs[i] = barrett_reduce(r->coeffs[i]);	=	cjump	Os--force-vector-interleave=50|Os--force-vector-width=100|Os--force-vector-width=50
poly_invntt_tomont	./kyber-common.c	329	10	    r[j] = fqmul(r[j], f);	=	cjump	Os--force-vector-interleave=50|Os--force-vector-width=100|Os--force-vector-width=50
indcpa_enc_2	./kyber-kdep.c	706	18	    r->coeffs[i] = a->coeffs[i] + b->coeffs[i];	=	cjump	Os--force-vector-interleave=50|Os--force-vector-width=100|Os--force-vector-width=50
_gcry_mceliece6688128f_dec	mceliece6688128f.c	1296	9	 out[6] = (in >> 0x30) & 0xFF;	=	cjump	Os--force-vector-width=100|Os--force-vector-width=50
main	prime.c	131	19	      string[i++] = '2';	=	cjump	Os--force-vector-width=50
_gcry_mceliece6688128f_keypair	mceliece6688128f.c	1271	10	  irr[i] = load_gf(in + i*2);	=	cjump	Os--force-vector-interleave=50|Os--force-vector-width=100|Os--force-vector-width=50
_gcry_kdf_scrypt	scrypt.c	180	10	  out->a = le_bswap64(val);	=	cjump	Os--force-vector-interleave=50|Os--force-vector-width=100|Os--force-vector-width=50
_gcry_mceliece6688128f_dec	mceliece6688128f.c	1291	9	 out[1] = (in >> 0x08) & 0xFF;	=	cjump	Os--force-vector-width=100|Os--force-vector-width=50
_gcry_mceliece6688128f_enc	mceliece6688128f.c	2228	16	   e_int[i] |= val[j] & mask;	v	cjump	Os--force-vector-interleave=50|Os--force-vector-width=100|Os--force-vector-width=50
crypto_kem_keypair_derand_4	./kyber-kdep.c	675	18	    r->coeffs[i] = montgomery_reduce((int32_t)r->coeffs[i]*f);	=	cjump	Os--force-vector-interleave=50|Os--force-vector-width=100|Os--force-vector-width=50
crypto_kem_keypair_derand_3	./kyber-kdep.c	675	18	    r->coeffs[i] = montgomery_reduce((int32_t)r->coeffs[i]*f);	=	cjump	Os--force-vector-interleave=50|Os--force-vector-width=100|Os--force-vector-width=50
fft_tr	mceliece6688128f.c	2674	22	   (&buf[0][0])[ k ] = in[ reversal[k] ][i];	=	cjump	Os--force-vector-interleave=50|Os--force-vector-width=100|Os--force-vector-width=50
polyvec_basemul_acc_montgomery_2	./kyber-kdep.c	690	18	    r->coeffs[i] = barrett_reduce(r->coeffs[i]);	=	cjump	Os--force-vector-interleave=50|Os--force-vector-width=100|Os--force-vector-width=50
_gcry_mceliece6688128f_keypair	mceliece6688128f.c	1932	23	      diff |= pi[i] ^ pi_test[i];	p	cjump	Os--force-vector-interleave=50|Os--force-vector-width=100|Os--force-vector-width=50
_gcry_mceliece6688128f_dec	mceliece6688128f.c	1295	9	 out[5] = (in >> 0x28) & 0xFF;	=	cjump	Os--force-vector-width=100|Os--force-vector-width=50
crypto_kem_keypair_derand_3	./kyber-kdep.c	690	18	    r->coeffs[i] = barrett_reduce(r->coeffs[i]);	=	cjump	Os--force-vector-interleave=50|Os--force-vector-width=100|Os--force-vector-width=50
crypto_kem_keypair_derand_3	./kyber-kdep.c	675	47	    r->coeffs[i] = montgomery_reduce((int32_t)r->coeffs[i]*f);	r	cjump	Os--force-vector-width=100|Os--force-vector-width=50
_gcry_mceliece6688128f_dec	mceliece6688128f.c	1297	9	 out[7] = (in >> 0x38) & 0xFF;	=	cjump	Os--force-vector-interleave=50|Os--force-vector-width=100|Os--force-vector-width=50
poly_invntt_tomont	./kyber-common.c	329	18	    r[j] = fqmul(r[j], f);	r	cjump	Os--force-vector-width=100|Os--force-vector-width=50
benes	mceliece6688128f.c	1459	12	  r[i*2+1] = r_int_v[1][i];	=	cjump	Os--force-vector-width=50
polyvec_basemul_acc_montgomery_3	./kyber-kdep.c	690	18	    r->coeffs[i] = barrett_reduce(r->coeffs[i]);	=	cjump	Os--force-vector-interleave=50|Os--force-vector-width=100|Os--force-vector-width=50
fill_block	kdf.c	389	12	    dst[i] ^= src[i];	^	cjump	Os--force-vector-interleave=50|Os--force-vector-width=100|Os--force-vector-width=50
polyvec_basemul_acc_montgomery_2	./kyber-kdep.c	706	18	    r->coeffs[i] = a->coeffs[i] + b->coeffs[i];	=	cjump	Os--force-vector-interleave=50|Os--force-vector-width=100|Os--force-vector-width=50
_gcry_mceliece6688128f_dec	mceliece6688128f.c	1290	9	 out[0] = (in >> 0x00) & 0xFF;	=	cjump	Os--force-vector-width=100|Os--force-vector-width=50
_gcry_mceliece6688128f_keypair	mceliece6688128f.c	3193	17	  out[i*64 + r] |= (in[i][j] >> r) & 1;	|	cjump	Os--force-vector-width=50
benes	mceliece6688128f.c	1397	17	  r_int_v[1][i] = r[i*2 + 1];	=	cjump	Os--force-vector-width=50
indcpa_enc_4	./kyber-kdep.c	690	18	    r->coeffs[i] = barrett_reduce(r->coeffs[i]);	=	cjump	Os--force-vector-interleave=50|Os--force-vector-width=100|Os--force-vector-width=50
indcpa_enc_3	./kyber-kdep.c	706	18	    r->coeffs[i] = a->coeffs[i] + b->coeffs[i];	=	cjump	Os--force-vector-interleave=50|Os--force-vector-width=100|Os--force-vector-width=50
_gcry_mceliece6688128f_dec	mceliece6688128f.c	2044	10	  w1 += (e[i/8] >> (i%8)) & 1;	e	cjump	Os--force-vector-interleave=50|Os--force-vector-width=100|Os--force-vector-width=50
_gcry_mceliece6688128f_keypair	mceliece6688128f.c	1915	18	      pi_test[i] = i;	=	cjump	Os--force-vector-interleave=50|Os--force-vector-width=100|Os--force-vector-width=50
Rq_mult_small	sntrup761.c	581	42	      fg[i - p] = Fq_freeze (fg[i - p] + fg[i]);	f	cjump	Os--force-vector-interleave=50|Os--force-vector-width=100|Os--force-vector-width=50
_gcry_mceliece6688128f_keypair	mceliece6688128f.c	3122	24	   store_gf(skp + i*2, irr[i]);	i	cjump	Os--force-vector-width=100|Os--force-vector-width=50
indcpa_enc_2	./kyber-kdep.c	690	18	    r->coeffs[i] = barrett_reduce(r->coeffs[i]);	=	cjump	Os--force-vector-interleave=50|Os--force-vector-width=100|Os--force-vector-width=50
Rq_mult_small	sntrup761.c	581	17	      fg[i - p] = Fq_freeze (fg[i - p] + fg[i]);	=	cjump	Os--force-vector-width=100|Os--force-vector-width=50
_gcry_mceliece6688128f_dec	mceliece6688128f.c	2041	10	  w0 += (error[i/64] >> (i%64)) & 1;	e	cjump	Os--force-vector-interleave=50|Os--force-vector-width=100|Os--force-vector-width=50
polyvec_basemul_acc_montgomery_3	./kyber-kdep.c	706	18	    r->coeffs[i] = a->coeffs[i] + b->coeffs[i];	=	cjump	Os--force-vector-interleave=50|Os--force-vector-width=100|Os--force-vector-width=50
_gcry_mlkem_decap	kyber.c	722	18	    r->coeffs[i] = a->coeffs[i] - b->coeffs[i];	=	cjump	Os--force-vector-interleave=50|Os--force-vector-width=100|Os--force-vector-width=50
fft	mceliece6688128f.c	2513	26	   out[ reversal[j] ][i] = buf[j];	=	cjump	Os--force-vector-interleave=50|Os--force-vector-width=100|Os--force-vector-width=50
crypto_kem_keypair_derand_2	./kyber-kdep.c	675	18	    r->coeffs[i] = montgomery_reduce((int32_t)r->coeffs[i]*f);	=	cjump	Os--force-vector-interleave=50|Os--force-vector-width=100|Os--force-vector-width=50
crypto_kem_keypair_derand_4	./kyber-kdep.c	690	18	    r->coeffs[i] = barrett_reduce(r->coeffs[i]);	=	cjump	Os--force-vector-interleave=50|Os--force-vector-width=100|Os--force-vector-width=50
_gcry_mceliece6688128f_dec	mceliece6688128f.c	1293	9	 out[3] = (in >> 0x18) & 0xFF;	=	cjump	Os--force-vector-width=100|Os--force-vector-width=50
_gcry_hmac256_new	hmac256.c	360	23	          hd->opad[i] ^= 0x5c;	^	cjump	Os--force-vector-width=50
_gcry_mceliece6688128f_keypair	mceliece6688128f.c	1237	10	 dest[0] = a & 0xFF;	=	cjump	Os--force-vector-width=100|Os--force-vector-width=50
_gcry_mceliece6688128f_dec	mceliece6688128f.c	1294	9	 out[4] = (in >> 0x20) & 0xFF;	=	cjump	Os--force-vector-width=100|Os--force-vector-width=50
twocompl	mpicoder.c	528	9	   p[i] ^= 0xff;	^	cjump	Os--force-vector-interleave=50|Os--force-vector-width=100|Os--force-vector-width=50
crypto_kem_keypair_derand_2	./kyber-kdep.c	675	47	    r->coeffs[i] = montgomery_reduce((int32_t)r->coeffs[i]*f);	r	cjump	Os--force-vector-width=100|Os--force-vector-width=50
_gcry_mceliece6688128f_keypair	mceliece6688128f.c	1238	10	 dest[1] = a >> 8;	=	cjump	Os--force-vector-interleave=50|Os--force-vector-width=100|Os--force-vector-width=50
_gcry_mceliece6688128f_dec	mceliece6688128f.c	2018	24	  store8(error8 + i*8, err[i]);	e	cjump	Os--force-vector-width=100|Os--force-vector-width=50
_gcry_mlkem_decap	kyber.c	690	18	    r->coeffs[i] = barrett_reduce(r->coeffs[i]);	=	cjump	Os--force-vector-interleave=50|Os--force-vector-width=100|Os--force-vector-width=50
Short_random	sntrup761.c	685	10	    L[i] = (in[i] & (uint32_t) - 3) | 1;	=	cjump	Os--force-vector-interleave=50|Os--force-vector-width=100|Os--force-vector-width=50
_gcry_sntrup761_dec	sntrup761.c	798	10	    r[i] = ev[i] & ~mask;	=	cjump	Os--force-vector-interleave=50|Os--force-vector-width=100|Os--force-vector-width=50
_gcry_mceliece6688128f_dec	mceliece6688128f.c	1247	7	 a |= src[0];	s	cjump	Os--force-vector-width=100|Os--force-vector-width=50
crypto_kem_keypair_derand_2	./kyber-kdep.c	690	18	    r->coeffs[i] = barrett_reduce(r->coeffs[i]);	=	cjump	Os--force-vector-interleave=50|Os--force-vector-width=100|Os--force-vector-width=50
_gcry_mceliece6688128f_enc	mceliece6688128f.c	2261	21	   b ^= pk_ptr[j] & e_ptr[j];	e	cjump	Os--force-vector-width=50
arcfour_setkey	arcfour.c	153	18	    ctx->sbox[i] = i;	=	cjump	Os--force-vector-width=100|Os--force-vector-width=50
_gcry_hmac256_new	hmac256.c	359	19	          ipad[i] ^= 0x36;	^	cjump	Os--force-vector-width=50
is_weak_key	des.c	1034	31	      middle = (left + right) / 2;	/	mdiv	Os--fast-isel
mul_inv	idea.c	76	20	    t1 = 0x10001UL / x;	/	mdiv	Os--fast-isel|Oz--fast-isel
do_ecb_crypt	cipher.c	1099	17	  if ((inbuflen % blocksize))	%	mdiv	Os--fast-isel|Oz--fast-isel
controlbitsfrompermutation	mceliece6688128f.c	1915	18	      pi_test[i] = i;	=	cjump	Os-finstrument-functions
store_i	mceliece6688128f.c	1232	10	  out[j] = (in >> (j * 8)) & 0xFF;	=	cjump	Os-finstrument-functions
_gcry_mceliece6688128f_dec	mceliece6688128f.c	1672	35	  interval[0][i] = interval[1][i] = 0;	=	cjump	Os-fprofile-generate
poly_ntt	./kyber-common.c	290	5	    for(start = 0; start < 256; start = j + len) {	f	mdiv	Os--rotation-max-header-size=0|Oz--scev-cheap-expansion-budget=100|Oz--scev-cheap-expansion-budget=50
_ZL14do_vsexp_sscanPP9gcry_sexpPmPKcmiPPvP13__va_list_tag.__uniq.288420769118052529225994376692035028141	sexp.c	1717	16	       *erroff = p - buffer;	=	cjump	Oz-fpseudo-probe-for-profiling
_ZL14do_vsexp_sscanPP9gcry_sexpPmPKcmiPPvP13__va_list_tag.__uniq.288420769118052529225994376692035028141	sexp.c	1749	12	   *erroff = p - buffer;	=	cjump	Oz-fpseudo-probe-for-profiling
main	t-secmem.c	80	13	  for (i=0; i < DIM(a); i++)	i	mdiv	Oz-fpseudo-probe-for-profiling
_ZL12nonce_threadPv.__uniq.35575873811272685580721402780923531952	t-lock.c	149	15	  for (i = 0; i < N_NONCE_ITERATIONS; i++)	i	mdiv	Oz-fpseudo-probe-for-profiling
_gcry_mpi_copy	mpiutil.c	360	40	                                     : xmalloc ((a->sign+7)/8);	x	mdiv	Oz-fprofile-arcs|Oz-fprofile-instr-generate|Oz-ftrapv
prime_generate_internal	primegen.c	341	19	    qbits = pbits / 3;	/	mdiv	Oz--max-speculation-depth=0|Oz-fprofile-arcs|Oz-fprofile-instr-generate
_gcry_rsa_pkcs1_encode_for_enc	rsa-common.c	135	17	          k += k/128 + 3; /* Better get some more. */	/	mdiv	Oz--jump-threading-across-loop-headers|Oz-fprofile-arcs|Oz-fprofile-instr-generate|Oz-ftrapv
_gcry_mpi_copy	mpiutil.c	359	40	            p = _gcry_is_secure(a->d)? xmalloc_secure ((a->sign+7)/8)	x	mdiv	Oz-fprofile-arcs|Oz-fprofile-instr-generate|Oz-ftrapv
main	random.c	92	7	  if (divisor != 1)	d	mdiv	Oz--inline-instr-cost=0
_gcry_blowfish_cfb_dec	blowfish.c	833	3	  for ( ;nblocks >= 3; nblocks -= 3 )	f	mdiv	Oz--scev-cheap-expansion-budget=100|Oz--scev-cheap-expansion-budget=50
_gcry_cast5_ctr_enc	cast5.c	811	3	  for ( ;nblocks >= 3; nblocks -= 3)	f	mdiv	Oz--scev-cheap-expansion-budget=100|Oz--scev-cheap-expansion-budget=50
_gcry_cast5_cbc_dec	cast5.c	892	3	  for ( ;nblocks >= 3; nblocks -= 3)	f	mdiv	Oz--scev-cheap-expansion-budget=100|Oz--scev-cheap-expansion-budget=50
_gcry_blowfish_ctr_enc	blowfish.c	675	3	  for ( ;nblocks >= 3; nblocks -= 3)	f	mdiv	Oz--scev-cheap-expansion-budget=100|Oz--scev-cheap-expansion-budget=50
_gcry_blowfish_cbc_dec	blowfish.c	756	3	  for ( ;nblocks >= 3; nblocks -= 3)	f	mdiv	Oz--scev-cheap-expansion-budget=100|Oz--scev-cheap-expansion-budget=50
_gcry_cast5_cfb_dec	cast5.c	968	3	  for ( ;nblocks >= 3; nblocks -= 3 )	f	mdiv	Oz--scev-cheap-expansion-budget=100|Oz--scev-cheap-expansion-budget=50
store_tag_length	fipsdrv.c	1399	10	  *p++ = tag;	t	cjump	Oz--fast-isel|Oz--x86-cmov-converter-force-all
main	t-kdf.c	92	7	  if (divisor != 1)	d	mdiv	Oz--sroa-skip-mem2reg
cbrecursion	mceliece6688128f.c	1858	25	  pos -= (2*w-2)*step*(n/2);	/	mdiv	Oz--sroa-skip-mem2reg
main	dumpsexp.c	708	23	          argc--; argv++;	+	cjump	Oz--x86-cmov-converter-force-all
aria_gsrk	aria.c	793	16	   ((y[(q + 2) % 4]) >> r) ^	%	mdiv	Oz-finstrument-functions
aria_gsrk	aria.c	788	16	   ((y[(q + 3) % 4]) << (32 - r));	%	mdiv	Oz-finstrument-functions
aria_gsrk	aria.c	787	10	   ((y[q % 4]) >> r) ^	%	mdiv	Oz-finstrument-functions
aria_gsrk	aria.c	790	16	   ((y[(q + 1) % 4]) >> r) ^	%	mdiv	Oz-finstrument-functions
