function	file	line	col	source	char	type	optimization
CT_POLICY_EVAL_CTX_new	crypto/ct/ct_policy.c	48	29	    ctx->epoch_time_in_ms = ossl_time2ms(now);	o	mdiv	O1--aarch64-stress-promote-const|O1--fast-isel|O2--aarch64-stress-promote-const|O2--fast-isel|O3--aarch64-stress-promote-const|O3--fast-isel|Ofast--aarch64-stress-promote-const|Ofast--fast-isel
add_entry	apps/rehash.c	129	38	    unsigned int ndx = (type + hash) % OSSL_NELEM(hash_table);	%	mdiv	O1--aarch64-enable-global-isel-at-O=100|O1--aarch64-enable-global-isel-at-O=50|O1--aarch64-stress-promote-const|O1--fast-isel|O1-fglobal-isel|O2--aarch64-enable-global-isel-at-O=100|O2--aarch64-enable-global-isel-at-O=50|O2--aarch64-stress-promote-const|O2--fast-isel|O2-fglobal-isel|O3--aarch64-enable-global-isel-at-O=100|O3--aarch64-enable-global-isel-at-O=50|O3--aarch64-stress-promote-const|O3--fast-isel|O3-fglobal-isel|Ofast--aarch64-enable-global-isel-at-O=100|Ofast--aarch64-enable-global-isel-at-O=50|Ofast--aarch64-stress-promote-const|Ofast--fast-isel|Ofast-fglobal-isel|Os--aarch64-enable-global-isel-at-O=100|Os--aarch64-enable-global-isel-at-O=50|Os--aarch64-stress-promote-const|Os--fast-isel|Os-fglobal-isel
dgram_read	crypto/bio/bss_dgram.c	110	43	    tv.tv_usec = (t.t % OSSL_TIME_SECOND) / OSSL_TIME_US;	/	mdiv	O1--aarch64-stress-promote-const|O1--fast-isel|O2--aarch64-stress-promote-const|O2--fast-isel|O3--aarch64-stress-promote-const|O3--fast-isel|Ofast--aarch64-stress-promote-const|Ofast--fast-isel|Os--aarch64-stress-promote-const|Os--fast-isel
b64_write	crypto/evp/bio_b64.c	424	24	                n -= n % 3;	%	mdiv	O1--aarch64-enable-global-isel-at-O=100|O1--aarch64-enable-global-isel-at-O=50|O1--aarch64-stress-promote-const|O1--fast-isel|O1-fglobal-isel|O2--aarch64-enable-global-isel-at-O=100|O2--aarch64-enable-global-isel-at-O=50|O2--aarch64-stress-promote-const|O2-fglobal-isel|O3--aarch64-enable-global-isel-at-O=100|O3--aarch64-enable-global-isel-at-O=50|O3--aarch64-stress-promote-const|O3-fglobal-isel|Ofast--aarch64-enable-global-isel-at-O=100|Ofast--aarch64-enable-global-isel-at-O=50|Ofast--aarch64-stress-promote-const|Ofast-fglobal-isel|Os--aarch64-enable-global-isel-at-O=100|Os--aarch64-enable-global-isel-at-O=50|Os--aarch64-stress-promote-const|Os-fglobal-isel
ssl_cert_dup	ssl/ssl_cert.c	114	38	    ret->key = &ret->pkeys[cert->key - cert->pkeys];	-	mdiv	O1--aarch64-enable-global-isel-at-O=100|O1--aarch64-enable-global-isel-at-O=50|O1--aarch64-stress-promote-const|O1--fast-isel|O1-fglobal-isel|O2--aarch64-enable-global-isel-at-O=100|O2--aarch64-enable-global-isel-at-O=50|O2--aarch64-stress-promote-const|O2--fast-isel|O2-fglobal-isel|O3--aarch64-enable-global-isel-at-O=100|O3--aarch64-enable-global-isel-at-O=50|O3--aarch64-stress-promote-const|O3--fast-isel|O3-fglobal-isel|Ofast--aarch64-enable-global-isel-at-O=100|Ofast--aarch64-enable-global-isel-at-O=50|Ofast--aarch64-stress-promote-const|Ofast--fast-isel|Ofast-fglobal-isel|Os--aarch64-enable-global-isel-at-O=100|Os--aarch64-enable-global-isel-at-O=50|Os--aarch64-stress-promote-const|Os--fast-isel|Os-fglobal-isel
OPENSSL_gmtime_adj	crypto/o_time.c	95	34	    tm->tm_min = (time_sec / 60) % 60;	%	mdiv	O1--aarch64-enable-global-isel-at-O=100|O1--aarch64-enable-global-isel-at-O=50|O1--aarch64-stress-promote-const|O1--fast-isel|O1-fglobal-isel|O2--aarch64-enable-global-isel-at-O=100|O2--aarch64-enable-global-isel-at-O=50|O2--aarch64-stress-promote-const|O2--fast-isel|O2-fglobal-isel|O3--aarch64-enable-global-isel-at-O=100|O3--aarch64-enable-global-isel-at-O=50|O3--aarch64-stress-promote-const|O3--fast-isel|O3-fglobal-isel|Ofast--aarch64-enable-global-isel-at-O=100|Ofast--aarch64-enable-global-isel-at-O=50|Ofast--aarch64-stress-promote-const|Ofast--fast-isel|Ofast-fglobal-isel|Os--aarch64-enable-global-isel-at-O=100|Os--aarch64-enable-global-isel-at-O=50|Os--aarch64-stress-promote-const|Os--fast-isel|Os-fglobal-isel
SCT_print	crypto/ct/ct_prn.c	44	71	                 ASN1_STRING_get0_data(gen), (unsigned int)(timestamp % 1000));	%	mdiv	O1--aarch64-enable-global-isel-at-O=100|O1--aarch64-enable-global-isel-at-O=50|O1--aarch64-stress-promote-const|O1--fast-isel|O1-fglobal-isel|O2--aarch64-enable-global-isel-at-O=100|O2--aarch64-enable-global-isel-at-O=50|O2--aarch64-stress-promote-const|O2--fast-isel|O2-fglobal-isel|O3--aarch64-enable-global-isel-at-O=100|O3--aarch64-enable-global-isel-at-O=50|O3--aarch64-stress-promote-const|O3--fast-isel|O3-fglobal-isel|Ofast--aarch64-enable-global-isel-at-O=100|Ofast--aarch64-enable-global-isel-at-O=50|Ofast--aarch64-stress-promote-const|Ofast--fast-isel|Ofast-fglobal-isel|Os--aarch64-enable-global-isel-at-O=100|Os--aarch64-enable-global-isel-at-O=50|Os--aarch64-stress-promote-const|Os--fast-isel|Os-fglobal-isel
ossl_pqueue_reserve	ssl/priority_queue.c	17	1	OSSL_SAFE_MATH_UNSIGNED(size_t, size_t)	O	mdiv	O1--aarch64-stress-promote-const|O1--fast-isel|O2--aarch64-stress-promote-const|O2--fast-isel|O3--aarch64-stress-promote-const|O3--fast-isel|Ofast--aarch64-stress-promote-const|Ofast--fast-isel|Os--aarch64-stress-promote-const|Os--fast-isel
tls_choose_sigalg	ssl/t1_lib.c	4658	57	        if (!s->server && !ssl_has_cert(s, s->cert->key - s->cert->pkeys))	-	mdiv	O1--aarch64-enable-global-isel-at-O=100|O1--aarch64-enable-global-isel-at-O=50|O1--aarch64-stress-promote-const|O1--fast-isel|O1-fglobal-isel|O2--aarch64-enable-global-isel-at-O=100|O2--aarch64-enable-global-isel-at-O=50|O2--aarch64-stress-promote-const|O2--fast-isel|O2-fglobal-isel|O3--aarch64-enable-global-isel-at-O=100|O3--aarch64-enable-global-isel-at-O=50|O3--aarch64-stress-promote-const|O3--fast-isel|O3-fglobal-isel|Ofast--aarch64-enable-global-isel-at-O=100|Ofast--aarch64-enable-global-isel-at-O=50|Ofast--aarch64-stress-promote-const|Ofast--fast-isel|Ofast-fglobal-isel|Os--aarch64-enable-global-isel-at-O=100|Os--aarch64-enable-global-isel-at-O=50|Os--aarch64-stress-promote-const|Os--fast-isel|Os-fglobal-isel
s_client_main	apps/s_client.c	2988	17	                openssl_fdset(SSL_get_fd(con), &writefds);	o	mdiv	O1--aarch64-enable-global-isel-at-O=100|O1--aarch64-enable-global-isel-at-O=50|O1--aarch64-stress-promote-const|O1--fast-isel|O1-fglobal-isel|O2--aarch64-stress-promote-const|O2--fast-isel|O3--aarch64-stress-promote-const|O3--fast-isel|Ofast--aarch64-stress-promote-const|Ofast--fast-isel|Os--aarch64-enable-global-isel-at-O=100|Os--aarch64-enable-global-isel-at-O=50|Os--aarch64-stress-promote-const|Os--fast-isel|Os-fglobal-isel
SSL_get_default_timeout	ssl/ssl_lib.c	2243	22	    return (long int)ossl_time2seconds(s->method->get_timeout());	o	mdiv	O1--aarch64-stress-promote-const|O1--fast-isel|O2--aarch64-stress-promote-const|O2--fast-isel|O3--aarch64-stress-promote-const|O3--fast-isel|Ofast--aarch64-stress-promote-const|Ofast--fast-isel|Os--aarch64-stress-promote-const|Os--fast-isel
enc_main	apps/enc.c	391	23	    buff = app_malloc(EVP_ENCODE_LENGTH(bsize), "evp buffer");	E	mdiv	O1--aarch64-enable-global-isel-at-O=100|O1--aarch64-enable-global-isel-at-O=50|O1--aarch64-stress-promote-const|O1--fast-isel|O1-fglobal-isel|O2--aarch64-enable-global-isel-at-O=100|O2--aarch64-enable-global-isel-at-O=50|O2--aarch64-stress-promote-const|O2--fast-isel|O2-fglobal-isel|O3--aarch64-enable-global-isel-at-O=100|O3--aarch64-enable-global-isel-at-O=50|O3--aarch64-stress-promote-const|O3--fast-isel|O3-fglobal-isel|Ofast--aarch64-enable-global-isel-at-O=100|Ofast--aarch64-enable-global-isel-at-O=50|Ofast--aarch64-stress-promote-const|Ofast--fast-isel|Ofast-fglobal-isel|Os--aarch64-enable-global-isel-at-O=100|Os--aarch64-enable-global-isel-at-O=50|Os--aarch64-stress-promote-const|Os--fast-isel|Os-fglobal-isel
ossl_quic_rcidm_on_handshake_complete	ssl/quic/quic_rcidm.c	483	9	    if (rcidm->packets_sent >= PACKETS_PER_RCID)	r	mdiv	O1--aarch64-enable-global-isel-at-O=100|O1--aarch64-enable-global-isel-at-O=50|O1--aarch64-stress-promote-const|O1--fast-isel|O1-fglobal-isel|O2--aarch64-enable-global-isel-at-O=100|O2--aarch64-enable-global-isel-at-O=50|O2--aarch64-stress-promote-const|O2--fast-isel|O2-fglobal-isel|O3--aarch64-enable-global-isel-at-O=100|O3--aarch64-enable-global-isel-at-O=50|O3--aarch64-stress-promote-const|O3--fast-isel|O3-fglobal-isel|Ofast--aarch64-enable-global-isel-at-O=100|Ofast--aarch64-enable-global-isel-at-O=50|Ofast--aarch64-stress-promote-const|Ofast--fast-isel|Ofast-fglobal-isel
ossl_json_i64	ssl/quic/json_enc.c	551	34	        for (*p = '\0'; v > 0; v /= 10)	/	mdiv	O1--aarch64-stress-promote-const|O1--fast-isel
s_client_main	apps/s_client.c	3142	35	                   || (!isquic && FD_ISSET(SSL_get_fd(con), &readfds))) {	F	mdiv	O1--aarch64-enable-global-isel-at-O=100|O1--aarch64-enable-global-isel-at-O=50|O1--aarch64-stress-promote-const|O1--fast-isel|O1-fglobal-isel|O2--aarch64-stress-promote-const|O2--fast-isel|O3--aarch64-stress-promote-const|O3--fast-isel|Ofast--aarch64-stress-promote-const|Ofast--fast-isel|Os--aarch64-enable-global-isel-at-O=100|Os--aarch64-enable-global-isel-at-O=50|Os--aarch64-stress-promote-const|Os--fast-isel|Os-fglobal-isel|Oz--aarch64-enable-global-isel-at-O=100|Oz--aarch64-enable-global-isel-at-O=50|Oz--aarch64-stress-ccmp|Oz--aarch64-stress-promote-const|Oz--disable-machine-sink|Oz--disable-post-ra|Oz--enable-machine-outliner=never|Oz--enable-post-misched=false|Oz--jump-is-expensive|Oz--regalloc=pbqp|Oz-fglobal-isel|Oz-finline-hint-functions|Oz-finstrument-functions|Oz-fno-inline|Oz-fno-inline-functions
BN_bn2dec	crypto/bn/bn_conv.c	63	23	    num = (i / 10 + i / 1000 + 1) + 1;	/	mdiv	O1--aarch64-enable-global-isel-at-O=100|O1--aarch64-enable-global-isel-at-O=50|O1--aarch64-stress-promote-const|O1--fast-isel|O1-fglobal-isel|O2--aarch64-enable-global-isel-at-O=100|O2--aarch64-enable-global-isel-at-O=50|O2--aarch64-stress-promote-const|O2--fast-isel|O2-fglobal-isel|O3--aarch64-enable-global-isel-at-O=100|O3--aarch64-enable-global-isel-at-O=50|O3--aarch64-stress-promote-const|O3--fast-isel|O3-fglobal-isel|Ofast--aarch64-enable-global-isel-at-O=100|Ofast--aarch64-enable-global-isel-at-O=50|Ofast--aarch64-stress-promote-const|Ofast--fast-isel|Ofast-fglobal-isel|Os--aarch64-enable-global-isel-at-O=100|Os--aarch64-enable-global-isel-at-O=50|Os--aarch64-stress-promote-const|Os--fast-isel|Os-fglobal-isel
tls_choose_sigalg	ssl/t1_lib.c	4685	51	                        int cc_idx = s->cert->key - s->cert->pkeys;	-	mdiv	O1--aarch64-enable-global-isel-at-O=100|O1--aarch64-enable-global-isel-at-O=50|O1--aarch64-stress-promote-const|O1--fast-isel|O1-fglobal-isel|O2--aarch64-enable-global-isel-at-O=100|O2--aarch64-enable-global-isel-at-O=50|O2--aarch64-stress-promote-const|O2--fast-isel|O2-fglobal-isel|O3--aarch64-enable-global-isel-at-O=100|O3--aarch64-enable-global-isel-at-O=50|O3--aarch64-stress-promote-const|O3--fast-isel|O3-fglobal-isel|Ofast--aarch64-enable-global-isel-at-O=100|Ofast--aarch64-enable-global-isel-at-O=50|Ofast--aarch64-stress-promote-const|Ofast--fast-isel|Ofast-fglobal-isel|Os--aarch64-enable-global-isel-at-O=100|Os--aarch64-enable-global-isel-at-O=50|Os--aarch64-stress-promote-const|Os--fast-isel|Os-fglobal-isel
dtls1_ctrl	ssl/d1_lib.c	110	43	    tv.tv_usec = (t.t % OSSL_TIME_SECOND) / OSSL_TIME_US;	/	mdiv	O1--aarch64-stress-promote-const|O1--fast-isel|O2--aarch64-stress-promote-const|O2--fast-isel|O3--aarch64-stress-promote-const|O3--fast-isel|Ofast--aarch64-stress-promote-const|Ofast--fast-isel|Os--aarch64-stress-promote-const|Os--fast-isel
dtls1_handle_timeout	ssl/d1_lib.c	110	43	    tv.tv_usec = (t.t % OSSL_TIME_SECOND) / OSSL_TIME_US;	/	mdiv	O1--aarch64-stress-promote-const|O1--fast-isel|O2--aarch64-stress-promote-const|O2--fast-isel|O3--aarch64-stress-promote-const|O3--fast-isel|Ofast--aarch64-stress-promote-const|Ofast--fast-isel
def_time_cb	crypto/ts/ts_rsp_sign.c	110	43	    tv.tv_usec = (t.t % OSSL_TIME_SECOND) / OSSL_TIME_US;	/	mdiv	O1--aarch64-stress-promote-const|O1--fast-isel|O2--aarch64-stress-promote-const|O2--fast-isel|O3--aarch64-stress-promote-const|O3--fast-isel|Ofast--aarch64-stress-promote-const|Ofast--fast-isel|Os--aarch64-stress-promote-const|Os--fast-isel
ossl_quic_get_event_timeout	ssl/quic/quic_impl.c	110	43	    tv.tv_usec = (t.t % OSSL_TIME_SECOND) / OSSL_TIME_US;	/	mdiv	O1--aarch64-stress-promote-const|O1--fast-isel|O2--aarch64-stress-promote-const|O2--fast-isel|O3--aarch64-stress-promote-const|O3--fast-isel|Ofast--aarch64-stress-promote-const|Ofast--fast-isel|Os--aarch64-stress-promote-const|Os--fast-isel
OPENSSL_gmtime_diff	crypto/o_time.c	183	42	        (3 * ((y + 4900 + (m - 14) / 12) / 100)) / 4 + d - 32075;	/	mdiv	O1--aarch64-enable-global-isel-at-O=100|O1--aarch64-enable-global-isel-at-O=50|O1--aarch64-stress-promote-const|O1--fast-isel|O1-fglobal-isel|O2--aarch64-enable-global-isel-at-O=100|O2--aarch64-enable-global-isel-at-O=50|O2--aarch64-stress-promote-const|O2--fast-isel|O2-fglobal-isel|O3--aarch64-enable-global-isel-at-O=100|O3--aarch64-enable-global-isel-at-O=50|O3--aarch64-stress-promote-const|O3--fast-isel|O3-fglobal-isel|Ofast--aarch64-enable-global-isel-at-O=100|Ofast--aarch64-enable-global-isel-at-O=50|Ofast--aarch64-stress-promote-const|Ofast--fast-isel|Ofast-fglobal-isel
added_obj_hash	crypto/objects/obj_dat.c	134	20	            ret ^= p[i] << ((i * 3) % 24);	p	mdiv	O1--aarch64-stress-promote-const|O1--fast-isel|O2--aarch64-stress-promote-const|O2--fast-isel|O3--aarch64-stress-promote-const|O3--fast-isel|Ofast--aarch64-stress-promote-const|Ofast--fast-isel|Os--aarch64-stress-promote-const|Os--fast-isel
ossl_quic_rcidm_on_packet_sent	ssl/quic/quic_rcidm.c	483	9	    if (rcidm->packets_sent >= PACKETS_PER_RCID)	r	mdiv	O1--aarch64-enable-global-isel-at-O=100|O1--aarch64-enable-global-isel-at-O=50|O1--aarch64-stress-promote-const|O1--fast-isel|O1-fglobal-isel|O2--aarch64-enable-global-isel-at-O=100|O2--aarch64-enable-global-isel-at-O=50|O2--aarch64-stress-promote-const|O2--fast-isel|O2-fglobal-isel|O3--aarch64-enable-global-isel-at-O=100|O3--aarch64-enable-global-isel-at-O=50|O3--aarch64-stress-promote-const|O3--fast-isel|O3-fglobal-isel|Ofast--aarch64-enable-global-isel-at-O=100|Ofast--aarch64-enable-global-isel-at-O=50|Ofast--aarch64-stress-promote-const|Ofast--fast-isel|Ofast-fglobal-isel
ossl_property_list_to_string	crypto/property/property_parse.c	680	38	    for (; tmpval > 9; len++, tmpval /= 10);	/	mdiv	O1--aarch64-enable-global-isel-at-O=100|O1--aarch64-enable-global-isel-at-O=50|O1--aarch64-stress-promote-const|O1--fast-isel|O1-fglobal-isel|O2--aarch64-stress-promote-const|O2--fast-isel|O3--aarch64-stress-promote-const|O3--fast-isel|Ofast--aarch64-stress-promote-const|Ofast--fast-isel|Os--aarch64-stress-promote-const|Os--fast-isel
ssl_cert_set_current	ssl/ssl_cert.c	400	31	        idx = (size_t)(c->key - c->pkeys + 1);	-	mdiv	O1--aarch64-enable-global-isel-at-O=100|O1--aarch64-enable-global-isel-at-O=50|O1--aarch64-stress-promote-const|O1--fast-isel|O1-fglobal-isel|O2--aarch64-enable-global-isel-at-O=100|O2--aarch64-enable-global-isel-at-O=50|O2--aarch64-stress-promote-const|O2--fast-isel|O2-fglobal-isel|O3--aarch64-enable-global-isel-at-O=100|O3--aarch64-enable-global-isel-at-O=50|O3--aarch64-stress-promote-const|O3--fast-isel|O3-fglobal-isel|Ofast--aarch64-enable-global-isel-at-O=100|Ofast--aarch64-enable-global-isel-at-O=50|Ofast--aarch64-stress-promote-const|Ofast--fast-isel|Ofast-fglobal-isel|Os--aarch64-enable-global-isel-at-O=100|Os--aarch64-enable-global-isel-at-O=50|Os--aarch64-stress-promote-const|Os--fast-isel|Os-fglobal-isel
dtls1_stop_timer	ssl/d1_lib.c	110	43	    tv.tv_usec = (t.t % OSSL_TIME_SECOND) / OSSL_TIME_US;	/	mdiv	O1--aarch64-stress-promote-const|O1--fast-isel|O2--aarch64-stress-promote-const|O2--fast-isel|O3--aarch64-stress-promote-const|O3--fast-isel|Ofast--aarch64-stress-promote-const|Ofast--fast-isel|Os--aarch64-stress-promote-const|Os--fast-isel
ossl_asn1_time_from_tm	crypto/asn1/a_time.c	308	49	                                    ts->tm_year % 100, ts->tm_mon + 1,	%	mdiv	O1--aarch64-enable-global-isel-at-O=100|O1--aarch64-enable-global-isel-at-O=50|O1--aarch64-stress-promote-const|O1--fast-isel|O1-fglobal-isel|O2--aarch64-enable-global-isel-at-O=100|O2--aarch64-enable-global-isel-at-O=50|O2--aarch64-stress-promote-const|O2--fast-isel|O2-fglobal-isel|O3--aarch64-enable-global-isel-at-O=100|O3--aarch64-enable-global-isel-at-O=50|O3--aarch64-stress-promote-const|O3--fast-isel|O3-fglobal-isel|Ofast--aarch64-enable-global-isel-at-O=100|Ofast--aarch64-enable-global-isel-at-O=50|Ofast--aarch64-stress-promote-const|Ofast--fast-isel|Ofast-fglobal-isel|Os--aarch64-enable-global-isel-at-O=100|Os--aarch64-enable-global-isel-at-O=50|Os--aarch64-stress-promote-const|Os--fast-isel|Os-fglobal-isel
OSSL_ERR_STATE_restore	crypto/err/err_save.c	16	29	    es->top = (es->top + 1) % ERR_NUM_ERRORS;	%	mdiv	O1--aarch64-enable-global-isel-at-O=100|O1--aarch64-enable-global-isel-at-O=50|O1--aarch64-stress-promote-const|O1--fast-isel|O1-fglobal-isel|O2--aarch64-enable-global-isel-at-O=100|O2--aarch64-enable-global-isel-at-O=50|O2--aarch64-stress-promote-const|O2--fast-isel|O2-fglobal-isel|O3--aarch64-enable-global-isel-at-O=100|O3--aarch64-enable-global-isel-at-O=50|O3--aarch64-stress-promote-const|O3--fast-isel|O3-fglobal-isel|Ofast--aarch64-enable-global-isel-at-O=100|Ofast--aarch64-enable-global-isel-at-O=50|Ofast--aarch64-stress-promote-const|Ofast--fast-isel|Ofast-fglobal-isel|Os--aarch64-enable-global-isel-at-O=100|Os--aarch64-enable-global-isel-at-O=50|Os--aarch64-stress-promote-const|Os--fast-isel|Os-fglobal-isel
BN_BLINDING_invert_ex	crypto/bn/bn_blind.c	185	25	                n->d[i] &= mask;	&	mmem	O1--aarch64-enable-global-isel-at-O=100|O1--aarch64-enable-global-isel-at-O=50|O1--fast-isel|O1-fglobal-isel|O2--aarch64-enable-global-isel-at-O=100|O2--aarch64-enable-global-isel-at-O=50|O2--fast-isel|O2-fglobal-isel|O3--aarch64-enable-global-isel-at-O=100|O3--aarch64-enable-global-isel-at-O=50|O3--fast-isel|O3-fglobal-isel|Ofast--aarch64-enable-global-isel-at-O=100|Ofast--aarch64-enable-global-isel-at-O=50|Ofast--fast-isel|Ofast-fglobal-isel|Os--aarch64-enable-global-isel-at-O=100|Os--aarch64-enable-global-isel-at-O=50|Os--fast-isel|Os-fglobal-isel|Oz--aarch64-enable-global-isel-at-O=100|Oz--aarch64-enable-global-isel-at-O=50|Oz-fglobal-isel
DES_quad_cksum	crypto/des/qud_cksm.c	70	70	            z1 = ((t0 * ((t1 + NOISE) & 0xffffffffL)) & 0xffffffffL) %	%	mdiv	O1--aarch64-enable-global-isel-at-O=100|O1--aarch64-enable-global-isel-at-O=50|O1--aarch64-stress-promote-const|O1--fast-isel|O1-fglobal-isel|O2--aarch64-enable-global-isel-at-O=100|O2--aarch64-enable-global-isel-at-O=50|O2--aarch64-stress-promote-const|O2--fast-isel|O2-fglobal-isel|O3--aarch64-enable-global-isel-at-O=100|O3--aarch64-enable-global-isel-at-O=50|O3--aarch64-stress-promote-const|O3--fast-isel|O3-fglobal-isel|Ofast--aarch64-enable-global-isel-at-O=100|Ofast--aarch64-enable-global-isel-at-O=50|Ofast--aarch64-stress-promote-const|Ofast--fast-isel|Ofast-fglobal-isel|Os--aarch64-enable-global-isel-at-O=100|Os--aarch64-enable-global-isel-at-O=50|Os--aarch64-stress-promote-const|Os--fast-isel|Os-fglobal-isel
i2d_SSL_SESSION	ssl/ssl_asn1.c	172	27	    as.timeout = (int64_t)ossl_time2seconds(in->timeout);	o	mdiv	O1--aarch64-stress-promote-const|O1--fast-isel|O2--aarch64-stress-promote-const|O2--fast-isel|O3--aarch64-stress-promote-const|O3--fast-isel|Ofast--aarch64-stress-promote-const|Ofast--fast-isel|Os--aarch64-stress-promote-const|Os--fast-isel
s_client_main	apps/s_client.c	3043	25	                    && !FD_ISSET(SSL_get_fd(con), &writefds))	F	mdiv	O1--aarch64-enable-global-isel-at-O=100|O1--aarch64-enable-global-isel-at-O=50|O1--aarch64-stress-promote-const|O1--fast-isel|O1-fglobal-isel|O2--aarch64-stress-promote-const|O2--fast-isel|O3--aarch64-stress-promote-const|O3--fast-isel|Ofast--aarch64-stress-promote-const|Ofast--fast-isel|Os--aarch64-enable-global-isel-at-O=100|Os--aarch64-enable-global-isel-at-O=50|Os--aarch64-stress-promote-const|Os--fast-isel|Os-fglobal-isel
www_body	apps/s_server.c	3415	43	                        BIO_write(io, ((i % 3) ? " " : "\n"), 1);	%	mdiv	O1--aarch64-enable-global-isel-at-O=100|O1--aarch64-enable-global-isel-at-O=50|O1--aarch64-stress-promote-const|O1--fast-isel|O1-fglobal-isel|O2--aarch64-enable-global-isel-at-O=100|O2--aarch64-enable-global-isel-at-O=50|O2--aarch64-stress-promote-const|O2--fast-isel|O2-fglobal-isel|O3--aarch64-enable-global-isel-at-O=100|O3--aarch64-enable-global-isel-at-O=50|O3--aarch64-stress-promote-const|O3--fast-isel|O3-fglobal-isel|Ofast--aarch64-enable-global-isel-at-O=100|Ofast--aarch64-enable-global-isel-at-O=50|Ofast--aarch64-stress-promote-const|Ofast--fast-isel|Ofast-fglobal-isel|Os--aarch64-enable-global-isel-at-O=100|Os--aarch64-enable-global-isel-at-O=50|Os--aarch64-stress-promote-const|Os--fast-isel|Os-fglobal-isel
OSSL_sleep	crypto/sleep.c	62	36	    ts.tv_sec = (long int) (millis / 1000);	/	mdiv	O1--aarch64-stress-promote-const|O1--fast-isel|O2--aarch64-stress-promote-const|O2--fast-isel|O3--aarch64-stress-promote-const|O3--fast-isel|Ofast--aarch64-stress-promote-const|Ofast--fast-isel|Os--aarch64-stress-promote-const|Os--fast-isel
fmtfp	crypto/bio/bio_print.c	729	30	            tmpexp = (tmpexp / 10);	/	mdiv	O1--aarch64-enable-global-isel-at-O=100|O1--aarch64-enable-global-isel-at-O=50|O1--aarch64-stress-promote-const|O1--fast-isel|O1-fglobal-isel|O2--aarch64-enable-global-isel-at-O=100|O2--aarch64-enable-global-isel-at-O=50|O2--aarch64-stress-promote-const|O2--fast-isel|O2--unroll-force-peel-count=50|O2-fglobal-isel|O3--aarch64-enable-global-isel-at-O=100|O3--aarch64-enable-global-isel-at-O=50|O3--aarch64-stress-promote-const|O3--fast-isel|O3--unroll-force-peel-count=50|O3-fglobal-isel|Ofast--aarch64-stress-promote-const|Ofast--fast-isel|Ofast--unroll-force-peel-count=50|Os--aarch64-enable-global-isel-at-O=100|Os--aarch64-enable-global-isel-at-O=50|Os--aarch64-stress-promote-const|Os--fast-isel|Os--unroll-force-peel-count=50|Os-fglobal-isel
ossl_bio_print_labeled_buf	crypto/encode_decode/encoder_lib.c	789	16	        if ((i % LABELED_BUF_PRINT_WIDTH) == 0) {	%	mdiv	O1--aarch64-stress-promote-const|O1--fast-isel|O2--aarch64-stress-promote-const|O2--fast-isel|O3--aarch64-stress-promote-const|O3--fast-isel|Ofast--aarch64-stress-promote-const|Ofast--fast-isel|Os--aarch64-stress-promote-const|Os--fast-isel|Oz--disable-lsr
SCT_print	crypto/ct/ct_prn.c	37	46	                             (int)(timestamp / 86400000),	/	mdiv	O1--aarch64-stress-promote-const|O1--fast-isel|O2--aarch64-stress-promote-const|O2--fast-isel|O3--aarch64-stress-promote-const|O3--fast-isel|Ofast--aarch64-stress-promote-const|Ofast--fast-isel|Os--aarch64-stress-promote-const|Os--fast-isel
tls_construct_ctos_psk	ssl/statem/extensions_clnt.c	1126	28	        agesec = (uint32_t)ossl_time2seconds(t);	o	mdiv	O1--aarch64-stress-promote-const|O1--fast-isel|O2--aarch64-stress-promote-const|O2--fast-isel|O3--aarch64-stress-promote-const|O3--fast-isel|Ofast--aarch64-stress-promote-const|Ofast--fast-isel|Os--aarch64-stress-promote-const|Os--fast-isel
ossl_ifc_ffc_compute_security_bits	crypto/rsa/rsa_lib.c	301	31	    r = (r * (uint64_t)scale) / log_e;	/	mdiv	O1--aarch64-stress-promote-const|O1--fast-isel|O2--aarch64-stress-promote-const|O2--fast-isel|O3--aarch64-stress-promote-const|O3--fast-isel|Ofast--aarch64-stress-promote-const|Ofast--fast-isel|Os--aarch64-stress-promote-const|Os--fast-isel
get_error_values	crypto/err/err.c	462	30	        i = (es->bottom + 1) % ERR_NUM_ERRORS;	%	mdiv	O1--aarch64-enable-global-isel-at-O=100|O1--aarch64-enable-global-isel-at-O=50|O1--aarch64-stress-promote-const|O1--fast-isel|O1-fglobal-isel|O2--aarch64-enable-global-isel-at-O=100|O2--aarch64-enable-global-isel-at-O=50|O2--aarch64-stress-promote-const|O2--fast-isel|O2-fglobal-isel|O3--aarch64-enable-global-isel-at-O=100|O3--aarch64-enable-global-isel-at-O=50|O3--aarch64-stress-promote-const|O3--fast-isel|O3-fglobal-isel|Ofast--aarch64-enable-global-isel-at-O=100|Ofast--aarch64-enable-global-isel-at-O=50|Ofast--aarch64-stress-promote-const|Ofast--fast-isel|Ofast-fglobal-isel|Os--aarch64-enable-global-isel-at-O=100|Os--aarch64-enable-global-isel-at-O=50|Os--aarch64-stress-promote-const|Os--fast-isel|Os-fglobal-isel
t_tob64	crypto/srp/srp_vfy.c	152	23	    leadz = 3 - (size % 3);	%	mdiv	O1--aarch64-enable-global-isel-at-O=100|O1--aarch64-enable-global-isel-at-O=50|O1--aarch64-stress-promote-const|O1--fast-isel|O1-fglobal-isel|O2--aarch64-enable-global-isel-at-O=100|O2--aarch64-enable-global-isel-at-O=50|O2--aarch64-stress-promote-const|O2--fast-isel|O2-fglobal-isel|O3--aarch64-enable-global-isel-at-O=100|O3--aarch64-enable-global-isel-at-O=50|O3--aarch64-stress-promote-const|O3--fast-isel|O3-fglobal-isel|Ofast--aarch64-enable-global-isel-at-O=100|Ofast--aarch64-enable-global-isel-at-O=50|Ofast--aarch64-stress-promote-const|Ofast--fast-isel|Ofast-fglobal-isel|Os--aarch64-enable-global-isel-at-O=100|Os--aarch64-enable-global-isel-at-O=50|Os--aarch64-stress-promote-const|Os--fast-isel|Os-fglobal-isel
fmtfp	crypto/bio/bio_print.c	708	33	            fracpart = fracpart / 10;	/	mdiv	O1--fast-isel|O2--fast-isel|O3--aarch64-stress-promote-const|O3--fast-isel|Ofast--aarch64-stress-promote-const|Ofast--fast-isel|Os--fast-isel
s_client_main	apps/s_client.c	2529	17	                openssl_fdset(SSL_get_fd(con), &readfds);	o	mdiv	O1--aarch64-enable-global-isel-at-O=100|O1--aarch64-enable-global-isel-at-O=50|O1--aarch64-stress-promote-const|O1--fast-isel|O1-fglobal-isel|O2--aarch64-stress-promote-const|O3--aarch64-stress-promote-const|Ofast--aarch64-stress-promote-const|Os--aarch64-enable-global-isel-at-O=100|Os--aarch64-enable-global-isel-at-O=50|Os--aarch64-stress-promote-const|Os-fglobal-isel
OPENSSL_gmtime_adj	crypto/o_time.c	183	42	        (3 * ((y + 4900 + (m - 14) / 12) / 100)) / 4 + d - 32075;	/	mdiv	O1--aarch64-enable-global-isel-at-O=100|O1--aarch64-enable-global-isel-at-O=50|O1--aarch64-stress-promote-const|O1--fast-isel|O1-fglobal-isel|O2--aarch64-enable-global-isel-at-O=100|O2--aarch64-enable-global-isel-at-O=50|O2--aarch64-stress-promote-const|O2--fast-isel|O2-fglobal-isel|O3--aarch64-enable-global-isel-at-O=100|O3--aarch64-enable-global-isel-at-O=50|O3--aarch64-stress-promote-const|O3--fast-isel|O3-fglobal-isel|Ofast--aarch64-enable-global-isel-at-O=100|Ofast--aarch64-enable-global-isel-at-O=50|Ofast--aarch64-stress-promote-const|Ofast--fast-isel|Ofast-fglobal-isel
ossl_asn1_time_to_tm	crypto/asn1/a_time.c	39	34	    if (year % 400 == 0 || (year % 100 != 0 && year % 4 == 0))	%	mdiv	O1--aarch64-enable-global-isel-at-O=100|O1--aarch64-enable-global-isel-at-O=50|O1--aarch64-stress-promote-const|O1--fast-isel|O1-fglobal-isel|O2--aarch64-enable-global-isel-at-O=100|O2--aarch64-enable-global-isel-at-O=50|O2--aarch64-stress-promote-const|O2--fast-isel|O2-fglobal-isel|O3--aarch64-enable-global-isel-at-O=100|O3--aarch64-enable-global-isel-at-O=50|O3--aarch64-stress-promote-const|O3--fast-isel|O3-fglobal-isel|Ofast--aarch64-enable-global-isel-at-O=100|Ofast--aarch64-enable-global-isel-at-O=50|Ofast--aarch64-stress-promote-const|Ofast--fast-isel|Ofast-fglobal-isel|Os--aarch64-enable-global-isel-at-O=100|Os--aarch64-enable-global-isel-at-O=50|Os--aarch64-stress-promote-const|Os--fast-isel|Os-fglobal-isel
OPENSSL_gmtime_adj	crypto/o_time.c	181	41	    return (1461 * (y + 4800 + (m - 14) / 12)) / 4 +	/	mdiv	O1--aarch64-enable-global-isel-at-O=100|O1--aarch64-enable-global-isel-at-O=50|O1--aarch64-stress-promote-const|O1--fast-isel|O1-fglobal-isel|O2--aarch64-enable-global-isel-at-O=100|O2--aarch64-enable-global-isel-at-O=50|O2--aarch64-stress-promote-const|O2--fast-isel|O2-fglobal-isel|O3--aarch64-enable-global-isel-at-O=100|O3--aarch64-enable-global-isel-at-O=50|O3--aarch64-stress-promote-const|O3--fast-isel|O3-fglobal-isel|Ofast--aarch64-enable-global-isel-at-O=100|Ofast--aarch64-enable-global-isel-at-O=50|Ofast--aarch64-stress-promote-const|Ofast--fast-isel|Ofast-fglobal-isel
BN_bn2dec	crypto/bn/bn_conv.c	65	23	    bn_data_num = num / BN_DEC_NUM + 1;	/	mdiv	O1--aarch64-enable-global-isel-at-O=100|O1--aarch64-enable-global-isel-at-O=50|O1--aarch64-stress-promote-const|O1--fast-isel|O1-fglobal-isel|O2--aarch64-enable-global-isel-at-O=100|O2--aarch64-enable-global-isel-at-O=50|O2--aarch64-stress-promote-const|O2--fast-isel|O2-fglobal-isel|O3--aarch64-enable-global-isel-at-O=100|O3--aarch64-enable-global-isel-at-O=50|O3--aarch64-stress-promote-const|O3--fast-isel|O3-fglobal-isel|Ofast--aarch64-enable-global-isel-at-O=100|Ofast--aarch64-enable-global-isel-at-O=50|Ofast--aarch64-stress-promote-const|Ofast--fast-isel|Ofast-fglobal-isel|Os--aarch64-enable-global-isel-at-O=100|Os--aarch64-enable-global-isel-at-O=50|Os--aarch64-stress-promote-const|Os--fast-isel|Os-fglobal-isel
OPENSSL_gmtime_diff	crypto/o_time.c	182	48	        (367 * (m - 2 - 12 * ((m - 14) / 12))) / 12 -	/	mdiv	O1--aarch64-enable-global-isel-at-O=100|O1--aarch64-enable-global-isel-at-O=50|O1--aarch64-stress-promote-const|O1--fast-isel|O1-fglobal-isel|O2--aarch64-enable-global-isel-at-O=100|O2--aarch64-enable-global-isel-at-O=50|O2--aarch64-stress-promote-const|O2--fast-isel|O2-fglobal-isel|O3--aarch64-enable-global-isel-at-O=100|O3--aarch64-enable-global-isel-at-O=50|O3--aarch64-stress-promote-const|O3--fast-isel|O3-fglobal-isel|Ofast--aarch64-enable-global-isel-at-O=100|Ofast--aarch64-enable-global-isel-at-O=50|Ofast--aarch64-stress-promote-const|Ofast--fast-isel|Ofast-fglobal-isel
s_client_main	apps/s_client.c	2970	21	                    openssl_fdset(fileno_stdin(), &readfds);	o	mdiv	O1--aarch64-enable-global-isel-at-O=100|O1--aarch64-enable-global-isel-at-O=50|O1--aarch64-stress-promote-const|O1--fast-isel|O1-fglobal-isel|O2--aarch64-stress-promote-const|O2--fast-isel|O3--aarch64-stress-promote-const|O3--fast-isel|Ofast--aarch64-stress-promote-const|Ofast--fast-isel|Os--aarch64-enable-global-isel-at-O=100|Os--aarch64-enable-global-isel-at-O=50|Os--aarch64-stress-promote-const|Os--fast-isel|Os-fglobal-isel
fmtfp	crypto/bio/bio_print.c	697	28	        intpart = (intpart / 10);	/	mdiv	O1--aarch64-stress-promote-const|O1--fast-isel|O2--aarch64-stress-promote-const|O2--fast-isel|O2--unroll-force-peel-count=50|O3--aarch64-stress-promote-const|O3--fast-isel|O3--unroll-force-peel-count=50|Ofast--aarch64-stress-promote-const|Ofast--fast-isel|Ofast--unroll-force-peel-count=50|Os--aarch64-stress-promote-const|Os--fast-isel|Os--unroll-force-peel-count=50
ossl_asn1_time_to_tm	crypto/asn1/a_time.c	73	53	    tm->tm_wday = (d + (13 * m) / 5 + y + y / 4 + c / 4 + 5 * c + 6) % 7;	/	mdiv	O1--aarch64-enable-global-isel-at-O=100|O1--aarch64-enable-global-isel-at-O=50|O1--aarch64-stress-promote-const|O1--fast-isel|O1-fglobal-isel|O2--aarch64-enable-global-isel-at-O=100|O2--aarch64-enable-global-isel-at-O=50|O2--aarch64-stress-promote-const|O2--fast-isel|O2-fglobal-isel|O3--aarch64-enable-global-isel-at-O=100|O3--aarch64-enable-global-isel-at-O=50|O3--aarch64-stress-promote-const|O3--fast-isel|O3-fglobal-isel|Ofast--aarch64-enable-global-isel-at-O=100|Ofast--aarch64-enable-global-isel-at-O=50|Ofast--aarch64-stress-promote-const|Ofast--fast-isel|Ofast-fglobal-isel|Os--aarch64-enable-global-isel-at-O=100|Os--aarch64-enable-global-isel-at-O=50|Os--aarch64-stress-promote-const|Os--fast-isel|Os-fglobal-isel
get_error_values	crypto/err/err.c	479	30	        i = (es->bottom + 1) % ERR_NUM_ERRORS;	%	mdiv	O1--aarch64-enable-global-isel-at-O=100|O1--aarch64-enable-global-isel-at-O=50|O1--aarch64-stress-promote-const|O1--fast-isel|O1-fglobal-isel|Oz--instcombine-max-iterations=0|Oz-fprofile-arcs|Oz-fprofile-generate|Oz-fprofile-instr-generate
CT_POLICY_EVAL_CTX_new_ex	crypto/ct/ct_policy.c	48	29	    ctx->epoch_time_in_ms = ossl_time2ms(now);	o	mdiv	O1--aarch64-stress-promote-const|O1--fast-isel|O2--aarch64-stress-promote-const|O2--fast-isel|O3--aarch64-stress-promote-const|O3--fast-isel|Ofast--aarch64-stress-promote-const|Ofast--fast-isel|Os--aarch64-stress-promote-const|Os--fast-isel
tls1_check_chain	ssl/t1_lib.c	4027	29	            idx = (int)(cpk - c->pkeys);	-	mdiv	O1--aarch64-enable-global-isel-at-O=100|O1--aarch64-enable-global-isel-at-O=50|O1--aarch64-stress-promote-const|O1--fast-isel|O1-fglobal-isel|O2--aarch64-enable-global-isel-at-O=100|O2--aarch64-enable-global-isel-at-O=50|O2--aarch64-stress-promote-const|O2--fast-isel|O2-fglobal-isel|O3--aarch64-enable-global-isel-at-O=100|O3--aarch64-enable-global-isel-at-O=50|O3--aarch64-stress-promote-const|O3--fast-isel|O3-fglobal-isel|Ofast--aarch64-enable-global-isel-at-O=100|Ofast--aarch64-enable-global-isel-at-O=50|Ofast--aarch64-stress-promote-const|Ofast--fast-isel|Ofast-fglobal-isel|Os--aarch64-enable-global-isel-at-O=100|Os--aarch64-enable-global-isel-at-O=50|Os--aarch64-stress-promote-const|Os--fast-isel|Os-fglobal-isel
NETSCAPE_SPKI_print	crypto/asn1/t_spki.c	49	16	        if ((i % 18) == 0)	%	mdiv	O1--aarch64-stress-promote-const|O1--fast-isel|O2--aarch64-stress-promote-const|O2--fast-isel|O3--aarch64-stress-promote-const|O3--fast-isel|Ofast--aarch64-stress-promote-const|Ofast--fast-isel|Os--aarch64-stress-promote-const|Os--fast-isel|Oz--disable-lsr
ossl_quic_rcidm_request_roll	ssl/quic/quic_rcidm.c	483	9	    if (rcidm->packets_sent >= PACKETS_PER_RCID)	r	mdiv	O1--aarch64-enable-global-isel-at-O=100|O1--aarch64-enable-global-isel-at-O=50|O1--aarch64-stress-promote-const|O1--fast-isel|O1-fglobal-isel|O2--aarch64-enable-global-isel-at-O=100|O2--aarch64-enable-global-isel-at-O=50|O2--aarch64-stress-promote-const|O2--fast-isel|O2-fglobal-isel|O3--aarch64-enable-global-isel-at-O=100|O3--aarch64-enable-global-isel-at-O=50|O3--aarch64-stress-promote-const|O3--fast-isel|O3-fglobal-isel|Ofast--aarch64-enable-global-isel-at-O=100|Ofast--aarch64-enable-global-isel-at-O=50|Ofast--aarch64-stress-promote-const|Ofast--fast-isel|Ofast-fglobal-isel
print_array	apps/lib/apps.c	1420	16	        if ((i % 10) == 0)	%	mdiv	O1--aarch64-stress-promote-const|O1--fast-isel|O2--aarch64-stress-promote-const|O2--fast-isel|O3--aarch64-stress-promote-const|O3--fast-isel|Ofast--aarch64-stress-promote-const|Ofast--fast-isel|Os--aarch64-stress-promote-const|Os--fast-isel|Oz--disable-lsr
OBJ_obj2txt	crypto/objects/obj_dat.c	563	29	                i = (int)(l / 40);	/	mdiv	O1--aarch64-stress-promote-const|O1--fast-isel|O2--aarch64-stress-promote-const|O3--aarch64-stress-promote-const|Ofast--aarch64-stress-promote-const|Os--aarch64-stress-promote-const
s_client_main	apps/s_client.c	3042	25	                    && !FD_ISSET(SSL_get_fd(con), &readfds)	F	mdiv	O1--aarch64-enable-global-isel-at-O=100|O1--aarch64-enable-global-isel-at-O=50|O1--aarch64-stress-promote-const|O1--fast-isel|O1-fglobal-isel|O2--aarch64-stress-promote-const|O2--fast-isel|O3--aarch64-stress-promote-const|O3--fast-isel|Ofast--aarch64-stress-promote-const|Ofast--fast-isel|Os--aarch64-enable-global-isel-at-O=100|Os--aarch64-enable-global-isel-at-O=50|Os--aarch64-stress-promote-const|Os--fast-isel|Os-fglobal-isel
err_string_data_hash	crypto/err/err.c	174	23	    return (ret ^ ret % 19 * 13);	%	mdiv	O1--aarch64-enable-global-isel-at-O=100|O1--aarch64-enable-global-isel-at-O=50|O1--aarch64-stress-promote-const|O1--fast-isel|O1-fglobal-isel|O2--aarch64-enable-global-isel-at-O=100|O2--aarch64-enable-global-isel-at-O=50|O2--aarch64-stress-promote-const|O2--fast-isel|O2-fglobal-isel|O3--aarch64-enable-global-isel-at-O=100|O3--aarch64-enable-global-isel-at-O=50|O3--aarch64-stress-promote-const|O3--fast-isel|O3-fglobal-isel|Ofast--aarch64-enable-global-isel-at-O=100|Ofast--aarch64-enable-global-isel-at-O=50|Ofast--aarch64-stress-promote-const|Ofast--fast-isel|Ofast-fglobal-isel|Os--aarch64-enable-global-isel-at-O=100|Os--aarch64-enable-global-isel-at-O=50|Os--aarch64-stress-promote-const|Os--fast-isel|Os-fglobal-isel
ERR_new	crypto/err/err_blocks.c	16	29	    es->top = (es->top + 1) % ERR_NUM_ERRORS;	%	mdiv	O1--aarch64-enable-global-isel-at-O=100|O1--aarch64-enable-global-isel-at-O=50|O1--aarch64-stress-promote-const|O1--fast-isel|O1-fglobal-isel|O2--aarch64-enable-global-isel-at-O=100|O2--aarch64-enable-global-isel-at-O=50|O2--aarch64-stress-promote-const|O2--fast-isel|O2-fglobal-isel|O3--aarch64-enable-global-isel-at-O=100|O3--aarch64-enable-global-isel-at-O=50|O3--aarch64-stress-promote-const|O3--fast-isel|O3-fglobal-isel|Ofast--aarch64-enable-global-isel-at-O=100|Ofast--aarch64-enable-global-isel-at-O=50|Ofast--aarch64-stress-promote-const|Ofast--fast-isel|Ofast-fglobal-isel|Os--aarch64-enable-global-isel-at-O=100|Os--aarch64-enable-global-isel-at-O=50|Os--aarch64-stress-promote-const|Os--fast-isel|Os-fglobal-isel
DH_generate_parameters_ex	crypto/dh/dh_gen.c	225	31	                   + 24) / 25 * 25;	*	mdiv	O1--aarch64-enable-global-isel-at-O=100|O1--aarch64-enable-global-isel-at-O=50|O1--aarch64-stress-promote-const|O1--fast-isel|O1-fglobal-isel|O2--aarch64-enable-global-isel-at-O=100|O2--aarch64-enable-global-isel-at-O=50|O2--aarch64-stress-promote-const|O2--fast-isel|O2-fglobal-isel|O3--aarch64-enable-global-isel-at-O=100|O3--aarch64-enable-global-isel-at-O=50|O3--aarch64-stress-promote-const|O3--fast-isel|O3-fglobal-isel|Ofast--aarch64-enable-global-isel-at-O=100|Ofast--aarch64-enable-global-isel-at-O=50|Ofast--aarch64-stress-promote-const|Ofast--fast-isel|Ofast-fglobal-isel|Os--aarch64-enable-global-isel-at-O=100|Os--aarch64-enable-global-isel-at-O=50|Os--aarch64-stress-promote-const|Os--fast-isel|Os-fglobal-isel
OSSL_ERR_STATE_restore	crypto/err/err_save.c	18	39	        es->bottom = (es->bottom + 1) % ERR_NUM_ERRORS;	%	mdiv	O1--aarch64-enable-global-isel-at-O=100|O1--aarch64-enable-global-isel-at-O=50|O1--aarch64-stress-promote-const|O1--fast-isel|O1-fglobal-isel|O2--aarch64-enable-global-isel-at-O=100|O2--aarch64-enable-global-isel-at-O=50|O2--aarch64-stress-promote-const|O2-fglobal-isel|O3--aarch64-enable-global-isel-at-O=100|O3--aarch64-enable-global-isel-at-O=50|O3--aarch64-stress-promote-const|O3-fglobal-isel|Ofast--aarch64-enable-global-isel-at-O=100|Ofast--aarch64-enable-global-isel-at-O=50|Ofast--aarch64-stress-promote-const|Ofast-fglobal-isel|Os--aarch64-enable-global-isel-at-O=100|Os--aarch64-enable-global-isel-at-O=50|Os--aarch64-stress-promote-const|Os-fglobal-isel
CONF_get_number	crypto/conf/conf_lib.c	358	34	        if (res > (LONG_MAX - d) / 10L) {	/	mdiv	O1--aarch64-enable-global-isel-at-O=100|O1--aarch64-enable-global-isel-at-O=50|O1--aarch64-stress-promote-const|O1--fast-isel|O1-fglobal-isel|O2--aarch64-stress-promote-const|O2--fast-isel|O3--aarch64-stress-promote-const|O3--fast-isel|Ofast--aarch64-stress-promote-const|Ofast--fast-isel|Os--aarch64-stress-promote-const|Os--fast-isel
create_ticket_prequel	ssl/statem/statem_srvr.c	3905	34	    uint32_t timeout = (uint32_t)ossl_time2seconds(s->session->timeout);	o	mdiv	O1--aarch64-stress-promote-const|O1--fast-isel|O2--aarch64-stress-promote-const|O2--fast-isel|O3--aarch64-stress-promote-const|O3--fast-isel|Ofast--aarch64-stress-promote-const|Ofast--fast-isel|Os--aarch64-stress-promote-const|Os--fast-isel
ERR_new	crypto/err/err_blocks.c	18	39	        es->bottom = (es->bottom + 1) % ERR_NUM_ERRORS;	%	mdiv	O1--aarch64-enable-global-isel-at-O=100|O1--aarch64-enable-global-isel-at-O=50|O1--aarch64-stress-promote-const|O1--fast-isel|O1-fglobal-isel|O2--aarch64-enable-global-isel-at-O=100|O2--aarch64-enable-global-isel-at-O=50|O2--aarch64-stress-promote-const|O2-fglobal-isel|O3--aarch64-enable-global-isel-at-O=100|O3--aarch64-enable-global-isel-at-O=50|O3--aarch64-stress-promote-const|O3-fglobal-isel|Ofast--aarch64-enable-global-isel-at-O=100|Ofast--aarch64-enable-global-isel-at-O=50|Ofast--aarch64-stress-promote-const|Ofast-fglobal-isel|Os--aarch64-enable-global-isel-at-O=100|Os--aarch64-enable-global-isel-at-O=50|Os--aarch64-stress-promote-const|Os-fglobal-isel
OPENSSL_gmtime_adj	crypto/o_time.c	189	22	    long n = (4 * L) / 146097;	/	mdiv	O1--aarch64-enable-global-isel-at-O=100|O1--aarch64-enable-global-isel-at-O=50|O1--aarch64-stress-promote-const|O1--fast-isel|O1-fglobal-isel|O2--aarch64-stress-promote-const|O2--fast-isel|O3--aarch64-stress-promote-const|O3--fast-isel|Ofast--aarch64-stress-promote-const|Ofast--fast-isel|Os--aarch64-enable-global-isel-at-O=100|Os--aarch64-enable-global-isel-at-O=50|Os--aarch64-stress-promote-const|Os--fast-isel|Os-fglobal-isel
ossl_quic_txpim_pkt_append_chunk	ssl/quic/quic_txpim.c	166	79	        new_alloc_chunks = (ex->alloc_chunks == 0) ? 4 : ex->alloc_chunks * 8 / 5;	/	mdiv	O1--aarch64-stress-promote-const|O1--fast-isel|Oz--disable-machine-sink|Oz--instcombine-max-iterations=0|Oz--jump-threading-threshold=0|Oz-fprofile-generate
ossl_crypto_condvar_wait_timeout	crypto/thread/arch/thread_posix.c	195	15	            = ossl_time2seconds(deadline);	o	mdiv	O1--aarch64-stress-promote-const|O1--fast-isel|O2--aarch64-stress-promote-const|O2--fast-isel|O3--aarch64-stress-promote-const|O3--fast-isel|Ofast--aarch64-stress-promote-const|Ofast--fast-isel|Os--aarch64-stress-promote-const|Os--fast-isel
a2d_ASN1_OBJECT	crypto/asn1/a_object.c	130	35	            blsize = (blsize + 6) / 7;	/	mdiv	O1--aarch64-enable-global-isel-at-O=100|O1--aarch64-enable-global-isel-at-O=50|O1--aarch64-stress-promote-const|O1--fast-isel|O1-fglobal-isel|O2--aarch64-enable-global-isel-at-O=100|O2--aarch64-enable-global-isel-at-O=50|O2--aarch64-stress-promote-const|O2--fast-isel|O2-fglobal-isel|O3--aarch64-enable-global-isel-at-O=100|O3--aarch64-enable-global-isel-at-O=50|O3--aarch64-stress-promote-const|O3--fast-isel|O3-fglobal-isel|Ofast--aarch64-enable-global-isel-at-O=100|Ofast--aarch64-enable-global-isel-at-O=50|Ofast--aarch64-stress-promote-const|Ofast--fast-isel|Ofast-fglobal-isel|Os--aarch64-enable-global-isel-at-O=100|Os--aarch64-enable-global-isel-at-O=50|Os--aarch64-stress-promote-const|Os--fast-isel|Os-fglobal-isel
ossl_quic_rcidm_add_from_ncid	ssl/quic/quic_rcidm.c	483	9	    if (rcidm->packets_sent >= PACKETS_PER_RCID)	r	mdiv	O1--aarch64-enable-global-isel-at-O=100|O1--aarch64-enable-global-isel-at-O=50|O1--aarch64-stress-promote-const|O1--fast-isel|O1-fglobal-isel|O2--aarch64-enable-global-isel-at-O=100|O2--aarch64-enable-global-isel-at-O=50|O2--aarch64-stress-promote-const|O2--fast-isel|O2-fglobal-isel|O3--aarch64-enable-global-isel-at-O=100|O3--aarch64-enable-global-isel-at-O=50|O3--aarch64-stress-promote-const|O3--fast-isel|O3-fglobal-isel|Ofast--aarch64-enable-global-isel-at-O=100|Ofast--aarch64-enable-global-isel-at-O=50|Ofast--aarch64-stress-promote-const|Ofast--fast-isel|Ofast-fglobal-isel
ossl_asn1_time_to_tm	crypto/asn1/a_time.c	39	14	    if (year % 400 == 0 || (year % 100 != 0 && year % 4 == 0))	%	mdiv	O1--aarch64-enable-global-isel-at-O=100|O1--aarch64-enable-global-isel-at-O=50|O1--aarch64-stress-promote-const|O1--fast-isel|O1-fglobal-isel|O2--aarch64-enable-global-isel-at-O=100|O2--aarch64-enable-global-isel-at-O=50|O2--aarch64-stress-promote-const|O2--fast-isel|O2-fglobal-isel|O3--aarch64-enable-global-isel-at-O=100|O3--aarch64-enable-global-isel-at-O=50|O3--aarch64-stress-promote-const|O3--fast-isel|O3-fglobal-isel|Ofast--aarch64-enable-global-isel-at-O=100|Ofast--aarch64-enable-global-isel-at-O=50|Ofast--aarch64-stress-promote-const|Ofast--fast-isel|Ofast-fglobal-isel|Os--aarch64-enable-global-isel-at-O=100|Os--aarch64-enable-global-isel-at-O=50|Os--aarch64-stress-promote-const|Os--fast-isel|Os-fglobal-isel
BUF_MEM_grow_clean	crypto/buffer/buffer.c	128	19	    n = (len + 3) / 3 * 4;	/	mdiv	O1--aarch64-stress-promote-const|O1--fast-isel|O2--aarch64-stress-promote-const|O2--fast-isel|O3--aarch64-stress-promote-const|O3--fast-isel|Ofast--aarch64-stress-promote-const|Ofast--fast-isel|Os--aarch64-stress-promote-const|Os--fast-isel|Oz--enable-machine-outliner=never
OPENSSL_gmtime_adj	crypto/o_time.c	196	25	    *d = L - (2447 * j) / 80;	/	mdiv	O1--aarch64-enable-global-isel-at-O=100|O1--aarch64-enable-global-isel-at-O=50|O1--aarch64-stress-promote-const|O1--fast-isel|O1-fglobal-isel|O2--aarch64-enable-global-isel-at-O=100|O2--aarch64-enable-global-isel-at-O=50|O2--aarch64-stress-promote-const|O2--fast-isel|O2-fglobal-isel|O3--aarch64-enable-global-isel-at-O=100|O3--aarch64-enable-global-isel-at-O=50|O3--aarch64-stress-promote-const|O3--fast-isel|O3-fglobal-isel|Ofast--aarch64-enable-global-isel-at-O=100|Ofast--aarch64-enable-global-isel-at-O=50|Ofast--aarch64-stress-promote-const|Ofast--fast-isel|Ofast-fglobal-isel|Os--aarch64-enable-global-isel-at-O=100|Os--aarch64-enable-global-isel-at-O=50|Os--aarch64-stress-promote-const|Os--fast-isel|Os-fglobal-isel
json_u64	ssl/quic/json_enc.c	551	34	        for (*p = '\0'; v > 0; v /= 10)	/	mdiv	O1--aarch64-stress-promote-const|O1--fast-isel|O2--aarch64-stress-promote-const|O2--fast-isel|O2--unroll-force-peel-count=50|O3--aarch64-stress-promote-const|O3--fast-isel|O3--unroll-force-peel-count=50|Ofast--aarch64-stress-promote-const|Ofast--fast-isel|Ofast--unroll-force-peel-count=50|Os--aarch64-stress-promote-const|Os--fast-isel|Os--unroll-force-peel-count=50
BN_bn2dec	crypto/bn/bn_conv.c	63	14	    num = (i / 10 + i / 1000 + 1) + 1;	/	mdiv	O1--aarch64-enable-global-isel-at-O=100|O1--aarch64-enable-global-isel-at-O=50|O1--aarch64-stress-promote-const|O1--fast-isel|O1-fglobal-isel|O2--aarch64-enable-global-isel-at-O=100|O2--aarch64-enable-global-isel-at-O=50|O2--aarch64-stress-promote-const|O2--fast-isel|O2-fglobal-isel|O3--aarch64-enable-global-isel-at-O=100|O3--aarch64-enable-global-isel-at-O=50|O3--aarch64-stress-promote-const|O3--fast-isel|O3-fglobal-isel|Ofast--aarch64-enable-global-isel-at-O=100|Ofast--aarch64-enable-global-isel-at-O=50|Ofast--aarch64-stress-promote-const|Ofast--fast-isel|Ofast-fglobal-isel|Os--aarch64-enable-global-isel-at-O=100|Os--aarch64-enable-global-isel-at-O=50|Os--aarch64-stress-promote-const|Os--fast-isel|Os-fglobal-isel
OPENSSL_gmtime_adj	crypto/o_time.c	140	29	    offset_day = offset_sec / SECS_PER_DAY;	/	mdiv	O1--aarch64-enable-global-isel-at-O=100|O1--aarch64-enable-global-isel-at-O=50|O1--aarch64-stress-promote-const|O1--fast-isel|O1-fglobal-isel|O2--aarch64-enable-global-isel-at-O=100|O2--aarch64-enable-global-isel-at-O=50|O2--aarch64-stress-promote-const|O2--fast-isel|O2-fglobal-isel|O3--aarch64-enable-global-isel-at-O=100|O3--aarch64-enable-global-isel-at-O=50|O3--aarch64-stress-promote-const|O3--fast-isel|O3-fglobal-isel|Ofast--aarch64-enable-global-isel-at-O=100|Ofast--aarch64-enable-global-isel-at-O=50|Ofast--aarch64-stress-promote-const|Ofast--fast-isel|Ofast-fglobal-isel
BN_GF2m_mod_arr	crypto/bn/bn_gf2m.c	334	20	            d0 = n % BN_BITS2;	%	mdiv	O1--aarch64-enable-global-isel-at-O=100|O1--aarch64-enable-global-isel-at-O=50|O1--aarch64-stress-promote-const|O1--fast-isel|O1-fglobal-isel|O2--aarch64-enable-global-isel-at-O=100|O2--aarch64-enable-global-isel-at-O=50|O2--aarch64-stress-promote-const|O2--fast-isel|O2-fglobal-isel|O3--aarch64-enable-global-isel-at-O=100|O3--aarch64-enable-global-isel-at-O=50|O3--aarch64-stress-promote-const|O3--fast-isel|O3-fglobal-isel|Ofast--aarch64-enable-global-isel-at-O=100|Ofast--aarch64-enable-global-isel-at-O=50|Ofast--aarch64-stress-promote-const|Ofast--fast-isel|Ofast-fglobal-isel|Os--aarch64-enable-global-isel-at-O=100|Os--aarch64-enable-global-isel-at-O=50|Os--aarch64-stress-promote-const|Os--fast-isel|Os-fglobal-isel
s_client_main	apps/s_client.c	3121	34	        else if (!ssl_pending && FD_ISSET(fileno_stdout(), &writefds))	F	mdiv	O1--aarch64-enable-global-isel-at-O=100|O1--aarch64-enable-global-isel-at-O=50|O1--aarch64-stress-promote-const|O1--fast-isel|O1-fglobal-isel|O2--aarch64-stress-promote-const|O2--fast-isel|O3--aarch64-stress-promote-const|O3--fast-isel|Ofast--aarch64-stress-promote-const|Ofast--fast-isel|Os--aarch64-enable-global-isel-at-O=100|Os--aarch64-enable-global-isel-at-O=50|Os--aarch64-stress-promote-const|Os--fast-isel|Os-fglobal-isel
ossl_quic_rcidm_add_from_server_retry	ssl/quic/quic_rcidm.c	483	9	    if (rcidm->packets_sent >= PACKETS_PER_RCID)	r	mdiv	O1--aarch64-enable-global-isel-at-O=100|O1--aarch64-enable-global-isel-at-O=50|O1--aarch64-stress-promote-const|O1--fast-isel|O1-fglobal-isel|O2--aarch64-enable-global-isel-at-O=100|O2--aarch64-enable-global-isel-at-O=50|O2--aarch64-stress-promote-const|O2--fast-isel|O2-fglobal-isel|O3--aarch64-enable-global-isel-at-O=100|O3--aarch64-enable-global-isel-at-O=50|O3--aarch64-stress-promote-const|O3--fast-isel|O3-fglobal-isel|Ofast--aarch64-enable-global-isel-at-O=100|Ofast--aarch64-enable-global-isel-at-O=50|Ofast--aarch64-stress-promote-const|Ofast--fast-isel|Ofast-fglobal-isel
OPENSSL_gmtime_adj	crypto/o_time.c	182	48	        (367 * (m - 2 - 12 * ((m - 14) / 12))) / 12 -	/	mdiv	O1--aarch64-enable-global-isel-at-O=100|O1--aarch64-enable-global-isel-at-O=50|O1--aarch64-stress-promote-const|O1--fast-isel|O1-fglobal-isel|O2--aarch64-enable-global-isel-at-O=100|O2--aarch64-enable-global-isel-at-O=50|O2--aarch64-stress-promote-const|O2--fast-isel|O2-fglobal-isel|O3--aarch64-enable-global-isel-at-O=100|O3--aarch64-enable-global-isel-at-O=50|O3--aarch64-stress-promote-const|O3--fast-isel|O3-fglobal-isel|Ofast--aarch64-enable-global-isel-at-O=100|Ofast--aarch64-enable-global-isel-at-O=50|Ofast--aarch64-stress-promote-const|Ofast--fast-isel|Ofast-fglobal-isel
SSL_get_handshake_rtt	ssl/ssl_lib.c	5093	12	    *rtt = ossl_time2us(ossl_time_subtract(sc->ts_msg_read, sc->ts_msg_write));	o	mdiv	O1--aarch64-stress-promote-const|O1--fast-isel|O2--aarch64-stress-promote-const|O2--fast-isel|O3--aarch64-stress-promote-const|O3--fast-isel|Ofast--aarch64-stress-promote-const|Ofast--fast-isel|Os--aarch64-stress-promote-const|Os--fast-isel
ossl_asn1_time_to_tm	crypto/asn1/a_time.c	73	70	    tm->tm_wday = (d + (13 * m) / 5 + y + y / 4 + c / 4 + 5 * c + 6) % 7;	%	mdiv	O1--aarch64-enable-global-isel-at-O=100|O1--aarch64-enable-global-isel-at-O=50|O1--aarch64-stress-promote-const|O1--fast-isel|O1-fglobal-isel|O2--aarch64-enable-global-isel-at-O=100|O2--aarch64-enable-global-isel-at-O=50|O2--aarch64-stress-promote-const|O2--fast-isel|O2-fglobal-isel|O3--aarch64-enable-global-isel-at-O=100|O3--aarch64-enable-global-isel-at-O=50|O3--aarch64-stress-promote-const|O3--fast-isel|O3-fglobal-isel|Ofast--aarch64-enable-global-isel-at-O=100|Ofast--aarch64-enable-global-isel-at-O=50|Ofast--aarch64-stress-promote-const|Ofast--fast-isel|Ofast-fglobal-isel|Os--aarch64-enable-global-isel-at-O=100|Os--aarch64-enable-global-isel-at-O=50|Os--aarch64-stress-promote-const|Os--fast-isel|Os-fglobal-isel
OPENSSL_gmtime_diff	crypto/o_time.c	181	41	    return (1461 * (y + 4800 + (m - 14) / 12)) / 4 +	/	mdiv	O1--aarch64-enable-global-isel-at-O=100|O1--aarch64-enable-global-isel-at-O=50|O1--aarch64-stress-promote-const|O1--fast-isel|O1-fglobal-isel|O2--aarch64-enable-global-isel-at-O=100|O2--aarch64-enable-global-isel-at-O=50|O2--aarch64-stress-promote-const|O2--fast-isel|O2-fglobal-isel|O3--aarch64-enable-global-isel-at-O=100|O3--aarch64-enable-global-isel-at-O=50|O3--aarch64-stress-promote-const|O3--fast-isel|O3-fglobal-isel|Ofast--aarch64-enable-global-isel-at-O=100|Ofast--aarch64-enable-global-isel-at-O=50|Ofast--aarch64-stress-promote-const|Ofast--fast-isel|Ofast-fglobal-isel
tls1_get_legacy_sigalg	ssl/t1_lib.c	2495	32	            idx = s->cert->key - s->cert->pkeys;	-	mdiv	O1--aarch64-enable-global-isel-at-O=100|O1--aarch64-enable-global-isel-at-O=50|O1--aarch64-stress-promote-const|O1--fast-isel|O1-fglobal-isel|O2--aarch64-enable-global-isel-at-O=100|O2--aarch64-enable-global-isel-at-O=50|O2--aarch64-stress-promote-const|O2--fast-isel|O2-fglobal-isel|O3--aarch64-enable-global-isel-at-O=100|O3--aarch64-enable-global-isel-at-O=50|O3--aarch64-stress-promote-const|O3--fast-isel|O3-fglobal-isel|Ofast--aarch64-enable-global-isel-at-O=100|Ofast--aarch64-enable-global-isel-at-O=50|Ofast--aarch64-stress-promote-const|Ofast--fast-isel|Ofast-fglobal-isel|Os--aarch64-enable-global-isel-at-O=100|Os--aarch64-enable-global-isel-at-O=50|Os--aarch64-stress-promote-const|Os--fast-isel|Os-fglobal-isel
ossl_asn1_time_to_tm	crypto/asn1/a_time.c	73	33	    tm->tm_wday = (d + (13 * m) / 5 + y + y / 4 + c / 4 + 5 * c + 6) % 7;	/	mdiv	O1--aarch64-enable-global-isel-at-O=100|O1--aarch64-enable-global-isel-at-O=50|O1--aarch64-stress-promote-const|O1--fast-isel|O1-fglobal-isel|O2--aarch64-enable-global-isel-at-O=100|O2--aarch64-enable-global-isel-at-O=50|O2--aarch64-stress-promote-const|O2-fglobal-isel|O3--aarch64-enable-global-isel-at-O=100|O3--aarch64-enable-global-isel-at-O=50|O3--aarch64-stress-promote-const|O3-fglobal-isel|Ofast--aarch64-enable-global-isel-at-O=100|Ofast--aarch64-enable-global-isel-at-O=50|Ofast--aarch64-stress-promote-const|Ofast-fglobal-isel|Os--aarch64-enable-global-isel-at-O=100|Os--aarch64-enable-global-isel-at-O=50|Os--aarch64-stress-promote-const|Os-fglobal-isel
OPENSSL_gmtime_adj	crypto/o_time.c	94	28	    tm->tm_hour = time_sec / 3600;	/	mdiv	O1--aarch64-enable-global-isel-at-O=100|O1--aarch64-enable-global-isel-at-O=50|O1--aarch64-stress-promote-const|O1--fast-isel|O1-fglobal-isel|O2--aarch64-enable-global-isel-at-O=100|O2--aarch64-enable-global-isel-at-O=50|O2--aarch64-stress-promote-const|O2--fast-isel|O2-fglobal-isel|O3--aarch64-enable-global-isel-at-O=100|O3--aarch64-enable-global-isel-at-O=50|O3--aarch64-stress-promote-const|O3--fast-isel|O3-fglobal-isel|Ofast--aarch64-enable-global-isel-at-O=100|Ofast--aarch64-enable-global-isel-at-O=50|Ofast--aarch64-stress-promote-const|Ofast--fast-isel|Ofast-fglobal-isel|Os--aarch64-enable-global-isel-at-O=100|Os--aarch64-enable-global-isel-at-O=50|Os--aarch64-stress-promote-const|Os--fast-isel|Os-fglobal-isel
ossl_punycode_decode	crypto/punycode.c	49	33	    delta = (firsttime) ? delta / damp : delta / 2;	/	mdiv	O1--aarch64-stress-promote-const|O1--fast-isel|O2--aarch64-stress-promote-const|O2--fast-isel|O3--aarch64-stress-promote-const|O3--fast-isel|Ofast--aarch64-stress-promote-const|Ofast--fast-isel|Os--aarch64-stress-promote-const|Os--fast-isel
sk_reserve	crypto/stack/stack.c	18	1	OSSL_SAFE_MATH_SIGNED(int, int)	O	mdiv	O1--aarch64-enable-global-isel-at-O=100|O1--aarch64-enable-global-isel-at-O=50|O1--aarch64-stress-promote-const|O1--fast-isel|O1-fglobal-isel|O2--aarch64-enable-global-isel-at-O=100|O2--aarch64-enable-global-isel-at-O=50|O2--aarch64-stress-promote-const|O2--fast-isel|O2-fglobal-isel|O3--aarch64-enable-global-isel-at-O=100|O3--aarch64-enable-global-isel-at-O=50|O3--aarch64-stress-promote-const|O3--fast-isel|O3-fglobal-isel|Ofast--aarch64-enable-global-isel-at-O=100|Ofast--aarch64-enable-global-isel-at-O=50|Ofast--aarch64-stress-promote-const|Ofast--fast-isel|Ofast-fglobal-isel|Os--aarch64-enable-global-isel-at-O=100|Os--aarch64-enable-global-isel-at-O=50|Os--aarch64-stress-promote-const|Os--fast-isel|Os-fglobal-isel
dtls1_start_timer	ssl/d1_lib.c	110	43	    tv.tv_usec = (t.t % OSSL_TIME_SECOND) / OSSL_TIME_US;	/	mdiv	O1--aarch64-stress-promote-const|O1--fast-isel|O2--aarch64-stress-promote-const|O2--fast-isel|O3--aarch64-stress-promote-const|O3--fast-isel|Ofast--aarch64-stress-promote-const|Ofast--fast-isel|Os--aarch64-stress-promote-const|Os--fast-isel
parse_number	crypto/property/property_parse.c	108	43	        if (v > ((INT64_MAX - (*s - '0')) / 10)) {	/	mdiv	O1--aarch64-enable-global-isel-at-O=100|O1--aarch64-enable-global-isel-at-O=50|O1--aarch64-stress-promote-const|O1--fast-isel|O1-fglobal-isel|O2--aarch64-enable-global-isel-at-O=100|O2--aarch64-enable-global-isel-at-O=50|O2--aarch64-stress-promote-const|O2--fast-isel|O2-fglobal-isel|O3--aarch64-enable-global-isel-at-O=100|O3--aarch64-enable-global-isel-at-O=50|O3--aarch64-stress-promote-const|O3--fast-isel|O3-fglobal-isel|Ofast--aarch64-enable-global-isel-at-O=100|Ofast--aarch64-enable-global-isel-at-O=50|Ofast--aarch64-stress-promote-const|Ofast--fast-isel|Ofast-fglobal-isel|Os--aarch64-enable-global-isel-at-O=100|Os--aarch64-enable-global-isel-at-O=50|Os--aarch64-stress-promote-const|Os--fast-isel|Os-fglobal-isel
cmd_Certificate	ssl/ssl_conf.c	460	33	        size_t fileidx = c->key - c->pkeys;	-	mdiv	O1--aarch64-enable-global-isel-at-O=100|O1--aarch64-enable-global-isel-at-O=50|O1--aarch64-stress-promote-const|O1--fast-isel|O1-fglobal-isel|O2--aarch64-enable-global-isel-at-O=100|O2--aarch64-enable-global-isel-at-O=50|O2--aarch64-stress-promote-const|O2--fast-isel|O2-fglobal-isel|O3--aarch64-enable-global-isel-at-O=100|O3--aarch64-enable-global-isel-at-O=50|O3--aarch64-stress-promote-const|O3--fast-isel|O3-fglobal-isel|Ofast--aarch64-enable-global-isel-at-O=100|Ofast--aarch64-enable-global-isel-at-O=50|Ofast--aarch64-stress-promote-const|Ofast--fast-isel|Ofast-fglobal-isel|Os--aarch64-enable-global-isel-at-O=100|Os--aarch64-enable-global-isel-at-O=50|Os--aarch64-stress-promote-const|Os--fast-isel|Os-fglobal-isel
s_client_main	apps/s_client.c	2985	17	                openssl_fdset(SSL_get_fd(con), &readfds);	o	mdiv	O1--aarch64-enable-global-isel-at-O=100|O1--aarch64-enable-global-isel-at-O=50|O1--aarch64-stress-promote-const|O1--fast-isel|O1-fglobal-isel|O2--aarch64-stress-promote-const|O2--fast-isel|O3--aarch64-stress-promote-const|O3--fast-isel|Ofast--aarch64-stress-promote-const|Ofast--fast-isel|Os--aarch64-enable-global-isel-at-O=100|Os--aarch64-enable-global-isel-at-O=50|Os--aarch64-stress-promote-const|Os--fast-isel|Os-fglobal-isel
dgram_pair_write_inner	crypto/bio/bss_dgram_pair.c	18	1	OSSL_SAFE_MATH_UNSIGNED(size_t, size_t)	O	mdiv	O1--aarch64-stress-promote-const|O1--fast-isel|O2--aarch64-stress-promote-const|O2--fast-isel|O3--aarch64-stress-promote-const|O3--fast-isel|Ofast--aarch64-stress-promote-const|Ofast--fast-isel|Os--aarch64-stress-promote-const|Os--fast-isel
OPENSSL_gmtime_adj	crypto/o_time.c	95	28	    tm->tm_min = (time_sec / 60) % 60;	/	mdiv	O1--aarch64-enable-global-isel-at-O=100|O1--aarch64-enable-global-isel-at-O=50|O1--aarch64-stress-promote-const|O1--fast-isel|O1-fglobal-isel|O2--aarch64-enable-global-isel-at-O=100|O2--aarch64-enable-global-isel-at-O=50|O2--aarch64-stress-promote-const|O2--fast-isel|O2-fglobal-isel|O3--aarch64-enable-global-isel-at-O=100|O3--aarch64-enable-global-isel-at-O=50|O3--aarch64-stress-promote-const|O3--fast-isel|O3-fglobal-isel|Ofast--aarch64-enable-global-isel-at-O=100|Ofast--aarch64-enable-global-isel-at-O=50|Ofast--aarch64-stress-promote-const|Ofast--fast-isel|Ofast-fglobal-isel|Os--aarch64-enable-global-isel-at-O=100|Os--aarch64-enable-global-isel-at-O=50|Os--aarch64-stress-promote-const|Os--fast-isel|Os-fglobal-isel
SCT_print	crypto/ct/ct_prn.c	38	53	                             (timestamp % 86400000) / 1000);	/	mdiv	O1--aarch64-stress-promote-const|O1--fast-isel|O2--aarch64-stress-promote-const|O2--fast-isel|O3--aarch64-stress-promote-const|O3--fast-isel|Ofast--aarch64-stress-promote-const|Ofast--fast-isel|Os--aarch64-stress-promote-const|Os--fast-isel
SSL_poll	ssl/rio/poll_immediate.c	428	20	        OSSL_sleep(ossl_time2ms(ossl_time_from_timeval(*timeout)));	o	mdiv	O1--aarch64-stress-promote-const|O1--fast-isel|O2--aarch64-stress-promote-const|O2--fast-isel|O3--aarch64-stress-promote-const|O3--fast-isel|Ofast--aarch64-stress-promote-const|Ofast--fast-isel|Os--aarch64-stress-promote-const|Os--fast-isel
BUF_MEM_grow	crypto/buffer/buffer.c	91	19	    n = (len + 3) / 3 * 4;	/	mdiv	O1--aarch64-stress-promote-const|O1--fast-isel|O2--aarch64-stress-promote-const|O2--fast-isel|O3--aarch64-stress-promote-const|O3--fast-isel|Ofast--aarch64-stress-promote-const|Ofast--fast-isel|Os--aarch64-stress-promote-const|Os--fast-isel|Oz--enable-machine-outliner=never
OSSL_HTTP_proxy_connect	crypto/http/http_client.c	1406	17	    outl = (len / 3);	/	mdiv	O1--aarch64-stress-promote-const|O1--fast-isel|O2--aarch64-stress-promote-const|O2--fast-isel|O3--aarch64-stress-promote-const|O3--fast-isel|Ofast--aarch64-stress-promote-const|Ofast--fast-isel|Os--aarch64-stress-promote-const|Os--fast-isel
NCONF_get_number_e	crypto/conf/conf_lib.c	358	34	        if (res > (LONG_MAX - d) / 10L) {	/	mdiv	O1--aarch64-enable-global-isel-at-O=100|O1--aarch64-enable-global-isel-at-O=50|O1--aarch64-stress-promote-const|O1--fast-isel|O1-fglobal-isel|O2--aarch64-stress-promote-const|O2--fast-isel|O3--aarch64-stress-promote-const|O3--fast-isel|Ofast--aarch64-stress-promote-const|Ofast--fast-isel|Os--aarch64-stress-promote-const|Os--fast-isel
sv_body	apps/s_server.c	2677	17	            if (FD_ISSET(fileno_stdin(), &readfds))	F	mdiv	O1--aarch64-enable-global-isel-at-O=100|O1--aarch64-enable-global-isel-at-O=50|O1--aarch64-stress-promote-const|O1--fast-isel|O1-fglobal-isel|O2--aarch64-stress-promote-const|O2--fast-isel|O3--aarch64-stress-promote-const|O3--fast-isel|Ofast--aarch64-stress-promote-const|Ofast--fast-isel|Os--aarch64-enable-global-isel-at-O=100|Os--aarch64-enable-global-isel-at-O=50|Os--aarch64-stress-promote-const|Os--fast-isel|Os-fglobal-isel
OPENSSL_gmtime_adj	crypto/o_time.c	197	11	    L = j / 11;	/	mdiv	O1--aarch64-enable-global-isel-at-O=100|O1--aarch64-enable-global-isel-at-O=50|O1--aarch64-stress-promote-const|O1--fast-isel|O1-fglobal-isel|O2--aarch64-enable-global-isel-at-O=100|O2--aarch64-enable-global-isel-at-O=50|O2--aarch64-stress-promote-const|O2--fast-isel|O2-fglobal-isel|O3--aarch64-enable-global-isel-at-O=100|O3--aarch64-enable-global-isel-at-O=50|O3--aarch64-stress-promote-const|O3--fast-isel|O3-fglobal-isel|Ofast--aarch64-enable-global-isel-at-O=100|Ofast--aarch64-enable-global-isel-at-O=50|Ofast--aarch64-stress-promote-const|Ofast--fast-isel|Ofast-fglobal-isel|Os--aarch64-enable-global-isel-at-O=100|Os--aarch64-enable-global-isel-at-O=50|Os--aarch64-stress-promote-const|Os--fast-isel|Os-fglobal-isel
ASN1_buf_print	crypto/asn1/t_pkey.c	26	16	        if ((i % ASN1_BUF_PRINT_WIDTH) == 0) {	%	mdiv	O1--aarch64-stress-promote-const|O1--fast-isel|O2--aarch64-stress-promote-const|O2--fast-isel|O3--aarch64-stress-promote-const|O3--fast-isel|Ofast--aarch64-stress-promote-const|Ofast--fast-isel|Os--aarch64-stress-promote-const|Os--fast-isel|Oz--disable-lsr
ossl_quic_reactor_block_until_pred	ssl/quic/quic_reactor.c	346	27	            timeout_ms  = ossl_time2ms(timeout);	o	mdiv	O1--aarch64-stress-promote-const|O1--fast-isel|O2--aarch64-stress-promote-const|O2--fast-isel|O3--aarch64-stress-promote-const|O3--fast-isel|Ofast--aarch64-stress-promote-const|Ofast--fast-isel|Os--aarch64-stress-promote-const|Os--fast-isel
sv_body	apps/s_server.c	2640	13	            openssl_fdset(fileno_stdin(), &readfds);	o	mdiv	O1--aarch64-enable-global-isel-at-O=100|O1--aarch64-enable-global-isel-at-O=50|O1--aarch64-stress-promote-const|O1--fast-isel|O1-fglobal-isel|O2--aarch64-stress-promote-const|O2--fast-isel|O3--aarch64-stress-promote-const|O3--fast-isel|Ofast--aarch64-stress-promote-const|Ofast--fast-isel|Os--aarch64-enable-global-isel-at-O=100|Os--aarch64-enable-global-isel-at-O=50|Os--aarch64-stress-promote-const|Os--fast-isel|Os-fglobal-isel
ossl_quic_rcidm_add_from_initial	ssl/quic/quic_rcidm.c	483	9	    if (rcidm->packets_sent >= PACKETS_PER_RCID)	r	mdiv	O1--aarch64-enable-global-isel-at-O=100|O1--aarch64-enable-global-isel-at-O=50|O1--aarch64-stress-promote-const|O1--fast-isel|O1-fglobal-isel|O2--aarch64-enable-global-isel-at-O=100|O2--aarch64-enable-global-isel-at-O=50|O2--aarch64-stress-promote-const|O2--fast-isel|O2-fglobal-isel|O3--aarch64-enable-global-isel-at-O=100|O3--aarch64-enable-global-isel-at-O=50|O3--aarch64-stress-promote-const|O3--fast-isel|O3-fglobal-isel|Ofast--aarch64-enable-global-isel-at-O=100|Ofast--aarch64-enable-global-isel-at-O=50|Ofast--aarch64-stress-promote-const|Ofast--fast-isel|Ofast-fglobal-isel
DES_quad_cksum	crypto/des/qud_cksm.c	69	34	                  & 0xffffffffL) % 0x7fffffffL;	%	mdiv	O1--aarch64-enable-global-isel-at-O=100|O1--aarch64-enable-global-isel-at-O=50|O1--aarch64-stress-promote-const|O1--fast-isel|O1-fglobal-isel|O2--aarch64-enable-global-isel-at-O=100|O2--aarch64-enable-global-isel-at-O=50|O2--aarch64-stress-promote-const|O2--fast-isel|O2-fglobal-isel|O3--aarch64-enable-global-isel-at-O=100|O3--aarch64-enable-global-isel-at-O=50|O3--aarch64-stress-promote-const|O3--fast-isel|O3-fglobal-isel|Ofast--aarch64-enable-global-isel-at-O=100|Ofast--aarch64-enable-global-isel-at-O=50|Ofast--aarch64-stress-promote-const|Ofast--fast-isel|Ofast-fglobal-isel|Os--aarch64-enable-global-isel-at-O=100|Os--aarch64-enable-global-isel-at-O=50|Os--aarch64-stress-promote-const|Os--fast-isel|Os-fglobal-isel
SSL_CTX_set_timeout	ssl/ssl_sess.c	1139	15	    l = (long)ossl_time2seconds(s->session_timeout);	o	mdiv	O1--aarch64-stress-promote-const|O1--fast-isel|O2--aarch64-stress-promote-const|O2--fast-isel|O3--aarch64-stress-promote-const|O3--fast-isel|Ofast--aarch64-stress-promote-const|Ofast--fast-isel|Os--aarch64-stress-promote-const|Os--fast-isel
ossl_asn1_time_to_tm	crypto/asn1/a_time.c	70	11	    c = y / 100;	/	mdiv	O1--aarch64-enable-global-isel-at-O=100|O1--aarch64-enable-global-isel-at-O=50|O1--aarch64-stress-promote-const|O1--fast-isel|O1-fglobal-isel|O2--aarch64-enable-global-isel-at-O=100|O2--aarch64-enable-global-isel-at-O=50|O2--aarch64-stress-promote-const|O2-fglobal-isel|O3--aarch64-enable-global-isel-at-O=100|O3--aarch64-enable-global-isel-at-O=50|O3--aarch64-stress-promote-const|O3-fglobal-isel|Ofast--aarch64-enable-global-isel-at-O=100|Ofast--aarch64-enable-global-isel-at-O=50|Ofast--aarch64-stress-promote-const|Ofast-fglobal-isel|Os--aarch64-enable-global-isel-at-O=100|Os--aarch64-enable-global-isel-at-O=50|Os--aarch64-stress-promote-const|Os-fglobal-isel
ossl_punycode_decode	crypto/punycode.c	53	23	        delta = delta / (base - tmin);	/	mdiv	O1--aarch64-stress-promote-const|O1--fast-isel|O2--aarch64-stress-promote-const|O2--fast-isel|O3--aarch64-stress-promote-const|O3--fast-isel|Ofast--aarch64-stress-promote-const|Ofast--fast-isel|Os--aarch64-stress-promote-const|Os--fast-isel
ossl_curve448_scalar_decode_long	crypto/ec/curve448/scalar.c	187	28	    i = ser_len - (ser_len % C448_SCALAR_BYTES);	%	mdiv	O1--aarch64-stress-promote-const|O1--fast-isel|O2--aarch64-stress-promote-const|O2--fast-isel|O3--aarch64-stress-promote-const|O3--fast-isel|Ofast--aarch64-stress-promote-const|Ofast--fast-isel|Os--aarch64-enable-global-isel-at-O=100|Os--aarch64-enable-global-isel-at-O=50|Os--aarch64-stress-promote-const|Os--fast-isel|Os-fglobal-isel
ossl_rio_poll_builder_poll	ssl/rio/poll_builder.c	171	26	            timeout_ms = ossl_time2ms(ossl_time_subtract(deadline,	o	mdiv	O1--aarch64-stress-promote-const|O1--fast-isel|O2--aarch64-stress-promote-const|O2--fast-isel|O3--aarch64-stress-promote-const|O3--fast-isel|Ofast--aarch64-stress-promote-const|Ofast--fast-isel|Os--aarch64-stress-promote-const|Os--fast-isel
fmtfp	crypto/bio/bio_print.c	714	30	        fracpart = (fracpart / 10);	/	mdiv	O1--aarch64-stress-promote-const|O1--fast-isel|O2--aarch64-stress-promote-const|O2--fast-isel|O3--aarch64-stress-promote-const|O3--fast-isel|Ofast--aarch64-stress-promote-const|Ofast--fast-isel|Os--aarch64-stress-promote-const|Os--fast-isel
s_client_main	apps/s_client.c	3048	33	                && ((!isquic && FD_ISSET(SSL_get_fd(con), &writefds))	F	mdiv	O1--aarch64-enable-global-isel-at-O=100|O1--aarch64-enable-global-isel-at-O=50|O1--aarch64-stress-promote-const|O1--fast-isel|O1-fglobal-isel|O2--aarch64-stress-promote-const|O2--fast-isel|O3--aarch64-stress-promote-const|O3--fast-isel|Ofast--aarch64-stress-promote-const|Ofast--fast-isel|Os--aarch64-enable-global-isel-at-O=100|Os--aarch64-enable-global-isel-at-O=50|Os--aarch64-stress-promote-const|Os--fast-isel|Os-fglobal-isel|Oz--aarch64-enable-global-isel-at-O=100|Oz--aarch64-enable-global-isel-at-O=50|Oz--aarch64-stress-ccmp|Oz--aarch64-stress-promote-const|Oz--disable-machine-sink|Oz--enable-machine-outliner=never|Oz--jump-is-expensive|Oz--regalloc=pbqp|Oz-fglobal-isel|Oz-finline-hint-functions|Oz-finstrument-functions|Oz-fno-inline|Oz-fno-inline-functions
OPENSSL_gmtime_adj	crypto/o_time.c	193	26	    i = (4000 * (L + 1)) / 1461001;	/	mdiv	O1--aarch64-enable-global-isel-at-O=100|O1--aarch64-enable-global-isel-at-O=50|O1--aarch64-stress-promote-const|O1--fast-isel|O1-fglobal-isel|O2--aarch64-enable-global-isel-at-O=100|O2--aarch64-enable-global-isel-at-O=50|O2--aarch64-stress-promote-const|O2--fast-isel|O2-fglobal-isel|O3--aarch64-enable-global-isel-at-O=100|O3--aarch64-enable-global-isel-at-O=50|O3--aarch64-stress-promote-const|O3--fast-isel|O3-fglobal-isel|Ofast--aarch64-enable-global-isel-at-O=100|Ofast--aarch64-enable-global-isel-at-O=50|Ofast--aarch64-stress-promote-const|Ofast--fast-isel|Ofast-fglobal-isel|Os--aarch64-enable-global-isel-at-O=100|Os--aarch64-enable-global-isel-at-O=50|Os--aarch64-stress-promote-const|Os--fast-isel|Os-fglobal-isel
s_client_main	apps/s_client.c	3215	18	        else if (FD_ISSET(fileno_stdin(), &readfds))	F	mdiv	O1--aarch64-enable-global-isel-at-O=100|O1--aarch64-enable-global-isel-at-O=50|O1--aarch64-stress-promote-const|O1--fast-isel|O1-fglobal-isel|O2--aarch64-stress-promote-const|O2--fast-isel|O3--aarch64-stress-promote-const|O3--fast-isel|Ofast--aarch64-stress-promote-const|Ofast--fast-isel|Os--aarch64-enable-global-isel-at-O=100|Os--aarch64-enable-global-isel-at-O=50|Os--aarch64-stress-promote-const|Os--fast-isel|Os-fglobal-isel
print_bignum_var	apps/lib/apps.c	1404	32	            BIO_printf(out, (i % 10) == 0 ? "\n        " : " ");	%	mdiv	O1--aarch64-stress-promote-const|O1--fast-isel|O2--aarch64-stress-promote-const|O2--fast-isel|O3--aarch64-stress-promote-const|O3--fast-isel|Ofast--aarch64-stress-promote-const|Ofast--fast-isel|Os--aarch64-stress-promote-const|Os--fast-isel|Oz--disable-lsr
SSL_CTX_get_timeout	ssl/ssl_sess.c	1148	18	    return (long)ossl_time2seconds(s->session_timeout);	o	mdiv	O1--aarch64-stress-promote-const|O1--fast-isel|O2--aarch64-stress-promote-const|O2--fast-isel|O3--aarch64-stress-promote-const|O3--fast-isel|Ofast--aarch64-stress-promote-const|Ofast--fast-isel|Os--aarch64-stress-promote-const|Os--fast-isel
md5crypt	apps/passwd.c	449	44	             dest++, source = (source + 6) % 17)	%	mdiv	O1--aarch64-enable-global-isel-at-O=100|O1--aarch64-enable-global-isel-at-O=50|O1--aarch64-stress-promote-const|O1--fast-isel|O1-fglobal-isel|Os--aarch64-enable-global-isel-at-O=100|Os--aarch64-enable-global-isel-at-O=50|Os--aarch64-stress-promote-const|Os--fast-isel|Os-fglobal-isel
s_client_main	apps/s_client.c	2973	21	                    openssl_fdset(fileno_stdout(), &writefds);	o	mdiv	O1--aarch64-enable-global-isel-at-O=100|O1--aarch64-enable-global-isel-at-O=50|O1--aarch64-stress-promote-const|O1--fast-isel|O1-fglobal-isel|O2--aarch64-stress-promote-const|O2--fast-isel|O3--aarch64-stress-promote-const|O3--fast-isel|Ofast--aarch64-stress-promote-const|Ofast--fast-isel|Os--aarch64-enable-global-isel-at-O=100|Os--aarch64-enable-global-isel-at-O=50|Os--aarch64-stress-promote-const|Os--fast-isel|Os-fglobal-isel
i2b_PVK_bio_ex	crypto/pem/pvkfmt.c	546	12	    *p++ = dw & 0xff;	d	mmem	O1-fcs-profile-generate
ctr_update	providers/implementations/rands/drbg_ctr.c	153	58	    return ctr_BCC_block(ctr, ctr->KX, bltmp, num_of_blk * AES_BLOCK_SIZE);	*	mmem	O1-fcs-profile-generate|O2-fcs-profile-generate|O3-fcs-profile-generate|Ofast-fcs-profile-generate|Os--aarch64-stress-promote-const|Os-fcs-profile-generate|Oz--aarch64-stress-promote-const|Oz-fcs-profile-generate
BN_generate_prime_ex2	crypto/bn/bn_prime.c	522	38	                 : (mods[i] + delta) % primes[i] == 0) {	%	mdiv	O1-fcs-profile-generate|O1-fprofile-arcs|O1-fprofile-generate|O1-fprofile-instr-generate|O1-fpseudo-probe-for-profiling|O2-fprofile-arcs|O2-fprofile-generate|O2-fprofile-instr-generate|O2-fpseudo-probe-for-profiling|Os-fprofile-arcs|Os-fprofile-generate|Os-fprofile-instr-generate|Os-fpseudo-probe-for-profiling|Oz-fprofile-arcs|Oz-fprofile-instr-generate
ossl_curve448_point_decode_like_eddsa_and_mul_by_ratio	crypto/ec/curve448/curve448.c	342	10	    succ &= word_is_zero(enc2[EDDSA_448_PRIVATE_BYTES - 1]);	&	mmem	O1-fcs-profile-generate|O1-fprofile-generate|Os-fcs-profile-generate
fmtint	crypto/bio/bio_print.c	468	21	            [uvalue % (unsigned)base];	%	mdiv	O1-fcs-profile-generate|O1-fprofile-generate|O1-fprofile-instr-generate|O2--unroll-force-peel-count=50|O2-fcs-profile-generate|O2-fprofile-generate|O2-fprofile-instr-generate|O3--unroll-force-peel-count=50|O3-fcs-profile-generate|O3-fprofile-generate|O3-fprofile-instr-generate|Ofast--unroll-force-peel-count=50|Ofast-fcs-profile-generate|Ofast-fprofile-generate|Ofast-fprofile-instr-generate|Os--unroll-force-peel-count=50|Os-fcs-profile-generate|Os-fprofile-generate|Os-fprofile-instr-generate|Oz--unroll-force-peel-count=100|Oz--unroll-force-peel-count=50
ossl_ml_dsa_key_compress_decompose	crypto/ml_dsa/ml_dsa_key_compress.c	92	58	    *r0 -= (((int32_t)ML_DSA_Q_MINUS1_DIV2 - *r0) >> 31) & (int32_t)ML_DSA_Q;	&	mmem	O1-fcs-profile-generate|O1-fprofile-generate|O2-fcs-profile-generate|O2-fprofile-generate|O3-fcs-profile-generate|O3-fprofile-generate|Ofast-fcs-profile-generate|Ofast-fprofile-generate|Os-fcs-profile-generate|Os-fprofile-generate|Oz-fprofile-generate
BN_generate_prime_ex2	crypto/bn/bn_prime.c	602	38	                 : (mods[i] + delta) % primes[i] == 0) {	%	mdiv	O1-fcs-profile-generate|O1-fprofile-arcs|O1-fprofile-generate|O1-fprofile-instr-generate|O1-fpseudo-probe-for-profiling|O2-fprofile-arcs|O2-fprofile-generate|O2-fprofile-instr-generate|O2-fpseudo-probe-for-profiling|Os-fprofile-arcs|Os-fprofile-generate|Os-fprofile-instr-generate|Os-fpseudo-probe-for-profiling|Oz-fprofile-arcs|Oz-fprofile-instr-generate
ossl_ml_dsa_key_compress_use_hint	crypto/ml_dsa/ml_dsa_key_compress.c	92	58	    *r0 -= (((int32_t)ML_DSA_Q_MINUS1_DIV2 - *r0) >> 31) & (int32_t)ML_DSA_Q;	&	mmem	O1-fcs-profile-generate|O1-fprofile-generate|O2-fcs-profile-generate|O2-fprofile-generate|O3-fcs-profile-generate|O3-fprofile-generate|Ofast-fcs-profile-generate|Ofast-fprofile-generate|Os-fcs-profile-generate|Os-fprofile-generate|Oz-fprofile-generate
BN_generate_prime_ex2	crypto/bn/bn_prime.c	521	38	        if (safe ? (mods[i] + delta) % primes[i] <= 1	%	mdiv	O1-fcs-profile-generate|O1-fprofile-arcs|O1-fprofile-generate|O1-fprofile-instr-generate|O1-fpseudo-probe-for-profiling|O2-fprofile-arcs|O2-fprofile-generate|O2-fprofile-instr-generate|O2-fpseudo-probe-for-profiling|Os-fprofile-arcs|Os-fprofile-generate|Os-fprofile-instr-generate|Os-fpseudo-probe-for-profiling|Oz-fprofile-arcs|Oz-fprofile-generate|Oz-fprofile-instr-generate
ossl_quic_reactor_set_poll_w	ssl/quic/quic_reactor.c	91	9	        = ossl_quic_reactor_can_support_poll_descriptor(rtor, &rtor->poll_w);	=	mmem	O1-fcs-profile-generate|O1-fprofile-generate
ossl_ml_dsa_key_compress_low_bits	crypto/ml_dsa/ml_dsa_key_compress.c	92	58	    *r0 -= (((int32_t)ML_DSA_Q_MINUS1_DIV2 - *r0) >> 31) & (int32_t)ML_DSA_Q;	&	mmem	O1-fcs-profile-generate|O1-fprofile-generate|O2-fcs-profile-generate|O2-fprofile-generate|O3-fcs-profile-generate|O3-fprofile-generate|Ofast-fcs-profile-generate|Ofast-fprofile-generate|Os-fcs-profile-generate|Os-fprofile-generate|Oz-fprofile-generate
BN_generate_prime_ex2	crypto/bn/bn_prime.c	601	38	        if (safe ? (mods[i] + delta) % primes[i] <= 1	%	mdiv	O1-fcs-profile-generate|O1-fprofile-arcs|O1-fprofile-generate|O1-fprofile-instr-generate|O1-fpseudo-probe-for-profiling|O2-fprofile-arcs|O2-fprofile-generate|O2-fprofile-instr-generate|O2-fpseudo-probe-for-profiling|Os-fprofile-arcs|Os-fprofile-generate|Os-fprofile-instr-generate|Os-fpseudo-probe-for-profiling|Oz-fprofile-arcs|Oz-fprofile-generate|Oz-fprofile-instr-generate
ssl3_cbc_digest_record	ssl/record/methods/ssl3_cbc.c	355	48	    return (unsigned char)constant_time_select(mask, a, b);	m	mmem	O1-fcs-profile-generate|O2-fcs-profile-generate|O3-fcs-profile-generate|Ofast-fcs-profile-generate|Os-fcs-profile-generate
ossl_quic_reactor_set_poll_r	ssl/quic/quic_reactor.c	80	9	        = ossl_quic_reactor_can_support_poll_descriptor(rtor, &rtor->poll_r);	=	mmem	O1-fcs-profile-generate|O1-fprofile-generate
bn_correct_top_consttime	crypto/bn/bn_lib.c	1164	14	        mask &= constant_time_msb(j - a->top);	&	mmem	O1-fcs-profile-generate|O2-fcs-profile-generate|O3-fcs-profile-generate|Ofast-fcs-profile-generate|Os-fcs-profile-generate
new_raw_key_int	crypto/evp/p_lib.c	468	29	                            key_is_priv ? OSSL_PKEY_PARAM_PRIV_KEY	k	mmem	O1-fcs-profile-generate|O1-fprofile-generate|O2-fcs-profile-generate|O2-fprofile-generate|O3-fcs-profile-generate|O3-fprofile-generate|Ofast-fcs-profile-generate|Ofast-fprofile-generate|Os-fcs-profile-generate|Os-fprofile-generate|Oz-fcs-profile-generate|Oz-fprofile-generate
core_provider_up_ref_intern	crypto/provider_core.c	41	77	    *ret = atomic_fetch_add_explicit(&refcnt->val, 1, memory_order_relaxed) + 1;	+	cjump	O1-ftrapv|O2-ftrapv|O3-ftrapv|Ofast-ftrapv
OSSL_ERR_STATE_restore	crypto/err/err_save.c	18	34	        es->bottom = (es->bottom + 1) % ERR_NUM_ERRORS;	+	cjump	O1-ftrapv
evp_keyexch_from_algorithm	crypto/evp/exchange.c	64	77	    *ret = atomic_fetch_sub_explicit(&refcnt->val, 1, memory_order_release) - 1;	-	cjump	O1-ftrapv|O2-ftrapv|O3-ftrapv|Ofast-ftrapv
ossl_provider_doall_activated	crypto/provider_core.c	64	77	    *ret = atomic_fetch_sub_explicit(&refcnt->val, 1, memory_order_release) - 1;	-	cjump	O1-ftrapv|O2-ftrapv|O3-ftrapv|Ofast-ftrapv|Os-ftrapv|Oz-ftrapv
ossl_provider_doall_activated	crypto/provider_core.c	41	77	    *ret = atomic_fetch_add_explicit(&refcnt->val, 1, memory_order_relaxed) + 1;	+	cjump	O1-ftrapv|O2-ftrapv|O3-ftrapv|Ofast-ftrapv|Os-ftrapv|Oz-ftrapv
ossl_quic_set_peer_token	ssl/quic/quic_impl.c	64	77	    *ret = atomic_fetch_sub_explicit(&refcnt->val, 1, memory_order_release) - 1;	-	cjump	O1-ftrapv|O2-ftrapv|O3-ftrapv|Ofast-ftrapv
EVP_Q_digest	crypto/evp/digest.c	64	77	    *ret = atomic_fetch_sub_explicit(&refcnt->val, 1, memory_order_release) - 1;	-	cjump	O1-ftrapv|O2-ftrapv|O3-ftrapv|Ofast-ftrapv
OSSL_STORE_LOADER_up_ref	crypto/store/store_meth.c	41	77	    *ret = atomic_fetch_add_explicit(&refcnt->val, 1, memory_order_relaxed) + 1;	+	cjump	O1-ftrapv|O2-ftrapv|O3-ftrapv|Ofast-ftrapv|Os-ftrapv|Oz-ftrapv
EVP_KEYEXCH_free	crypto/evp/exchange.c	64	77	    *ret = atomic_fetch_sub_explicit(&refcnt->val, 1, memory_order_release) - 1;	-	cjump	O1-ftrapv|O2-ftrapv|O3-ftrapv|Ofast-ftrapv|Os-ftrapv|Oz-ftrapv
SSL_get1_session	ssl/ssl_sess.c	41	77	    *ret = atomic_fetch_add_explicit(&refcnt->val, 1, memory_order_relaxed) + 1;	+	cjump	O1-ftrapv|O2-ftrapv|O3-ftrapv|Ofast-ftrapv|Os-ftrapv|Oz-ftrapv
ossl_ecx_key_up_ref	crypto/ec/ecx_key.c	41	77	    *ret = atomic_fetch_add_explicit(&refcnt->val, 1, memory_order_relaxed) + 1;	+	cjump	O1-ftrapv|O2-ftrapv|O3-ftrapv|Ofast-ftrapv|Os-ftrapv|Oz-ftrapv
evp_kem_free	crypto/evp/kem.c	64	77	    *ret = atomic_fetch_sub_explicit(&refcnt->val, 1, memory_order_release) - 1;	-	cjump	O1-ftrapv|O2-ftrapv|O3-ftrapv|Ofast-ftrapv
destruct_loader	crypto/store/store_meth.c	64	77	    *ret = atomic_fetch_sub_explicit(&refcnt->val, 1, memory_order_release) - 1;	-	cjump	O1-ftrapv|O2-ftrapv|O3-ftrapv|Ofast-ftrapv
EC_ec_pre_comp_dup	crypto/ec/ec_mult.c	41	77	    *ret = atomic_fetch_add_explicit(&refcnt->val, 1, memory_order_relaxed) + 1;	+	cjump	O1-ftrapv|O2-ftrapv|O3-ftrapv|Ofast-ftrapv|Os-ftrapv|Oz-ftrapv
ossl_quic_free_token_store	ssl/quic/quic_impl.c	64	77	    *ret = atomic_fetch_sub_explicit(&refcnt->val, 1, memory_order_release) - 1;	-	cjump	O1-ftrapv|O2-ftrapv|O3-ftrapv|Ofast-ftrapv|Os-ftrapv|Oz-ftrapv
ERR_new	crypto/err/err_blocks.c	16	24	    es->top = (es->top + 1) % ERR_NUM_ERRORS;	+	cjump	O1-ftrapv|O2-ftrapv|O3-ftrapv|Ofast-ftrapv|Os-ftrapv|Oz-ftrapv
EVP_SKEYMGMT_up_ref	crypto/evp/skeymgmt_meth.c	41	77	    *ret = atomic_fetch_add_explicit(&refcnt->val, 1, memory_order_relaxed) + 1;	+	cjump	O1-ftrapv|O2-ftrapv|O3-ftrapv|Ofast-ftrapv|Os-ftrapv|Oz-ftrapv
evp_signature_free	crypto/evp/signature.c	64	77	    *ret = atomic_fetch_sub_explicit(&refcnt->val, 1, memory_order_release) - 1;	-	cjump	O1-ftrapv|O2-ftrapv|O3-ftrapv|Ofast-ftrapv
ossl_core_bio_up_ref	crypto/bio/ossl_core_bio.c	41	77	    *ret = atomic_fetch_add_explicit(&refcnt->val, 1, memory_order_relaxed) + 1;	+	cjump	O1-ftrapv|O2-ftrapv|O3-ftrapv|Ofast-ftrapv|Os-ftrapv|Oz-ftrapv
evp_mac_free	crypto/evp/mac_meth.c	64	77	    *ret = atomic_fetch_sub_explicit(&refcnt->val, 1, memory_order_release) - 1;	-	cjump	O1-ftrapv|O2-ftrapv|O3-ftrapv|Ofast-ftrapv|Os-ftrapv|Oz-ftrapv
DSO_free	crypto/dso/dso_lib.c	64	77	    *ret = atomic_fetch_sub_explicit(&refcnt->val, 1, memory_order_release) - 1;	-	cjump	O1-ftrapv|O2-ftrapv|O3-ftrapv|Ofast-ftrapv|Os-ftrapv|Oz-ftrapv
ENGINE_pkey_asn1_find_str	crypto/engine/tb_asnmth.c	41	77	    *ret = atomic_fetch_add_explicit(&refcnt->val, 1, memory_order_relaxed) + 1;	+	cjump	O1-ftrapv|O2-ftrapv|O3-ftrapv|Ofast-ftrapv|Os-ftrapv|Oz-ftrapv
EVP_KEM_free	crypto/evp/kem.c	64	77	    *ret = atomic_fetch_sub_explicit(&refcnt->val, 1, memory_order_release) - 1;	-	cjump	O1-ftrapv|O2-ftrapv|O3-ftrapv|Ofast-ftrapv|Os-ftrapv|Oz-ftrapv
evp_md_up_ref	crypto/evp/digest.c	41	77	    *ret = atomic_fetch_add_explicit(&refcnt->val, 1, memory_order_relaxed) + 1;	+	cjump	O1-ftrapv|O2-ftrapv|O3-ftrapv|Ofast-ftrapv|Os-ftrapv|Oz-ftrapv
ENGINE_get_last	crypto/engine/eng_list.c	41	77	    *ret = atomic_fetch_add_explicit(&refcnt->val, 1, memory_order_relaxed) + 1;	+	cjump	O1-ftrapv|O2-ftrapv|O3-ftrapv|Ofast-ftrapv|Os-ftrapv|Oz-ftrapv
IDEA_set_decrypt_key	crypto/idea/i_skey.c	104	21	            r = (n1 % n2);	%	mdiv	O1--instcombine-max-iterations=0|O1-ftrapv
ossl_core_bio_new_from_bio	crypto/bio/ossl_core_bio.c	64	77	    *ret = atomic_fetch_sub_explicit(&refcnt->val, 1, memory_order_release) - 1;	-	cjump	O1-ftrapv|O2-ftrapv|O3-ftrapv|Ofast-ftrapv
evp_keyexch_free	crypto/evp/exchange.c	64	77	    *ret = atomic_fetch_sub_explicit(&refcnt->val, 1, memory_order_release) - 1;	-	cjump	O1-ftrapv|O2-ftrapv|O3-ftrapv|Ofast-ftrapv
evp_rand_free	crypto/evp/evp_rand.c	64	77	    *ret = atomic_fetch_sub_explicit(&refcnt->val, 1, memory_order_release) - 1;	-	cjump	O1-ftrapv|O2-ftrapv|O3-ftrapv|Ofast-ftrapv|Os-ftrapv|Oz-ftrapv
EVP_RAND_free	crypto/evp/evp_rand.c	64	77	    *ret = atomic_fetch_sub_explicit(&refcnt->val, 1, memory_order_release) - 1;	-	cjump	O1-ftrapv|O2-ftrapv|O3-ftrapv|Ofast-ftrapv
evp_pkey_signature_init	crypto/evp/signature.c	64	77	    *ret = atomic_fetch_sub_explicit(&refcnt->val, 1, memory_order_release) - 1;	-	cjump	O1-ftrapv|O2-ftrapv|O3-ftrapv|Ofast-ftrapv
EVP_SKEYMGMT_free	crypto/evp/skeymgmt_meth.c	64	77	    *ret = atomic_fetch_sub_explicit(&refcnt->val, 1, memory_order_release) - 1;	-	cjump	O1-ftrapv|O2-ftrapv|O3-ftrapv|Ofast-ftrapv|Os-ftrapv|Oz-ftrapv
EVP_SIGNATURE_free	crypto/evp/signature.c	64	77	    *ret = atomic_fetch_sub_explicit(&refcnt->val, 1, memory_order_release) - 1;	-	cjump	O1-ftrapv|O2-ftrapv|O3-ftrapv|Ofast-ftrapv|Os-ftrapv|Oz-ftrapv
SSL_set_SSL_CTX	ssl/ssl_lib.c	41	77	    *ret = atomic_fetch_add_explicit(&refcnt->val, 1, memory_order_relaxed) + 1;	+	cjump	O1-ftrapv|O2-ftrapv|O3-ftrapv|Ofast-ftrapv|Os-ftrapv|Oz-ftrapv
keymgmt_from_algorithm	crypto/evp/keymgmt_meth.c	64	77	    *ret = atomic_fetch_sub_explicit(&refcnt->val, 1, memory_order_release) - 1;	-	cjump	O1-ftrapv|O2-ftrapv|O3-ftrapv|Ofast-ftrapv
ossl_provider_find	crypto/provider_core.c	41	77	    *ret = atomic_fetch_add_explicit(&refcnt->val, 1, memory_order_relaxed) + 1;	+	cjump	O1-ftrapv|O2-ftrapv|O3-ftrapv|Ofast-ftrapv
SSL_SESSION_free	ssl/ssl_sess.c	64	77	    *ret = atomic_fetch_sub_explicit(&refcnt->val, 1, memory_order_release) - 1;	-	cjump	O1-ftrapv|O2-ftrapv|O3-ftrapv|Ofast-ftrapv|Os-ftrapv|Oz-ftrapv
up_ref_loader	crypto/store/store_meth.c	41	77	    *ret = atomic_fetch_add_explicit(&refcnt->val, 1, memory_order_relaxed) + 1;	+	cjump	O1-ftrapv|O2-ftrapv|O3-ftrapv|Ofast-ftrapv|Os-ftrapv|Oz-ftrapv
ERR_new	crypto/err/err_blocks.c	18	34	        es->bottom = (es->bottom + 1) % ERR_NUM_ERRORS;	+	cjump	O1-ftrapv
engine_free_util	crypto/engine/eng_lib.c	64	77	    *ret = atomic_fetch_sub_explicit(&refcnt->val, 1, memory_order_release) - 1;	-	cjump	O1-ftrapv|O2-ftrapv|O3-ftrapv|Ofast-ftrapv|Os-ftrapv|Oz-ftrapv
ENGINE_get_next	crypto/engine/eng_list.c	41	77	    *ret = atomic_fetch_add_explicit(&refcnt->val, 1, memory_order_relaxed) + 1;	+	cjump	O1-ftrapv|O2-ftrapv|O3-ftrapv|Ofast-ftrapv|Os-ftrapv|Oz-ftrapv
ossl_asn1_do_lock	crypto/asn1/tasn_utl.c	64	77	    *ret = atomic_fetch_sub_explicit(&refcnt->val, 1, memory_order_release) - 1;	-	cjump	O1-ftrapv|O2-ftrapv|O3-ftrapv|Ofast-ftrapv|Os-ftrapv|Oz-ftrapv
ENGINE_get_prev	crypto/engine/eng_list.c	41	77	    *ret = atomic_fetch_add_explicit(&refcnt->val, 1, memory_order_relaxed) + 1;	+	cjump	O1-ftrapv|O2-ftrapv|O3-ftrapv|Ofast-ftrapv|Os-ftrapv|Oz-ftrapv
ossl_ssl_connection_new_int	ssl/ssl_lib.c	41	77	    *ret = atomic_fetch_add_explicit(&refcnt->val, 1, memory_order_relaxed) + 1;	+	cjump	O1-ftrapv|O2-ftrapv|O3-ftrapv|Ofast-ftrapv|Os-ftrapv|Oz-ftrapv
EVP_MD_up_ref	crypto/evp/digest.c	41	77	    *ret = atomic_fetch_add_explicit(&refcnt->val, 1, memory_order_relaxed) + 1;	+	cjump	O1-ftrapv|O2-ftrapv|O3-ftrapv|Ofast-ftrapv|Os-ftrapv|Oz-ftrapv
EC_ec_pre_comp_free	crypto/ec/ec_mult.c	64	77	    *ret = atomic_fetch_sub_explicit(&refcnt->val, 1, memory_order_release) - 1;	-	cjump	O1-ftrapv|O2-ftrapv|O3-ftrapv|Ofast-ftrapv|Os-ftrapv|Oz-ftrapv
OSSL_DECODER_up_ref	crypto/encode_decode/decoder_meth.c	41	77	    *ret = atomic_fetch_add_explicit(&refcnt->val, 1, memory_order_relaxed) + 1;	+	cjump	O1-ftrapv|O2-ftrapv|O3-ftrapv|Ofast-ftrapv|Os-ftrapv|Oz-ftrapv
ossl_kdf_data_up_ref	providers/implementations/keymgmt/kdf_legacy_kmgmt.c	41	77	    *ret = atomic_fetch_add_explicit(&refcnt->val, 1, memory_order_relaxed) + 1;	+	cjump	O1-ftrapv|O2-ftrapv|O3-ftrapv|Ofast-ftrapv|Os-ftrapv|Oz-ftrapv
BIO_free	crypto/bio/bio_lib.c	64	77	    *ret = atomic_fetch_sub_explicit(&refcnt->val, 1, memory_order_release) - 1;	-	cjump	O1-ftrapv|O2-ftrapv|O3-ftrapv|Ofast-ftrapv|Os-ftrapv|Oz-ftrapv
evp_kem_from_algorithm	crypto/evp/kem.c	64	77	    *ret = atomic_fetch_sub_explicit(&refcnt->val, 1, memory_order_release) - 1;	-	cjump	O1-ftrapv|O2-ftrapv|O3-ftrapv|Ofast-ftrapv
EVP_SKEY_up_ref	crypto/evp/s_lib.c	41	77	    *ret = atomic_fetch_add_explicit(&refcnt->val, 1, memory_order_relaxed) + 1;	+	cjump	O1-ftrapv|O2-ftrapv|O3-ftrapv|Ofast-ftrapv|Os-ftrapv|Oz-ftrapv
DSA_up_ref	crypto/dsa/dsa_lib.c	41	77	    *ret = atomic_fetch_add_explicit(&refcnt->val, 1, memory_order_relaxed) + 1;	+	cjump	O1-ftrapv|O2-ftrapv|O3-ftrapv|Ofast-ftrapv|Os-ftrapv|Oz-ftrapv
DH_up_ref	crypto/dh/dh_lib.c	41	77	    *ret = atomic_fetch_add_explicit(&refcnt->val, 1, memory_order_relaxed) + 1;	+	cjump	O1-ftrapv|O2-ftrapv|O3-ftrapv|Ofast-ftrapv|Os-ftrapv|Oz-ftrapv
evp_keyexch_up_ref	crypto/evp/exchange.c	41	77	    *ret = atomic_fetch_add_explicit(&refcnt->val, 1, memory_order_relaxed) + 1;	+	cjump	O1-ftrapv|O2-ftrapv|O3-ftrapv|Ofast-ftrapv|Os-ftrapv|Oz-ftrapv
ssl_cert_free	ssl/ssl_cert.c	64	77	    *ret = atomic_fetch_sub_explicit(&refcnt->val, 1, memory_order_release) - 1;	-	cjump	O1-ftrapv|O2-ftrapv|O3-ftrapv|Ofast-ftrapv|Os-ftrapv|Oz-ftrapv
SSL_copy_session_id	ssl/ssl_lib.c	41	77	    *ret = atomic_fetch_add_explicit(&refcnt->val, 1, memory_order_relaxed) + 1;	+	cjump	O1-ftrapv|O2-ftrapv|O3-ftrapv|Ofast-ftrapv|Os-ftrapv|Oz-ftrapv
X509_STORE_free	crypto/x509/x509_lu.c	64	77	    *ret = atomic_fetch_sub_explicit(&refcnt->val, 1, memory_order_release) - 1;	-	cjump	O1-ftrapv|O2-ftrapv|O3-ftrapv|Ofast-ftrapv|Os-ftrapv|Oz-ftrapv
X509_STORE_up_ref	crypto/x509/x509_lu.c	41	77	    *ret = atomic_fetch_add_explicit(&refcnt->val, 1, memory_order_relaxed) + 1;	+	cjump	O1-ftrapv|O2-ftrapv|O3-ftrapv|Ofast-ftrapv|Os-ftrapv|Oz-ftrapv
lookup_sess_in_cache	ssl/ssl_sess.c	41	77	    *ret = atomic_fetch_add_explicit(&refcnt->val, 1, memory_order_relaxed) + 1;	+	cjump	O1-ftrapv|O2-ftrapv|O3-ftrapv|Ofast-ftrapv|Os-ftrapv|Oz-ftrapv
ENGINE_get_first	crypto/engine/eng_list.c	41	77	    *ret = atomic_fetch_add_explicit(&refcnt->val, 1, memory_order_relaxed) + 1;	+	cjump	O1-ftrapv|O2-ftrapv|O3-ftrapv|Ofast-ftrapv|Os-ftrapv|Oz-ftrapv
SSL_free	ssl/ssl_lib.c	64	77	    *ret = atomic_fetch_sub_explicit(&refcnt->val, 1, memory_order_release) - 1;	-	cjump	O1-ftrapv|O2-ftrapv|O3-ftrapv|Ofast-ftrapv|Os-ftrapv|Oz-ftrapv
SSL_dup	ssl/ssl_lib.c	64	77	    *ret = atomic_fetch_sub_explicit(&refcnt->val, 1, memory_order_release) - 1;	-	cjump	O1-ftrapv|O2-ftrapv|O3-ftrapv|Ofast-ftrapv
ossl_ec_wNAF_precompute_mult	crypto/ec/ec_mult.c	64	77	    *ret = atomic_fetch_sub_explicit(&refcnt->val, 1, memory_order_release) - 1;	-	cjump	O1-ftrapv|O2-ftrapv|O3-ftrapv|Ofast-ftrapv
EVP_KEYEXCH_up_ref	crypto/evp/exchange.c	41	77	    *ret = atomic_fetch_add_explicit(&refcnt->val, 1, memory_order_relaxed) + 1;	+	cjump	O1-ftrapv|O2-ftrapv|O3-ftrapv|Ofast-ftrapv|Os-ftrapv|Oz-ftrapv
SSL_CTX_add_session	ssl/ssl_sess.c	41	77	    *ret = atomic_fetch_add_explicit(&refcnt->val, 1, memory_order_relaxed) + 1;	+	cjump	O1-ftrapv|O2-ftrapv|O3-ftrapv|Ofast-ftrapv|Os-ftrapv|Oz-ftrapv
SSL_CTX_free	ssl/ssl_lib.c	64	77	    *ret = atomic_fetch_sub_explicit(&refcnt->val, 1, memory_order_release) - 1;	-	cjump	O1-ftrapv|O2-ftrapv|O3-ftrapv|Ofast-ftrapv|Os-ftrapv|Oz-ftrapv
EVP_PKEY_up_ref	crypto/evp/p_lib.c	41	77	    *ret = atomic_fetch_add_explicit(&refcnt->val, 1, memory_order_relaxed) + 1;	+	cjump	O1-ftrapv|O2-ftrapv|O3-ftrapv|Ofast-ftrapv|Os-ftrapv|Oz-ftrapv
evp_md_free	crypto/evp/digest.c	64	77	    *ret = atomic_fetch_sub_explicit(&refcnt->val, 1, memory_order_release) - 1;	-	cjump	O1-ftrapv|O2-ftrapv|O3-ftrapv|Ofast-ftrapv
evp_cipher_from_algorithm	crypto/evp/evp_enc.c	64	77	    *ret = atomic_fetch_sub_explicit(&refcnt->val, 1, memory_order_release) - 1;	-	cjump	O1-ftrapv|O2-ftrapv|O3-ftrapv|Ofast-ftrapv
ossl_kdf_data_free	providers/implementations/keymgmt/kdf_legacy_kmgmt.c	64	77	    *ret = atomic_fetch_sub_explicit(&refcnt->val, 1, memory_order_release) - 1;	-	cjump	O1-ftrapv|O2-ftrapv|O3-ftrapv|Ofast-ftrapv|Os-ftrapv|Oz-ftrapv
DH_free	crypto/dh/dh_lib.c	64	77	    *ret = atomic_fetch_sub_explicit(&refcnt->val, 1, memory_order_release) - 1;	-	cjump	O1-ftrapv|O2-ftrapv|O3-ftrapv|Ofast-ftrapv|Os-ftrapv|Oz-ftrapv
DSO_up_ref	crypto/dso/dso_lib.c	41	77	    *ret = atomic_fetch_add_explicit(&refcnt->val, 1, memory_order_relaxed) + 1;	+	cjump	O1-ftrapv|O2-ftrapv|O3-ftrapv|Ofast-ftrapv|Os-ftrapv|Oz-ftrapv
ENGINE_add	crypto/engine/eng_list.c	64	77	    *ret = atomic_fetch_sub_explicit(&refcnt->val, 1, memory_order_release) - 1;	-	cjump	O1-ftrapv|O2-ftrapv|O3-ftrapv|Ofast-ftrapv|Os-ftrapv|Oz-ftrapv
X509_up_ref	crypto/x509/x509_set.c	41	77	    *ret = atomic_fetch_add_explicit(&refcnt->val, 1, memory_order_relaxed) + 1;	+	cjump	O1-ftrapv|O2-ftrapv|O3-ftrapv|Ofast-ftrapv|Os-ftrapv|Oz-ftrapv
EVP_CIPHER_CTX_reset	crypto/evp/evp_enc.c	64	77	    *ret = atomic_fetch_sub_explicit(&refcnt->val, 1, memory_order_release) - 1;	-	cjump	O1-ftrapv|O2-ftrapv|O3-ftrapv|Ofast-ftrapv
ossl_ecx_key_free	crypto/ec/ecx_key.c	64	77	    *ret = atomic_fetch_sub_explicit(&refcnt->val, 1, memory_order_release) - 1;	-	cjump	O1-ftrapv|O2-ftrapv|O3-ftrapv|Ofast-ftrapv|Os-ftrapv|Oz-ftrapv
ossl_mac_key_up_ref	providers/implementations/keymgmt/mac_legacy_kmgmt.c	41	77	    *ret = atomic_fetch_add_explicit(&refcnt->val, 1, memory_order_relaxed) + 1;	+	cjump	O1-ftrapv|O2-ftrapv|O3-ftrapv|Ofast-ftrapv|Os-ftrapv|Oz-ftrapv
OSSL_ERR_STATE_restore	crypto/err/err_save.c	16	24	    es->top = (es->top + 1) % ERR_NUM_ERRORS;	+	cjump	O1-ftrapv|O2-ftrapv|O3-ftrapv|Ofast-ftrapv|Os-ftrapv|Oz-ftrapv
EVP_RAND_CTX_new	crypto/evp/evp_rand.c	41	77	    *ret = atomic_fetch_add_explicit(&refcnt->val, 1, memory_order_relaxed) + 1;	+	cjump	O1-ftrapv|O2-ftrapv|O3-ftrapv|Ofast-ftrapv|Os-ftrapv|Oz-ftrapv
qc_wait_for_default_xso_for_read	ssl/quic/quic_impl.c	64	77	    *ret = atomic_fetch_sub_explicit(&refcnt->val, 1, memory_order_release) - 1;	-	cjump	O1-ftrapv|O2-ftrapv|O3-ftrapv|Ofast-ftrapv
qc_try_create_default_xso_for_write	ssl/quic/quic_impl.c	64	77	    *ret = atomic_fetch_sub_explicit(&refcnt->val, 1, memory_order_release) - 1;	-	cjump	O1-ftrapv|O2-ftrapv|O3-ftrapv|Ofast-ftrapv
EVP_CIPHER_free	crypto/evp/evp_enc.c	64	77	    *ret = atomic_fetch_sub_explicit(&refcnt->val, 1, memory_order_release) - 1;	-	cjump	O1-ftrapv|O2-ftrapv|O3-ftrapv|Ofast-ftrapv|Os-ftrapv|Oz-ftrapv
OSSL_ENCODER_up_ref	crypto/encode_decode/encoder_meth.c	41	77	    *ret = atomic_fetch_add_explicit(&refcnt->val, 1, memory_order_relaxed) + 1;	+	cjump	O1-ftrapv|O2-ftrapv|O3-ftrapv|Ofast-ftrapv|Os-ftrapv|Oz-ftrapv
EVP_RAND_CTX_up_ref	crypto/evp/evp_rand.c	41	77	    *ret = atomic_fetch_add_explicit(&refcnt->val, 1, memory_order_relaxed) + 1;	+	cjump	O1-ftrapv|O2-ftrapv|O3-ftrapv|Ofast-ftrapv|Os-ftrapv|Oz-ftrapv
skeymgmt_from_algorithm	crypto/evp/skeymgmt_meth.c	64	77	    *ret = atomic_fetch_sub_explicit(&refcnt->val, 1, memory_order_release) - 1;	-	cjump	O1-ftrapv|O2-ftrapv|O3-ftrapv|Ofast-ftrapv
EVP_MD_CTX_copy_ex	crypto/evp/digest.c	64	77	    *ret = atomic_fetch_sub_explicit(&refcnt->val, 1, memory_order_release) - 1;	-	cjump	O1-ftrapv|O2-ftrapv|O3-ftrapv|Ofast-ftrapv
evp_kdf_free	crypto/evp/kdf_meth.c	64	77	    *ret = atomic_fetch_sub_explicit(&refcnt->val, 1, memory_order_release) - 1;	-	cjump	O1-ftrapv|O2-ftrapv|O3-ftrapv|Ofast-ftrapv|Os-ftrapv|Oz-ftrapv
EVP_KDF_up_ref	crypto/evp/kdf_meth.c	41	77	    *ret = atomic_fetch_add_explicit(&refcnt->val, 1, memory_order_relaxed) + 1;	+	cjump	O1-ftrapv|O2-ftrapv|O3-ftrapv|Ofast-ftrapv|Os-ftrapv|Oz-ftrapv
EVP_SKEY_generate	crypto/evp/s_lib.c	64	77	    *ret = atomic_fetch_sub_explicit(&refcnt->val, 1, memory_order_release) - 1;	-	cjump	O1-ftrapv|O2-ftrapv|O3-ftrapv|Ofast-ftrapv
evp_signature_from_algorithm	crypto/evp/signature.c	64	77	    *ret = atomic_fetch_sub_explicit(&refcnt->val, 1, memory_order_release) - 1;	-	cjump	O1-ftrapv|O2-ftrapv|O3-ftrapv|Ofast-ftrapv
mac_gen	providers/implementations/keymgmt/mac_legacy_kmgmt.c	64	77	    *ret = atomic_fetch_sub_explicit(&refcnt->val, 1, memory_order_release) - 1;	-	cjump	O1-ftrapv|O2-ftrapv|O3-ftrapv|Ofast-ftrapv
EVP_RAND_CTX_free	crypto/evp/evp_rand.c	64	77	    *ret = atomic_fetch_sub_explicit(&refcnt->val, 1, memory_order_release) - 1;	-	cjump	O1-ftrapv|O2-ftrapv|O3-ftrapv|Ofast-ftrapv|Os-ftrapv|Oz-ftrapv
evp_keymgmt_free	crypto/evp/keymgmt_meth.c	64	77	    *ret = atomic_fetch_sub_explicit(&refcnt->val, 1, memory_order_release) - 1;	-	cjump	O1-ftrapv|O2-ftrapv|O3-ftrapv|Ofast-ftrapv
ENGINE_add	crypto/engine/eng_list.c	41	77	    *ret = atomic_fetch_add_explicit(&refcnt->val, 1, memory_order_relaxed) + 1;	+	cjump	O1-ftrapv|O2-ftrapv|O3-ftrapv|Ofast-ftrapv|Os-ftrapv|Oz-ftrapv
evp_rand_up_ref	crypto/evp/evp_rand.c	41	77	    *ret = atomic_fetch_add_explicit(&refcnt->val, 1, memory_order_relaxed) + 1;	+	cjump	O1-ftrapv|O2-ftrapv|O3-ftrapv|Ofast-ftrapv|Os-ftrapv|Oz-ftrapv
EVP_RAND_up_ref	crypto/evp/evp_rand.c	41	77	    *ret = atomic_fetch_add_explicit(&refcnt->val, 1, memory_order_relaxed) + 1;	+	cjump	O1-ftrapv|O2-ftrapv|O3-ftrapv|Ofast-ftrapv|Os-ftrapv|Oz-ftrapv
mac_free	providers/implementations/keymgmt/mac_legacy_kmgmt.c	64	77	    *ret = atomic_fetch_sub_explicit(&refcnt->val, 1, memory_order_release) - 1;	-	cjump	O1-ftrapv|O2-ftrapv|O3-ftrapv|Ofast-ftrapv
free_this_token	ssl/quic/quic_impl.c	64	77	    *ret = atomic_fetch_sub_explicit(&refcnt->val, 1, memory_order_release) - 1;	-	cjump	O1-ftrapv|O2-ftrapv|O3-ftrapv|Ofast-ftrapv
evp_cipher_init_internal	crypto/evp/evp_enc.c	64	77	    *ret = atomic_fetch_sub_explicit(&refcnt->val, 1, memory_order_release) - 1;	-	cjump	O1-ftrapv|O2-ftrapv|O3-ftrapv|Ofast-ftrapv
evp_md_from_algorithm	crypto/evp/digest.c	64	77	    *ret = atomic_fetch_sub_explicit(&refcnt->val, 1, memory_order_release) - 1;	-	cjump	O1-ftrapv|O2-ftrapv|O3-ftrapv|Ofast-ftrapv
ossl_quic_build_new_token	ssl/quic/quic_impl.c	64	77	    *ret = atomic_fetch_sub_explicit(&refcnt->val, 1, memory_order_release) - 1;	-	cjump	O1-ftrapv|O2-ftrapv|O3-ftrapv|Ofast-ftrapv
construct_loader	crypto/store/store_meth.c	64	77	    *ret = atomic_fetch_sub_explicit(&refcnt->val, 1, memory_order_release) - 1;	-	cjump	O1-ftrapv|O2-ftrapv|O3-ftrapv|Ofast-ftrapv
SSL_up_ref	ssl/ssl_lib.c	41	77	    *ret = atomic_fetch_add_explicit(&refcnt->val, 1, memory_order_relaxed) + 1;	+	cjump	O1-ftrapv|O2-ftrapv|O3-ftrapv|Ofast-ftrapv|Os-ftrapv|Oz-ftrapv
EVP_PKEY_derive_init_ex	crypto/evp/exchange.c	64	77	    *ret = atomic_fetch_sub_explicit(&refcnt->val, 1, memory_order_release) - 1;	-	cjump	O1-ftrapv|O2-ftrapv|O3-ftrapv|Ofast-ftrapv
openssl_ciphers	crypto/engine/eng_openssl.c	288	28	            cipher_nids[pos++] = EVP_CIPHER_get_nid(cipher);	+	cjump	O1-ftrapv|O2-ftrapv|O3-ftrapv|Ofast-ftrapv|Os-ftrapv|Oz-ftrapv
X509_CRL_up_ref	crypto/x509/x509cset.c	41	77	    *ret = atomic_fetch_add_explicit(&refcnt->val, 1, memory_order_relaxed) + 1;	+	cjump	O1-ftrapv|O2-ftrapv|O3-ftrapv|Ofast-ftrapv|Os-ftrapv|Oz-ftrapv
BIO_up_ref	crypto/bio/bio_lib.c	41	77	    *ret = atomic_fetch_add_explicit(&refcnt->val, 1, memory_order_relaxed) + 1;	+	cjump	O1-ftrapv|O2-ftrapv|O3-ftrapv|Ofast-ftrapv|Os-ftrapv|Oz-ftrapv
evp_md_ctx_clear_digest	crypto/evp/digest.c	64	77	    *ret = atomic_fetch_sub_explicit(&refcnt->val, 1, memory_order_release) - 1;	-	cjump	O1-ftrapv|O2-ftrapv|O3-ftrapv|Ofast-ftrapv
EVP_SKEY_free	crypto/evp/s_lib.c	64	77	    *ret = atomic_fetch_sub_explicit(&refcnt->val, 1, memory_order_release) - 1;	-	cjump	O1-ftrapv|O2-ftrapv|O3-ftrapv|Ofast-ftrapv|Os-ftrapv|Oz-ftrapv
evp_cipher_free	crypto/evp/evp_enc.c	64	77	    *ret = atomic_fetch_sub_explicit(&refcnt->val, 1, memory_order_release) - 1;	-	cjump	O1-ftrapv|O2-ftrapv|O3-ftrapv|Ofast-ftrapv
ossl_mac_key_free	providers/implementations/keymgmt/mac_legacy_kmgmt.c	64	77	    *ret = atomic_fetch_sub_explicit(&refcnt->val, 1, memory_order_release) - 1;	-	cjump	O1-ftrapv|O2-ftrapv|O3-ftrapv|Ofast-ftrapv|Os-ftrapv|Oz-ftrapv
ossl_quic_new_token_store	ssl/quic/quic_impl.c	64	77	    *ret = atomic_fetch_sub_explicit(&refcnt->val, 1, memory_order_release) - 1;	-	cjump	O1-ftrapv|O2-ftrapv|O3-ftrapv|Ofast-ftrapv
RSA_up_ref	crypto/rsa/rsa_lib.c	41	77	    *ret = atomic_fetch_add_explicit(&refcnt->val, 1, memory_order_relaxed) + 1;	+	cjump	O1-ftrapv|O2-ftrapv|O3-ftrapv|Ofast-ftrapv|Os-ftrapv|Oz-ftrapv
SSL_dup	ssl/ssl_lib.c	41	77	    *ret = atomic_fetch_add_explicit(&refcnt->val, 1, memory_order_relaxed) + 1;	+	cjump	O1-ftrapv|O2-ftrapv|O3-ftrapv|Ofast-ftrapv|Os-ftrapv|Oz-ftrapv
ENGINE_up_ref	crypto/engine/eng_list.c	41	77	    *ret = atomic_fetch_add_explicit(&refcnt->val, 1, memory_order_relaxed) + 1;	+	cjump	O1-ftrapv|O2-ftrapv|O3-ftrapv|Ofast-ftrapv|Os-ftrapv|Oz-ftrapv
ossl_quic_get_peer_token	ssl/quic/quic_impl.c	41	77	    *ret = atomic_fetch_add_explicit(&refcnt->val, 1, memory_order_relaxed) + 1;	+	cjump	O1-ftrapv|O2-ftrapv|O3-ftrapv|Ofast-ftrapv|Os-ftrapv|Oz-ftrapv
ossl_quic_free_peer_token	ssl/quic/quic_impl.c	64	77	    *ret = atomic_fetch_sub_explicit(&refcnt->val, 1, memory_order_release) - 1;	-	cjump	O1-ftrapv|O2-ftrapv|O3-ftrapv|Ofast-ftrapv|Os-ftrapv|Oz-ftrapv
EVP_MD_CTX_copy_ex	crypto/evp/digest.c	41	77	    *ret = atomic_fetch_add_explicit(&refcnt->val, 1, memory_order_relaxed) + 1;	+	cjump	O1-ftrapv|O2-ftrapv|O3-ftrapv|Ofast-ftrapv|Os-ftrapv|Oz-ftrapv
kdf_freedata	providers/implementations/keymgmt/kdf_legacy_kmgmt.c	64	77	    *ret = atomic_fetch_sub_explicit(&refcnt->val, 1, memory_order_release) - 1;	-	cjump	O1-ftrapv|O2-ftrapv|O3-ftrapv|Ofast-ftrapv
SSL_set_session	ssl/ssl_sess.c	41	77	    *ret = atomic_fetch_add_explicit(&refcnt->val, 1, memory_order_relaxed) + 1;	+	cjump	O1-ftrapv|O2-ftrapv|O3-ftrapv|Ofast-ftrapv|Os-ftrapv|Oz-ftrapv
ossl_encoder_up_ref	crypto/encode_decode/encoder_meth.c	41	77	    *ret = atomic_fetch_add_explicit(&refcnt->val, 1, memory_order_relaxed) + 1;	+	cjump	O1-ftrapv|O2-ftrapv|O3-ftrapv|Ofast-ftrapv|Os-ftrapv|Oz-ftrapv
EVP_MD_free	crypto/evp/digest.c	64	77	    *ret = atomic_fetch_sub_explicit(&refcnt->val, 1, memory_order_release) - 1;	-	cjump	O1-ftrapv|O2-ftrapv|O3-ftrapv|Ofast-ftrapv|Os-ftrapv|Oz-ftrapv
ossl_asn1_do_lock	crypto/asn1/tasn_utl.c	41	77	    *ret = atomic_fetch_add_explicit(&refcnt->val, 1, memory_order_relaxed) + 1;	+	cjump	O1-ftrapv|O2-ftrapv|O3-ftrapv|Ofast-ftrapv|Os-ftrapv|Oz-ftrapv
EVP_KDF_free	crypto/evp/kdf_meth.c	64	77	    *ret = atomic_fetch_sub_explicit(&refcnt->val, 1, memory_order_release) - 1;	-	cjump	O1-ftrapv|O2-ftrapv|O3-ftrapv|Ofast-ftrapv
openssl_ciphers	crypto/engine/eng_openssl.c	290	28	            cipher_nids[pos++] = EVP_CIPHER_get_nid(cipher);	+	cjump	O1-ftrapv|O2-ftrapv|O3-ftrapv|Ofast-ftrapv|Os-ftrapv|Oz-ftrapv
ENGINE_by_id	crypto/engine/eng_list.c	41	77	    *ret = atomic_fetch_add_explicit(&refcnt->val, 1, memory_order_relaxed) + 1;	+	cjump	O1-ftrapv|O2-ftrapv|O3-ftrapv|Ofast-ftrapv|Os-ftrapv|Oz-ftrapv
ossl_quic_attach_stream	ssl/quic/quic_impl.c	64	77	    *ret = atomic_fetch_sub_explicit(&refcnt->val, 1, memory_order_release) - 1;	-	cjump	O1-ftrapv|O2-ftrapv|O3-ftrapv|Ofast-ftrapv
EC_KEY_free	crypto/ec/ec_key.c	64	77	    *ret = atomic_fetch_sub_explicit(&refcnt->val, 1, memory_order_release) - 1;	-	cjump	O1-ftrapv|O2-ftrapv|O3-ftrapv|Ofast-ftrapv|Os-ftrapv|Oz-ftrapv
ossl_provider_add_to_store	crypto/provider_core.c	41	77	    *ret = atomic_fetch_add_explicit(&refcnt->val, 1, memory_order_relaxed) + 1;	+	cjump	O1-ftrapv|O2-ftrapv|O3-ftrapv|Ofast-ftrapv
SSL_CTX_up_ref	ssl/ssl_lib.c	41	77	    *ret = atomic_fetch_add_explicit(&refcnt->val, 1, memory_order_relaxed) + 1;	+	cjump	O1-ftrapv|O2-ftrapv|O3-ftrapv|Ofast-ftrapv|Os-ftrapv|Oz-ftrapv
EVP_PKEY_free	crypto/evp/p_lib.c	64	77	    *ret = atomic_fetch_sub_explicit(&refcnt->val, 1, memory_order_release) - 1;	-	cjump	O1-ftrapv|O2-ftrapv|O3-ftrapv|Ofast-ftrapv|Os-ftrapv|Oz-ftrapv
SSL_SESSION_up_ref	ssl/ssl_sess.c	41	77	    *ret = atomic_fetch_add_explicit(&refcnt->val, 1, memory_order_relaxed) + 1;	+	cjump	O1-ftrapv|O2-ftrapv|O3-ftrapv|Ofast-ftrapv|Os-ftrapv|Oz-ftrapv
evp_md_init_internal	crypto/evp/digest.c	64	77	    *ret = atomic_fetch_sub_explicit(&refcnt->val, 1, memory_order_release) - 1;	-	cjump	O1-ftrapv|O2-ftrapv|O3-ftrapv|Ofast-ftrapv
openssl_digests	crypto/engine/eng_openssl.c	386	28	            digest_nids[pos++] = EVP_MD_get_type(md);	+	cjump	O1-ftrapv|O2-ftrapv|O3-ftrapv|Ofast-ftrapv|Os-ftrapv|Oz-ftrapv
ossl_decoder_up_ref	crypto/encode_decode/decoder_meth.c	41	77	    *ret = atomic_fetch_add_explicit(&refcnt->val, 1, memory_order_relaxed) + 1;	+	cjump	O1-ftrapv|O2-ftrapv|O3-ftrapv|Ofast-ftrapv|Os-ftrapv|Oz-ftrapv
EVP_KEYMGMT_free	crypto/evp/keymgmt_meth.c	64	77	    *ret = atomic_fetch_sub_explicit(&refcnt->val, 1, memory_order_release) - 1;	-	cjump	O1-ftrapv|O2-ftrapv|O3-ftrapv|Ofast-ftrapv|Os-ftrapv|Oz-ftrapv
EVP_CipherInit_SKEY	crypto/evp/evp_enc.c	64	77	    *ret = atomic_fetch_sub_explicit(&refcnt->val, 1, memory_order_release) - 1;	-	cjump	O1-ftrapv|O2-ftrapv|O3-ftrapv|Ofast-ftrapv
EVP_KEYMGMT_up_ref	crypto/evp/keymgmt_meth.c	41	77	    *ret = atomic_fetch_add_explicit(&refcnt->val, 1, memory_order_relaxed) + 1;	+	cjump	O1-ftrapv|O2-ftrapv|O3-ftrapv|Ofast-ftrapv|Os-ftrapv|Oz-ftrapv
ossl_ssl_connection_new_int	ssl/ssl_lib.c	64	77	    *ret = atomic_fetch_sub_explicit(&refcnt->val, 1, memory_order_release) - 1;	-	cjump	O1-ftrapv|O2-ftrapv|O3-ftrapv|Ofast-ftrapv
evp_kdf_from_algorithm	crypto/evp/kdf_meth.c	64	77	    *ret = atomic_fetch_sub_explicit(&refcnt->val, 1, memory_order_release) - 1;	-	cjump	O1-ftrapv|O2-ftrapv|O3-ftrapv|Ofast-ftrapv
evp_kdf_up_ref	crypto/evp/kdf_meth.c	41	77	    *ret = atomic_fetch_add_explicit(&refcnt->val, 1, memory_order_relaxed) + 1;	+	cjump	O1-ftrapv|O2-ftrapv|O3-ftrapv|Ofast-ftrapv|Os-ftrapv|Oz-ftrapv
ossl_provider_free	crypto/provider_core.c	64	77	    *ret = atomic_fetch_sub_explicit(&refcnt->val, 1, memory_order_release) - 1;	-	cjump	O1-ftrapv|O2-ftrapv|O3-ftrapv|Ofast-ftrapv|Os-ftrapv|Oz-ftrapv
ossl_ssl_init	ssl/ssl_lib.c	41	77	    *ret = atomic_fetch_add_explicit(&refcnt->val, 1, memory_order_relaxed) + 1;	+	cjump	O1-ftrapv|O2-ftrapv|O3-ftrapv|Ofast-ftrapv|Os-ftrapv|Oz-ftrapv
EVP_SKEY_to_provider	crypto/evp/s_lib.c	41	77	    *ret = atomic_fetch_add_explicit(&refcnt->val, 1, memory_order_relaxed) + 1;	+	cjump	O1-ftrapv|O2-ftrapv|O3-ftrapv|Ofast-ftrapv|Os-ftrapv|Oz-ftrapv
up_ref_decoder	crypto/encode_decode/decoder_meth.c	41	77	    *ret = atomic_fetch_add_explicit(&refcnt->val, 1, memory_order_relaxed) + 1;	+	cjump	O1-ftrapv|O2-ftrapv|O3-ftrapv|Ofast-ftrapv|Os-ftrapv|Oz-ftrapv
evp_mac_up_ref	crypto/evp/mac_meth.c	41	77	    *ret = atomic_fetch_add_explicit(&refcnt->val, 1, memory_order_relaxed) + 1;	+	cjump	O1-ftrapv|O2-ftrapv|O3-ftrapv|Ofast-ftrapv|Os-ftrapv|Oz-ftrapv
ossl_provider_up_ref	crypto/provider_core.c	41	77	    *ret = atomic_fetch_add_explicit(&refcnt->val, 1, memory_order_relaxed) + 1;	+	cjump	O1-ftrapv|O2-ftrapv|O3-ftrapv|Ofast-ftrapv|Os-ftrapv|Oz-ftrapv
evp_md_init_internal	crypto/evp/digest.c	41	77	    *ret = atomic_fetch_add_explicit(&refcnt->val, 1, memory_order_relaxed) + 1;	+	cjump	O1-ftrapv|O2-ftrapv|O3-ftrapv|Ofast-ftrapv|Os-ftrapv|Oz-ftrapv
evp_kem_init	crypto/evp/kem.c	64	77	    *ret = atomic_fetch_sub_explicit(&refcnt->val, 1, memory_order_release) - 1;	-	cjump	O1-ftrapv|O2-ftrapv|O3-ftrapv|Ofast-ftrapv
EC_KEY_up_ref	crypto/ec/ec_key.c	41	77	    *ret = atomic_fetch_add_explicit(&refcnt->val, 1, memory_order_relaxed) + 1;	+	cjump	O1-ftrapv|O2-ftrapv|O3-ftrapv|Ofast-ftrapv|Os-ftrapv|Oz-ftrapv
evp_mac_from_algorithm	crypto/evp/mac_meth.c	64	77	    *ret = atomic_fetch_sub_explicit(&refcnt->val, 1, memory_order_release) - 1;	-	cjump	O1-ftrapv|O2-ftrapv|O3-ftrapv|Ofast-ftrapv
evp_asym_cipher_up_ref	crypto/evp/asymcipher.c	41	77	    *ret = atomic_fetch_add_explicit(&refcnt->val, 1, memory_order_relaxed) + 1;	+	cjump	O1-ftrapv|O2-ftrapv|O3-ftrapv|Ofast-ftrapv|Os-ftrapv|Oz-ftrapv
evp_keymgmt_up_ref	crypto/evp/keymgmt_meth.c	41	77	    *ret = atomic_fetch_add_explicit(&refcnt->val, 1, memory_order_relaxed) + 1;	+	cjump	O1-ftrapv|O2-ftrapv|O3-ftrapv|Ofast-ftrapv|Os-ftrapv|Oz-ftrapv
free_loader	crypto/store/store_meth.c	64	77	    *ret = atomic_fetch_sub_explicit(&refcnt->val, 1, memory_order_release) - 1;	-	cjump	O1-ftrapv|O2-ftrapv|O3-ftrapv|Ofast-ftrapv
RSA_free	crypto/rsa/rsa_lib.c	64	77	    *ret = atomic_fetch_sub_explicit(&refcnt->val, 1, memory_order_release) - 1;	-	cjump	O1-ftrapv|O2-ftrapv|O3-ftrapv|Ofast-ftrapv|Os-ftrapv|Oz-ftrapv
EVP_SKEY_import	crypto/evp/s_lib.c	64	77	    *ret = atomic_fetch_sub_explicit(&refcnt->val, 1, memory_order_release) - 1;	-	cjump	O1-ftrapv|O2-ftrapv|O3-ftrapv|Ofast-ftrapv
EVP_MAC_up_ref	crypto/evp/mac_meth.c	41	77	    *ret = atomic_fetch_add_explicit(&refcnt->val, 1, memory_order_relaxed) + 1;	+	cjump	O1-ftrapv|O2-ftrapv|O3-ftrapv|Ofast-ftrapv|Os-ftrapv|Oz-ftrapv
up_ref_encoder	crypto/encode_decode/encoder_meth.c	41	77	    *ret = atomic_fetch_add_explicit(&refcnt->val, 1, memory_order_relaxed) + 1;	+	cjump	O1-ftrapv|O2-ftrapv|O3-ftrapv|Ofast-ftrapv|Os-ftrapv|Oz-ftrapv
OSSL_STORE_LOADER_free	crypto/store/store_meth.c	64	77	    *ret = atomic_fetch_sub_explicit(&refcnt->val, 1, memory_order_release) - 1;	-	cjump	O1-ftrapv|O2-ftrapv|O3-ftrapv|Ofast-ftrapv|Os-ftrapv|Oz-ftrapv
evp_rand_from_algorithm	crypto/evp/evp_rand.c	64	77	    *ret = atomic_fetch_sub_explicit(&refcnt->val, 1, memory_order_release) - 1;	-	cjump	O1-ftrapv|O2-ftrapv|O3-ftrapv|Ofast-ftrapv
EVP_MAC_free	crypto/evp/mac_meth.c	64	77	    *ret = atomic_fetch_sub_explicit(&refcnt->val, 1, memory_order_release) - 1;	-	cjump	O1-ftrapv|O2-ftrapv|O3-ftrapv|Ofast-ftrapv
ossl_core_bio_free	crypto/bio/ossl_core_bio.c	64	77	    *ret = atomic_fetch_sub_explicit(&refcnt->val, 1, memory_order_release) - 1;	-	cjump	O1-ftrapv|O2-ftrapv|O3-ftrapv|Ofast-ftrapv|Os-ftrapv|Oz-ftrapv
EVP_ASYM_CIPHER_up_ref	crypto/evp/asymcipher.c	41	77	    *ret = atomic_fetch_add_explicit(&refcnt->val, 1, memory_order_relaxed) + 1;	+	cjump	O1-ftrapv|O2-ftrapv|O3-ftrapv|Ofast-ftrapv|Os-ftrapv|Oz-ftrapv
ossl_quic_get_peer_token	ssl/quic/quic_impl.c	64	77	    *ret = atomic_fetch_sub_explicit(&refcnt->val, 1, memory_order_release) - 1;	-	cjump	O1-ftrapv|O2-ftrapv|O3-ftrapv|Ofast-ftrapv
build_chain	crypto/x509/x509_vfy.c	3611	31	                              ctx->num_untrusted < num	c	mmem	O1-fprofile-generate|O1-fprofile-instr-generate|O2-fprofile-generate|O2-fprofile-instr-generate|O3-fprofile-generate|O3-fprofile-instr-generate|Ofast-fprofile-generate|Ofast-fprofile-instr-generate|Os-fprofile-generate|Os-fprofile-instr-generate|Oz-fprofile-generate|Oz-fprofile-instr-generate
ssl3_cbc_digest_record	ssl/record/methods/ssl3_cbc.c	387	31	            for (i = 1; i < k / md_block_size; i++)	/	mdiv	O1-fprofile-generate|O2-fprofile-generate|O3-fprofile-generate|Ofast-fprofile-generate|Os-fprofile-generate
ssl3_cbc_digest_record	ssl/record/methods/ssl3_cbc.c	380	31	            for (i = 1; i < k / md_block_size - 1; i++)	/	mdiv	O1-fprofile-generate|O2-fprofile-generate|O3-fprofile-generate|Ofast-fprofile-generate|Os-fprofile-generate
build_chain	crypto/x509/x509_vfy.c	3607	35	                                  num == 1	n	mmem	O1-fprofile-generate|O2-fprofile-generate|O3-fprofile-generate|Ofast-fprofile-generate|Os-fprofile-generate|Oz-fprofile-generate
RSA_generate_multi_prime_key	crypto/rsa/rsa_gen.c	321	16	    quo = bits / primes;	/	mdiv	O1--attributor-enable=all|O1--attributor-enable=cgscc|O1--disable-machine-sink|O1--rotation-max-header-size=0
kmac_setkey	providers/implementations/macs/kmac_prov.c	632	24	    sz = (len + w - 1) / w * w;	/	mdiv	O1--instcombine-max-iterations=0|O2--instcombine-max-iterations=0|O3--instcombine-max-iterations=0|Ofast--instcombine-max-iterations=0
kmac_setkey	providers/implementations/macs/kmac_prov.c	612	33	        *out_len = (sz + w - 1) / w * w;	/	mdiv	O1--instcombine-max-iterations=0|O2--instcombine-max-iterations=0|O3--instcombine-max-iterations=0|Ofast--instcombine-max-iterations=0
kdf_pkcs12_derive	providers/implementations/kdfs/pkcs12kdf.c	77	35	    Slen = v * ((saltlen + v - 1) / v);	/	mdiv	O1--instcombine-max-iterations=0|O2--instcombine-max-iterations=0|O3--instcombine-max-iterations=0|Ofast--instcombine-max-iterations=0|Os--instcombine-max-iterations=0|Oz--instcombine-max-iterations=0
kmac_init	providers/implementations/macs/kmac_prov.c	632	24	    sz = (len + w - 1) / w * w;	/	mdiv	O1--instcombine-max-iterations=0|O2--instcombine-max-iterations=0|O3--instcombine-max-iterations=0|Ofast--instcombine-max-iterations=0
list_type	apps/list.c	1232	19	            if (i % dc.columns == 0 && i > 0)	%	mdiv	O1--aarch64-stress-ccmp|O1--disable-machine-sink|O1--instcombine-max-iterations=0|O1--jump-is-expensive|O1--simplifycfg-branch-fold-threshold=0|O2--aarch64-stress-ccmp|O2--disable-machine-sink|O2--instcombine-max-iterations=0|O2--jump-is-expensive|O2--simplifycfg-branch-fold-threshold=0|O2--unroll-force-peel-count=50|O3--aarch64-stress-ccmp|O3--disable-machine-sink|O3--instcombine-max-iterations=0|O3--jump-is-expensive|O3--simplifycfg-branch-fold-threshold=0|O3--unroll-force-peel-count=50|Ofast--aarch64-stress-ccmp|Ofast--disable-machine-sink|Ofast--instcombine-max-iterations=0|Ofast--jump-is-expensive|Ofast--simplifycfg-branch-fold-threshold=0|Ofast--unroll-force-peel-count=50|Os--aarch64-stress-ccmp|Os--disable-machine-sink|Os--instcombine-max-iterations=0|Os--jump-is-expensive|Os--simplifycfg-branch-fold-threshold=0|Os--unroll-force-peel-count=50|Oz--aarch64-stress-ccmp|Oz--disable-machine-sink|Oz--instcombine-max-iterations=0|Oz--jump-is-expensive|Oz--simplifycfg-branch-fold-threshold=0
BN_mod_exp_mont_word	crypto/bn/bn_exp.c	1276	25	            if ((next_w / a) != w) { /* overflow */	/	mdiv	O1--instcombine-max-iterations=0|O2--instcombine-max-iterations=0|O3--instcombine-max-iterations=0|Ofast--instcombine-max-iterations=0|Os--instcombine-max-iterations=0|Oz--instcombine-max-iterations=0
kmac_init	providers/implementations/macs/kmac_prov.c	612	33	        *out_len = (sz + w - 1) / w * w;	/	mdiv	O1--instcombine-max-iterations=0|O2--instcombine-max-iterations=0|O3--instcombine-max-iterations=0|Ofast--instcombine-max-iterations=0|Os--instcombine-max-iterations=0|Oz--instcombine-max-iterations=0
ssl3_mac	ssl/record/methods/ssl3_meth.c	235	16	    npad = (48 / md_size) * md_size;	/	mdiv	O1--instcombine-max-iterations=0|O2--instcombine-max-iterations=0|O3--instcombine-max-iterations=0|Ofast--instcombine-max-iterations=0|Os--instcombine-max-iterations=0|Oz--instcombine-max-iterations=0
kdf_pkcs12_derive	providers/implementations/kdfs/pkcs12kdf.c	79	39	        Plen = v * ((passlen + v - 1) / v);	/	mdiv	O1--instcombine-max-iterations=0|O2--instcombine-max-iterations=0|O3--instcombine-max-iterations=0|Ofast--instcombine-max-iterations=0|Os--instcombine-max-iterations=0|Oz--instcombine-max-iterations=0
ossl_punycode_decode	crypto/punycode.c	173	28	            if (w > maxint / (base - t))	/	mdiv	O1--instcombine-max-iterations=0|O2--instcombine-max-iterations=0|O3--instcombine-max-iterations=0|Ofast--instcombine-max-iterations=0|Os--instcombine-max-iterations=0|Oz--instcombine-max-iterations=0
BN_mod_exp_mont_word	crypto/bn/bn_exp.c	1256	21	        if ((next_w / w) != w) { /* overflow */	/	mdiv	O1--instcombine-max-iterations=0|O2--instcombine-max-iterations=0|O3--instcombine-max-iterations=0|Ofast--instcombine-max-iterations=0|Os--instcombine-max-iterations=0|Oz--instcombine-max-iterations=0
ossl_sha3_squeeze	crypto/sha/sha3.c	192	29	        len = bsz * (outlen / bsz);	/	mdiv	O1--instcombine-max-iterations=0|O2--instcombine-max-iterations=0|O3--instcombine-max-iterations=0|Ofast--instcombine-max-iterations=0|Os--instcombine-max-iterations=0|Oz--instcombine-max-iterations=0
bn_mul_low_recursive	crypto/bn/bn_mul.c	480	16	    int n = n2 / 2;	/	mdiv	O1--aarch64-enable-global-isel-at-O=100|O1--aarch64-enable-global-isel-at-O=50|O1--aarch64-stress-promote-const|O1-fglobal-isel|O2--aarch64-enable-global-isel-at-O=100|O2--aarch64-enable-global-isel-at-O=50|O2--aarch64-stress-promote-const|O2-fglobal-isel|O3--aarch64-enable-global-isel-at-O=100|O3--aarch64-enable-global-isel-at-O=50|O3--aarch64-stress-promote-const|O3-fglobal-isel|Ofast--aarch64-enable-global-isel-at-O=100|Ofast--aarch64-enable-global-isel-at-O=50|Ofast--aarch64-stress-promote-const|Ofast-fglobal-isel|Os--aarch64-enable-global-isel-at-O=100|Os--aarch64-enable-global-isel-at-O=50|Os--aarch64-stress-promote-const|Os-fglobal-isel
SRP_Calc_x_ex	crypto/srp/srp_lib.c	175	37	    if (!EVP_DigestUpdate(ctxt, cs, BN_num_bytes(s)))	B	mdiv	O1--aarch64-enable-global-isel-at-O=100|O1--aarch64-enable-global-isel-at-O=50|O1--aarch64-stress-promote-const|O1-fglobal-isel|O2--aarch64-enable-global-isel-at-O=100|O2--aarch64-enable-global-isel-at-O=50|O2--aarch64-stress-promote-const|O2-fglobal-isel|O3--aarch64-enable-global-isel-at-O=100|O3--aarch64-enable-global-isel-at-O=50|O3--aarch64-stress-promote-const|O3-fglobal-isel|Ofast--aarch64-enable-global-isel-at-O=100|Ofast--aarch64-enable-global-isel-at-O=50|Ofast--aarch64-stress-promote-const|Ofast-fglobal-isel|Os--aarch64-enable-global-isel-at-O=100|Os--aarch64-enable-global-isel-at-O=50|Os--aarch64-stress-promote-const|Os-fglobal-isel
DH_size	crypto/dh/dh_lib.c	206	16	        return BN_num_bytes(dh->params.p);	B	mdiv	O1--aarch64-enable-global-isel-at-O=100|O1--aarch64-enable-global-isel-at-O=50|O1--aarch64-stress-promote-const|O1-fglobal-isel|O2--aarch64-enable-global-isel-at-O=100|O2--aarch64-enable-global-isel-at-O=50|O2--aarch64-stress-promote-const|O2-fglobal-isel|O3--aarch64-enable-global-isel-at-O=100|O3--aarch64-enable-global-isel-at-O=50|O3--aarch64-stress-promote-const|O3-fglobal-isel|Ofast--aarch64-enable-global-isel-at-O=100|Ofast--aarch64-enable-global-isel-at-O=50|Ofast--aarch64-stress-promote-const|Ofast-fglobal-isel|Os--aarch64-enable-global-isel-at-O=100|Os--aarch64-enable-global-isel-at-O=50|Os--aarch64-stress-promote-const|Os-fglobal-isel
ossl_ec_GF2m_simple_point2oct	crypto/ec/ec2_oct.c	217	32	            skip = field_len - BN_num_bytes(y);	B	mdiv	O1--aarch64-enable-global-isel-at-O=100|O1--aarch64-enable-global-isel-at-O=50|O1--aarch64-stress-promote-const|O1-fglobal-isel|O2--aarch64-enable-global-isel-at-O=100|O2--aarch64-enable-global-isel-at-O=50|O2--aarch64-stress-promote-const|O2-fglobal-isel|O3--aarch64-enable-global-isel-at-O=100|O3--aarch64-enable-global-isel-at-O=50|O3--aarch64-stress-promote-const|O3-fglobal-isel|Ofast--aarch64-enable-global-isel-at-O=100|Ofast--aarch64-enable-global-isel-at-O=50|Ofast--aarch64-stress-promote-const|Ofast-fglobal-isel|Os--aarch64-enable-global-isel-at-O=100|Os--aarch64-enable-global-isel-at-O=50|Os--aarch64-stress-promote-const|Os-fglobal-isel|Oz--aarch64-stress-promote-const|Oz--disable-cgp|Oz--disable-machine-sink|Oz--enable-machine-outliner=never|Oz--enable-mem-prof|Oz--instcombine-max-iterations=0|Oz--scalar-evolution-huge-expr-threshold=0|Oz-fmemory-profile|Oz-ftrapv
a2i_ASN1_INTEGER	crypto/asn1/f_int.c	104	11	        i /= 2;	/	mdiv	O1--aarch64-enable-global-isel-at-O=100|O1--aarch64-enable-global-isel-at-O=50|O1--aarch64-stress-promote-const|O1-fglobal-isel|O2--aarch64-enable-global-isel-at-O=100|O2--aarch64-enable-global-isel-at-O=50|O2--aarch64-stress-promote-const|O2-fglobal-isel|O3--aarch64-enable-global-isel-at-O=100|O3--aarch64-enable-global-isel-at-O=50|O3--aarch64-stress-promote-const|O3-fglobal-isel|Ofast--aarch64-enable-global-isel-at-O=100|Ofast--aarch64-enable-global-isel-at-O=50|Ofast--aarch64-stress-promote-const|Ofast-fglobal-isel|Os--aarch64-enable-global-isel-at-O=100|Os--aarch64-enable-global-isel-at-O=50|Os--aarch64-stress-promote-const|Os-fglobal-isel
tls_construct_cke_srp	ssl/statem/statem_clnt.c	3542	17	            || !WPACKET_sub_allocate_bytes_u16(pkt, BN_num_bytes(s->srp_ctx.A),	W	mdiv	O1--aarch64-enable-global-isel-at-O=100|O1--aarch64-enable-global-isel-at-O=50|O1--aarch64-stress-promote-const|O1-fglobal-isel|O2--aarch64-enable-global-isel-at-O=100|O2--aarch64-enable-global-isel-at-O=50|O2--aarch64-stress-promote-const|O2-fglobal-isel|O3--aarch64-enable-global-isel-at-O=100|O3--aarch64-enable-global-isel-at-O=50|O3--aarch64-stress-promote-const|O3-fglobal-isel|Ofast--aarch64-enable-global-isel-at-O=100|Ofast--aarch64-enable-global-isel-at-O=50|Ofast--aarch64-stress-promote-const|Ofast-fglobal-isel|Os--aarch64-enable-global-isel-at-O=100|Os--aarch64-enable-global-isel-at-O=50|Os--aarch64-stress-promote-const|Os-fglobal-isel
ossl_ec_curve_nid_from_params	crypto/ec/ec_curve.c	3404	11	    len = BN_num_bytes(group->field);	B	mdiv	O1--aarch64-enable-global-isel-at-O=100|O1--aarch64-enable-global-isel-at-O=50|O1--aarch64-stress-promote-const|O1-fglobal-isel|O2--aarch64-enable-global-isel-at-O=100|O2--aarch64-enable-global-isel-at-O=50|O2--aarch64-stress-promote-const|O2-fglobal-isel|O3--aarch64-enable-global-isel-at-O=100|O3--aarch64-enable-global-isel-at-O=50|O3--aarch64-stress-promote-const|O3-fglobal-isel|Ofast--aarch64-enable-global-isel-at-O=100|Ofast--aarch64-enable-global-isel-at-O=50|Ofast--aarch64-stress-promote-const|Ofast-fglobal-isel|Os--aarch64-enable-global-isel-at-O=100|Os--aarch64-enable-global-isel-at-O=50|Os--aarch64-stress-promote-const|Os-fglobal-isel
bn_i2c	crypto/asn1/x_bignum.c	112	18	    return pad + BN_num_bytes(bn);	B	mdiv	O1--aarch64-enable-global-isel-at-O=100|O1--aarch64-enable-global-isel-at-O=50|O1--aarch64-stress-promote-const|O1-fglobal-isel|O2--aarch64-enable-global-isel-at-O=100|O2--aarch64-enable-global-isel-at-O=50|O2--aarch64-stress-promote-const|O2-fglobal-isel|O3--aarch64-enable-global-isel-at-O=100|O3--aarch64-enable-global-isel-at-O=50|O3--aarch64-stress-promote-const|O3-fglobal-isel|Ofast--aarch64-enable-global-isel-at-O=100|Ofast--aarch64-enable-global-isel-at-O=50|Ofast--aarch64-stress-promote-const|Ofast-fglobal-isel|Os--aarch64-enable-global-isel-at-O=100|Os--aarch64-enable-global-isel-at-O=50|Os--aarch64-stress-promote-const|Os-fglobal-isel
BN_bn2bin	crypto/bn/bn_lib.c	561	18	    n = (n8 + 7) / 8;           /* This is what BN_num_bytes() does */	/	mdiv	O1--aarch64-enable-global-isel-at-O=100|O1--aarch64-enable-global-isel-at-O=50|O1--aarch64-stress-promote-const|O1-fglobal-isel|O2--aarch64-enable-global-isel-at-O=100|O2--aarch64-enable-global-isel-at-O=50|O2--aarch64-stress-promote-const|O2-fglobal-isel|O3--aarch64-enable-global-isel-at-O=100|O3--aarch64-enable-global-isel-at-O=50|O3--aarch64-stress-promote-const|O3-fglobal-isel|Ofast--aarch64-enable-global-isel-at-O=100|Ofast--aarch64-enable-global-isel-at-O=50|Ofast--aarch64-stress-promote-const|Ofast-fglobal-isel
ossl_quic_wire_decode_pkt_hdr_pn	ssl/quic/quic_wire_pkt.c	755	30	    pn_hwin         = pn_win / 2;	/	mdiv	O1--aarch64-enable-global-isel-at-O=100|O1--aarch64-enable-global-isel-at-O=50|O1--aarch64-stress-promote-const|O1-fglobal-isel
ossl_ec_GFp_simple_point2oct	crypto/ec/ecp_oct.c	225	28	        skip = field_len - BN_num_bytes(x);	B	mdiv	O1--aarch64-enable-global-isel-at-O=100|O1--aarch64-enable-global-isel-at-O=50|O1--aarch64-stress-promote-const|O1-fglobal-isel|O2--aarch64-enable-global-isel-at-O=100|O2--aarch64-enable-global-isel-at-O=50|O2--aarch64-stress-promote-const|O2-fglobal-isel|O3--aarch64-enable-global-isel-at-O=100|O3--aarch64-enable-global-isel-at-O=50|O3--aarch64-stress-promote-const|O3-fglobal-isel|Ofast--aarch64-enable-global-isel-at-O=100|Ofast--aarch64-enable-global-isel-at-O=50|Ofast--aarch64-stress-promote-const|Ofast-fglobal-isel|Os--aarch64-enable-global-isel-at-O=100|Os--aarch64-enable-global-isel-at-O=50|Os--aarch64-stress-promote-const|Os-fglobal-isel|Oz--aarch64-stress-promote-const|Oz--disable-machine-sink|Oz--enable-machine-outliner=never|Oz--enable-mem-prof|Oz--instcombine-max-iterations=0|Oz--scalar-evolution-huge-expr-threshold=0|Oz-fmemory-profile|Oz-ftrapv
ge_double_scalarmult_vartime	crypto/ec/curve25519.c	4601	46	            ge_msub(&t, &u, &Bi[(-bslide[i]) / 2]);	/	mdiv	O1--aarch64-enable-global-isel-at-O=100|O1--aarch64-enable-global-isel-at-O=50|O1--aarch64-stress-promote-const|O1-fglobal-isel
srp_generate_server_master_secret	ssl/tls_srp.c	343	15	    tmp_len = BN_num_bytes(K);	B	mdiv	O1--aarch64-enable-global-isel-at-O=100|O1--aarch64-enable-global-isel-at-O=50|O1--aarch64-stress-promote-const|O1-fglobal-isel|O2--aarch64-enable-global-isel-at-O=100|O2--aarch64-enable-global-isel-at-O=50|O2--aarch64-stress-promote-const|O2-fglobal-isel|O3--aarch64-enable-global-isel-at-O=100|O3--aarch64-enable-global-isel-at-O=50|O3--aarch64-stress-promote-const|O3-fglobal-isel|Ofast--aarch64-enable-global-isel-at-O=100|Ofast--aarch64-enable-global-isel-at-O=50|Ofast--aarch64-stress-promote-const|Ofast-fglobal-isel|Os--aarch64-enable-global-isel-at-O=100|Os--aarch64-enable-global-isel-at-O=50|Os--aarch64-stress-promote-const|Os-fglobal-isel
ossl_ec_GF2m_simple_oct2point	crypto/ec/ec2_oct.c	310	25	    field_len = (m + 7) / 8;	/	mdiv	O1--aarch64-enable-global-isel-at-O=100|O1--aarch64-enable-global-isel-at-O=50|O1--aarch64-stress-promote-const|O1-fglobal-isel|O2--aarch64-enable-global-isel-at-O=100|O2--aarch64-enable-global-isel-at-O=50|O2--aarch64-stress-promote-const|O2-fglobal-isel|O3--aarch64-enable-global-isel-at-O=100|O3--aarch64-enable-global-isel-at-O=50|O3--aarch64-stress-promote-const|O3-fglobal-isel|Ofast--aarch64-enable-global-isel-at-O=100|Ofast--aarch64-enable-global-isel-at-O=50|Ofast--aarch64-stress-promote-const|Ofast-fglobal-isel|Os--aarch64-enable-global-isel-at-O=100|Os--aarch64-enable-global-isel-at-O=50|Os--aarch64-stress-promote-const|Os-fglobal-isel
ASN1_bn_print	crypto/asn1/t_pkey.c	72	14	    buflen = BN_num_bytes(num) + 1;	B	mdiv	O1--aarch64-enable-global-isel-at-O=100|O1--aarch64-enable-global-isel-at-O=50|O1--aarch64-stress-promote-const|O1-fglobal-isel|O2--aarch64-enable-global-isel-at-O=100|O2--aarch64-enable-global-isel-at-O=50|O2--aarch64-stress-promote-const|O2-fglobal-isel|O3--aarch64-enable-global-isel-at-O=100|O3--aarch64-enable-global-isel-at-O=50|O3--aarch64-stress-promote-const|O3-fglobal-isel|Ofast--aarch64-enable-global-isel-at-O=100|Ofast--aarch64-enable-global-isel-at-O=50|Ofast--aarch64-stress-promote-const|Ofast-fglobal-isel|Os--aarch64-enable-global-isel-at-O=100|Os--aarch64-enable-global-isel-at-O=50|Os--aarch64-stress-promote-const|Os-fglobal-isel
OSSL_PARAM_BLD_push_BN_pad	crypto/param_build.c	247	38	        return push_BN(bld, key, bn, BN_num_bytes(bn),	B	mdiv	O1--aarch64-enable-global-isel-at-O=100|O1--aarch64-enable-global-isel-at-O=50|O1--aarch64-stress-promote-const|O1-fglobal-isel|O2--aarch64-enable-global-isel-at-O=100|O2--aarch64-enable-global-isel-at-O=50|O2--aarch64-stress-promote-const|O2-fglobal-isel|O3--aarch64-enable-global-isel-at-O=100|O3--aarch64-enable-global-isel-at-O=50|O3--aarch64-stress-promote-const|O3-fglobal-isel|Ofast--aarch64-enable-global-isel-at-O=100|Ofast--aarch64-enable-global-isel-at-O=50|Ofast--aarch64-stress-promote-const|Ofast-fglobal-isel|Os--aarch64-enable-global-isel-at-O=100|Os--aarch64-enable-global-isel-at-O=50|Os--aarch64-stress-promote-const|Os-fglobal-isel
ossl_qtx_flush_net	ssl/quic/quic_record_tx.c	1000	12	    return total_written > 0	t	mmem	O1--aarch64-stress-promote-const|O1-fprofile-instr-generate|O2--aarch64-stress-promote-const|O2-fprofile-instr-generate|O3--aarch64-stress-promote-const|O3-fprofile-instr-generate|Ofast--aarch64-stress-promote-const|Ofast-fprofile-instr-generate|Os--aarch64-stress-promote-const|Os-fprofile-instr-generate|Oz--aarch64-stress-promote-const|Oz-fprofile-instr-generate
ec_security_bits	crypto/ec/ec_ameth.c	229	19	    return ecbits / 2;	/	mdiv	O1--aarch64-enable-global-isel-at-O=100|O1--aarch64-enable-global-isel-at-O=50|O1--aarch64-stress-promote-const|O1-fglobal-isel|O2--aarch64-enable-global-isel-at-O=100|O2--aarch64-enable-global-isel-at-O=50|O2--aarch64-stress-promote-const|O2-fglobal-isel|O3--aarch64-enable-global-isel-at-O=100|O3--aarch64-enable-global-isel-at-O=50|O3--aarch64-stress-promote-const|O3-fglobal-isel|Ofast--aarch64-enable-global-isel-at-O=100|Ofast--aarch64-enable-global-isel-at-O=50|Ofast--aarch64-stress-promote-const|Ofast-fglobal-isel|Os--aarch64-enable-global-isel-at-O=100|Os--aarch64-enable-global-isel-at-O=50|Os--aarch64-stress-promote-const|Os-fglobal-isel
ossl_drbg_get_seed	providers/implementations/rands/drbg.c	154	49	    bytes_needed = entropy >= 0 ? (entropy + 7) / 8 : 0;	/	mdiv	O1--aarch64-enable-global-isel-at-O=100|O1--aarch64-enable-global-isel-at-O=50|O1--aarch64-stress-promote-const|O1-fglobal-isel
srp_generate_client_master_secret	ssl/tls_srp.c	394	15	    tmp_len = BN_num_bytes(K);	B	mdiv	O1--aarch64-enable-global-isel-at-O=100|O1--aarch64-enable-global-isel-at-O=50|O1--aarch64-stress-promote-const|O1-fglobal-isel|O2--aarch64-enable-global-isel-at-O=100|O2--aarch64-enable-global-isel-at-O=50|O2--aarch64-stress-promote-const|O2-fglobal-isel|O3--aarch64-enable-global-isel-at-O=100|O3--aarch64-enable-global-isel-at-O=50|O3--aarch64-stress-promote-const|O3-fglobal-isel|Ofast--aarch64-enable-global-isel-at-O=100|Ofast--aarch64-enable-global-isel-at-O=50|Ofast--aarch64-stress-promote-const|Ofast-fglobal-isel|Os--aarch64-enable-global-isel-at-O=100|Os--aarch64-enable-global-isel-at-O=50|Os--aarch64-stress-promote-const|Os-fglobal-isel
do_i2b	crypto/pem/pvkfmt.c	667	17	            || (BN_num_bytes(dmq1) > hnbyte))	B	mdiv	O1--aarch64-enable-global-isel-at-O=100|O1--aarch64-enable-global-isel-at-O=50|O1--aarch64-stress-promote-const|O1-fglobal-isel|O2--aarch64-enable-global-isel-at-O=100|O2--aarch64-enable-global-isel-at-O=50|O2--aarch64-stress-promote-const|O2-fglobal-isel|O3--aarch64-enable-global-isel-at-O=100|O3--aarch64-enable-global-isel-at-O=50|O3--aarch64-stress-promote-const|O3-fglobal-isel|Ofast--aarch64-enable-global-isel-at-O=100|Ofast--aarch64-enable-global-isel-at-O=50|Ofast--aarch64-stress-promote-const|Ofast-fglobal-isel|Os--aarch64-enable-global-isel-at-O=100|Os--aarch64-enable-global-isel-at-O=50|Os--aarch64-stress-promote-const|Os-fglobal-isel|Oz--aarch64-stress-promote-const|Oz--enable-machine-outliner=never|Oz--misched=ilpmax
BN_mask_bits	crypto/bn/bn_lib.c	854	11	    w = n / BN_BITS2;	/	mdiv	O1--aarch64-enable-global-isel-at-O=100|O1--aarch64-enable-global-isel-at-O=50|O1--aarch64-stress-promote-const|O1-fglobal-isel
do_i2b	crypto/pem/pvkfmt.c	735	13	    nbyte = BN_num_bytes(p);	B	mdiv	O1--aarch64-enable-global-isel-at-O=100|O1--aarch64-enable-global-isel-at-O=50|O1--aarch64-stress-promote-const|O1-fglobal-isel|O2--aarch64-enable-global-isel-at-O=100|O2--aarch64-enable-global-isel-at-O=50|O2--aarch64-stress-promote-const|O2-fglobal-isel|O3--aarch64-enable-global-isel-at-O=100|O3--aarch64-enable-global-isel-at-O=50|O3--aarch64-stress-promote-const|O3-fglobal-isel|Ofast--aarch64-enable-global-isel-at-O=100|Ofast--aarch64-enable-global-isel-at-O=50|Ofast--aarch64-stress-promote-const|Ofast-fglobal-isel|Os--aarch64-enable-global-isel-at-O=100|Os--aarch64-enable-global-isel-at-O=50|Os--aarch64-stress-promote-const|Os-fglobal-isel
do_server	apps/lib/s_socket.c	452	17	                openssl_fdset(sock, &readfds);	o	mdiv	O1--aarch64-enable-global-isel-at-O=100|O1--aarch64-enable-global-isel-at-O=50|O1--aarch64-stress-promote-const|O1-fglobal-isel
bn2binpad	crypto/bn/bn_lib.c	561	18	    n = (n8 + 7) / 8;           /* This is what BN_num_bytes() does */	/	mdiv	O1--aarch64-enable-global-isel-at-O=100|O1--aarch64-enable-global-isel-at-O=50|O1--aarch64-stress-promote-const|O1-fglobal-isel|O2--aarch64-enable-global-isel-at-O=100|O2--aarch64-enable-global-isel-at-O=50|O2--aarch64-stress-promote-const|O2-fglobal-isel|O3--aarch64-enable-global-isel-at-O=100|O3--aarch64-enable-global-isel-at-O=50|O3--aarch64-stress-promote-const|O3-fglobal-isel|Ofast--aarch64-enable-global-isel-at-O=100|Ofast--aarch64-enable-global-isel-at-O=50|Ofast--aarch64-stress-promote-const|Ofast-fglobal-isel|Os--aarch64-enable-global-isel-at-O=100|Os--aarch64-enable-global-isel-at-O=50|Os--aarch64-stress-promote-const|Os-fglobal-isel
default_fixup_args	crypto/evp/ctrl_params_translate.c	463	35	                    ctx->buflen = BN_num_bytes(ctx->p2);	B	mdiv	O1--aarch64-enable-global-isel-at-O=100|O1--aarch64-enable-global-isel-at-O=50|O1--aarch64-stress-promote-const|O1-fglobal-isel|O2--aarch64-enable-global-isel-at-O=100|O2--aarch64-enable-global-isel-at-O=50|O2--aarch64-stress-promote-const|O2-fglobal-isel|O3--aarch64-enable-global-isel-at-O=100|O3--aarch64-enable-global-isel-at-O=50|O3--aarch64-stress-promote-const|O3-fglobal-isel|Ofast--aarch64-enable-global-isel-at-O=100|Ofast--aarch64-enable-global-isel-at-O=50|Ofast--aarch64-stress-promote-const|Ofast-fglobal-isel|Os--aarch64-enable-global-isel-at-O=100|Os--aarch64-enable-global-isel-at-O=50|Os--aarch64-stress-promote-const|Os-fglobal-isel
bnrand	crypto/bn/bn_rand.c	39	24	    bytes = (bits + 7) / 8;	/	mdiv	O1--aarch64-enable-global-isel-at-O=100|O1--aarch64-enable-global-isel-at-O=50|O1--aarch64-stress-promote-const|O1-fglobal-isel
ossl_sm2_encrypt	crypto/sm2/sm2_crypt.c	54	12	    return BN_num_bytes(p);	B	mdiv	O1--aarch64-enable-global-isel-at-O=100|O1--aarch64-enable-global-isel-at-O=50|O1--aarch64-stress-promote-const|O1-fglobal-isel
bn_lshift_fixed_top	crypto/bn/bn_shift.c	116	12	    nw = n / BN_BITS2;	/	mdiv	O1--aarch64-enable-global-isel-at-O=100|O1--aarch64-enable-global-isel-at-O=50|O1--aarch64-stress-promote-const|O1-fglobal-isel|O2--aarch64-enable-global-isel-at-O=100|O2--aarch64-enable-global-isel-at-O=50|O2--aarch64-stress-promote-const|O2-fglobal-isel|O3--aarch64-enable-global-isel-at-O=100|O3--aarch64-enable-global-isel-at-O=50|O3--aarch64-stress-promote-const|O3-fglobal-isel|Ofast--aarch64-enable-global-isel-at-O=100|Ofast--aarch64-enable-global-isel-at-O=50|Ofast--aarch64-stress-promote-const|Ofast-fglobal-isel|Os--aarch64-enable-global-isel-at-O=100|Os--aarch64-enable-global-isel-at-O=50|Os--aarch64-stress-promote-const|Os-fglobal-isel
ossl_gen_deterministic_nonce_rfc6979	crypto/deterministic_nonce.c	202	28	    rlen = (qlen_bits + 7) / 8;	/	mdiv	O1--aarch64-enable-global-isel-at-O=100|O1--aarch64-enable-global-isel-at-O=50|O1--aarch64-stress-promote-const|O1-fglobal-isel|O2--aarch64-enable-global-isel-at-O=100|O2--aarch64-enable-global-isel-at-O=50|O2--aarch64-stress-promote-const|O2-fglobal-isel|O3--aarch64-enable-global-isel-at-O=100|O3--aarch64-enable-global-isel-at-O=50|O3--aarch64-stress-promote-const|O3-fglobal-isel|Ofast--aarch64-enable-global-isel-at-O=100|Ofast--aarch64-enable-global-isel-at-O=50|Ofast--aarch64-stress-promote-const|Ofast-fglobal-isel|Os--aarch64-enable-global-isel-at-O=100|Os--aarch64-enable-global-isel-at-O=50|Os--aarch64-stress-promote-const|Os-fglobal-isel
do_i2b	crypto/pem/pvkfmt.c	663	14	        if ((BN_num_bytes(iqmp) > hnbyte)	B	mdiv	O1--aarch64-enable-global-isel-at-O=100|O1--aarch64-enable-global-isel-at-O=50|O1--aarch64-stress-promote-const|O1-fglobal-isel|O2--aarch64-enable-global-isel-at-O=100|O2--aarch64-enable-global-isel-at-O=50|O2--aarch64-stress-promote-const|O2-fglobal-isel|O3--aarch64-enable-global-isel-at-O=100|O3--aarch64-enable-global-isel-at-O=50|O3--aarch64-stress-promote-const|O3-fglobal-isel|Ofast--aarch64-enable-global-isel-at-O=100|Ofast--aarch64-enable-global-isel-at-O=50|Ofast--aarch64-stress-promote-const|Ofast-fglobal-isel|Os--aarch64-enable-global-isel-at-O=100|Os--aarch64-enable-global-isel-at-O=50|Os--aarch64-stress-promote-const|Os-fglobal-isel
ossl_asn1_time_to_tm	crypto/asn1/a_time.c	73	45	    tm->tm_wday = (d + (13 * m) / 5 + y + y / 4 + c / 4 + 5 * c + 6) % 7;	/	mdiv	O1--aarch64-enable-global-isel-at-O=100|O1--aarch64-enable-global-isel-at-O=50|O1--aarch64-stress-promote-const|O1-fglobal-isel|O2--aarch64-enable-global-isel-at-O=100|O2--aarch64-enable-global-isel-at-O=50|O2--aarch64-stress-promote-const|O2-fglobal-isel|O3--aarch64-enable-global-isel-at-O=100|O3--aarch64-enable-global-isel-at-O=50|O3--aarch64-stress-promote-const|O3-fglobal-isel|Ofast--aarch64-enable-global-isel-at-O=100|Ofast--aarch64-enable-global-isel-at-O=50|Ofast--aarch64-stress-promote-const|Ofast-fglobal-isel|Os--aarch64-enable-global-isel-at-O=100|Os--aarch64-enable-global-isel-at-O=50|Os--aarch64-stress-promote-const|Os-fglobal-isel
ossl_sm2_ciphertext_size	crypto/sm2/sm2_crypt.c	54	12	    return BN_num_bytes(p);	B	mdiv	O1--aarch64-enable-global-isel-at-O=100|O1--aarch64-enable-global-isel-at-O=50|O1--aarch64-stress-promote-const|O1-fglobal-isel|O2--aarch64-enable-global-isel-at-O=100|O2--aarch64-enable-global-isel-at-O=50|O2--aarch64-stress-promote-const|O2-fglobal-isel|O3--aarch64-enable-global-isel-at-O=100|O3--aarch64-enable-global-isel-at-O=50|O3--aarch64-stress-promote-const|O3-fglobal-isel|Ofast--aarch64-enable-global-isel-at-O=100|Ofast--aarch64-enable-global-isel-at-O=50|Ofast--aarch64-stress-promote-const|Ofast-fglobal-isel
ASN1_UNIVERSALSTRING_to_string	crypto/asn1/a_print.c	64	15	    s->length /= 4;	/	mdiv	O1--aarch64-enable-global-isel-at-O=100|O1--aarch64-enable-global-isel-at-O=50|O1--aarch64-stress-promote-const|O1-fglobal-isel|O2--aarch64-enable-global-isel-at-O=100|O2--aarch64-enable-global-isel-at-O=50|O2--aarch64-stress-promote-const|O2-fglobal-isel|O3--aarch64-enable-global-isel-at-O=100|O3--aarch64-enable-global-isel-at-O=50|O3--aarch64-stress-promote-const|O3-fglobal-isel|Ofast--aarch64-enable-global-isel-at-O=100|Ofast--aarch64-enable-global-isel-at-O=50|Ofast--aarch64-stress-promote-const|Ofast-fglobal-isel|Os--aarch64-enable-global-isel-at-O=100|Os--aarch64-enable-global-isel-at-O=50|Os--aarch64-stress-promote-const|Os-fglobal-isel
ossl_ecdsa_simple_verify_sig	crypto/ec/ecdsa_ossl.c	506	28	        dgst_len = (i + 7) / 8;	/	mdiv	O1--aarch64-enable-global-isel-at-O=100|O1--aarch64-enable-global-isel-at-O=50|O1--aarch64-stress-promote-const|O1-fglobal-isel|O2--aarch64-enable-global-isel-at-O=100|O2--aarch64-enable-global-isel-at-O=50|O2--aarch64-stress-promote-const|O2-fglobal-isel|O3--aarch64-enable-global-isel-at-O=100|O3--aarch64-enable-global-isel-at-O=50|O3--aarch64-stress-promote-const|O3-fglobal-isel|Ofast--aarch64-enable-global-isel-at-O=100|Ofast--aarch64-enable-global-isel-at-O=50|Ofast--aarch64-stress-promote-const|Ofast-fglobal-isel|Os--aarch64-enable-global-isel-at-O=100|Os--aarch64-enable-global-isel-at-O=50|Os--aarch64-stress-promote-const|Os-fglobal-isel
bn_to_asn1_string	crypto/asn1/a_int.c	486	11	    len = BN_num_bytes(bn);	B	mdiv	O1--aarch64-enable-global-isel-at-O=100|O1--aarch64-enable-global-isel-at-O=50|O1--aarch64-stress-promote-const|O1-fglobal-isel|O2--aarch64-enable-global-isel-at-O=100|O2--aarch64-enable-global-isel-at-O=50|O2--aarch64-stress-promote-const|O2-fglobal-isel|O3--aarch64-enable-global-isel-at-O=100|O3--aarch64-enable-global-isel-at-O=50|O3--aarch64-stress-promote-const|O3-fglobal-isel|Ofast--aarch64-enable-global-isel-at-O=100|Ofast--aarch64-enable-global-isel-at-O=50|Ofast--aarch64-stress-promote-const|Ofast-fglobal-isel|Os--aarch64-enable-global-isel-at-O=100|Os--aarch64-enable-global-isel-at-O=50|Os--aarch64-stress-promote-const|Os-fglobal-isel
ASN1_item_sign_ctx	crypto/asn1/a_sign.c	246	21	        paramtype = pkey->ameth->pkey_flags & ASN1_PKEY_SIGPARAM_NULL ?	p	mmem	O1--aarch64-stress-promote-const|O2--aarch64-stress-promote-const|O3--aarch64-stress-promote-const|Ofast--aarch64-stress-promote-const|Os--aarch64-stress-promote-const|Oz--aarch64-stress-promote-const
ossl_ec_GF2m_simple_point2oct	crypto/ec/ec2_oct.c	158	50	    field_len = (EC_GROUP_get_degree(group) + 7) / 8;	/	mdiv	O1--aarch64-enable-global-isel-at-O=100|O1--aarch64-enable-global-isel-at-O=50|O1--aarch64-stress-promote-const|O1-fglobal-isel|O2--aarch64-enable-global-isel-at-O=100|O2--aarch64-enable-global-isel-at-O=50|O2--aarch64-stress-promote-const|O2-fglobal-isel|O3--aarch64-enable-global-isel-at-O=100|O3--aarch64-enable-global-isel-at-O=50|O3--aarch64-stress-promote-const|O3-fglobal-isel|Ofast--aarch64-enable-global-isel-at-O=100|Ofast--aarch64-enable-global-isel-at-O=50|Ofast--aarch64-stress-promote-const|Ofast-fglobal-isel|Os--aarch64-enable-global-isel-at-O=100|Os--aarch64-enable-global-isel-at-O=50|Os--aarch64-stress-promote-const|Os-fglobal-isel
ssl_module_init	crypto/conf/conf_ssl.c	92	17	                cmds == NULL	c	mmem	O1--aarch64-stress-promote-const|O2--aarch64-stress-promote-const|O3--aarch64-stress-promote-const|Ofast--aarch64-stress-promote-const|Os--aarch64-stress-promote-const|Oz--aarch64-stress-promote-const
BN_GF2m_mod_solve_quad_arr	crypto/bn/bn_gf2m.c	1035	37	        for (j = 1; j <= (p[0] - 1) / 2; j++) {	/	mdiv	O1--aarch64-enable-global-isel-at-O=100|O1--aarch64-enable-global-isel-at-O=50|O1--aarch64-stress-promote-const|O1-fglobal-isel|O2--aarch64-enable-global-isel-at-O=100|O2--aarch64-enable-global-isel-at-O=50|O2--aarch64-stress-promote-const|O2-fglobal-isel|O3--aarch64-enable-global-isel-at-O=100|O3--aarch64-enable-global-isel-at-O=50|O3--aarch64-stress-promote-const|O3-fglobal-isel|Ofast--aarch64-enable-global-isel-at-O=100|Ofast--aarch64-enable-global-isel-at-O=50|Ofast--aarch64-stress-promote-const|Ofast-fglobal-isel|Os--aarch64-enable-global-isel-at-O=100|Os--aarch64-enable-global-isel-at-O=50|Os--aarch64-stress-promote-const|Os-fglobal-isel
ossl_ec_GFp_simple_oct2point	crypto/ec/ecp_oct.c	312	17	    field_len = BN_num_bytes(group->field);	B	mdiv	O1--aarch64-enable-global-isel-at-O=100|O1--aarch64-enable-global-isel-at-O=50|O1--aarch64-stress-promote-const|O1-fglobal-isel|O2--aarch64-enable-global-isel-at-O=100|O2--aarch64-enable-global-isel-at-O=50|O2--aarch64-stress-promote-const|O2-fglobal-isel|O3--aarch64-enable-global-isel-at-O=100|O3--aarch64-enable-global-isel-at-O=50|O3--aarch64-stress-promote-const|O3-fglobal-isel|Ofast--aarch64-enable-global-isel-at-O=100|Ofast--aarch64-enable-global-isel-at-O=50|Ofast--aarch64-stress-promote-const|Ofast-fglobal-isel|Os--aarch64-enable-global-isel-at-O=100|Os--aarch64-enable-global-isel-at-O=50|Os--aarch64-stress-promote-const|Os-fglobal-isel
do_i2b	crypto/pem/pvkfmt.c	664	17	            || (BN_num_bytes(p) > hnbyte)	B	mdiv	O1--aarch64-enable-global-isel-at-O=100|O1--aarch64-enable-global-isel-at-O=50|O1--aarch64-stress-promote-const|O1-fglobal-isel|O2--aarch64-enable-global-isel-at-O=100|O2--aarch64-enable-global-isel-at-O=50|O2--aarch64-stress-promote-const|O2-fglobal-isel|O3--aarch64-enable-global-isel-at-O=100|O3--aarch64-enable-global-isel-at-O=50|O3--aarch64-stress-promote-const|O3-fglobal-isel|Ofast--aarch64-enable-global-isel-at-O=100|Ofast--aarch64-enable-global-isel-at-O=50|Ofast--aarch64-stress-promote-const|Ofast-fglobal-isel|Os--aarch64-enable-global-isel-at-O=100|Os--aarch64-enable-global-isel-at-O=50|Os--aarch64-stress-promote-const|Os-fglobal-isel|Oz--enable-machine-outliner=never
SRP_create_verifier_ex	crypto/srp/srp_vfy.c	675	14	    vfsize = BN_num_bytes(v) * 2;	B	mdiv	O1--aarch64-enable-global-isel-at-O=100|O1--aarch64-enable-global-isel-at-O=50|O1--aarch64-stress-promote-const|O1-fglobal-isel|O2--aarch64-enable-global-isel-at-O=100|O2--aarch64-enable-global-isel-at-O=50|O2--aarch64-stress-promote-const|O2-fglobal-isel|O3--aarch64-enable-global-isel-at-O=100|O3--aarch64-enable-global-isel-at-O=50|O3--aarch64-stress-promote-const|O3-fglobal-isel|Ofast--aarch64-enable-global-isel-at-O=100|Ofast--aarch64-enable-global-isel-at-O=50|Ofast--aarch64-stress-promote-const|Ofast-fglobal-isel|Os--aarch64-enable-global-isel-at-O=100|Os--aarch64-enable-global-isel-at-O=50|Os--aarch64-stress-promote-const|Os-fglobal-isel
ossl_ec_GF2m_simple_group_set_curve	crypto/ec/ec2_smpl.c	127	67	    if (bn_wexpand(group->b, (int)(group->poly[0] + BN_BITS2 - 1) / BN_BITS2)	/	mdiv	O1--aarch64-enable-global-isel-at-O=100|O1--aarch64-enable-global-isel-at-O=50|O1--aarch64-stress-promote-const|O1-fglobal-isel|O2--aarch64-enable-global-isel-at-O=100|O2--aarch64-enable-global-isel-at-O=50|O2--aarch64-stress-promote-const|O2-fglobal-isel|O3--aarch64-enable-global-isel-at-O=100|O3--aarch64-enable-global-isel-at-O=50|O3--aarch64-stress-promote-const|O3-fglobal-isel|Ofast--aarch64-enable-global-isel-at-O=100|Ofast--aarch64-enable-global-isel-at-O=50|Ofast--aarch64-stress-promote-const|Ofast-fglobal-isel|Os--aarch64-enable-global-isel-at-O=100|Os--aarch64-enable-global-isel-at-O=50|Os--aarch64-stress-promote-const|Os-fglobal-isel|Oz--enable-machine-outliner=never|Oz-fcs-profile-generate|Oz-fprofile-generate
safe_div_round_up_int	crypto/evp/evp_enc.c	31	1	OSSL_SAFE_MATH_SIGNED(int, int)	O	mdiv	O1--aarch64-enable-global-isel-at-O=100|O1--aarch64-enable-global-isel-at-O=50|O1--aarch64-stress-promote-const|O1-fglobal-isel|O1-finstrument-functions|O2-finstrument-functions|O3-finstrument-functions|Ofast-finstrument-functions|Os-finstrument-functions|Oz-finstrument-functions
tls_construct_server_key_exchange	ssl/statem/statem_srvr.c	2737	26	            size_t len = BN_num_bytes(r[0]) - BN_num_bytes(r[2]);	B	mdiv	O1--aarch64-enable-global-isel-at-O=100|O1--aarch64-enable-global-isel-at-O=50|O1--aarch64-stress-promote-const|O1-fglobal-isel|O2--aarch64-enable-global-isel-at-O=100|O2--aarch64-enable-global-isel-at-O=50|O2--aarch64-stress-promote-const|O2-fglobal-isel|O3--aarch64-enable-global-isel-at-O=100|O3--aarch64-enable-global-isel-at-O=50|O3--aarch64-stress-promote-const|O3-fglobal-isel|Ofast--aarch64-enable-global-isel-at-O=100|Ofast--aarch64-enable-global-isel-at-O=50|Ofast--aarch64-stress-promote-const|Ofast-fglobal-isel|Os--aarch64-enable-global-isel-at-O=100|Os--aarch64-enable-global-isel-at-O=50|Os--aarch64-stress-promote-const|Os-fglobal-isel
www_body	apps/s_server.c	3344	17	                openssl_fdset(s, &readfds);	o	mdiv	O1--aarch64-enable-global-isel-at-O=100|O1--aarch64-enable-global-isel-at-O=50|O1--aarch64-stress-promote-const|O1-fglobal-isel|O2--aarch64-enable-global-isel-at-O=100|O2--aarch64-enable-global-isel-at-O=50|O2--aarch64-stress-promote-const|O2-fglobal-isel|O3--aarch64-enable-global-isel-at-O=100|O3--aarch64-enable-global-isel-at-O=50|O3--aarch64-stress-promote-const|O3-fglobal-isel|Ofast--aarch64-enable-global-isel-at-O=100|Ofast--aarch64-enable-global-isel-at-O=50|Ofast--aarch64-stress-promote-const|Ofast-fglobal-isel|Os--aarch64-enable-global-isel-at-O=100|Os--aarch64-enable-global-isel-at-O=50|Os--aarch64-stress-promote-const|Os-fglobal-isel
bn2binpad	crypto/bn/bn_lib.c	586	22	        n = (n8 + 7) / 8;       /* This is what BN_num_bytes() does */	/	mdiv	O1--aarch64-enable-global-isel-at-O=100|O1--aarch64-enable-global-isel-at-O=50|O1--aarch64-stress-promote-const|O1-fglobal-isel|O2--aarch64-enable-global-isel-at-O=100|O2--aarch64-enable-global-isel-at-O=50|O2--aarch64-stress-promote-const|O2-fglobal-isel|O3--aarch64-enable-global-isel-at-O=100|O3--aarch64-enable-global-isel-at-O=50|O3--aarch64-stress-promote-const|O3-fglobal-isel|Ofast--aarch64-enable-global-isel-at-O=100|Ofast--aarch64-enable-global-isel-at-O=50|Ofast--aarch64-stress-promote-const|Ofast-fglobal-isel|Os--aarch64-enable-global-isel-at-O=100|Os--aarch64-enable-global-isel-at-O=50|Os--aarch64-stress-promote-const|Os-fglobal-isel
int_put_bytes_bn	crypto/der_writer.c	137	16	    size_t n = BN_num_bytes(v);	B	mdiv	O1--aarch64-enable-global-isel-at-O=100|O1--aarch64-enable-global-isel-at-O=50|O1--aarch64-stress-promote-const|O1-fglobal-isel|O2--aarch64-enable-global-isel-at-O=100|O2--aarch64-enable-global-isel-at-O=50|O2--aarch64-stress-promote-const|O2-fglobal-isel|O3--aarch64-enable-global-isel-at-O=100|O3--aarch64-enable-global-isel-at-O=50|O3--aarch64-stress-promote-const|O3-fglobal-isel|Ofast--aarch64-enable-global-isel-at-O=100|Ofast--aarch64-enable-global-isel-at-O=50|Ofast--aarch64-stress-promote-const|Ofast-fglobal-isel|Os--aarch64-enable-global-isel-at-O=100|Os--aarch64-enable-global-isel-at-O=50|Os--aarch64-stress-promote-const|Os-fglobal-isel
s_client_main	apps/s_client.c	3285	9	        openssl_fdset(sock, &readfds);	o	mdiv	O1--aarch64-enable-global-isel-at-O=100|O1--aarch64-enable-global-isel-at-O=50|O1--aarch64-stress-promote-const|O1-fglobal-isel|O2--aarch64-stress-promote-const|O3--aarch64-stress-promote-const|Ofast--aarch64-stress-promote-const|Os--aarch64-enable-global-isel-at-O=100|Os--aarch64-enable-global-isel-at-O=50|Os--aarch64-stress-promote-const|Os-fglobal-isel
ossl_bn_gen_dsa_nonce_fixed_top	crypto/bn/bn_rand.c	308	34	    const unsigned num_k_bytes = BN_num_bytes(range) + 1;	B	mdiv	O1--aarch64-enable-global-isel-at-O=100|O1--aarch64-enable-global-isel-at-O=50|O1--aarch64-stress-promote-const|O1-fglobal-isel|O2--aarch64-enable-global-isel-at-O=100|O2--aarch64-enable-global-isel-at-O=50|O2--aarch64-stress-promote-const|O2-fglobal-isel|O3--aarch64-enable-global-isel-at-O=100|O3--aarch64-enable-global-isel-at-O=50|O3--aarch64-stress-promote-const|O3-fglobal-isel|Ofast--aarch64-enable-global-isel-at-O=100|Ofast--aarch64-enable-global-isel-at-O=50|Ofast--aarch64-stress-promote-const|Ofast-fglobal-isel|Os--aarch64-enable-global-isel-at-O=100|Os--aarch64-enable-global-isel-at-O=50|Os--aarch64-stress-promote-const|Os-fglobal-isel
BN_is_bit_set	crypto/bn/bn_lib.c	840	11	    i = n / BN_BITS2;	/	mdiv	O1--aarch64-enable-global-isel-at-O=100|O1--aarch64-enable-global-isel-at-O=50|O1--aarch64-stress-promote-const|O1-fglobal-isel
BN_GF2m_mod_arr	crypto/bn/bn_gf2m.c	371	22	            n = p[k] / BN_BITS2;	/	mdiv	O1--aarch64-enable-global-isel-at-O=100|O1--aarch64-enable-global-isel-at-O=50|O1--aarch64-stress-promote-const|O1-fglobal-isel|O2--aarch64-enable-global-isel-at-O=100|O2--aarch64-enable-global-isel-at-O=50|O2--aarch64-stress-promote-const|O2-fglobal-isel|O3--aarch64-enable-global-isel-at-O=100|O3--aarch64-enable-global-isel-at-O=50|O3--aarch64-stress-promote-const|O3-fglobal-isel|Ofast--aarch64-enable-global-isel-at-O=100|Ofast--aarch64-enable-global-isel-at-O=50|Ofast--aarch64-stress-promote-const|Ofast-fglobal-isel|Os--aarch64-enable-global-isel-at-O=100|Os--aarch64-enable-global-isel-at-O=50|Os--aarch64-stress-promote-const|Os-fglobal-isel
ossl_sm2_compute_z_digest	crypto/sm2/sm2_sign.c	112	15	    p_bytes = BN_num_bytes(p);	B	mdiv	O1--aarch64-enable-global-isel-at-O=100|O1--aarch64-enable-global-isel-at-O=50|O1--aarch64-stress-promote-const|O1-fglobal-isel|O2--aarch64-enable-global-isel-at-O=100|O2--aarch64-enable-global-isel-at-O=50|O2--aarch64-stress-promote-const|O2-fglobal-isel|O3--aarch64-enable-global-isel-at-O=100|O3--aarch64-enable-global-isel-at-O=50|O3--aarch64-stress-promote-const|O3-fglobal-isel|Ofast--aarch64-enable-global-isel-at-O=100|Ofast--aarch64-enable-global-isel-at-O=50|Ofast--aarch64-stress-promote-const|Ofast-fglobal-isel|Os--aarch64-enable-global-isel-at-O=100|Os--aarch64-enable-global-isel-at-O=50|Os--aarch64-stress-promote-const|Os-fglobal-isel
ossl_sm2_decrypt	crypto/sm2/sm2_crypt.c	54	12	    return BN_num_bytes(p);	B	mdiv	O1--aarch64-enable-global-isel-at-O=100|O1--aarch64-enable-global-isel-at-O=50|O1--aarch64-stress-promote-const|O1-fglobal-isel|O2--aarch64-stress-promote-const|O3--aarch64-stress-promote-const|Ofast--aarch64-stress-promote-const
ssl_module_init	crypto/conf/conf_ssl.c	72	13	            cmd_lists == NULL	c	mmem	O1--aarch64-stress-promote-const|O2--aarch64-stress-promote-const|O3--aarch64-stress-promote-const|Ofast--aarch64-stress-promote-const|Os--aarch64-stress-promote-const|Oz--aarch64-stress-promote-const
tls_post_encryption_processing_default	ssl/record/methods/tls_common.c	1687	24	    size_t headerlen = rl->isdtls ? DTLS1_RT_HEADER_LENGTH	r	mmem	O1--aarch64-stress-promote-const|O2--aarch64-stress-promote-const|O3--aarch64-stress-promote-const|Ofast--aarch64-stress-promote-const|Os--aarch64-stress-promote-const|Oz--aarch64-stress-promote-const
BN_set_bit	crypto/bn/bn_lib.c	799	11	    i = n / BN_BITS2;	/	mdiv	O1--aarch64-enable-global-isel-at-O=100|O1--aarch64-enable-global-isel-at-O=50|O1--aarch64-stress-promote-const|O1-fglobal-isel
crl_main	apps/crl.c	358	58	                    BIO_printf(bio_out, "%02X%c", md[j], (j + 1 == (int)n)	(	mmem	O1--aarch64-stress-promote-const|O2--aarch64-stress-promote-const|O3--aarch64-stress-promote-const|Ofast--aarch64-stress-promote-const|Os--aarch64-stress-promote-const|Oz--aarch64-stress-promote-const
append_buf	apps/engine.c	62	37	        *size = ((len + expand - 1) / expand) * expand;	/	mdiv	O1--aarch64-enable-global-isel-at-O=100|O1--aarch64-enable-global-isel-at-O=50|O1--aarch64-stress-promote-const|O1-fglobal-isel|O2--aarch64-enable-global-isel-at-O=100|O2--aarch64-enable-global-isel-at-O=50|O2--aarch64-stress-promote-const|O2-fglobal-isel|O3--aarch64-enable-global-isel-at-O=100|O3--aarch64-enable-global-isel-at-O=50|O3--aarch64-stress-promote-const|O3-fglobal-isel|Ofast--aarch64-enable-global-isel-at-O=100|Ofast--aarch64-enable-global-isel-at-O=50|Ofast--aarch64-stress-promote-const|Ofast-fglobal-isel|Os--aarch64-enable-global-isel-at-O=100|Os--aarch64-enable-global-isel-at-O=50|Os--aarch64-stress-promote-const|Os-fglobal-isel
key_to_params	providers/implementations/keymgmt/ec_kmgmt.c	228	27	        sz = (ecbits + 7) / 8;	/	mdiv	O1--aarch64-enable-global-isel-at-O=100|O1--aarch64-enable-global-isel-at-O=50|O1--aarch64-stress-promote-const|O1-fglobal-isel
ossl_bsearch	crypto/bsearch.c	26	21	        i = (l + h) / 2;	/	mdiv	O1--aarch64-enable-global-isel-at-O=100|O1--aarch64-enable-global-isel-at-O=50|O1--aarch64-stress-promote-const|O1-fglobal-isel|O2--aarch64-enable-global-isel-at-O=100|O2--aarch64-enable-global-isel-at-O=50|O2--aarch64-stress-promote-const|O2-fglobal-isel|O3--aarch64-enable-global-isel-at-O=100|O3--aarch64-enable-global-isel-at-O=50|O3--aarch64-stress-promote-const|O3-fglobal-isel|Ofast--aarch64-enable-global-isel-at-O=100|Ofast--aarch64-enable-global-isel-at-O=50|Ofast--aarch64-stress-promote-const|Ofast-fglobal-isel|Os--aarch64-enable-global-isel-at-O=100|Os--aarch64-enable-global-isel-at-O=50|Os--aarch64-stress-promote-const|Os-fglobal-isel
bn_mul_part_recursive	crypto/bn/bn_mul.c	409	23	                    i /= 2;	/	mdiv	O1--aarch64-enable-global-isel-at-O=100|O1--aarch64-enable-global-isel-at-O=50|O1--aarch64-stress-promote-const|O1-fglobal-isel|O2--aarch64-enable-global-isel-at-O=100|O2--aarch64-enable-global-isel-at-O=50|O2--aarch64-stress-promote-const|O2-fglobal-isel|O3--aarch64-enable-global-isel-at-O=100|O3--aarch64-enable-global-isel-at-O=50|O3--aarch64-stress-promote-const|O3-fglobal-isel|Ofast--aarch64-enable-global-isel-at-O=100|Ofast--aarch64-enable-global-isel-at-O=50|Ofast--aarch64-stress-promote-const|Ofast-fglobal-isel|Os--aarch64-enable-global-isel-at-O=100|Os--aarch64-enable-global-isel-at-O=50|Os--aarch64-stress-promote-const|Os-fglobal-isel
tls_construct_server_key_exchange	ssl/statem/statem_srvr.c	2748	42	        if (!WPACKET_allocate_bytes(pkt, BN_num_bytes(r[i]), &binval)	B	mdiv	O1--aarch64-enable-global-isel-at-O=100|O1--aarch64-enable-global-isel-at-O=50|O1--aarch64-stress-promote-const|O1-fglobal-isel|O2--aarch64-enable-global-isel-at-O=100|O2--aarch64-enable-global-isel-at-O=50|O2--aarch64-stress-promote-const|O2-fglobal-isel|O3--aarch64-enable-global-isel-at-O=100|O3--aarch64-enable-global-isel-at-O=50|O3--aarch64-stress-promote-const|O3-fglobal-isel|Ofast--aarch64-enable-global-isel-at-O=100|Ofast--aarch64-enable-global-isel-at-O=50|Ofast--aarch64-stress-promote-const|Ofast-fglobal-isel|Os--aarch64-enable-global-isel-at-O=100|Os--aarch64-enable-global-isel-at-O=50|Os--aarch64-stress-promote-const|Os-fglobal-isel
ge_double_scalarmult_vartime	crypto/ec/curve25519.c	4590	42	            ge_add(&t, &u, &Ai[aslide[i] / 2]);	/	mdiv	O1--aarch64-enable-global-isel-at-O=100|O1--aarch64-enable-global-isel-at-O=50|O1--aarch64-stress-promote-const|O1-fglobal-isel
OPENSSL_gmtime_diff	crypto/o_time.c	183	50	        (3 * ((y + 4900 + (m - 14) / 12) / 100)) / 4 + d - 32075;	/	mdiv	O1--aarch64-enable-global-isel-at-O=100|O1--aarch64-enable-global-isel-at-O=50|O1--aarch64-stress-promote-const|O1-fglobal-isel|O2--aarch64-enable-global-isel-at-O=100|O2--aarch64-enable-global-isel-at-O=50|O2--aarch64-stress-promote-const|O2-fglobal-isel|O3--aarch64-enable-global-isel-at-O=100|O3--aarch64-enable-global-isel-at-O=50|O3--aarch64-stress-promote-const|O3-fglobal-isel|Ofast--aarch64-enable-global-isel-at-O=100|Ofast--aarch64-enable-global-isel-at-O=50|Ofast--aarch64-stress-promote-const|Ofast-fglobal-isel
generate_ecdhkm	providers/implementations/kem/ec_kem.c	526	57	    size_t secretlen = (EC_GROUP_get_degree(group) + 7) / 8;	/	mdiv	O1--aarch64-enable-global-isel-at-O=100|O1--aarch64-enable-global-isel-at-O=50|O1--aarch64-stress-promote-const|O1-fglobal-isel|O2--aarch64-enable-global-isel-at-O=100|O2--aarch64-enable-global-isel-at-O=50|O2--aarch64-stress-promote-const|O2-fglobal-isel|O3--aarch64-enable-global-isel-at-O=100|O3--aarch64-enable-global-isel-at-O=50|O3--aarch64-stress-promote-const|O3-fglobal-isel|Ofast--aarch64-enable-global-isel-at-O=100|Ofast--aarch64-enable-global-isel-at-O=50|Ofast--aarch64-stress-promote-const|Ofast-fglobal-isel|Os--aarch64-enable-global-isel-at-O=100|Os--aarch64-enable-global-isel-at-O=50|Os--aarch64-stress-promote-const|Os-fglobal-isel
BN_GF2m_mod_arr	crypto/bn/bn_gf2m.c	336	15	            n /= BN_BITS2;	/	mdiv	O1--aarch64-enable-global-isel-at-O=100|O1--aarch64-enable-global-isel-at-O=50|O1--aarch64-stress-promote-const|O1-fglobal-isel|O2--aarch64-enable-global-isel-at-O=100|O2--aarch64-enable-global-isel-at-O=50|O2--aarch64-stress-promote-const|O2-fglobal-isel|O3--aarch64-enable-global-isel-at-O=100|O3--aarch64-enable-global-isel-at-O=50|O3--aarch64-stress-promote-const|O3-fglobal-isel|Ofast--aarch64-enable-global-isel-at-O=100|Ofast--aarch64-enable-global-isel-at-O=50|Ofast--aarch64-stress-promote-const|Ofast-fglobal-isel|Os--aarch64-enable-global-isel-at-O=100|Os--aarch64-enable-global-isel-at-O=50|Os--aarch64-stress-promote-const|Os-fglobal-isel
BIO_dump_indent_cb	crypto/bio/bio_dump.c	43	18	    dump_width = DUMP_WIDTH_LESS_INDENT(indent);	D	mdiv	O1--aarch64-enable-global-isel-at-O=100|O1--aarch64-enable-global-isel-at-O=50|O1--aarch64-stress-promote-const|O1-fglobal-isel|O2--aarch64-enable-global-isel-at-O=100|O2--aarch64-enable-global-isel-at-O=50|O2--aarch64-stress-promote-const|O2-fglobal-isel|O3--aarch64-enable-global-isel-at-O=100|O3--aarch64-enable-global-isel-at-O=50|O3--aarch64-stress-promote-const|O3-fglobal-isel|Ofast--aarch64-enable-global-isel-at-O=100|Ofast--aarch64-enable-global-isel-at-O=50|Ofast--aarch64-stress-promote-const|Ofast-fglobal-isel|Os--aarch64-enable-global-isel-at-O=100|Os--aarch64-enable-global-isel-at-O=50|Os--aarch64-stress-promote-const|Os-fglobal-isel
ossl_aria_set_encrypt_key	crypto/aria/aria.c	557	31	    ck = &Key_RC[(bits - 128) / 64][0];	/	mdiv	O1--aarch64-enable-global-isel-at-O=100|O1--aarch64-enable-global-isel-at-O=50|O1--aarch64-stress-promote-const|O1-fglobal-isel
ossl_dsa_do_sign_int	crypto/dsa/dsa_ossl.c	128	16	        dlen = BN_num_bytes(dsa->params.q);	B	mdiv	O1--aarch64-enable-global-isel-at-O=100|O1--aarch64-enable-global-isel-at-O=50|O1--aarch64-stress-promote-const|O1-fglobal-isel|O2--aarch64-enable-global-isel-at-O=100|O2--aarch64-enable-global-isel-at-O=50|O2--aarch64-stress-promote-const|O2-fglobal-isel|O3--aarch64-enable-global-isel-at-O=100|O3--aarch64-enable-global-isel-at-O=50|O3--aarch64-stress-promote-const|O3-fglobal-isel|Ofast--aarch64-enable-global-isel-at-O=100|Ofast--aarch64-enable-global-isel-at-O=50|Ofast--aarch64-stress-promote-const|Ofast-fglobal-isel|Os--aarch64-enable-global-isel-at-O=100|Os--aarch64-enable-global-isel-at-O=50|Os--aarch64-stress-promote-const|Os-fglobal-isel
X509_CRL_load_http	crypto/x509/x_all.c	119	27	    size_t max_resp_len = (it == ASN1_ITEM_rptr(X509_CRL)) ?	(	mmem	O1--aarch64-stress-promote-const|O2--aarch64-stress-promote-const|O3--aarch64-stress-promote-const|Ofast--aarch64-stress-promote-const
BN_clear_bit	crypto/bn/bn_lib.c	823	11	    i = n / BN_BITS2;	/	mdiv	O1--aarch64-enable-global-isel-at-O=100|O1--aarch64-enable-global-isel-at-O=50|O1--aarch64-stress-promote-const|O1-fglobal-isel
ossl_dh_compute_key	crypto/dh/dh_key.c	102	32	    ret = BN_bn2binpad(z, key, BN_num_bytes(dh->params.p));	B	mdiv	O1--aarch64-enable-global-isel-at-O=100|O1--aarch64-enable-global-isel-at-O=50|O1--aarch64-stress-promote-const|O1-fglobal-isel|O2--aarch64-enable-global-isel-at-O=100|O2--aarch64-enable-global-isel-at-O=50|O2--aarch64-stress-promote-const|O2-fglobal-isel|O3--aarch64-enable-global-isel-at-O=100|O3--aarch64-enable-global-isel-at-O=50|O3--aarch64-stress-promote-const|O3-fglobal-isel|Ofast--aarch64-enable-global-isel-at-O=100|Ofast--aarch64-enable-global-isel-at-O=50|Ofast--aarch64-stress-promote-const|Ofast-fglobal-isel|Os--aarch64-enable-global-isel-at-O=100|Os--aarch64-enable-global-isel-at-O=50|Os--aarch64-stress-promote-const|Os-fglobal-isel
BN_rshift	crypto/bn/bn_shift.c	185	12	    nw = n / BN_BITS2;	/	mdiv	O1--aarch64-enable-global-isel-at-O=100|O1--aarch64-enable-global-isel-at-O=50|O1--aarch64-stress-promote-const|O1-fglobal-isel
aes_gcm_siv_cipher	providers/implementations/ciphers/cipher_aes_gcm_siv_hw.c	203	24	    ctx->generated_tag = !error;	=	mmem	O1--aarch64-stress-promote-const|O2--aarch64-stress-promote-const|O3--aarch64-stress-promote-const|Ofast--aarch64-stress-promote-const
ossl_ec_GF2m_simple_group_copy	crypto/ec/ec2_smpl.c	92	65	    if (bn_wexpand(dest->b, (int)(dest->poly[0] + BN_BITS2 - 1) / BN_BITS2) ==	/	mdiv	O1--aarch64-enable-global-isel-at-O=100|O1--aarch64-enable-global-isel-at-O=50|O1--aarch64-stress-promote-const|O1-fglobal-isel|O2--aarch64-enable-global-isel-at-O=100|O2--aarch64-enable-global-isel-at-O=50|O2--aarch64-stress-promote-const|O2-fglobal-isel|O3--aarch64-enable-global-isel-at-O=100|O3--aarch64-enable-global-isel-at-O=50|O3--aarch64-stress-promote-const|O3-fglobal-isel|Ofast--aarch64-enable-global-isel-at-O=100|Ofast--aarch64-enable-global-isel-at-O=50|Ofast--aarch64-stress-promote-const|Ofast-fglobal-isel|Os--aarch64-enable-global-isel-at-O=100|Os--aarch64-enable-global-isel-at-O=50|Os--aarch64-stress-promote-const|Os-fglobal-isel
ossl_ec_GF2m_simple_group_set_curve	crypto/ec/ec2_smpl.c	119	67	    if (bn_wexpand(group->a, (int)(group->poly[0] + BN_BITS2 - 1) / BN_BITS2)	/	mdiv	O1--aarch64-enable-global-isel-at-O=100|O1--aarch64-enable-global-isel-at-O=50|O1--aarch64-stress-promote-const|O1-fglobal-isel|O2--aarch64-enable-global-isel-at-O=100|O2--aarch64-enable-global-isel-at-O=50|O2--aarch64-stress-promote-const|O2-fglobal-isel|O3--aarch64-enable-global-isel-at-O=100|O3--aarch64-enable-global-isel-at-O=50|O3--aarch64-stress-promote-const|O3-fglobal-isel|Ofast--aarch64-enable-global-isel-at-O=100|Ofast--aarch64-enable-global-isel-at-O=50|Ofast--aarch64-stress-promote-const|Ofast-fglobal-isel|Os--aarch64-enable-global-isel-at-O=100|Os--aarch64-enable-global-isel-at-O=50|Os--aarch64-stress-promote-const|Os-fglobal-isel|Oz--enable-machine-outliner=never|Oz-fcs-profile-generate|Oz-fprofile-generate
evp_EncryptDecryptUpdate	crypto/evp/evp_enc.c	31	1	OSSL_SAFE_MATH_SIGNED(int, int)	O	mdiv	O1--aarch64-enable-global-isel-at-O=100|O1--aarch64-enable-global-isel-at-O=50|O1--aarch64-stress-promote-const|O1-fglobal-isel
rsa_ossl_private_decrypt	crypto/rsa/rsa_ossl.c	551	11	    num = BN_num_bytes(rsa->n);	B	mdiv	O1--aarch64-enable-global-isel-at-O=100|O1--aarch64-enable-global-isel-at-O=50|O1--aarch64-stress-promote-const|O1-fglobal-isel|O2--aarch64-enable-global-isel-at-O=100|O2--aarch64-enable-global-isel-at-O=50|O2--aarch64-stress-promote-const|O2-fglobal-isel|O3--aarch64-enable-global-isel-at-O=100|O3--aarch64-enable-global-isel-at-O=50|O3--aarch64-stress-promote-const|O3-fglobal-isel|Ofast--aarch64-enable-global-isel-at-O=100|Ofast--aarch64-enable-global-isel-at-O=50|Ofast--aarch64-stress-promote-const|Ofast-fglobal-isel|Os--aarch64-enable-global-isel-at-O=100|Os--aarch64-enable-global-isel-at-O=50|Os--aarch64-stress-promote-const|Os-fglobal-isel
OPENSSL_gmtime_adj	crypto/o_time.c	181	48	    return (1461 * (y + 4800 + (m - 14) / 12)) / 4 +	/	mdiv	O1--aarch64-enable-global-isel-at-O=100|O1--aarch64-enable-global-isel-at-O=50|O1--aarch64-stress-promote-const|O1-fglobal-isel|O2--aarch64-enable-global-isel-at-O=100|O2--aarch64-enable-global-isel-at-O=50|O2--aarch64-stress-promote-const|O2-fglobal-isel|O3--aarch64-enable-global-isel-at-O=100|O3--aarch64-enable-global-isel-at-O=50|O3--aarch64-stress-promote-const|O3-fglobal-isel|Ofast--aarch64-enable-global-isel-at-O=100|Ofast--aarch64-enable-global-isel-at-O=50|Ofast--aarch64-stress-promote-const|Ofast-fglobal-isel
X509_ALGOR_set_md	crypto/asn1/x_algor.c	91	16	    int type = md->flags & EVP_MD_FLAG_DIGALGID_ABSENT ? V_ASN1_UNDEF	m	mmem	O1--aarch64-stress-promote-const|O2--aarch64-stress-promote-const|O3--aarch64-stress-promote-const|Ofast--aarch64-stress-promote-const|Os--aarch64-stress-promote-const|Oz--aarch64-stress-promote-const
OPENSSL_gmtime_adj	crypto/o_time.c	183	50	        (3 * ((y + 4900 + (m - 14) / 12) / 100)) / 4 + d - 32075;	/	mdiv	O1--aarch64-enable-global-isel-at-O=100|O1--aarch64-enable-global-isel-at-O=50|O1--aarch64-stress-promote-const|O1-fglobal-isel|O2--aarch64-enable-global-isel-at-O=100|O2--aarch64-enable-global-isel-at-O=50|O2--aarch64-stress-promote-const|O2-fglobal-isel|O3--aarch64-enable-global-isel-at-O=100|O3--aarch64-enable-global-isel-at-O=50|O3--aarch64-stress-promote-const|O3-fglobal-isel|Ofast--aarch64-enable-global-isel-at-O=100|Ofast--aarch64-enable-global-isel-at-O=50|Ofast--aarch64-stress-promote-const|Ofast-fglobal-isel
X509_load_http	crypto/x509/x_all.c	119	27	    size_t max_resp_len = (it == ASN1_ITEM_rptr(X509_CRL)) ?	(	mmem	O1--aarch64-stress-promote-const|O2--aarch64-stress-promote-const|O3--aarch64-stress-promote-const|Ofast--aarch64-stress-promote-const
readbuffer_read	crypto/bio/bf_readbuff.c	93	36	    sz = DEFAULT_BUFFER_SIZE * (sz / DEFAULT_BUFFER_SIZE);	/	mdiv	O1--aarch64-enable-global-isel-at-O=100|O1--aarch64-enable-global-isel-at-O=50|O1--aarch64-stress-promote-const|O1-fglobal-isel|O2--aarch64-enable-global-isel-at-O=100|O2--aarch64-enable-global-isel-at-O=50|O2--aarch64-stress-promote-const|O2-fglobal-isel|O3--aarch64-enable-global-isel-at-O=100|O3--aarch64-enable-global-isel-at-O=50|O3--aarch64-stress-promote-const|O3-fglobal-isel|Ofast--aarch64-enable-global-isel-at-O=100|Ofast--aarch64-enable-global-isel-at-O=50|Ofast--aarch64-stress-promote-const|Ofast-fglobal-isel
ec_pkey_export_to	crypto/ec/ec_ameth.c	571	27	        sz = (ecbits + 7) / 8;	/	mdiv	O1--aarch64-enable-global-isel-at-O=100|O1--aarch64-enable-global-isel-at-O=50|O1--aarch64-stress-promote-const|O1-fglobal-isel
BN_bn2mpi	crypto/bn/bn_mpi.c	22	22	    num = (bits + 7) / 8;	/	mdiv	O1--aarch64-enable-global-isel-at-O=100|O1--aarch64-enable-global-isel-at-O=50|O1--aarch64-stress-promote-const|O1-fglobal-isel|O2--aarch64-enable-global-isel-at-O=100|O2--aarch64-enable-global-isel-at-O=50|O2--aarch64-stress-promote-const|O2-fglobal-isel|O3--aarch64-enable-global-isel-at-O=100|O3--aarch64-enable-global-isel-at-O=50|O3--aarch64-stress-promote-const|O3-fglobal-isel|Ofast--aarch64-enable-global-isel-at-O=100|Ofast--aarch64-enable-global-isel-at-O=50|Ofast--aarch64-stress-promote-const|Ofast-fglobal-isel|Os--aarch64-enable-global-isel-at-O=100|Os--aarch64-enable-global-isel-at-O=50|Os--aarch64-stress-promote-const|Os-fglobal-isel
ossl_ec_GFp_simple_point2oct	crypto/ec/ecp_oct.c	189	17	    field_len = BN_num_bytes(group->field);	B	mdiv	O1--aarch64-enable-global-isel-at-O=100|O1--aarch64-enable-global-isel-at-O=50|O1--aarch64-stress-promote-const|O1-fglobal-isel|O2--aarch64-enable-global-isel-at-O=100|O2--aarch64-enable-global-isel-at-O=50|O2--aarch64-stress-promote-const|O2-fglobal-isel|O3--aarch64-enable-global-isel-at-O=100|O3--aarch64-enable-global-isel-at-O=50|O3--aarch64-stress-promote-const|O3-fglobal-isel|Ofast--aarch64-enable-global-isel-at-O=100|Ofast--aarch64-enable-global-isel-at-O=50|Ofast--aarch64-stress-promote-const|Ofast-fglobal-isel|Os--aarch64-enable-global-isel-at-O=100|Os--aarch64-enable-global-isel-at-O=50|Os--aarch64-stress-promote-const|Os-fglobal-isel
SRP_Calc_x_ex	crypto/srp/srp_lib.c	159	15	    if ((cs = OPENSSL_malloc(BN_num_bytes(s))) == NULL)	O	mdiv	O1--aarch64-enable-global-isel-at-O=100|O1--aarch64-enable-global-isel-at-O=50|O1--aarch64-stress-promote-const|O1-fglobal-isel|O2--aarch64-enable-global-isel-at-O=100|O2--aarch64-enable-global-isel-at-O=50|O2--aarch64-stress-promote-const|O2-fglobal-isel|O3--aarch64-enable-global-isel-at-O=100|O3--aarch64-enable-global-isel-at-O=50|O3--aarch64-stress-promote-const|O3-fglobal-isel|Ofast--aarch64-enable-global-isel-at-O=100|Ofast--aarch64-enable-global-isel-at-O=50|Ofast--aarch64-stress-promote-const|Ofast-fglobal-isel|Os--aarch64-enable-global-isel-at-O=100|Os--aarch64-enable-global-isel-at-O=50|Os--aarch64-stress-promote-const|Os-fglobal-isel
bn_mul_part_recursive	crypto/bn/bn_mul.c	384	15	        i = n / 2;	/	mdiv	O1--aarch64-enable-global-isel-at-O=100|O1--aarch64-enable-global-isel-at-O=50|O1--aarch64-stress-promote-const|O1-fglobal-isel
BN_GF2m_mod_arr	crypto/bn/bn_gf2m.c	322	15	    dN = p[0] / BN_BITS2;	/	mdiv	O1--aarch64-enable-global-isel-at-O=100|O1--aarch64-enable-global-isel-at-O=50|O1--aarch64-stress-promote-const|O1-fglobal-isel|O2--aarch64-enable-global-isel-at-O=100|O2--aarch64-enable-global-isel-at-O=50|O2--aarch64-stress-promote-const|O2-fglobal-isel|O3--aarch64-enable-global-isel-at-O=100|O3--aarch64-enable-global-isel-at-O=50|O3--aarch64-stress-promote-const|O3-fglobal-isel|Ofast--aarch64-enable-global-isel-at-O=100|Ofast--aarch64-enable-global-isel-at-O=50|Ofast--aarch64-stress-promote-const|Ofast-fglobal-isel|Os--aarch64-enable-global-isel-at-O=100|Os--aarch64-enable-global-isel-at-O=50|Os--aarch64-stress-promote-const|Os-fglobal-isel
SRP_create_verifier_ex	crypto/srp/srp_vfy.c	678	27	    if (!t_tob64(vf, tmp, BN_num_bytes(v)))	B	mdiv	O1--aarch64-enable-global-isel-at-O=100|O1--aarch64-enable-global-isel-at-O=50|O1--aarch64-stress-promote-const|O1-fglobal-isel|O2--aarch64-enable-global-isel-at-O=100|O2--aarch64-enable-global-isel-at-O=50|O2--aarch64-stress-promote-const|O2-fglobal-isel|O3--aarch64-enable-global-isel-at-O=100|O3--aarch64-enable-global-isel-at-O=50|O3--aarch64-stress-promote-const|O3-fglobal-isel|Ofast--aarch64-enable-global-isel-at-O=100|Ofast--aarch64-enable-global-isel-at-O=50|Ofast--aarch64-stress-promote-const|Ofast-fglobal-isel|Os--aarch64-enable-global-isel-at-O=100|Os--aarch64-enable-global-isel-at-O=50|Os--aarch64-stress-promote-const|Os-fglobal-isel
ossl_bn_mask_bits_fixed_top	crypto/bn/bn_lib.c	854	11	    w = n / BN_BITS2;	/	mdiv	O1--aarch64-enable-global-isel-at-O=100|O1--aarch64-enable-global-isel-at-O=50|O1--aarch64-stress-promote-const|O1-fglobal-isel
common_get_params	providers/implementations/keymgmt/ec_kmgmt.c	702	31	            sec_bits = ecbits / 2;	/	mdiv	O1--aarch64-enable-global-isel-at-O=100|O1--aarch64-enable-global-isel-at-O=50|O1--aarch64-stress-promote-const|O1-fglobal-isel|O2--aarch64-enable-global-isel-at-O=100|O2--aarch64-enable-global-isel-at-O=50|O2--aarch64-stress-promote-const|O2-fglobal-isel|O3--aarch64-enable-global-isel-at-O=100|O3--aarch64-enable-global-isel-at-O=50|O3--aarch64-stress-promote-const|O3-fglobal-isel|Ofast--aarch64-enable-global-isel-at-O=100|Ofast--aarch64-enable-global-isel-at-O=50|Ofast--aarch64-stress-promote-const|Ofast-fglobal-isel|Os--aarch64-enable-global-isel-at-O=100|Os--aarch64-enable-global-isel-at-O=50|Os--aarch64-stress-promote-const|Os-fglobal-isel
a2i_ASN1_STRING	crypto/asn1/f_string.c	96	11	        i /= 2;	/	mdiv	O1--aarch64-enable-global-isel-at-O=100|O1--aarch64-enable-global-isel-at-O=50|O1--aarch64-stress-promote-const|O1-fglobal-isel|O2--aarch64-enable-global-isel-at-O=100|O2--aarch64-enable-global-isel-at-O=50|O2--aarch64-stress-promote-const|O2-fglobal-isel|O3--aarch64-enable-global-isel-at-O=100|O3--aarch64-enable-global-isel-at-O=50|O3--aarch64-stress-promote-const|O3-fglobal-isel|Ofast--aarch64-enable-global-isel-at-O=100|Ofast--aarch64-enable-global-isel-at-O=50|Ofast--aarch64-stress-promote-const|Ofast-fglobal-isel|Os--aarch64-enable-global-isel-at-O=100|Os--aarch64-enable-global-isel-at-O=50|Os--aarch64-stress-promote-const|Os-fglobal-isel
OSSL_PARAM_set_BN	crypto/params.c	1130	21	    bytes = (size_t)BN_num_bytes(val);	B	mdiv	O1--aarch64-enable-global-isel-at-O=100|O1--aarch64-enable-global-isel-at-O=50|O1--aarch64-stress-promote-const|O1-fglobal-isel|O2--aarch64-enable-global-isel-at-O=100|O2--aarch64-enable-global-isel-at-O=50|O2--aarch64-stress-promote-const|O2-fglobal-isel|O3--aarch64-enable-global-isel-at-O=100|O3--aarch64-enable-global-isel-at-O=50|O3--aarch64-stress-promote-const|O3-fglobal-isel|Ofast--aarch64-enable-global-isel-at-O=100|Ofast--aarch64-enable-global-isel-at-O=50|Ofast--aarch64-stress-promote-const|Ofast-fglobal-isel|Os--aarch64-enable-global-isel-at-O=100|Os--aarch64-enable-global-isel-at-O=50|Os--aarch64-stress-promote-const|Os-fglobal-isel
EC_POINT_bn2point	crypto/ec/ec_deprecated.c	48	20	    if ((buf_len = BN_num_bytes(bn)) == 0)	B	mdiv	O1--aarch64-enable-global-isel-at-O=100|O1--aarch64-enable-global-isel-at-O=50|O1--aarch64-stress-promote-const|O1-fglobal-isel|O2--aarch64-enable-global-isel-at-O=100|O2--aarch64-enable-global-isel-at-O=50|O2--aarch64-stress-promote-const|O2-fglobal-isel|O3--aarch64-enable-global-isel-at-O=100|O3--aarch64-enable-global-isel-at-O=50|O3--aarch64-stress-promote-const|O3-fglobal-isel|Ofast--aarch64-enable-global-isel-at-O=100|Ofast--aarch64-enable-global-isel-at-O=50|Ofast--aarch64-stress-promote-const|Ofast-fglobal-isel|Os--aarch64-enable-global-isel-at-O=100|Os--aarch64-enable-global-isel-at-O=50|Os--aarch64-stress-promote-const|Os-fglobal-isel
rsa_ossl_public_decrypt	crypto/rsa/rsa_ossl.c	741	11	    num = BN_num_bytes(rsa->n);	B	mdiv	O1--aarch64-enable-global-isel-at-O=100|O1--aarch64-enable-global-isel-at-O=50|O1--aarch64-stress-promote-const|O1-fglobal-isel|O2--aarch64-enable-global-isel-at-O=100|O2--aarch64-enable-global-isel-at-O=50|O2--aarch64-stress-promote-const|O2-fglobal-isel|O3--aarch64-enable-global-isel-at-O=100|O3--aarch64-enable-global-isel-at-O=50|O3--aarch64-stress-promote-const|O3-fglobal-isel|Ofast--aarch64-enable-global-isel-at-O=100|Ofast--aarch64-enable-global-isel-at-O=50|Ofast--aarch64-stress-promote-const|Ofast-fglobal-isel|Os--aarch64-enable-global-isel-at-O=100|Os--aarch64-enable-global-isel-at-O=50|Os--aarch64-stress-promote-const|Os-fglobal-isel|Oz--aarch64-enable-global-isel-at-O=100|Oz--aarch64-enable-global-isel-at-O=50|Oz--aarch64-stress-promote-const|Oz--disable-cgp|Oz--enable-machine-outliner=never|Oz--enable-mem-prof|Oz--regalloc=basic|Oz-fglobal-isel
ge_double_scalarmult_vartime	crypto/ec/curve25519.c	4593	45	            ge_sub(&t, &u, &Ai[(-aslide[i]) / 2]);	/	mdiv	O1--aarch64-enable-global-isel-at-O=100|O1--aarch64-enable-global-isel-at-O=50|O1--aarch64-stress-promote-const|O1-fglobal-isel
ossl_ec_GFp_simple_point2oct	crypto/ec/ecp_oct.c	243	32	            skip = field_len - BN_num_bytes(y);	B	mdiv	O1--aarch64-enable-global-isel-at-O=100|O1--aarch64-enable-global-isel-at-O=50|O1--aarch64-stress-promote-const|O1-fglobal-isel|O2--aarch64-enable-global-isel-at-O=100|O2--aarch64-enable-global-isel-at-O=50|O2--aarch64-stress-promote-const|O2-fglobal-isel|O3--aarch64-enable-global-isel-at-O=100|O3--aarch64-enable-global-isel-at-O=50|O3--aarch64-stress-promote-const|O3-fglobal-isel|Ofast--aarch64-enable-global-isel-at-O=100|Ofast--aarch64-enable-global-isel-at-O=50|Ofast--aarch64-stress-promote-const|Ofast-fglobal-isel|Os--aarch64-enable-global-isel-at-O=100|Os--aarch64-enable-global-isel-at-O=50|Os--aarch64-stress-promote-const|Os-fglobal-isel|Oz--aarch64-stress-promote-const|Oz--disable-machine-sink|Oz--enable-machine-outliner=never|Oz--enable-mem-prof|Oz--instcombine-max-iterations=0|Oz--scalar-evolution-huge-expr-threshold=0|Oz-fmemory-profile|Oz-ftrapv
ossl_ec_GF2m_simple_point2oct	crypto/ec/ec2_oct.c	199	28	        skip = field_len - BN_num_bytes(x);	B	mdiv	O1--aarch64-enable-global-isel-at-O=100|O1--aarch64-enable-global-isel-at-O=50|O1--aarch64-stress-promote-const|O1-fglobal-isel|O2--aarch64-enable-global-isel-at-O=100|O2--aarch64-enable-global-isel-at-O=50|O2--aarch64-stress-promote-const|O2-fglobal-isel|O3--aarch64-enable-global-isel-at-O=100|O3--aarch64-enable-global-isel-at-O=50|O3--aarch64-stress-promote-const|O3-fglobal-isel|Ofast--aarch64-enable-global-isel-at-O=100|Ofast--aarch64-enable-global-isel-at-O=50|Ofast--aarch64-stress-promote-const|Ofast-fglobal-isel|Os--aarch64-enable-global-isel-at-O=100|Os--aarch64-enable-global-isel-at-O=50|Os--aarch64-stress-promote-const|Os-fglobal-isel|Oz--aarch64-stress-promote-const|Oz--disable-cgp|Oz--disable-machine-sink|Oz--enable-machine-outliner=never|Oz--enable-mem-prof|Oz--instcombine-max-iterations=0|Oz--scalar-evolution-huge-expr-threshold=0|Oz-fmemory-profile|Oz-ftrapv
RSA_size	crypto/rsa/rsa_crpt.c	30	12	    return BN_num_bytes(r->n);	B	mdiv	O1--aarch64-enable-global-isel-at-O=100|O1--aarch64-enable-global-isel-at-O=50|O1--aarch64-stress-promote-const|O1-fglobal-isel|O2--aarch64-enable-global-isel-at-O=100|O2--aarch64-enable-global-isel-at-O=50|O2--aarch64-stress-promote-const|O2-fglobal-isel|O3--aarch64-enable-global-isel-at-O=100|O3--aarch64-enable-global-isel-at-O=50|O3--aarch64-stress-promote-const|O3-fglobal-isel|Ofast--aarch64-enable-global-isel-at-O=100|Ofast--aarch64-enable-global-isel-at-O=50|Ofast--aarch64-stress-promote-const|Ofast-fglobal-isel|Os--aarch64-enable-global-isel-at-O=100|Os--aarch64-enable-global-isel-at-O=50|Os--aarch64-stress-promote-const|Os-fglobal-isel
tls_construct_server_key_exchange	ssl/statem/statem_srvr.c	2737	47	            size_t len = BN_num_bytes(r[0]) - BN_num_bytes(r[2]);	B	mdiv	O1--aarch64-enable-global-isel-at-O=100|O1--aarch64-enable-global-isel-at-O=50|O1--aarch64-stress-promote-const|O1-fglobal-isel|O2--aarch64-enable-global-isel-at-O=100|O2--aarch64-enable-global-isel-at-O=50|O2--aarch64-stress-promote-const|O2-fglobal-isel|O3--aarch64-enable-global-isel-at-O=100|O3--aarch64-enable-global-isel-at-O=50|O3--aarch64-stress-promote-const|O3-fglobal-isel|Ofast--aarch64-enable-global-isel-at-O=100|Ofast--aarch64-enable-global-isel-at-O=50|Ofast--aarch64-stress-promote-const|Ofast-fglobal-isel|Os--aarch64-enable-global-isel-at-O=100|Os--aarch64-enable-global-isel-at-O=50|Os--aarch64-stress-promote-const|Os-fglobal-isel
OPENSSL_gmtime_adj	crypto/o_time.c	192	30	    L = L - (146097 * n + 3) / 4;	/	mdiv	O1--aarch64-enable-global-isel-at-O=100|O1--aarch64-enable-global-isel-at-O=50|O1--aarch64-stress-promote-const|O1-fglobal-isel|Os--aarch64-enable-global-isel-at-O=100|Os--aarch64-enable-global-isel-at-O=50|Os--aarch64-stress-promote-const|Os-fglobal-isel
ossl_pool_acquire_entropy	providers/implementations/rands/seeding/rand_unix.c	473	21	                    FD_SET(fd, &fds);	F	mdiv	O1--aarch64-enable-global-isel-at-O=100|O1--aarch64-enable-global-isel-at-O=50|O1--aarch64-stress-promote-const|O1-fglobal-isel|O2--aarch64-enable-global-isel-at-O=100|O2--aarch64-enable-global-isel-at-O=50|O2--aarch64-stress-promote-const|O2-fglobal-isel|O3--aarch64-enable-global-isel-at-O=100|O3--aarch64-enable-global-isel-at-O=50|O3--aarch64-stress-promote-const|O3-fglobal-isel|Ofast--aarch64-enable-global-isel-at-O=100|Ofast--aarch64-enable-global-isel-at-O=50|Ofast--aarch64-stress-promote-const|Ofast-fglobal-isel|Os--aarch64-enable-global-isel-at-O=100|Os--aarch64-enable-global-isel-at-O=50|Os--aarch64-stress-promote-const|Os-fglobal-isel
bn_rshift_fixed_top	crypto/bn/bn_shift.c	185	12	    nw = n / BN_BITS2;	/	mdiv	O1--aarch64-enable-global-isel-at-O=100|O1--aarch64-enable-global-isel-at-O=50|O1--aarch64-stress-promote-const|O1-fglobal-isel|O2--aarch64-enable-global-isel-at-O=100|O2--aarch64-enable-global-isel-at-O=50|O2--aarch64-stress-promote-const|O2-fglobal-isel|O3--aarch64-enable-global-isel-at-O=100|O3--aarch64-enable-global-isel-at-O=50|O3--aarch64-stress-promote-const|O3-fglobal-isel|Ofast--aarch64-enable-global-isel-at-O=100|Ofast--aarch64-enable-global-isel-at-O=50|Ofast--aarch64-stress-promote-const|Ofast-fglobal-isel|Os--aarch64-enable-global-isel-at-O=100|Os--aarch64-enable-global-isel-at-O=50|Os--aarch64-stress-promote-const|Os-fglobal-isel
pkey_ec_derive	crypto/ec/ec_pmeth.c	194	52	        *keylen = (EC_GROUP_get_degree(group) + 7) / 8;	/	mdiv	O1--aarch64-enable-global-isel-at-O=100|O1--aarch64-enable-global-isel-at-O=50|O1--aarch64-stress-promote-const|O1-fglobal-isel|O2--aarch64-enable-global-isel-at-O=100|O2--aarch64-enable-global-isel-at-O=50|O2--aarch64-stress-promote-const|O2-fglobal-isel|O3--aarch64-enable-global-isel-at-O=100|O3--aarch64-enable-global-isel-at-O=50|O3--aarch64-stress-promote-const|O3-fglobal-isel|Ofast--aarch64-enable-global-isel-at-O=100|Ofast--aarch64-enable-global-isel-at-O=50|Ofast--aarch64-stress-promote-const|Ofast-fglobal-isel|Os--aarch64-enable-global-isel-at-O=100|Os--aarch64-enable-global-isel-at-O=50|Os--aarch64-stress-promote-const|Os-fglobal-isel
wait_for_async	apps/lib/apps.c	3295	9	        openssl_fdset((int)fds[i], &asyncfds);	o	mdiv	O1--aarch64-enable-global-isel-at-O=100|O1--aarch64-enable-global-isel-at-O=50|O1--aarch64-stress-promote-const|O1-fglobal-isel|O2--aarch64-enable-global-isel-at-O=100|O2--aarch64-enable-global-isel-at-O=50|O2--aarch64-stress-promote-const|O2-fglobal-isel|O3--aarch64-enable-global-isel-at-O=100|O3--aarch64-enable-global-isel-at-O=50|O3--aarch64-stress-promote-const|O3-fglobal-isel|Ofast--aarch64-enable-global-isel-at-O=100|Ofast--aarch64-enable-global-isel-at-O=50|Ofast--aarch64-stress-promote-const|Ofast-fglobal-isel|Os--aarch64-enable-global-isel-at-O=100|Os--aarch64-enable-global-isel-at-O=50|Os--aarch64-stress-promote-const|Os-fglobal-isel
bin2bn	crypto/bn/bn_lib.c	508	20	    n = ((len - 1) / BN_BYTES) + 1; /* Number of resulting bignum chunks */	/	mdiv	O1--aarch64-enable-global-isel-at-O=100|O1--aarch64-enable-global-isel-at-O=50|O1--aarch64-stress-promote-const|O1-fglobal-isel
ossl_quic_channel_raise_protocol_error_loc	ssl/quic/quic_channel.c	3509	22	    int err_reason = error_code == OSSL_QUIC_ERR_INTERNAL_ERROR	e	mmem	O1--aarch64-stress-promote-const|O2--aarch64-stress-promote-const|O3--aarch64-stress-promote-const|Ofast--aarch64-stress-promote-const|Os--aarch64-stress-promote-const|Oz--aarch64-stress-promote-const
ossl_ec_curve_nid_from_params	crypto/ec/ec_curve.c	3403	17	    param_len = BN_num_bytes(group->order);	B	mdiv	O1--aarch64-enable-global-isel-at-O=100|O1--aarch64-enable-global-isel-at-O=50|O1--aarch64-stress-promote-const|O1-fglobal-isel|O2--aarch64-enable-global-isel-at-O=100|O2--aarch64-enable-global-isel-at-O=50|O2--aarch64-stress-promote-const|O2-fglobal-isel|O3--aarch64-enable-global-isel-at-O=100|O3--aarch64-enable-global-isel-at-O=50|O3--aarch64-stress-promote-const|O3-fglobal-isel|Ofast--aarch64-enable-global-isel-at-O=100|Ofast--aarch64-enable-global-isel-at-O=50|Ofast--aarch64-stress-promote-const|Ofast-fglobal-isel|Os--aarch64-enable-global-isel-at-O=100|Os--aarch64-enable-global-isel-at-O=50|Os--aarch64-stress-promote-const|Os-fglobal-isel
parse_value	crypto/property/property_parse.c	143	37	        if (v > ((INT64_MAX - sval) / 16)) {	/	mdiv	O1--aarch64-enable-global-isel-at-O=100|O1--aarch64-enable-global-isel-at-O=50|O1--aarch64-stress-promote-const|O1-fglobal-isel|Oz-ftrapv
append_buf	apps/engine.c	71	41	            *size = ((len + expand - 1) / expand) * expand;	/	mdiv	O1--aarch64-enable-global-isel-at-O=100|O1--aarch64-enable-global-isel-at-O=50|O1--aarch64-stress-promote-const|O1-fglobal-isel|O2--aarch64-enable-global-isel-at-O=100|O2--aarch64-enable-global-isel-at-O=50|O2--aarch64-stress-promote-const|O2-fglobal-isel|O3--aarch64-enable-global-isel-at-O=100|O3--aarch64-enable-global-isel-at-O=50|O3--aarch64-stress-promote-const|O3-fglobal-isel|Ofast--aarch64-enable-global-isel-at-O=100|Ofast--aarch64-enable-global-isel-at-O=50|Ofast--aarch64-stress-promote-const|Ofast-fglobal-isel|Os--aarch64-enable-global-isel-at-O=100|Os--aarch64-enable-global-isel-at-O=50|Os--aarch64-stress-promote-const|Os-fglobal-isel
OPENSSL_uni2asc	crypto/pkcs12/p12_utl.c	55	21	    asclen = unilen / 2;	/	mdiv	O1--aarch64-enable-global-isel-at-O=100|O1--aarch64-enable-global-isel-at-O=50|O1--aarch64-stress-promote-const|O1-fglobal-isel
OPENSSL_gmtime_adj	crypto/o_time.c	194	24	    L = L - (1461 * i) / 4 + 31;	/	mdiv	O1--aarch64-enable-global-isel-at-O=100|O1--aarch64-enable-global-isel-at-O=50|O1--aarch64-stress-promote-const|O1-fglobal-isel|O2--aarch64-enable-global-isel-at-O=100|O2--aarch64-enable-global-isel-at-O=50|O2--aarch64-stress-promote-const|O2-fglobal-isel|O3--aarch64-enable-global-isel-at-O=100|O3--aarch64-enable-global-isel-at-O=50|O3--aarch64-stress-promote-const|O3-fglobal-isel|Ofast--aarch64-enable-global-isel-at-O=100|Ofast--aarch64-enable-global-isel-at-O=50|Ofast--aarch64-stress-promote-const|Ofast-fglobal-isel|Os--aarch64-enable-global-isel-at-O=100|Os--aarch64-enable-global-isel-at-O=50|Os--aarch64-stress-promote-const|Os-fglobal-isel
do_i2b	crypto/pem/pvkfmt.c	666	17	            || (BN_num_bytes(dmp1) > hnbyte)	B	mdiv	O1--aarch64-enable-global-isel-at-O=100|O1--aarch64-enable-global-isel-at-O=50|O1--aarch64-stress-promote-const|O1-fglobal-isel|O2--aarch64-enable-global-isel-at-O=100|O2--aarch64-enable-global-isel-at-O=50|O2--aarch64-stress-promote-const|O2-fglobal-isel|O3--aarch64-enable-global-isel-at-O=100|O3--aarch64-enable-global-isel-at-O=50|O3--aarch64-stress-promote-const|O3-fglobal-isel|Ofast--aarch64-enable-global-isel-at-O=100|Ofast--aarch64-enable-global-isel-at-O=50|Ofast--aarch64-stress-promote-const|Ofast-fglobal-isel|Os--aarch64-enable-global-isel-at-O=100|Os--aarch64-enable-global-isel-at-O=50|Os--aarch64-stress-promote-const|Os-fglobal-isel|Oz--aarch64-stress-promote-const|Oz--enable-machine-outliner=never
DH_compute_key_padded	crypto/dh/dh_key.c	156	11	    pad = BN_num_bytes(dh->params.p) - rv;	B	mdiv	O1--aarch64-enable-global-isel-at-O=100|O1--aarch64-enable-global-isel-at-O=50|O1--aarch64-stress-promote-const|O1-fglobal-isel|O2--aarch64-enable-global-isel-at-O=100|O2--aarch64-enable-global-isel-at-O=50|O2--aarch64-stress-promote-const|O2-fglobal-isel|O3--aarch64-enable-global-isel-at-O=100|O3--aarch64-enable-global-isel-at-O=50|O3--aarch64-stress-promote-const|O3-fglobal-isel|Ofast--aarch64-enable-global-isel-at-O=100|Ofast--aarch64-enable-global-isel-at-O=50|Ofast--aarch64-stress-promote-const|Ofast-fglobal-isel|Os--aarch64-enable-global-isel-at-O=100|Os--aarch64-enable-global-isel-at-O=50|Os--aarch64-stress-promote-const|Os-fglobal-isel
parse_value	crypto/property/property_parse.c	174	43	        if (v > ((INT64_MAX - (*s - '0')) / 8)) {	/	mdiv	O1--aarch64-enable-global-isel-at-O=100|O1--aarch64-enable-global-isel-at-O=50|O1--aarch64-stress-promote-const|O1-fglobal-isel|O2--aarch64-enable-global-isel-at-O=100|O2--aarch64-enable-global-isel-at-O=50|O2--aarch64-stress-promote-const|O2-fglobal-isel|O3--aarch64-enable-global-isel-at-O=100|O3--aarch64-enable-global-isel-at-O=50|O3--aarch64-stress-promote-const|O3-fglobal-isel|Ofast--aarch64-enable-global-isel-at-O=100|Ofast--aarch64-enable-global-isel-at-O=50|Ofast--aarch64-stress-promote-const|Ofast-fglobal-isel|Os--aarch64-enable-global-isel-at-O=100|Os--aarch64-enable-global-isel-at-O=50|Os--aarch64-stress-promote-const|Os-fglobal-isel
rsa_ossl_public_encrypt	crypto/rsa/rsa_ossl.c	130	11	    num = BN_num_bytes(rsa->n);	B	mdiv	O1--aarch64-enable-global-isel-at-O=100|O1--aarch64-enable-global-isel-at-O=50|O1--aarch64-stress-promote-const|O1-fglobal-isel|O2--aarch64-enable-global-isel-at-O=100|O2--aarch64-enable-global-isel-at-O=50|O2--aarch64-stress-promote-const|O2-fglobal-isel|O3--aarch64-enable-global-isel-at-O=100|O3--aarch64-enable-global-isel-at-O=50|O3--aarch64-stress-promote-const|O3-fglobal-isel|Ofast--aarch64-enable-global-isel-at-O=100|Ofast--aarch64-enable-global-isel-at-O=50|Ofast--aarch64-stress-promote-const|Ofast-fglobal-isel|Os--aarch64-enable-global-isel-at-O=100|Os--aarch64-enable-global-isel-at-O=50|Os--aarch64-stress-promote-const|Os-fglobal-isel|Oz--aarch64-stress-promote-const|Oz--disable-cgp|Oz--enable-machine-outliner=never|Oz--enable-mem-prof|Oz--regalloc=basic|Oz-fmemory-profile
do_i2b	crypto/pem/pvkfmt.c	665	17	            || (BN_num_bytes(q) > hnbyte)	B	mdiv	O1--aarch64-enable-global-isel-at-O=100|O1--aarch64-enable-global-isel-at-O=50|O1--aarch64-stress-promote-const|O1-fglobal-isel|O2--aarch64-enable-global-isel-at-O=100|O2--aarch64-enable-global-isel-at-O=50|O2--aarch64-stress-promote-const|O2-fglobal-isel|O3--aarch64-enable-global-isel-at-O=100|O3--aarch64-enable-global-isel-at-O=50|O3--aarch64-stress-promote-const|O3-fglobal-isel|Ofast--aarch64-enable-global-isel-at-O=100|Ofast--aarch64-enable-global-isel-at-O=50|Ofast--aarch64-stress-promote-const|Ofast-fglobal-isel|Os--aarch64-enable-global-isel-at-O=100|Os--aarch64-enable-global-isel-at-O=50|Os--aarch64-stress-promote-const|Os-fglobal-isel|Oz--enable-machine-outliner=never|Oz--misched=ilpmax|Oz--regalloc=fast
ossl_ec_GF2m_simple_group_copy	crypto/ec/ec2_smpl.c	89	65	    if (bn_wexpand(dest->a, (int)(dest->poly[0] + BN_BITS2 - 1) / BN_BITS2) ==	/	mdiv	O1--aarch64-enable-global-isel-at-O=100|O1--aarch64-enable-global-isel-at-O=50|O1--aarch64-stress-promote-const|O1-fglobal-isel|O2--aarch64-enable-global-isel-at-O=100|O2--aarch64-enable-global-isel-at-O=50|O2--aarch64-stress-promote-const|O2-fglobal-isel|O3--aarch64-enable-global-isel-at-O=100|O3--aarch64-enable-global-isel-at-O=50|O3--aarch64-stress-promote-const|O3-fglobal-isel|Ofast--aarch64-enable-global-isel-at-O=100|Ofast--aarch64-enable-global-isel-at-O=50|Ofast--aarch64-stress-promote-const|Ofast-fglobal-isel|Os--aarch64-enable-global-isel-at-O=100|Os--aarch64-enable-global-isel-at-O=50|Os--aarch64-stress-promote-const|Os-fglobal-isel
ossl_ecdh_simple_compute_key	crypto/ec/ecdh_ossl.c	118	47	    buflen = (EC_GROUP_get_degree(group) + 7) / 8;	/	mdiv	O1--aarch64-enable-global-isel-at-O=100|O1--aarch64-enable-global-isel-at-O=50|O1--aarch64-stress-promote-const|O1-fglobal-isel|O2--aarch64-enable-global-isel-at-O=100|O2--aarch64-enable-global-isel-at-O=50|O2--aarch64-stress-promote-const|O2-fglobal-isel|O3--aarch64-enable-global-isel-at-O=100|O3--aarch64-enable-global-isel-at-O=50|O3--aarch64-stress-promote-const|O3-fglobal-isel|Ofast--aarch64-enable-global-isel-at-O=100|Ofast--aarch64-enable-global-isel-at-O=50|Ofast--aarch64-stress-promote-const|Ofast-fglobal-isel|Os--aarch64-enable-global-isel-at-O=100|Os--aarch64-enable-global-isel-at-O=50|Os--aarch64-stress-promote-const|Os-fglobal-isel
BN_GF2m_mod_inv	crypto/bn/bn_gf2m.c	698	40	                int utop = (ubits - 1) / BN_BITS2;	/	mdiv	O1--aarch64-enable-global-isel-at-O=100|O1--aarch64-enable-global-isel-at-O=50|O1--aarch64-stress-promote-const|O1-fglobal-isel|O2--aarch64-enable-global-isel-at-O=100|O2--aarch64-enable-global-isel-at-O=50|O2--aarch64-stress-promote-const|O2-fglobal-isel|O3--aarch64-enable-global-isel-at-O=100|O3--aarch64-enable-global-isel-at-O=50|O3--aarch64-stress-promote-const|O3-fglobal-isel|Ofast--aarch64-enable-global-isel-at-O=100|Ofast--aarch64-enable-global-isel-at-O=50|Ofast--aarch64-stress-promote-const|Ofast-fglobal-isel|Os--aarch64-enable-global-isel-at-O=100|Os--aarch64-enable-global-isel-at-O=50|Os--aarch64-stress-promote-const|Os-fglobal-isel
ossl_dsa_do_sign_int	crypto/dsa/dsa_ossl.c	122	16	    if (dlen > BN_num_bytes(dsa->params.q))	B	mdiv	O1--aarch64-enable-global-isel-at-O=100|O1--aarch64-enable-global-isel-at-O=50|O1--aarch64-stress-promote-const|O1-fglobal-isel|O2--aarch64-enable-global-isel-at-O=100|O2--aarch64-enable-global-isel-at-O=50|O2--aarch64-stress-promote-const|O2-fglobal-isel|O3--aarch64-enable-global-isel-at-O=100|O3--aarch64-enable-global-isel-at-O=50|O3--aarch64-stress-promote-const|O3-fglobal-isel|Ofast--aarch64-enable-global-isel-at-O=100|Ofast--aarch64-enable-global-isel-at-O=50|Ofast--aarch64-stress-promote-const|Ofast-fglobal-isel|Os--aarch64-enable-global-isel-at-O=100|Os--aarch64-enable-global-isel-at-O=50|Os--aarch64-stress-promote-const|Os-fglobal-isel
OPENSSL_gmtime_diff	crypto/o_time.c	181	48	    return (1461 * (y + 4800 + (m - 14) / 12)) / 4 +	/	mdiv	O1--aarch64-enable-global-isel-at-O=100|O1--aarch64-enable-global-isel-at-O=50|O1--aarch64-stress-promote-const|O1-fglobal-isel|O2--aarch64-enable-global-isel-at-O=100|O2--aarch64-enable-global-isel-at-O=50|O2--aarch64-stress-promote-const|O2-fglobal-isel|O3--aarch64-enable-global-isel-at-O=100|O3--aarch64-enable-global-isel-at-O=50|O3--aarch64-stress-promote-const|O3-fglobal-isel|Ofast--aarch64-enable-global-isel-at-O=100|Ofast--aarch64-enable-global-isel-at-O=50|Ofast--aarch64-stress-promote-const|Ofast-fglobal-isel
push_BN	crypto/param_build.c	210	13	        n = BN_num_bytes(bn);	B	mdiv	O1--aarch64-enable-global-isel-at-O=100|O1--aarch64-enable-global-isel-at-O=50|O1--aarch64-stress-promote-const|O1-fglobal-isel|O2--aarch64-enable-global-isel-at-O=100|O2--aarch64-enable-global-isel-at-O=50|O2--aarch64-stress-promote-const|O2-fglobal-isel|O3--aarch64-enable-global-isel-at-O=100|O3--aarch64-enable-global-isel-at-O=50|O3--aarch64-stress-promote-const|O3-fglobal-isel|Ofast--aarch64-enable-global-isel-at-O=100|Ofast--aarch64-enable-global-isel-at-O=50|Ofast--aarch64-stress-promote-const|Ofast-fglobal-isel|Os--aarch64-enable-global-isel-at-O=100|Os--aarch64-enable-global-isel-at-O=50|Os--aarch64-stress-promote-const|Os-fglobal-isel
OPENSSL_uni2utf8	crypto/pkcs12/p12_utl.c	55	21	    asclen = unilen / 2;	/	mdiv	O1--aarch64-enable-global-isel-at-O=100|O1--aarch64-enable-global-isel-at-O=50|O1--aarch64-stress-promote-const|O1-fglobal-isel
ossl_ecdh_simple_compute_key	crypto/ec/ecdh_ossl.c	119	11	    len = BN_num_bytes(x);	B	mdiv	O1--aarch64-enable-global-isel-at-O=100|O1--aarch64-enable-global-isel-at-O=50|O1--aarch64-stress-promote-const|O1-fglobal-isel|O2--aarch64-enable-global-isel-at-O=100|O2--aarch64-enable-global-isel-at-O=50|O2--aarch64-stress-promote-const|O2-fglobal-isel|O3--aarch64-enable-global-isel-at-O=100|O3--aarch64-enable-global-isel-at-O=50|O3--aarch64-stress-promote-const|O3-fglobal-isel|Ofast--aarch64-enable-global-isel-at-O=100|Ofast--aarch64-enable-global-isel-at-O=50|Ofast--aarch64-stress-promote-const|Ofast-fglobal-isel|Os--aarch64-enable-global-isel-at-O=100|Os--aarch64-enable-global-isel-at-O=50|Os--aarch64-stress-promote-const|Os-fglobal-isel
ec_guess_cofactor	crypto/ec/ec_lib.c	328	70	    if (BN_num_bits(group->order) <= (BN_num_bits(group->field) + 1) / 2 + 3) {	/	mdiv	O1--aarch64-enable-global-isel-at-O=100|O1--aarch64-enable-global-isel-at-O=50|O1--aarch64-stress-promote-const|O1-fglobal-isel|O2--aarch64-enable-global-isel-at-O=100|O2--aarch64-enable-global-isel-at-O=50|O2--aarch64-stress-promote-const|O2-fglobal-isel|O3--aarch64-enable-global-isel-at-O=100|O3--aarch64-enable-global-isel-at-O=50|O3--aarch64-stress-promote-const|O3-fglobal-isel|Ofast--aarch64-enable-global-isel-at-O=100|Ofast--aarch64-enable-global-isel-at-O=50|Ofast--aarch64-stress-promote-const|Ofast-fglobal-isel|Os--aarch64-enable-global-isel-at-O=100|Os--aarch64-enable-global-isel-at-O=50|Os--aarch64-stress-promote-const|Os-fglobal-isel
BN_MONT_CTX_set	crypto/bn/bn_mont.c	292	56	        mont->ri = (BN_num_bits(mod) + (BN_BITS2 - 1)) / BN_BITS2 * BN_BITS2;	/	mdiv	O1--aarch64-enable-global-isel-at-O=100|O1--aarch64-enable-global-isel-at-O=50|O1--aarch64-stress-promote-const|O1-fglobal-isel|O2--aarch64-enable-global-isel-at-O=100|O2--aarch64-enable-global-isel-at-O=50|O2--aarch64-stress-promote-const|O2-fglobal-isel|O3--aarch64-enable-global-isel-at-O=100|O3--aarch64-enable-global-isel-at-O=50|O3--aarch64-stress-promote-const|O3-fglobal-isel|Ofast--aarch64-enable-global-isel-at-O=100|Ofast--aarch64-enable-global-isel-at-O=50|Ofast--aarch64-stress-promote-const|Ofast-fglobal-isel|Os--aarch64-enable-global-isel-at-O=100|Os--aarch64-enable-global-isel-at-O=50|Os--aarch64-stress-promote-const|Os-fglobal-isel
ge_double_scalarmult_vartime	crypto/ec/curve25519.c	4598	43	            ge_madd(&t, &u, &Bi[bslide[i] / 2]);	/	mdiv	O1--aarch64-enable-global-isel-at-O=100|O1--aarch64-enable-global-isel-at-O=50|O1--aarch64-stress-promote-const|O1-fglobal-isel
readbuffer_gets	crypto/bio/bf_readbuff.c	93	36	    sz = DEFAULT_BUFFER_SIZE * (sz / DEFAULT_BUFFER_SIZE);	/	mdiv	O1--aarch64-enable-global-isel-at-O=100|O1--aarch64-enable-global-isel-at-O=50|O1--aarch64-stress-promote-const|O1-fglobal-isel|O2--aarch64-enable-global-isel-at-O=100|O2--aarch64-enable-global-isel-at-O=50|O2--aarch64-stress-promote-const|O2-fglobal-isel|O3--aarch64-enable-global-isel-at-O=100|O3--aarch64-enable-global-isel-at-O=50|O3--aarch64-stress-promote-const|O3-fglobal-isel|Ofast--aarch64-enable-global-isel-at-O=100|Ofast--aarch64-enable-global-isel-at-O=50|Ofast--aarch64-stress-promote-const|Ofast-fglobal-isel
rsa_ossl_private_encrypt	crypto/rsa/rsa_ossl.c	325	11	    num = BN_num_bytes(rsa->n);	B	mdiv	O1--aarch64-enable-global-isel-at-O=100|O1--aarch64-enable-global-isel-at-O=50|O1--aarch64-stress-promote-const|O1-fglobal-isel|O2--aarch64-enable-global-isel-at-O=100|O2--aarch64-enable-global-isel-at-O=50|O2--aarch64-stress-promote-const|O2-fglobal-isel|O3--aarch64-enable-global-isel-at-O=100|O3--aarch64-enable-global-isel-at-O=50|O3--aarch64-stress-promote-const|O3-fglobal-isel|Ofast--aarch64-enable-global-isel-at-O=100|Ofast--aarch64-enable-global-isel-at-O=50|Ofast--aarch64-stress-promote-const|Ofast-fglobal-isel|Os--aarch64-enable-global-isel-at-O=100|Os--aarch64-enable-global-isel-at-O=50|Os--aarch64-stress-promote-const|Os-fglobal-isel|Oz--aarch64-stress-promote-const|Oz--disable-cgp|Oz--enable-machine-outliner=never|Oz--enable-mem-prof|Oz--regalloc=basic|Oz--regalloc=pbqp
do_i2b	crypto/pem/pvkfmt.c	659	13	        if (BN_num_bytes(d) > nbyte)	B	mdiv	O1--aarch64-enable-global-isel-at-O=100|O1--aarch64-enable-global-isel-at-O=50|O1--aarch64-stress-promote-const|O1-fglobal-isel|O2--aarch64-enable-global-isel-at-O=100|O2--aarch64-enable-global-isel-at-O=50|O2--aarch64-stress-promote-const|O2-fglobal-isel|O3--aarch64-enable-global-isel-at-O=100|O3--aarch64-enable-global-isel-at-O=50|O3--aarch64-stress-promote-const|O3-fglobal-isel|Ofast--aarch64-enable-global-isel-at-O=100|Ofast--aarch64-enable-global-isel-at-O=50|Ofast--aarch64-stress-promote-const|Ofast-fglobal-isel|Os--aarch64-enable-global-isel-at-O=100|Os--aarch64-enable-global-isel-at-O=50|Os--aarch64-stress-promote-const|Os-fglobal-isel
ossl_ecdsa_simple_sign_sig	crypto/ec/ecdsa_ossl.c	329	28	        dgst_len = (i + 7) / 8;	/	mdiv	O1--aarch64-enable-global-isel-at-O=100|O1--aarch64-enable-global-isel-at-O=50|O1--aarch64-stress-promote-const|O1-fglobal-isel|O2--aarch64-enable-global-isel-at-O=100|O2--aarch64-enable-global-isel-at-O=50|O2--aarch64-stress-promote-const|O2-fglobal-isel|O3--aarch64-enable-global-isel-at-O=100|O3--aarch64-enable-global-isel-at-O=50|O3--aarch64-stress-promote-const|O3-fglobal-isel|Ofast--aarch64-enable-global-isel-at-O=100|Ofast--aarch64-enable-global-isel-at-O=50|Ofast--aarch64-stress-promote-const|Ofast-fglobal-isel|Os--aarch64-enable-global-isel-at-O=100|Os--aarch64-enable-global-isel-at-O=50|Os--aarch64-stress-promote-const|Os-fglobal-isel
do_sigver_init	crypto/evp/m_sigver.c	197	26	    locpctx->operation = ver ? EVP_PKEY_OP_VERIFYCTX	v	mmem	O1--aarch64-stress-promote-const|O1-fprofile-instr-generate|O2--aarch64-stress-promote-const|O2-fprofile-instr-generate|O3--aarch64-stress-promote-const|O3-fprofile-instr-generate|Ofast--aarch64-stress-promote-const|Ofast-fprofile-instr-generate|Os--aarch64-stress-promote-const|Os-fprofile-instr-generate|Oz--aarch64-stress-promote-const|Oz-fprofile-instr-generate
ssl3_cbc_digest_record	ssl/record/methods/ssl3_cbc.c	311	49	    index_b = (mac_end_offset + md_length_size) / md_block_size;	/	mdiv	O1--disable-machine-sink|O2--disable-machine-sink|O3--disable-machine-sink|Ofast--disable-machine-sink|Os--disable-machine-sink|Oz--disable-machine-sink
ssl3_cbc_digest_record	ssl/record/methods/ssl3_cbc.c	306	30	    index_a = mac_end_offset / md_block_size;	/	mdiv	O1--disable-machine-sink|O2--disable-machine-sink|O3--disable-machine-sink|Ofast--disable-machine-sink|Os--disable-machine-sink|Oz--disable-machine-sink
ossl_ffc_params_FIPS186_4_gen_verify	crypto/ffc/ffc_params_generate.c	679	17	    n = (L - 1) / (mdsize << 3);	/	mdiv	O1--disable-machine-sink|O2--disable-machine-sink|O3--disable-machine-sink|Ofast--disable-machine-sink|Os--disable-machine-sink|Oz--disable-machine-sink
kek_wrap_key	crypto/cms/cms_pwri.c	271	10	    olen *= blocklen;	*	mdiv	O1--aarch64-stress-ccmp|O1--disable-machine-sink|O1--jump-is-expensive|O1--simplifycfg-branch-fold-threshold=0|O1-fprofile-arcs|O1-fprofile-instr-generate|O2--aarch64-stress-ccmp|O2--disable-machine-sink|O2--jump-is-expensive|O2--simplifycfg-branch-fold-threshold=0|O2-fprofile-arcs|O2-fprofile-instr-generate|O3--aarch64-stress-ccmp|O3--disable-machine-sink|O3--jump-is-expensive|O3--simplifycfg-branch-fold-threshold=0|O3-fprofile-arcs|O3-fprofile-instr-generate|Ofast--aarch64-stress-ccmp|Ofast--disable-machine-sink|Ofast--jump-is-expensive|Ofast--simplifycfg-branch-fold-threshold=0|Ofast-fprofile-arcs|Ofast-fprofile-instr-generate|Os--aarch64-stress-ccmp|Os--disable-machine-sink|Os--jump-is-expensive|Os--simplifycfg-branch-fold-threshold=0|Os-fprofile-arcs|Os-fprofile-instr-generate
CMAC_Update	crypto/cmac/cmac.c	213	32	    cipher_blocks = (dlen - 1) / bl;	/	mdiv	O1--disable-machine-sink|O1--rotation-max-header-size=0|O2--disable-machine-sink|O2--rotation-max-header-size=0|O3--disable-machine-sink|O3--rotation-max-header-size=0|Ofast--disable-machine-sink|Ofast--rotation-max-header-size=0|Os--disable-machine-sink|Os--rotation-max-header-size=0
_ZL9list_type9FUNC_TYPEi.__uniq.180786535542000590774336430042359506240	apps/list.c	1232	19	            if (i % dc.columns == 0 && i > 0)	%	mdiv	O1-fpseudo-probe-for-profiling|O2-fpseudo-probe-for-profiling|O3-fpseudo-probe-for-profiling|Ofast-fpseudo-probe-for-profiling|Os-fpseudo-probe-for-profiling|Oz-fpseudo-probe-for-profiling
_ZL12kek_wrap_keyPhPmPKhmP17evp_cipher_ctx_stPK10CMS_CTX_st.__uniq.208082696087656912298838864731873686217	crypto/cms/cms_pwri.c	271	10	    olen *= blocklen;	*	mdiv	O1-fpseudo-probe-for-profiling|O2-fpseudo-probe-for-profiling|O3-fpseudo-probe-for-profiling|Ofast-fpseudo-probe-for-profiling|Os-fpseudo-probe-for-profiling
speed_main	apps/speed.c	4605	24	                   1.0 / ffdh_results[k][0], ffdh_results[k][0]);	/	mdiv	O1-fpseudo-probe-for-profiling
speed_main	apps/speed.c	4600	44	                   ffdh_results[k][0], 1.0 / ffdh_results[k][0]);	/	mdiv	O1-fpseudo-probe-for-profiling
port_validate_token	ssl/quic/quic_port.c	195	12	    return a.t > b.t ? ossl_time_subtract(a, b)	a	cjump	O1-fprofile-arcs|O1-fprofile-instr-generate|O2-fprofile-arcs|O2-fprofile-instr-generate|O3-fprofile-arcs|O3-fprofile-instr-generate|Ofast-fprofile-arcs|Ofast-fprofile-instr-generate|Os-fprofile-arcs|Os-fprofile-instr-generate
ossl_statm_update_rtt	ssl/quic/quic_statm.c	195	12	    return a.t > b.t ? ossl_time_subtract(a, b)	a	cjump	O1--enable-knowledge-retention|O1-fprofile-arcs|O1-fprofile-instr-generate|O2--enable-knowledge-retention|O2-fprofile-arcs|O2-fprofile-instr-generate|O3--enable-knowledge-retention|O3-fprofile-arcs|O3-fprofile-instr-generate|Ofast--enable-knowledge-retention|Ofast-fprofile-arcs|Ofast-fprofile-instr-generate|Os--enable-knowledge-retention|Os-fprofile-arcs|Os-fprofile-instr-generate|Oz--enable-knowledge-retention|Oz--enable-module-inliner|Oz-fprofile-arcs|Oz-fprofile-instr-generate
ENGINE_ctrl	crypto/engine/eng_ctrl.c	118	33	        return strlen(strcpy(s, cdp->cmd_desc == NULL ? int_no_description	c	cjump	O1--enable-knowledge-retention|O1-fprofile-arcs|O1-fprofile-instr-generate|O2--enable-knowledge-retention|O2-fprofile-arcs|O2-fprofile-instr-generate|O3--enable-knowledge-retention|O3-fprofile-arcs|O3-fprofile-instr-generate|Ofast--enable-knowledge-retention|Ofast-fprofile-arcs|Ofast-fprofile-instr-generate|Os--enable-knowledge-retention|Os-fprofile-arcs|Os-fprofile-instr-generate|Oz--enable-knowledge-retention|Oz-fprofile-arcs|Oz-fprofile-instr-generate
ENGINE_ctrl	crypto/engine/eng_ctrl.c	115	23	        return strlen(cdp->cmd_desc == NULL ? int_no_description	c	cjump	O1--enable-knowledge-retention|O1-fprofile-arcs|O1-fprofile-instr-generate|O2--enable-knowledge-retention|O2-fprofile-arcs|O2-fprofile-instr-generate|O3--enable-knowledge-retention|O3-fprofile-arcs|O3-fprofile-instr-generate|Ofast--enable-knowledge-retention|Ofast-fprofile-arcs|Ofast-fprofile-instr-generate|Os--enable-knowledge-retention|Os-fprofile-arcs|Os-fprofile-instr-generate|Oz--enable-knowledge-retention|Oz-fprofile-arcs|Oz-fprofile-instr-generate
safe_muldiv_uint64_t	ssl/quic/quic_fc.c	16	1	OSSL_SAFE_MATH_UNSIGNED(uint64_t, uint64_t)	O	mdiv	O1-finstrument-functions|O2-finstrument-functions|O3-finstrument-functions|Ofast-finstrument-functions|Os-finstrument-functions|Oz-finstrument-functions
safe_mod_int	crypto/evp/evp_enc.c	31	1	OSSL_SAFE_MATH_SIGNED(int, int)	O	mdiv	O1-finstrument-functions|O2-finstrument-functions|O3-finstrument-functions|Ofast-finstrument-functions|Os-finstrument-functions|Oz-finstrument-functions|Oz-fno-inline|Oz-fno-inline-functions
safe_muldiv_size_t	ssl/priority_queue.c	17	1	OSSL_SAFE_MATH_UNSIGNED(size_t, size_t)	O	mdiv	O1-finstrument-functions|O2-finstrument-functions|O3-finstrument-functions|Ofast-finstrument-functions|Os-finstrument-functions
safe_div_int	crypto/stack/stack.c	18	1	OSSL_SAFE_MATH_SIGNED(int, int)	O	mdiv	O1-finstrument-functions|O2-finstrument-functions|O3-finstrument-functions|Ofast-finstrument-functions|Os-finstrument-functions
safe_mod_int	crypto/stack/stack.c	18	1	OSSL_SAFE_MATH_SIGNED(int, int)	O	mdiv	O1-finstrument-functions|O2-finstrument-functions|O3-finstrument-functions|Ofast-finstrument-functions|Os-finstrument-functions
safe_div_int	crypto/evp/evp_enc.c	31	1	OSSL_SAFE_MATH_SIGNED(int, int)	O	mdiv	O1-finstrument-functions|O2-finstrument-functions|O3-finstrument-functions|Ofast-finstrument-functions|Os-finstrument-functions|Oz-finstrument-functions|Oz-fno-inline|Oz-fno-inline-functions
safe_muldiv_int	crypto/stack/stack.c	18	1	OSSL_SAFE_MATH_SIGNED(int, int)	O	mdiv	O1-finstrument-functions|O2-finstrument-functions|O3-finstrument-functions|Ofast-finstrument-functions|Os-finstrument-functions
safe_muldiv_size_t	crypto/bio/bss_dgram_pair.c	18	1	OSSL_SAFE_MATH_UNSIGNED(size_t, size_t)	O	mdiv	O1-finstrument-functions|O2-finstrument-functions|O3-finstrument-functions|Ofast-finstrument-functions|Os-finstrument-functions
camellia_init_key	crypto/evp/e_camellia.c	213	27	        dat->stream.cbc = mode == EVP_CIPH_CBC_MODE ?	m	mmem	O1-fprofile-instr-generate|O2-fprofile-instr-generate|O3-fprofile-instr-generate|Ofast-fprofile-instr-generate|Os-fprofile-instr-generate|Oz-fprofile-instr-generate
dtls1_retransmit_message	ssl/statem/statem_dtls.c	1237	29	    ret = dtls1_do_write(s, frag->msg_header.is_ccs ?	f	mmem	O1-fprofile-instr-generate|O2-fprofile-instr-generate|O3-fprofile-instr-generate|Ofast-fprofile-instr-generate|Os-fprofile-instr-generate|Oz-fprofile-instr-generate
ssl_srp_server_param_with_username_intern	ssl/tls_srp.c	223	12	    return ((s->srp_ctx.B =	(	mmem	O1-fprofile-instr-generate|O2-fprofile-instr-generate|O3-fprofile-instr-generate|Ofast-fprofile-instr-generate|Os-fprofile-instr-generate|Oz-fprofile-instr-generate
ossl_statem_client_write_transition	ssl/statem/statem_clnt.c	513	26	        st->hand_state = (s->s3.tmp.cert_req == 1) ? TLS_ST_CW_CERT_VRFY	(	mmem	O1-fprofile-instr-generate|O2-fprofile-instr-generate|O3-fprofile-instr-generate|Ofast-fprofile-instr-generate|Os-fprofile-instr-generate|Oz-fprofile-instr-generate
query_cmp	crypto/property/property.c	198	15	            : b->provider < a->provider ? -1	b	mmem	O1-fprofile-instr-generate|O2-fprofile-instr-generate|O3-fprofile-instr-generate|Ofast-fprofile-instr-generate|Os-fprofile-instr-generate|Oz-fprofile-instr-generate
ossl_quic_tls_configure	ssl/quic/quic_tls.c	732	41	                                        qtls->args.is_server ? ENDPOINT_SERVER	q	mmem	O1-fprofile-instr-generate|O2-fprofile-instr-generate|O3-fprofile-instr-generate|Ofast-fprofile-instr-generate|Os-fprofile-instr-generate|Oz-fprofile-instr-generate
cipher_hw_camellia_initkey	providers/implementations/ciphers/cipher_camellia_hw.c	39	27	        dat->stream.cbc = mode == EVP_CIPH_CBC_MODE ?	m	mmem	O1-fprofile-instr-generate|O2-fprofile-instr-generate|O3-fprofile-instr-generate|Ofast-fprofile-instr-generate|Os-fprofile-instr-generate|Oz-fprofile-instr-generate
check_msg_all_certs	crypto/cmp/cmp_vfy.c	449	36	                                   mode_3gpp ? "self-issued extraCerts"	m	mmem	O1-fprofile-instr-generate|O2-fprofile-instr-generate|O3-fprofile-instr-generate|Ofast-fprofile-instr-generate|Os-fprofile-instr-generate|Oz-fprofile-instr-generate
ossl_quic_conn_set_blocking_mode	ssl/quic/quic_impl.c	1270	12	    mode = (blocking != 0)	(	mmem	O1-fprofile-instr-generate|O2-fprofile-instr-generate|O3-fprofile-instr-generate|Ofast-fprofile-instr-generate|Os-fprofile-instr-generate|Oz-fprofile-instr-generate
OSSL_HTTP_REQ_CTX_nbio	crypto/http/http_client.c	770	31	                rctx->state = i < HTTP_STATUS_CODES_NONFATAL_ERROR	i	mmem	O1-fprofile-instr-generate|O2-fprofile-instr-generate|O3-fprofile-instr-generate|Ofast-fprofile-instr-generate|Os-fprofile-instr-generate|Oz-fprofile-instr-generate
rsa_to_text	providers/implementations/encode_decode/encode_key2text.c	577	33	                               (hashalg_nid == NID_sha1	h	mmem	O1-fprofile-instr-generate|O2-fprofile-instr-generate|O3-fprofile-instr-generate|Ofast-fprofile-instr-generate|Os-fprofile-instr-generate|Oz-fprofile-instr-generate
BN_nist_mod_384	crypto/bn/bn_nist.c	281	18	        dst[i] = src[i];	s	mmem	O1-funroll-loops|Os--unroll-force-peel-count=50|Os--unroll-optsize-threshold=100|Os--unroll-threshold=100|Os--unroll-threshold=50
BN_nist_mod_224	crypto/bn/bn_nist.c	281	18	        dst[i] = src[i];	s	mmem	O1-funroll-loops|Os--unroll-force-peel-count=50|Os--unroll-optsize-threshold=100|Os--unroll-threshold=100|Os--unroll-threshold=50
BN_nist_mod_256	crypto/bn/bn_nist.c	281	18	        dst[i] = src[i];	s	mmem	O1-funroll-loops|Os--unroll-force-peel-count=50|Os--unroll-optsize-threshold=100|Os--unroll-threshold=100|Os--unroll-threshold=50
BN_nist_mod_192	crypto/bn/bn_nist.c	281	18	        dst[i] = src[i];	s	mmem	O1-funroll-loops|Os--unroll-force-peel-count=50|Os--unroll-optsize-threshold=100|Os--unroll-threshold=100|Os--unroll-threshold=50
BN_nist_mod_521	crypto/bn/bn_nist.c	281	18	        dst[i] = src[i];	s	mmem	O1-funroll-loops|Os--unroll-force-peel-count=50|Os--unroll-optsize-threshold=100|Os--unroll-threshold=100|Os--unroll-threshold=50
CRYPTO_secure_malloc	crypto/mem_sec.c	365	45	    bit = (ONE << list) + ((ptr - sh.arena) / (sh.arena_size >> list));	/	mdiv	O1--inline-call-penalty=-1|O1--inline-call-penalty=0
sh_actual_size	crypto/mem_sec.c	365	45	    bit = (ONE << list) + ((ptr - sh.arena) / (sh.arena_size >> list));	/	mdiv	O1--inline-call-penalty=-1|O1--inline-call-penalty=0
sh_free	crypto/mem_sec.c	365	45	    bit = (ONE << list) + ((ptr - sh.arena) / (sh.arena_size >> list));	/	mdiv	O1--inline-call-penalty=-1|O1--inline-call-penalty=0
BN_dec2bn	crypto/bn/bn_conv.c	237	11	    if (j == BN_DEC_NUM)	=	mdiv	O2--aarch64-stress-promote-const|O2--fast-isel|O3--aarch64-stress-promote-const|O3--fast-isel|Ofast--aarch64-stress-promote-const|Ofast--fast-isel|Os--aarch64-stress-promote-const|Os--fast-isel|Oz--instcombine-max-iterations=0
md5crypt	apps/passwd.c	421	15	        if (i % 3) {	%	mdiv	O2--aarch64-enable-global-isel-at-O=100|O2--aarch64-enable-global-isel-at-O=50|O2--aarch64-stress-promote-const|O2--fast-isel|O2-fglobal-isel|O3--aarch64-enable-global-isel-at-O=100|O3--aarch64-enable-global-isel-at-O=50|O3--aarch64-stress-promote-const|O3--fast-isel|O3-fglobal-isel|Ofast--aarch64-enable-global-isel-at-O=100|Ofast--aarch64-enable-global-isel-at-O=50|Ofast--aarch64-stress-promote-const|Ofast--fast-isel|Ofast-fglobal-isel|Os--aarch64-enable-global-isel-at-O=100|Os--aarch64-enable-global-isel-at-O=50|Os--aarch64-stress-promote-const|Os--fast-isel|Os-fglobal-isel
added_obj_hash	crypto/objects/obj_dat.c	133	37	        for (i = 0; i < a->length; i++)	+	mdiv	O2--aarch64-stress-promote-const|O2--fast-isel|O3--aarch64-stress-promote-const|O3--fast-isel|Ofast--aarch64-stress-promote-const|Ofast--fast-isel
md5crypt	apps/passwd.c	425	15	        if (i % 7) {	%	mdiv	O2--aarch64-enable-global-isel-at-O=100|O2--aarch64-enable-global-isel-at-O=50|O2--aarch64-stress-promote-const|O2--fast-isel|O2-fglobal-isel|O3--aarch64-enable-global-isel-at-O=100|O3--aarch64-enable-global-isel-at-O=50|O3--aarch64-stress-promote-const|O3--fast-isel|O3-fglobal-isel|Ofast--aarch64-enable-global-isel-at-O=100|Ofast--aarch64-enable-global-isel-at-O=50|Ofast--aarch64-stress-promote-const|Ofast--fast-isel|Ofast-fglobal-isel|Os--aarch64-enable-global-isel-at-O=100|Os--aarch64-enable-global-isel-at-O=50|Os--aarch64-stress-promote-const|Os--fast-isel|Os-fglobal-isel
BN_GF2m_mod_arr	crypto/bn/bn_gf2m.c	354	19	        d0 = p[0] % BN_BITS2;	%	mdiv	O2--fast-isel|O3--fast-isel|Ofast--fast-isel|Os--fast-isel|Oz-fprofile-arcs|Oz-fprofile-generate|Oz-fprofile-instr-generate
ossl_quic_hdr_protector_decrypt_fields	ssl/quic/quic_wire_pkt.c	151	31	        pn_bytes[i] ^= mask[i + 1];	+	cjump	O2--force-target-instruction-cost=100|O2--force-target-instruction-cost=50|O2--force-vector-interleave=100|O2--force-vector-interleave=50|O2--force-vector-width=100|O2--force-vector-width=50|O3--force-target-instruction-cost=100|O3--force-target-instruction-cost=50|O3--force-vector-interleave=100|O3--force-vector-interleave=50|O3--force-vector-width=100|O3--force-vector-width=50|Ofast--force-target-instruction-cost=100|Ofast--force-target-instruction-cost=50|Ofast--force-vector-interleave=100|Ofast--force-vector-interleave=50|Ofast--force-vector-width=100|Ofast--force-vector-width=50|Os--force-target-instruction-cost=100|Os--force-target-instruction-cost=50|Os--force-vector-width=100|Os--force-vector-width=50
fill_block	providers/implementations/kdfs/argon2.c	304	21	    return (w >> c) | (w << (64 - c));	|	cjump	O2--force-vector-interleave=100|O2--force-vector-interleave=50|O2--force-vector-width=100|O2--force-vector-width=50|O3--force-vector-interleave=100|O3--force-vector-interleave=50|O3--force-vector-width=100|O3--force-vector-width=50|Ofast--force-vector-interleave=100|Ofast--force-vector-interleave=50|Ofast--force-vector-width=100|Ofast--force-vector-width=50
ossl_quic_hdr_protector_encrypt_fields	ssl/quic/quic_wire_pkt.c	179	31	        pn_bytes[i] ^= mask[i + 1];	+	cjump	O2--force-target-instruction-cost=100|O2--force-target-instruction-cost=50|O2--force-vector-interleave=100|O2--force-vector-interleave=50|O2--force-vector-width=100|O2--force-vector-width=50|O3--force-target-instruction-cost=100|O3--force-target-instruction-cost=50|O3--force-vector-interleave=100|O3--force-vector-interleave=50|O3--force-vector-width=100|O3--force-vector-width=50|Ofast--force-target-instruction-cost=100|Ofast--force-target-instruction-cost=50|Ofast--force-vector-interleave=100|Ofast--force-vector-interleave=50|Ofast--force-vector-width=100|Ofast--force-vector-width=50|Os--force-target-instruction-cost=100|Os--force-target-instruction-cost=50|Os--force-vector-width=100|Os--force-vector-width=50
CRYPTO_nistcts128_decrypt_block	crypto/modes/cts128.c	243	37	        out[n] = tmp.c[n] ^ tmp.c[n - 16];	-	cjump	O2--force-target-instruction-cost=100|O2--force-target-instruction-cost=50|O2--force-vector-width=100|O2--force-vector-width=50|O3--force-target-instruction-cost=100|O3--force-target-instruction-cost=50|O3--force-vector-width=100|O3--force-vector-width=50|Ofast--force-target-instruction-cost=100|Ofast--force-target-instruction-cost=50|Ofast--force-vector-width=100|Ofast--force-vector-width=50|Os--force-target-instruction-cost=100|Os--force-target-instruction-cost=50|Os--force-vector-width=100|Os--force-vector-width=50
kdf_scrypt_derive	providers/implementations/kdfs/scrypt.c	408	33	        j = X[16 * (2 * r - 1)] % N;	%	mdiv	O2--enable-mem-prof|O2--scalar-evolution-huge-expr-threshold=0|O2--scalar-evolution-max-arith-depth=0|O2-fcs-profile-generate|O3--enable-mem-prof|O3--instcombine-max-iterations=0|O3--scalar-evolution-huge-expr-threshold=0|O3--scalar-evolution-max-arith-depth=0|O3-fcs-profile-generate|Ofast--enable-mem-prof|Ofast--instcombine-max-iterations=0|Ofast--scalar-evolution-huge-expr-threshold=0|Ofast--scalar-evolution-max-arith-depth=0|Ofast-fcs-profile-generate
BN_nist_mod_521	crypto/bn/bn_nist.c	1204	32	                  (tmp = t_d[i + 1]) << BN_NIST_521_LSHIFT) & BN_MASK2;	+	cjump	O2--unroll-count=0|O2--unroll-full-max-count=0|O2--unroll-threshold-default=0|O2--unroll-threshold=0|O2-fno-unroll-loops|O3--unroll-count=0|O3--unroll-full-max-count=0|O3--unroll-threshold-aggressive=0|O3--unroll-threshold=0|O3-fno-unroll-loops|Ofast--unroll-count=0|Ofast--unroll-full-max-count=0|Ofast--unroll-threshold-aggressive=0|Ofast--unroll-threshold=0|Ofast-fno-unroll-loops
DES_ede3_cfb_encrypt	crypto/des/cfb64ede.c	179	43	                        ovec[i] |= ovec[i + 1] >> (8 - num % 8);	+	cjump	O2--unroll-count=0|O2--unroll-full-max-count=0|O2--unroll-threshold-default=0|O2--unroll-threshold=0|O2-fno-unroll-loops|O3--unroll-count=0|O3--unroll-full-max-count=0|O3--unroll-threshold-aggressive=0|O3--unroll-threshold=0|O3-fno-unroll-loops|Ofast--unroll-count=0|Ofast--unroll-full-max-count=0|Ofast--unroll-threshold-aggressive=0|Ofast--unroll-threshold=0|Ofast-fno-unroll-loops|Os--unroll-count=0|Os--unroll-full-max-count=0|Os-fno-unroll-loops
ossl_curve448_scalar_halve	crypto/ec/curve448/scalar.c	238	56	        out->limb[i] = out->limb[i] >> 1 | out->limb[i + 1] << (WBITS - 1);	+	cjump	O2--unroll-count=0|O2--unroll-full-max-count=0|O2--unroll-threshold-default=0|O2--unroll-threshold=0|O2-fno-unroll-loops|O3--unroll-count=0|O3--unroll-full-max-count=0|O3--unroll-threshold-aggressive=0|O3--unroll-threshold=0|O3-fno-unroll-loops|Ofast--unroll-count=0|Ofast--unroll-full-max-count=0|Ofast--unroll-threshold-aggressive=0|Ofast--unroll-threshold=0|Ofast-fno-unroll-loops
CRYPTO_cfb128_1_encrypt	crypto/modes/cfb128.c	180	59	            ivec[n] = ovec[n + num] << rem | ovec[n + num + 1] >> (8 - rem);	+	cjump	O2--unroll-count=0|O2--unroll-full-max-count=0|O2--unroll-threshold-default=0|O2--unroll-threshold-default=50|O2--unroll-threshold=0|O2--unroll-threshold=50|O2-fno-unroll-loops|O3--unroll-count=0|O3--unroll-full-max-count=0|O3--unroll-threshold-aggressive=0|O3--unroll-threshold-aggressive=50|O3--unroll-threshold=0|O3--unroll-threshold=50|O3-fno-unroll-loops|Ofast--unroll-count=0|Ofast--unroll-full-max-count=0|Ofast--unroll-threshold-aggressive=0|Ofast--unroll-threshold-aggressive=50|Ofast--unroll-threshold=0|Ofast--unroll-threshold=50|Ofast-fno-unroll-loops|Os--unroll-count=0|Os--unroll-full-max-count=0|Os-fno-unroll-loops
DES_ede3_cfb_encrypt	crypto/des/cfb64ede.c	142	43	                        ovec[i] |= ovec[i + 1] >> (8 - num % 8);	+	cjump	O2--unroll-count=0|O2--unroll-full-max-count=0|O2--unroll-threshold-default=0|O2--unroll-threshold=0|O2-fno-unroll-loops|O3--unroll-count=0|O3--unroll-full-max-count=0|O3--unroll-threshold-aggressive=0|O3--unroll-threshold=0|O3-fno-unroll-loops|Ofast--unroll-count=0|Ofast--unroll-full-max-count=0|Ofast--unroll-threshold-aggressive=0|Ofast--unroll-threshold=0|Ofast-fno-unroll-loops|Os--unroll-count=0|Os--unroll-full-max-count=0|Os-fno-unroll-loops
sh_actual_size	crypto/mem_sec.c	747	26	    return sh.arena_size / (ONE << list);	/	mdiv	O2--instcombine-max-iterations=0|O3--instcombine-max-iterations=0|Ofast--instcombine-max-iterations=0
ossl_x509_algor_new_from_md	crypto/asn1/x_algor.c	91	16	    int type = md->flags & EVP_MD_FLAG_DIGALGID_ABSENT ? V_ASN1_UNDEF	m	mmem	O2--aarch64-stress-promote-const
file_load	engines/e_loader_attic.c	1407	51	        long calculated_length = strlen(ctx->uri) + strlen(pathsep)	+	mmem	O2--aarch64-stress-promote-const|O3--aarch64-stress-promote-const|Ofast--aarch64-stress-promote-const|Os--aarch64-stress-promote-const|Oz--aarch64-stress-promote-const
ossl_x509_algor_md_to_mgf1	crypto/asn1/x_algor.c	91	16	    int type = md->flags & EVP_MD_FLAG_DIGALGID_ABSENT ? V_ASN1_UNDEF	m	mmem	O2--aarch64-stress-promote-const
file_load	providers/implementations/storemgmt/file_store.c	590	51	        long calculated_length = strlen(ctx->uri) + strlen(pathsep)	+	mmem	O2--aarch64-stress-promote-const|O3--aarch64-stress-promote-const|Ofast--aarch64-stress-promote-const|Os--aarch64-stress-promote-const|Oz--aarch64-stress-promote-const
cfbr_encrypt_block	crypto/modes/cfb128.c	175	17	    num = nbits / 8;	/	mdiv	O2--aarch64-stress-promote-const|O3--aarch64-stress-promote-const|Ofast--aarch64-stress-promote-const
ossl_punycode_decode	crypto/punycode.c	57	45	    return k + (((base - tmin + 1) * delta) / (delta + skew));	/	mdiv	O2--disable-machine-sink|O3--disable-machine-sink|Ofast--disable-machine-sink|Os--disable-machine-sink|Oz--disable-machine-sink
_ZL24ssl_cipher_list_to_bytesP17ssl_connection_stP19stack_st_SSL_CIPHERP10wpacket_st.__uniq.112902882655447609167197993620518747938	ssl/statem/statem_clnt.c	4172	13	            !maxverok	!	cjump	O2-fpseudo-probe-for-profiling|O3-fpseudo-probe-for-profiling|Ofast-fpseudo-probe-for-profiling|Os-fpseudo-probe-for-profiling
scryptROMix	providers/implementations/kdfs/scrypt.c	408	33	        j = X[16 * (2 * r - 1)] % N;	%	mdiv	O2-fprofile-arcs|O2-fprofile-instr-generate|O3-fprofile-arcs|O3-fprofile-instr-generate|Ofast-fprofile-arcs|Ofast-fprofile-instr-generate
ssl_cipher_list_to_bytes	ssl/statem/statem_clnt.c	4172	13	            !maxverok	!	cjump	O2--simplifycfg-branch-fold-threshold=0|O2-fprofile-arcs|O3--simplifycfg-branch-fold-threshold=0|O3-fprofile-arcs|Ofast--simplifycfg-branch-fold-threshold=0|Ofast-fprofile-arcs|Os--simplifycfg-branch-fold-threshold=0|Os-fprofile-arcs
ossl_quic_stream_map_update_state	ssl/quic/quic_stream_map.c	351	25	        s->ready_for_gc = qsm_ready_for_gc(qsm, s);	=	cjump	O2-fprofile-arcs|O3-fprofile-arcs|Ofast-fprofile-arcs|Os-fprofile-arcs|Oz-fprofile-arcs
pkcs12kdf_derive	providers/implementations/kdfs/pkcs12kdf.c	89	28	    for (i = 0; i < Slen; i++)	+	mdiv	O2-finline-hint-functions|O2-finstrument-functions|O2-fno-inline|O2-fno-inline-functions|O3-finline-hint-functions|O3-finstrument-functions|O3-fno-inline|O3-fno-inline-functions|Ofast-finline-hint-functions|Ofast-finstrument-functions|Ofast-fno-inline|Ofast-fno-inline-functions
adapt	crypto/punycode.c	57	45	    return k + (((base - tmin + 1) * delta) / (delta + skew));	/	mdiv	O2-finline-hint-functions|O2-finstrument-functions|O2-fno-inline|O2-fno-inline-functions|O3-finline-hint-functions|O3-finstrument-functions|O3-fno-inline|O3-fno-inline-functions|Ofast-finline-hint-functions|Ofast-finstrument-functions|Ofast-fno-inline|Ofast-fno-inline-functions|Os-finline-hint-functions|Os-finstrument-functions|Os-fno-inline|Os-fno-inline-functions|Oz-finline-hint-functions|Oz-finstrument-functions|Oz-fno-inline|Oz-fno-inline-functions
kdf_scrypt_derive	providers/implementations/kdfs/scrypt.c	410	14	        for (k = 0; k < 32 * r; k++)	k	mdiv	O2--rotation-max-header-size=0|O3--rotation-max-header-size=0|Ofast--rotation-max-header-size=0
ASN1_TIME_normalize	crypto/asn1/a_time.c	308	49	                                    ts->tm_year % 100, ts->tm_mon + 1,	%	mdiv	O3--aarch64-enable-global-isel-at-O=100|O3--aarch64-enable-global-isel-at-O=50|O3--aarch64-stress-promote-const|O3--fast-isel|O3-fglobal-isel|Ofast--aarch64-enable-global-isel-at-O=100|Ofast--aarch64-enable-global-isel-at-O=50|Ofast--aarch64-stress-promote-const|Ofast--fast-isel|Ofast-fglobal-isel
ASN1_bn_print	crypto/asn1/t_pkey.c	26	16	        if ((i % ASN1_BUF_PRINT_WIDTH) == 0) {	%	mdiv	O3--aarch64-stress-promote-const|O3--fast-isel|Ofast--aarch64-stress-promote-const|Ofast--fast-isel
EVP_PKEY_dup	crypto/evp/p_lib.c	64	77	    *ret = atomic_fetch_sub_explicit(&refcnt->val, 1, memory_order_release) - 1;	-	cjump	O3-ftrapv|Ofast-ftrapv
evp_pkey_get_legacy	crypto/evp/p_lib.c	64	77	    *ret = atomic_fetch_sub_explicit(&refcnt->val, 1, memory_order_release) - 1;	-	cjump	O3-ftrapv|Ofast-ftrapv
EVP_PKEY_copy_parameters	crypto/evp/p_lib.c	64	77	    *ret = atomic_fetch_sub_explicit(&refcnt->val, 1, memory_order_release) - 1;	-	cjump	O3-ftrapv|Ofast-ftrapv
evp_pkey_copy_downgraded	crypto/evp/p_lib.c	64	77	    *ret = atomic_fetch_sub_explicit(&refcnt->val, 1, memory_order_release) - 1;	-	cjump	O3-ftrapv|Ofast-ftrapv
new_raw_key_int	crypto/evp/p_lib.c	64	77	    *ret = atomic_fetch_sub_explicit(&refcnt->val, 1, memory_order_release) - 1;	-	cjump	O3-ftrapv|Ofast-ftrapv
ENGINE_free	crypto/engine/eng_lib.c	64	77	    *ret = atomic_fetch_sub_explicit(&refcnt->val, 1, memory_order_release) - 1;	-	cjump	O3-ftrapv|Ofast-ftrapv
recode_wnaf	crypto/ec/curve448/curve448.c	558	48	    unsigned int table_size = C448_SCALAR_BITS / (table_bits + 1) + 3;	/	mdiv	O3--inline-call-penalty=-1|O3--inline-call-penalty=0|O3--inline-threshold=100|O3--inline-threshold=50|O3--unroll-force-peel-count=50|O3-finline-hint-functions|O3-finstrument-functions|O3-fno-inline|O3-fno-inline-functions|O3-fprofile-arcs|O3-fprofile-generate|O3-fprofile-instr-generate|Ofast--inline-call-penalty=-1|Ofast--inline-call-penalty=0|Ofast--inline-threshold=100|Ofast--inline-threshold=50|Ofast--unroll-force-peel-count=50|Ofast-finline-hint-functions|Ofast-finstrument-functions|Ofast-fno-inline|Ofast-fno-inline-functions|Ofast-fprofile-arcs|Ofast-fprofile-generate|Ofast-fprofile-instr-generate
gf_deserialize	crypto/ec/curve448/f_generic.c	83	38	            buffer |= ((dword_t) sj) << fill;	<	mmem	O3--aarch64-stress-promote-const|Ofast--aarch64-stress-promote-const
multiblock_speed	apps/speed.c	5139	45	        results[D_EVP][j] = ((double)count) / d * mblengths[j];	/	mdiv	Ofast--instcombine-max-iterations=0
print_result	apps/speed.c	4796	44	    results[alg][run_no] = ((double)count) / time_used * lengths[run_no];	/	mdiv	Ofast--instcombine-max-iterations=0
julian_adj	crypto/o_time.c	140	29	    offset_day = offset_sec / SECS_PER_DAY;	/	mdiv	Os--aarch64-enable-global-isel-at-O=100|Os--aarch64-enable-global-isel-at-O=50|Os--aarch64-stress-promote-const|Os--fast-isel|Os-fglobal-isel
julian_adj	crypto/o_time.c	182	48	        (367 * (m - 2 - 12 * ((m - 14) / 12))) / 12 -	/	mdiv	Os--aarch64-enable-global-isel-at-O=100|Os--aarch64-enable-global-isel-at-O=50|Os--aarch64-stress-promote-const|Os--fast-isel|Os-fglobal-isel
julian_adj	crypto/o_time.c	181	41	    return (1461 * (y + 4800 + (m - 14) / 12)) / 4 +	/	mdiv	Os--aarch64-enable-global-isel-at-O=100|Os--aarch64-enable-global-isel-at-O=50|Os--aarch64-stress-promote-const|Os--fast-isel|Os-fglobal-isel
julian_adj	crypto/o_time.c	183	42	        (3 * ((y + 4900 + (m - 14) / 12) / 100)) / 4 + d - 32075;	/	mdiv	Os--aarch64-enable-global-isel-at-O=100|Os--aarch64-enable-global-isel-at-O=50|Os--aarch64-stress-promote-const|Os--fast-isel|Os-fglobal-isel
rcidm_tick	ssl/quic/quic_rcidm.c	483	9	    if (rcidm->packets_sent >= PACKETS_PER_RCID)	r	mdiv	Os--aarch64-enable-global-isel-at-O=100|Os--aarch64-enable-global-isel-at-O=50|Os--aarch64-stress-promote-const|Os--fast-isel|Os-fglobal-isel
OPENSSL_asc2uni	crypto/pkcs12/p12_utl.c	33	31	        unitmp[i + 1] = asc[i >> 1];	>	cjump	Os--force-target-instruction-cost=100|Os--force-target-instruction-cost=50|Os--force-vector-width=100|Os--force-vector-width=50
finalize	providers/implementations/kdfs/argon2.c	293	14	    dst[1] = (uint8_t)(w >> 8);	(	cjump	Os--force-vector-width=100|Os--force-vector-width=50
scalar_compress	crypto/ml_kem/ml_kem.c	815	34	    uint32_t remainder = shifted - quotient * kPrime;	-	cjump	Os--force-vector-width=100|Os--force-vector-width=50
decap	crypto/ml_kem/ml_kem.c	475	23	    return (mask & x) | (~mask & subtracted);	|	cjump	Os--force-vector-width=100|Os--force-vector-width=50
ssl_create_cipher_list	ssl/ssl_ciph.c	700	46	                co_list[i].prev = &co_list[i - 1];	-	cjump	Os--force-target-instruction-cost=100|Os--force-target-instruction-cost=50|Os--force-vector-width=100|Os--force-vector-width=50
OPENSSL_uni2asc	crypto/pkcs12/p12_utl.c	63	18	        asctmp[i >> 1] = uni[i];	>	cjump	Os--force-target-instruction-cost=100|Os--force-target-instruction-cost=50|Os--force-vector-width=100|Os--force-vector-width=50
finalize	providers/implementations/kdfs/argon2.c	297	14	    dst[5] = (uint8_t)(w >> 40);	(	cjump	Os--force-vector-width=100|Os--force-vector-width=50
finalize	providers/implementations/kdfs/argon2.c	292	14	    dst[0] = (uint8_t)(w >> 0);	(	cjump	Os--force-vector-width=100|Os--force-vector-width=50
ssl3_write_bytes	ssl/record/rec_layer_s3.c	441	49	                tmpls[j].buf = &(buf[tot]) + (j * split_send_fragment);	*	cjump	Os--force-target-instruction-cost=100|Os--force-target-instruction-cost=50|Os--force-vector-width=100|Os--force-vector-width=50
OPENSSL_asc2uni	crypto/pkcs12/p12_utl.c	33	18	        unitmp[i + 1] = asc[i >> 1];	+	cjump	Os--force-target-instruction-cost=100|Os--force-target-instruction-cost=50|Os--force-vector-width=100|Os--force-vector-width=50
finalize	providers/implementations/kdfs/argon2.c	296	14	    dst[4] = (uint8_t)(w >> 32);	(	cjump	Os--force-vector-width=100|Os--force-vector-width=50
finalize	providers/implementations/kdfs/argon2.c	299	14	    dst[7] = (uint8_t)(w >> 56);	(	cjump	Os--force-vector-width=100|Os--force-vector-width=50
encrypt_cpa	crypto/ml_kem/ml_kem.c	475	23	    return (mask & x) | (~mask & subtracted);	|	cjump	Os--force-vector-width=100|Os--force-vector-width=50
finalize	providers/implementations/kdfs/argon2.c	295	14	    dst[3] = (uint8_t)(w >> 24);	(	cjump	Os--force-vector-width=100|Os--force-vector-width=50
ssl_create_cipher_list	ssl/ssl_ciph.c	701	46	                co_list[i].next = &co_list[i + 1];	+	cjump	Os--force-target-instruction-cost=100|Os--force-target-instruction-cost=50|Os--force-vector-width=100|Os--force-vector-width=50
scalar_inverse_ntt	crypto/ml_kem/ml_kem.c	472	35	    const uint16_t subtracted = x - kPrime;	-	cjump	Os--force-target-instruction-cost=100|Os--force-target-instruction-cost=50|Os--force-vector-width=100|Os--force-vector-width=50
finalize	providers/implementations/kdfs/argon2.c	294	14	    dst[2] = (uint8_t)(w >> 16);	(	cjump	Os--force-vector-width=100|Os--force-vector-width=50
tls1_cbc_remove_padding_and_mac	ssl/record/methods/tls_pad.c	145	51	            unsigned char b = recdata[*reclen - 1 - i];	-	cjump	Os--force-target-instruction-cost=100|Os--force-target-instruction-cost=50|Os--force-vector-width=100|Os--force-vector-width=50
provider_activate	crypto/provider_core.c	1136	47	            prov->error_strings[cnt2].error = (int)reasonstrings[cnt2-1].id;	(	cjump	Os--force-target-instruction-cost=100|Os--force-target-instruction-cost=50|Os--force-vector-width=100|Os--force-vector-width=50
decap	crypto/ml_kem/ml_kem.c	837	36	    uint32_t product = (uint32_t)x * kPrime;	*	cjump	Os--force-vector-width=100|Os--force-vector-width=50
finalize	providers/implementations/kdfs/argon2.c	298	14	    dst[6] = (uint8_t)(w >> 48);	(	cjump	Os--force-vector-width=100|Os--force-vector-width=50
provider_activate	crypto/provider_core.c	1136	70	            prov->error_strings[cnt2].error = (int)reasonstrings[cnt2-1].id;	-	cjump	Os--force-target-instruction-cost=100|Os--force-target-instruction-cost=50|Os--force-vector-width=100|Os--force-vector-width=50
blake2s_compress	providers/implementations/digests/blake2s_prov.c	237	28	            S->h[i] = v[i] ^= v[i + 8] ^ S->h[i];	^	cjump	Os--force-target-instruction-cost=100|Os--force-target-instruction-cost=50
blake2b_compress	providers/implementations/digests/blake2b_prov.c	249	28	            S->h[i] = v[i] ^= v[i + 8] ^ S->h[i];	^	cjump	Os--force-target-instruction-cost=100|Os--force-target-instruction-cost=50
blake2s_compress	providers/implementations/digests/blake2s_prov.c	237	35	            S->h[i] = v[i] ^= v[i + 8] ^ S->h[i];	+	cjump	Os--force-target-instruction-cost=100|Os--force-target-instruction-cost=50
blake2b_compress	providers/implementations/digests/blake2b_prov.c	249	35	            S->h[i] = v[i] ^= v[i + 8] ^ S->h[i];	+	cjump	Os--force-target-instruction-cost=100|Os--force-target-instruction-cost=50
ossl_x25519	crypto/ec/curve25519.c	597	14	        g[i] ^= x;	^	cjump	Os--force-target-instruction-cost=100|Os--force-target-instruction-cost=50
ossl_x25519	crypto/ec/curve25519.c	596	14	        f[i] ^= x;	^	cjump	Os--force-target-instruction-cost=100|Os--force-target-instruction-cost=50
qc_set_default_xso_keep_ref	ssl/quic/quic_impl.c	64	77	    *ret = atomic_fetch_sub_explicit(&refcnt->val, 1, memory_order_release) - 1;	-	cjump	Os-ftrapv|Oz-ftrapv
bytepad	providers/implementations/macs/kmac_prov.c	632	24	    sz = (len + w - 1) / w * w;	/	mdiv	Os--instcombine-max-iterations=0|Oz--instcombine-max-iterations=0
bytepad	providers/implementations/macs/kmac_prov.c	612	33	        *out_len = (sz + w - 1) / w * w;	/	mdiv	Os--instcombine-max-iterations=0|Oz--instcombine-max-iterations=0
julian_adj	crypto/o_time.c	181	48	    return (1461 * (y + 4800 + (m - 14) / 12)) / 4 +	/	mdiv	Os--aarch64-enable-global-isel-at-O=100|Os--aarch64-enable-global-isel-at-O=50|Os--aarch64-stress-promote-const|Os-fglobal-isel
readbuffer_resize	crypto/bio/bf_readbuff.c	93	36	    sz = DEFAULT_BUFFER_SIZE * (sz / DEFAULT_BUFFER_SIZE);	/	mdiv	Os--aarch64-enable-global-isel-at-O=100|Os--aarch64-enable-global-isel-at-O=50|Os--aarch64-stress-promote-const|Os-fglobal-isel
julian_adj	crypto/o_time.c	183	50	        (3 * ((y + 4900 + (m - 14) / 12) / 100)) / 4 + d - 32075;	/	mdiv	Os--aarch64-enable-global-isel-at-O=100|Os--aarch64-enable-global-isel-at-O=50|Os--aarch64-stress-promote-const|Os-fglobal-isel
simple_get_asn1	crypto/x509/x_all.c	119	27	    size_t max_resp_len = (it == ASN1_ITEM_rptr(X509_CRL)) ?	(	mmem	Os--aarch64-stress-promote-const|Oz--aarch64-stress-promote-const
ec_field_size	crypto/sm2/sm2_crypt.c	54	12	    return BN_num_bytes(p);	B	mdiv	Os--aarch64-enable-global-isel-at-O=100|Os--aarch64-enable-global-isel-at-O=50|Os--aarch64-stress-promote-const|Os-fglobal-isel
long_i2c	crypto/asn1/x_long.c	121	13	            cont[i] = (unsigned char)(utmp ^ sign);	c	cjump	Os--unroll-force-peel-count=50
speed_main	apps/speed.c	4232	54	            kems_results[testnum][2] = (double)count / d;	/	mdiv	Oz--aarch64-enable-global-isel-at-O=100|Oz--aarch64-enable-global-isel-at-O=50|Oz--aarch64-stress-promote-const|Oz--disable-lsr|Oz--disable-machine-sink|Oz--disable-post-ra|Oz--enable-gvn-memdep=false|Oz--enable-load-in-loop-pre=false|Oz--enable-load-pre=false|Oz--enable-machine-outliner=never|Oz--enable-newgvn|Oz--enable-post-misched=false|Oz--enable-pre=false|Oz--fast-isel|Oz--gvn-max-num-deps=0|Oz--inline-threshold=100|Oz--inline-threshold=50|Oz--instcombine-max-iterations=0|Oz--jump-threading-threshold=0|Oz--memdep-block-number-limit=0|Oz--misched=ilpmax|Oz--regalloc=fast|Oz--scalar-evolution-huge-expr-threshold=0|Oz--scalar-evolution-max-arith-depth=0|Oz--simplifycfg-branch-fold-threshold=0|Oz-fapple-kext|Oz-ffreestanding|Oz-fglobal-isel|Oz-fno-builtin|Oz-fpseudo-probe-for-profiling
sh_setbit	crypto/mem_sec.c	388	45	    bit = (ONE << list) + ((ptr - sh.arena) / (sh.arena_size >> list));	/	mdiv	Oz--enable-machine-outliner=never|Oz--fast-isel|Oz-fcs-profile-generate|Oz-fprofile-generate
sh_clearbit	crypto/mem_sec.c	376	45	    bit = (ONE << list) + ((ptr - sh.arena) / (sh.arena_size >> list));	/	mdiv	Oz--enable-machine-outliner=never|Oz--fast-isel|Oz-fcs-profile-generate|Oz-fprofile-generate
speed_main	apps/speed.c	3305	53	            rsa_results[testnum][1] = (double)count / d;	/	mdiv	Oz--enable-machine-outliner=never|Oz--fast-isel|Oz--jump-threading-threshold=0
speed_main	apps/speed.c	3335	53	            rsa_results[testnum][2] = (double)count / d;	/	mdiv	Oz--enable-machine-outliner=never|Oz--fast-isel
speed_main	apps/speed.c	3610	54	            ecdh_results[testnum][0] = (double)count / d;	/	mdiv	Oz--aarch64-enable-global-isel-at-O=100|Oz--aarch64-enable-global-isel-at-O=50|Oz--aarch64-stress-promote-const|Oz--disable-lsr|Oz--disable-machine-sink|Oz--disable-preheader-prot|Oz--enable-gvn-memdep=false|Oz--enable-knowledge-retention|Oz--enable-load-in-loop-pre=false|Oz--enable-load-pre=false|Oz--enable-machine-outliner=never|Oz--enable-newgvn|Oz--enable-pre=false|Oz--fast-isel|Oz--gvn-max-num-deps=0|Oz--inline-threshold=100|Oz--inline-threshold=50|Oz--instcombine-max-iterations=0|Oz--jump-threading-threshold=0|Oz--memdep-block-number-limit=0|Oz--misched=ilpmax|Oz--regalloc=pbqp|Oz--scalar-evolution-huge-expr-threshold=0|Oz--scalar-evolution-max-arith-depth=0|Oz--simplifycfg-branch-fold-threshold=0|Oz-fapple-kext|Oz-ffreestanding|Oz-fglobal-isel|Oz-finstrument-functions|Oz-fno-builtin|Oz-fpseudo-probe-for-profiling|Oz-fsycl
speed_main	apps/speed.c	4041	54	            ffdh_results[testnum][0] = (double)count / d;	/	mdiv	Oz--aarch64-enable-global-isel-at-O=100|Oz--aarch64-enable-global-isel-at-O=50|Oz--aarch64-stress-promote-const|Oz--disable-lsr|Oz--disable-machine-sink|Oz--disable-preheader-prot|Oz--enable-gvn-memdep=false|Oz--enable-knowledge-retention|Oz--enable-load-in-loop-pre=false|Oz--enable-load-pre=false|Oz--enable-machine-outliner=never|Oz--enable-newgvn|Oz--enable-pre=false|Oz--fast-isel|Oz--gvn-max-num-deps=0|Oz--inline-threshold=100|Oz--inline-threshold=50|Oz--instcombine-max-iterations=0|Oz--jump-threading-threshold=0|Oz--memdep-block-number-limit=0|Oz--misched=ilpmax|Oz--regalloc=pbqp|Oz--scalar-evolution-huge-expr-threshold=0|Oz--scalar-evolution-max-arith-depth=0|Oz--simplifycfg-branch-fold-threshold=0|Oz-fapple-kext|Oz-ffreestanding|Oz-fglobal-isel|Oz-finstrument-functions|Oz-fno-builtin|Oz-fpseudo-probe-for-profiling|Oz-fsycl
speed_main	apps/speed.c	4413	54	            sigs_results[testnum][2] = (double)count / d;	/	mdiv	Oz--aarch64-enable-global-isel-at-O=100|Oz--aarch64-enable-global-isel-at-O=50|Oz--aarch64-stress-promote-const|Oz--disable-lsr|Oz--disable-machine-sink|Oz--disable-post-ra|Oz--enable-gvn-memdep=false|Oz--enable-load-in-loop-pre=false|Oz--enable-load-pre=false|Oz--enable-machine-outliner=never|Oz--enable-newgvn|Oz--enable-post-misched=false|Oz--enable-pre=false|Oz--fast-isel|Oz--gvn-max-num-deps=0|Oz--inline-threshold=100|Oz--inline-threshold=50|Oz--instcombine-max-iterations=0|Oz--jump-threading-threshold=0|Oz--memdep-block-number-limit=0|Oz--misched=ilpmax|Oz--regalloc=fast|Oz--scalar-evolution-huge-expr-threshold=0|Oz--scalar-evolution-max-arith-depth=0|Oz--simplifycfg-branch-fold-threshold=0|Oz-fapple-kext|Oz-ffreestanding|Oz-fglobal-isel|Oz-fno-builtin|Oz-fpseudo-probe-for-profiling
tls_collect_extensions	ssl/statem/extensions.c	659	22	        idx = thisex - raw_extensions;	-	mdiv	Oz--aarch64-stress-ccmp|Oz--disable-cgp|Oz--disable-machine-sink|Oz--jump-is-expensive|Oz--simplifycfg-branch-fold-threshold=0|Oz-fprofile-arcs|Oz-fprofile-instr-generate|Oz-fpseudo-probe-for-profiling
ssl3_cbc_digest_record	ssl/record/methods/ssl3_cbc.c	415	36	            is_past_c = is_block_a & constant_time_ge_8_s(j, c);	&	mmem	Oz-fcs-profile-generate
RSA_padding_check_PKCS1_OAEP_mgf1	crypto/rsa/rsa_oaep.c	271	10	    good &= constant_time_is_zero(CRYPTO_memcmp(db, phash, mdlen));	&	mmem	Oz-fcs-profile-generate
inverse	crypto/idea/i_skey.c	104	21	            r = (n1 % n2);	%	mdiv	Oz--instcombine-max-iterations=0|Oz-ftrapv
bn_mul_recursive	crypto/bn/bn_mul.c	178	16	    int n = n2 / 2, c1, c2;	/	mdiv	Oz--disable-machine-sink|Oz-ftrapv
cfbr_encrypt_block	crypto/modes/cfb128.c	166	23	    num = (nbits + 7) / 8;	/	mdiv	Oz-ftrapv
vector_encode	crypto/ml_kem/ml_kem.c	892	32	    int stride = bits * DEGREE / 8;	/	mdiv	Oz--instcombine-max-iterations=0|Oz-ftrapv
OSSL_PARAM_BLD_push_BN	crypto/param_build.c	237	38	        return push_BN(bld, key, bn, BN_num_bytes(bn) + 1,	B	mdiv	Oz--instcombine-max-iterations=0|Oz-fprofile-arcs|Oz-fprofile-generate|Oz-fprofile-instr-generate|Oz-fpseudo-probe-for-profiling|Oz-ftrapv
aes_xts_init_key	crypto/evp/e_aes.c	3230	38	            const int bytes = keylen / 2;	/	mdiv	Oz--disable-machine-sink|Oz-ftrapv
added_obj_hash	crypto/objects/obj_dat.c	134	37	            ret ^= p[i] << ((i * 3) % 24);	%	mdiv	Oz--disable-lsr|Oz--instcombine-max-iterations=0|Oz--scalar-evolution-huge-expr-threshold=0|Oz-ftrapv
decap	crypto/ml_kem/ml_kem.c	910	32	    int stride = bits * DEGREE / 8;	/	mdiv	Oz--instcombine-max-iterations=0|Oz-ftrapv
OSSL_PARAM_BLD_push_BN	crypto/param_build.c	239	51	    return push_BN(bld, key, bn, bn == NULL ? 0 : BN_num_bytes(bn),	B	mdiv	Oz--instcombine-max-iterations=0|Oz-fprofile-arcs|Oz-fprofile-generate|Oz-fprofile-instr-generate|Oz-fpseudo-probe-for-profiling|Oz-ftrapv
fmtfp	crypto/bio/bio_print.c	728	54	            econvert[eplace++] = "0123456789"[tmpexp % 10];	%	mdiv	Oz--unroll-force-peel-count=100|Oz--unroll-force-peel-count=50|Oz-fprofile-arcs|Oz-fprofile-generate
ossl_quic_sstream_append	ssl/quic/quic_sstream.c	131	30	        idx = r->head_offset % r->alloc;	%	mdiv	Oz--inline-call-penalty=100|Oz--inline-threshold=100|Oz-fprofile-generate
BN_dec2bn	crypto/bn/bn_conv.c	236	24	    j = BN_DEC_NUM - i % BN_DEC_NUM;	%	mdiv	Oz--disable-lsr|Oz--jump-threading-threshold=0|Oz-fprofile-arcs|Oz-fprofile-generate|Oz-fprofile-instr-generate
ossl_quic_sstream_get_stream_frame	ssl/quic/quic_sstream.c	189	26	    idx = logical_offset % r->alloc;	%	mdiv	Oz--inline-call-penalty=100|Oz--inline-call-penalty=50|Oz--inline-threshold=100|Oz--inline-threshold=50|Oz-fprofile-generate
read_internal	ssl/quic/quic_rstream.c	155	26	    idx = logical_offset % r->alloc;	%	mdiv	Oz--inline-call-penalty=100|Oz--inline-call-penalty=50|Oz--inline-threshold=100|Oz--inline-threshold=50|Oz-fprofile-generate
BN_security_bits	crypto/bn/bn_lib.c	1019	14	    bits = N / 2;	/	mdiv	Oz--disable-machine-sink|Oz--instcombine-max-iterations=0
BN_bn2dec	crypto/bn/bn_conv.c	83	20	            if (lp - bn_data >= bn_data_num)	-	mdiv	Oz--instcombine-max-iterations=0
bn_get_bits	crypto/bn/bn_exp.c	494	22	    wordpos = bitpos / BN_BITS2;	/	mdiv	Oz--disable-machine-sink|Oz--instcombine-max-iterations=0
DH_generate_parameters_ex	crypto/dh/dh_gen.c	225	26	                   + 24) / 25 * 25;	/	mdiv	Oz--instcombine-max-iterations=0
OPENSSL_gmtime_adj	crypto/o_time.c	195	18	    j = (80 * L) / 2447;	/	mdiv	Oz--disable-machine-sink|Oz--instcombine-max-iterations=0
kek_wrap_key	crypto/cms/cms_pwri.c	270	39	    olen = (inlen + 4 + blocklen - 1) / blocklen;	/	mdiv	Oz--instcombine-max-iterations=0
port_default_packet_handler	ssl/quic/quic_port.c	1359	17	    time_diff = ossl_time2seconds(ossl_time_abs_difference(token.timestamp,	o	mdiv	Oz--instcombine-max-iterations=0
ossl_dh_key2buf	crypto/dh/dh_key.c	428	16	            || BN_num_bytes(pubkey) == 0) {	B	mdiv	Oz--instcombine-max-iterations=0
ASN1_bn_print	crypto/asn1/t_pkey.c	64	9	    if (BN_num_bytes(num) <= BN_BYTES) {	B	mdiv	Oz--instcombine-max-iterations=0
ASN1_UNIVERSALSTRING_to_string	crypto/asn1/a_print.c	48	20	    if ((s->length % 4) != 0)	%	mdiv	Oz--instcombine-max-iterations=0
ossl_dh_buf2key	crypto/dh/dh_key.c	398	22	    if (p == NULL || BN_num_bytes(p) == 0) {	B	mdiv	Oz--instcombine-max-iterations=0
ossl_dh_key2buf	crypto/dh/dh_key.c	427	26	            || (p_size = BN_num_bytes(p)) == 0	B	mdiv	Oz--disable-machine-sink|Oz--instcombine-max-iterations=0
internal_find	crypto/stack/stack.c	388	52	    return r == NULL ? -1 : (int)((const void **)r - st->data);	-	mdiv	Oz--instcombine-max-iterations=0
EVP_PKEY_set_bn_param	crypto/evp/p_lib.c	2390	13	    bsize = BN_num_bytes(bn);	B	mdiv	Oz--disable-machine-sink|Oz--instcombine-max-iterations=0
ossl_ec_check_security_strength	providers/common/securitycheck.c	127	47	    int strength = EC_GROUP_order_bits(group) / 2;	/	mdiv	Oz--instcombine-max-iterations=0
www_body	apps/s_server.c	3401	31	                if ((((i + 1) % 2) == 0) && (i + 1 != j))	%	mdiv	Oz--instcombine-max-iterations=0
ossl_bio_print_labeled_bignum	crypto/encode_decode/encoder_lib.c	722	9	    if (BN_num_bytes(bn) <= BN_BYTES) {	B	mdiv	Oz--instcombine-max-iterations=0
SSL_CONF_cmd	ssl/ssl_conf.c	944	22	    size_t idx = cmd - ssl_conf_cmds;	-	mdiv	Oz--instcombine-max-iterations=0
evp_decodeblock_int	crypto/evp/encode.c	442	11	    if (n % 4 != 0)	%	mdiv	Oz--instcombine-max-iterations=0
speed_main	apps/speed.c	4522	24	                   1.0 / ecdsa_results[k][0], 1.0 / ecdsa_results[k][1],	/	mdiv	Oz--aarch64-load-store-scan-limit=0|Oz--aarch64-stress-promote-const|Oz--disable-lsr|Oz--enable-machine-outliner=never|Oz--jump-threading-across-loop-headers|Oz--prefetch-distance=100|Oz--prefetch-distance=50|Oz--regalloc=basic|Oz--regalloc=fast|Oz--regalloc=pbqp|Oz--scalar-evolution-huge-expr-threshold=0
speed_main	apps/speed.c	4562	24	                   1.0 / eddsa_results[k][0], 1.0 / eddsa_results[k][1],	/	mdiv	Oz--aarch64-load-store-scan-limit=0|Oz--aarch64-stress-promote-const|Oz--disable-lsr|Oz--enable-machine-outliner=never|Oz--jump-threading-across-loop-headers|Oz--prefetch-distance=100|Oz--prefetch-distance=50|Oz--regalloc=basic|Oz--regalloc=fast|Oz--regalloc=pbqp|Oz--scalar-evolution-huge-expr-threshold=0
speed_main	apps/speed.c	4584	24	                   1.0 / sm2_results[k][0], 1.0 / sm2_results[k][1],	/	mdiv	Oz--aarch64-load-store-scan-limit=0|Oz--aarch64-stress-promote-const|Oz--disable-lsr|Oz--enable-machine-outliner=never|Oz--jump-threading-across-loop-headers|Oz--prefetch-distance=100|Oz--prefetch-distance=50|Oz--regalloc=basic|Oz--regalloc=fast|Oz--regalloc=pbqp|Oz--scalar-evolution-huge-expr-threshold=0|Oz--unroll-optsize-threshold=100|Oz--unroll-threshold=100
speed_main	apps/speed.c	4584	49	                   1.0 / sm2_results[k][0], 1.0 / sm2_results[k][1],	/	mdiv	Oz--disable-lsr|Oz--enable-machine-outliner=never|Oz--jump-threading-across-loop-headers|Oz--scalar-evolution-huge-expr-threshold=0|Oz--unroll-optsize-threshold=100|Oz--unroll-threshold=100
do_passwd	apps/passwd.c	686	15	        if (n % 7) {	%	mdiv	Oz--disable-lsr
X509_signature_dump	crypto/x509/t_x509.c	272	16	        if ((i % 18) == 0) {	%	mdiv	Oz--disable-lsr
do_passwd	apps/passwd.c	682	15	        if (n % 3) {	%	mdiv	Oz--disable-lsr
print_bin	crypto/ec/eck_prn.c	247	16	        if ((i % 15) == 0) {	%	mdiv	Oz--disable-lsr
ossl_ffc_params_print	crypto/ffc/ffc_params.c	304	20	            if ((i % 15) == 0) {	%	mdiv	Oz--disable-lsr
speed_main	apps/speed.c	4221	54	            kems_results[testnum][1] = (double)count / d;	/	mdiv	Oz--aarch64-enable-global-isel-at-O=100|Oz--aarch64-enable-global-isel-at-O=50|Oz--enable-gvn-memdep=false|Oz--enable-machine-outliner=never|Oz--enable-newgvn|Oz--gvn-max-num-deps=0|Oz--jump-threading-threshold=0|Oz--memdep-block-number-limit=0|Oz--regalloc=basic|Oz--regalloc=fast|Oz--regalloc=pbqp|Oz-fapple-kext|Oz-ffreestanding|Oz-fglobal-isel|Oz-finline-hint-functions|Oz-fno-builtin|Oz-fno-inline|Oz-fno-inline-functions|Oz-fpseudo-probe-for-profiling
speed_main	apps/speed.c	4401	54	            sigs_results[testnum][1] = (double)count / d;	/	mdiv	Oz--aarch64-enable-global-isel-at-O=100|Oz--aarch64-enable-global-isel-at-O=50|Oz--disable-post-ra|Oz--enable-gvn-memdep=false|Oz--enable-machine-outliner=never|Oz--enable-newgvn|Oz--enable-post-misched=false|Oz--gvn-max-num-deps=0|Oz--jump-threading-threshold=0|Oz--memdep-block-number-limit=0|Oz--regalloc=basic|Oz--regalloc=fast|Oz--regalloc=pbqp|Oz-fapple-kext|Oz-ffreestanding|Oz-fglobal-isel|Oz-finline-hint-functions|Oz-fno-builtin|Oz-fno-inline|Oz-fno-inline-functions|Oz-fpseudo-probe-for-profiling
ossl_ed25519_verify	crypto/ec/curve25519.c	4601	46	            ge_msub(&t, &u, &Bi[(-bslide[i]) / 2]);	/	mdiv	Oz--enable-knowledge-retention|Oz--enable-module-inliner
ossl_qlog_event_end	ssl/quic/qlog.c	188	12	    return err ? ossl_time_zero() : r;	e	mdiv	Oz--enable-module-inliner|Oz-fprofile-arcs|Oz-fprofile-instr-generate
ossl_ed25519_verify	crypto/ec/curve25519.c	4593	45	            ge_sub(&t, &u, &Ai[(-aslide[i]) / 2]);	/	mdiv	Oz--enable-knowledge-retention|Oz--enable-module-inliner
DES_ofb_encrypt	crypto/des/ofb_enc.c	28	67	    register DES_LONG d0, d1, vv0, vv1, v0, v1, n = (numbits + 7) / 8;	/	mdiv	Oz--disable-machine-sink
make_addressPrefix	crypto/x509/v3_addr.c	409	35	    int bytelen = (prefixlen + 7) / 8, bitlen = prefixlen % 8;	/	mdiv	Oz--disable-machine-sink
do_passwd	apps/passwd.c	675	19	    for (n = 0; n < rounds; n++) {	<	mdiv	Oz--disable-machine-sink
DES_cfb_encrypt	crypto/des/cfb_enc.c	36	55	    register int num = numbits / 8, n = (numbits + 7) / 8, i, rem =	/	mdiv	Oz--disable-machine-sink
i2a_ASN1_INTEGER	crypto/asn1/f_int.c	35	23	        for (i = 0; i < a->length; i++) {	<	mdiv	Oz--disable-machine-sink
ossl_encode_der_integer	crypto/asn1_dsa.c	83	31	    cont_len = BN_num_bits(n) / 8 + 1;	/	mdiv	Oz--disable-machine-sink
bn_sqr_recursive	crypto/bn/bn_sqr.c	158	16	    int n = n2 / 2;	/	mdiv	Oz--disable-machine-sink
print_bignum_var	apps/lib/apps.c	1403	23	        for (i = 0; i < l; i++) {	<	mdiv	Oz--disable-machine-sink
i2a_ASN1_STRING	crypto/asn1/f_string.c	29	23	        for (i = 0; i < a->length; i++) {	<	mdiv	Oz--disable-machine-sink
print_array	apps/lib/apps.c	1419	19	    for (i = 0; i < len; i++) {	<	mdiv	Oz--disable-machine-sink
ossl_aria_set_encrypt_key	crypto/aria/aria.c	546	27	    int Nr = (bits + 256) / 32;	/	mdiv	Oz--disable-machine-sink
NETSCAPE_SPKI_print	crypto/asn1/t_spki.c	48	19	    for (i = 0; i < n; i++) {	<	mdiv	Oz--disable-machine-sink
srp_Calc_xy	crypto/srp/srp_lib.c	31	16	    int numN = BN_num_bytes(N);	B	mdiv	Oz--disable-machine-sink
ossl_ffc_params_print	crypto/ffc/ffc_params.c	303	30	        for (i = 0; i < ffc->seedlen; i++) {	s	mdiv	Oz--disable-machine-sink
make_addressPrefix	crypto/x509/v3_addr.c	409	59	    int bytelen = (prefixlen + 7) / 8, bitlen = prefixlen % 8;	%	mdiv	Oz--disable-machine-sink
added_obj_hash	crypto/objects/obj_dat.c	133	23	        for (i = 0; i < a->length; i++)	<	mdiv	Oz--disable-machine-sink
print_bin	crypto/ec/eck_prn.c	246	19	    for (i = 0; i < len; i++) {	<	mdiv	Oz--disable-machine-sink
ossl_ec_key_simple_priv2oct	crypto/ec/ec_key.c	1012	55	    buf_len = (EC_GROUP_order_bits(eckey->group) + 7) / 8;	/	mdiv	Oz--disable-machine-sink
X509_signature_dump	crypto/x509/t_x509.c	271	19	    for (i = 0; i < n; i++) {	<	mdiv	Oz--disable-machine-sink
ossl_bio_print_labeled_bignum	crypto/encode_decode/encoder_lib.c	757	12	    while (*p != '\0') {	*	mdiv	Oz--disable-machine-sink
ASN1_buf_print	crypto/asn1/t_pkey.c	25	19	    for (i = 0; i < buflen; i++) {	<	mdiv	Oz--disable-machine-sink
DES_cfb_encrypt	crypto/des/cfb_enc.c	36	32	    register int num = numbits / 8, n = (numbits + 7) / 8, i, rem =	/	mdiv	Oz--disable-machine-sink
ossl_bio_print_labeled_buf	crypto/encode_decode/encoder_lib.c	788	19	    for (i = 0; i < buflen; i++) {	<	mdiv	Oz--disable-machine-sink
_ZL5fmtfpPPcS0_PmS1_diiii.__uniq.232889095221120901334565011838152153734	crypto/bio/bio_print.c	705	59	        if (style == G_FORMAT && fplace == 0 && (fracpart % 10) == 0) {	%	mdiv	Oz-fpseudo-probe-for-profiling
CT_POLICY_EVAL_CTX_new_ex	crypto/ct/ct_policy.c	178	12	    return err ? ossl_time_infinite() : r;	e	mdiv	Oz--enable-knowledge-retention|Oz-fprofile-arcs|Oz-fprofile-instr-generate
port_default_packet_handler	ssl/quic/quic_port.c	195	12	    return a.t > b.t ? ossl_time_subtract(a, b)	a	cjump	Oz-fprofile-arcs|Oz-fprofile-instr-generate
BN_GF2m_mod_arr	crypto/bn/bn_gf2m.c	344	19	        d0 = p[0] % BN_BITS2;	%	mdiv	Oz-fprofile-arcs|Oz-fprofile-instr-generate
rcidm_tick	ssl/quic/quic_rcidm.c	484	29	        rcidm->packets_sent %= PACKETS_PER_RCID;	%	mdiv	Oz--enable-knowledge-retention|Oz-fprofile-arcs|Oz-fprofile-instr-generate
fmtfp	crypto/bio/bio_print.c	705	59	        if (style == G_FORMAT && fplace == 0 && (fracpart % 10) == 0) {	%	mdiv	Oz--simplifycfg-branch-fold-threshold=0|Oz-fprofile-arcs|Oz-fprofile-instr-generate
speed_main	apps/speed.c	3275	53	            rsa_results[testnum][0] = (double)count / d;	/	mdiv	Oz--aarch64-enable-global-isel-at-O=100|Oz--aarch64-enable-global-isel-at-O=50|Oz--enable-machine-outliner=never|Oz-fglobal-isel
speed_main	apps/speed.c	4562	51	                   1.0 / eddsa_results[k][0], 1.0 / eddsa_results[k][1],	/	mdiv	Oz--enable-machine-outliner=never|Oz--jump-threading-across-loop-headers
speed_main	apps/speed.c	4522	51	                   1.0 / ecdsa_results[k][0], 1.0 / ecdsa_results[k][1],	/	mdiv	Oz--enable-machine-outliner=never|Oz--jump-threading-across-loop-headers
ossl_bio_print_labeled_bignum	crypto/encode_decode/encoder_lib.c	759	20	        if ((bytes % 15) == 0 && bytes > 0) {	%	mdiv	Oz--jump-threading-across-loop-headers
julian_to_date	crypto/o_time.c	195	18	    j = (80 * L) / 2447;	/	mdiv	Oz-finline-hint-functions|Oz-finstrument-functions|Oz-fno-inline|Oz-fno-inline-functions
rc2_get_asn1_type_and_iv	crypto/evp/e_rc2.c	151	62	                || EVP_CIPHER_CTX_set_key_length(c, key_bits / 8) <= 0)	/	mdiv	Oz-finline-hint-functions|Oz-finstrument-functions|Oz-fno-inline|Oz-fno-inline-functions
fmtfp	crypto/bio/bio_print.c	696	51	        iconvert[iplace++] = "0123456789"[intpart % 10];	%	mdiv	Oz--unroll-force-peel-count=100|Oz--unroll-force-peel-count=50
leap_year	crypto/asn1/a_time.c	39	25	    if (year % 400 == 0 || (year % 100 != 0 && year % 4 == 0))	|	mdiv	Oz--two-entry-phi-node-folding-threshold=100|Oz--two-entry-phi-node-folding-threshold=50
ossl_quic_txpim_pkt_append_chunk	ssl/quic/quic_txpim.c	166	28	        new_alloc_chunks = (ex->alloc_chunks == 0) ? 4 : ex->alloc_chunks * 8 / 5;	(	mdiv	Oz--two-entry-phi-node-folding-threshold=100|Oz--two-entry-phi-node-folding-threshold=50
ossl_drbg_get_seed	providers/implementations/rands/drbg.c	154	20	    bytes_needed = entropy >= 0 ? (entropy + 7) / 8 : 0;	e	mdiv	Oz--two-entry-phi-node-folding-threshold=100|Oz--two-entry-phi-node-folding-threshold=50
ossl_ecdsa_simple_sign_sig	crypto/ec/ecdsa_ossl.c	328	9	    if (8 * dgst_len > i)	8	mdiv	Oz--two-entry-phi-node-folding-threshold=100|Oz--two-entry-phi-node-folding-threshold=50
ossl_ecdsa_simple_verify_sig	crypto/ec/ecdsa_ossl.c	505	9	    if (8 * dgst_len > i)	8	mdiv	Oz--two-entry-phi-node-folding-threshold=100|Oz--two-entry-phi-node-folding-threshold=50
ossl_punycode_decode	crypto/punycode.c	49	13	    delta = (firsttime) ? delta / damp : delta / 2;	(	mdiv	Oz--two-entry-phi-node-folding-threshold=100|Oz--two-entry-phi-node-folding-threshold=50
CRYPTO_gcm128_decrypt	crypto/modes/gcm128.c	1087	13	            while (len >= GHASH_CHUNK) {	w	mdiv	Oz--scev-cheap-expansion-budget=100|Oz--scev-cheap-expansion-budget=50
CRYPTO_gcm128_encrypt	crypto/modes/gcm128.c	860	13	            while (len >= GHASH_CHUNK) {	w	mdiv	Oz--scev-cheap-expansion-budget=100|Oz--scev-cheap-expansion-budget=50
evp_encodeblock_int	crypto/evp/encode.c	243	10	    for (i = dlen; i > 0; i -= 3) {	i	mdiv	Oz--scev-cheap-expansion-budget=100|Oz--scev-cheap-expansion-budget=50
asn1_print_fsname	crypto/asn1/tasn_prn.c	336	5	    while (indent > nspaces) {	w	mdiv	Oz--scev-cheap-expansion-budget=100|Oz--scev-cheap-expansion-budget=50
gmac_update	providers/implementations/macs/gmac_prov.c	136	5	    while (datalen > INT_MAX) {	w	mdiv	Oz--scev-cheap-expansion-budget=100|Oz--scev-cheap-expansion-budget=50
speed_main	apps/speed.c	4626	24	                   1.0 / kems_results[k][1], 1.0 / kems_results[k][2],	/	mdiv	Oz--enable-machine-outliner=never
speed_main	apps/speed.c	4625	24	                   1.0 / kems_results[k][0],	/	mdiv	Oz--enable-machine-outliner=never
speed_main	apps/speed.c	4647	50	                   1.0 / sigs_results[k][0], 1.0 / sigs_results[k][1],	/	mdiv	Oz--enable-machine-outliner=never
speed_main	apps/speed.c	4626	50	                   1.0 / kems_results[k][1], 1.0 / kems_results[k][2],	/	mdiv	Oz--enable-machine-outliner=never
speed_main	apps/speed.c	4647	24	                   1.0 / sigs_results[k][0], 1.0 / sigs_results[k][1],	/	mdiv	Oz--enable-machine-outliner=never
speed_main	apps/speed.c	4648	24	                   1.0 / sigs_results[k][2], sigs_results[k][0],	/	mdiv	Oz--enable-machine-outliner=never
SSL_poll	ssl/rio/poll_immediate.c	125	5	    return t;	r	mdiv	Oz--enable-knowledge-retention
