function	file	line	col	source	char	type	optimization
fmtint	crypto/bio/bio_print.c	469	26	        uvalue = (uvalue / (unsigned)base);	/	cjump	O0--expand-div-rem-bits=0|O0--expand-div-rem-bits=50|O1--expand-div-rem-bits=0|O1--expand-div-rem-bits=50|O2--expand-div-rem-bits=0|O2--expand-div-rem-bits=50|O2-fcs-profile-generate|O2-fprofile-generate|O2-fprofile-instr-generate|O3--expand-div-rem-bits=0|O3--expand-div-rem-bits=50|O3-fcs-profile-generate|O3-fprofile-generate|O3-fprofile-instr-generate|Ofast--expand-div-rem-bits=0|Ofast--expand-div-rem-bits=50|Ofast-fcs-profile-generate|Ofast-fprofile-generate|Ofast-fprofile-instr-generate|Os--expand-div-rem-bits=0|Os--expand-div-rem-bits=50|Oz--expand-div-rem-bits=0|Oz--expand-div-rem-bits=50
ossl_cipher_generic_block_update	providers/implementations/ciphers/ciphercommon.c	608	35	            padnum = blksz - (inl % blksz);	%	cjump	O0--expand-div-rem-bits=0|O0--expand-div-rem-bits=50|O1--expand-div-rem-bits=0|O1--expand-div-rem-bits=50|Os--expand-div-rem-bits=0|Os--expand-div-rem-bits=50|Oz--expand-div-rem-bits=0|Oz--expand-div-rem-bits=50
ssl3_write_bytes	ssl/record/rec_layer_s3.c	449	24	            remain = n % maxpipes;	%	cjump	O0--expand-div-rem-bits=0|O0--expand-div-rem-bits=50|O1--expand-div-rem-bits=0|O1--expand-div-rem-bits=50|O2--expand-div-rem-bits=0|O2--expand-div-rem-bits=50|O3--expand-div-rem-bits=0|O3--expand-div-rem-bits=50|Ofast--expand-div-rem-bits=0|Ofast--expand-div-rem-bits=50|Os--expand-div-rem-bits=0|Os--expand-div-rem-bits=50|Oz--expand-div-rem-bits=0|Oz--expand-div-rem-bits=50
err_string_data_hash	crypto/err/err.c	174	23	    return (ret ^ ret % 19 * 13);	%	cjump	O0--expand-div-rem-bits=0|O0--expand-div-rem-bits=50|O1--expand-div-rem-bits=0|O1--expand-div-rem-bits=50|O2--expand-div-rem-bits=0|O2--expand-div-rem-bits=50|O3--expand-div-rem-bits=0|O3--expand-div-rem-bits=50|Ofast--expand-div-rem-bits=0|Ofast--expand-div-rem-bits=50|Os--expand-div-rem-bits=0|Os--expand-div-rem-bits=50|Oz--expand-div-rem-bits=0|Oz--expand-div-rem-bits=50
ssl3_cbc_digest_record	ssl/record/methods/ssl3_cbc.c	301	24	    c = mac_end_offset % md_block_size;	%	cjump	O0--expand-div-rem-bits=0|O0--expand-div-rem-bits=50
tls1_cipher	ssl/record/methods/tls1_meth.c	292	40	            padnum = bs - (reclen[ctr] % bs);	%	cjump	O0--expand-div-rem-bits=0|O0--expand-div-rem-bits=50|O1--expand-div-rem-bits=0|O1--expand-div-rem-bits=50|Os--expand-div-rem-bits=0|Os--expand-div-rem-bits=50|Oz--expand-div-rem-bits=0|Oz--expand-div-rem-bits=50
pkcs12kdf_derive	providers/implementations/kdfs/pkcs12kdf.c	92	23	        *p++ = pass[i % passlen];	%	cjump	O0--expand-div-rem-bits=0|O0--expand-div-rem-bits=50
ossl_ec_wNAF_mul	crypto/ec/ec_mult.c	481	46	            numblocks = (BN_num_bits(scalar) / blocksize) + 1;	/	cjump	O0--expand-div-rem-bits=0|O0--expand-div-rem-bits=50|O1--expand-div-rem-bits=0|O1--expand-div-rem-bits=50|Os--expand-div-rem-bits=0|Os--expand-div-rem-bits=50|Oz--expand-div-rem-bits=0|Oz--expand-div-rem-bits=50
fill_segment	providers/implementations/kdfs/argon2.c	525	34	        ref_lane = ((rnd >> 32)) % ctx->lanes;	%	cjump	O0--expand-div-rem-bits=0|O0--expand-div-rem-bits=50|O1--expand-div-rem-bits=0|O1--expand-div-rem-bits=50|O2--expand-div-rem-bits=0|O3--expand-div-rem-bits=0|Ofast--expand-div-rem-bits=0|Os--expand-div-rem-bits=0|Oz--expand-div-rem-bits=0
index_alpha	providers/implementations/kdfs/argon2.c	461	37	    abs_pos = (start_pos + rel_pos) % ctx->lane_length;	%	cjump	O0--expand-div-rem-bits=0|O0--expand-div-rem-bits=50
ossl_punycode_decode	crypto/punycode.c	182	11	        i %= (written_out + 1);	%	cjump	O0--expand-div-rem-bits=0|O0--expand-div-rem-bits=50|O1--expand-div-rem-bits=0|O1--expand-div-rem-bits=50|O2--expand-div-rem-bits=0|O2--expand-div-rem-bits=50|O3--expand-div-rem-bits=0|O3--expand-div-rem-bits=50|Ofast--expand-div-rem-bits=0|Ofast--expand-div-rem-bits=50|Os--expand-div-rem-bits=0|Os--expand-div-rem-bits=50|Oz--expand-div-rem-bits=0|Oz--expand-div-rem-bits=50
ssl_cert_dup	ssl/ssl_cert.c	114	38	    ret->key = &ret->pkeys[cert->key - cert->pkeys];	-	cjump	O0--expand-div-rem-bits=0|O0--expand-div-rem-bits=50
DES_quad_cksum	crypto/des/qud_cksm.c	70	70	            z1 = ((t0 * ((t1 + NOISE) & 0xffffffffL)) & 0xffffffffL) %	%	cjump	O0--expand-div-rem-bits=0|O0--expand-div-rem-bits=50
sh_find_my_buddy	crypto/mem_sec.c	623	44	    bit = (ONE << list) + (ptr - sh.arena) / (sh.arena_size >> list);	/	cjump	O0--expand-div-rem-bits=0|O0--expand-div-rem-bits=50|Os--expand-div-rem-bits=0|Os--expand-div-rem-bits=50|Oz--expand-div-rem-bits=0|Oz--expand-div-rem-bits=50
probable_prime	crypto/bn/bn_prime.c	522	38	                 : (mods[i] + delta) % primes[i] == 0) {	%	cjump	O0--expand-div-rem-bits=0|O0--expand-div-rem-bits=50
n_fold	providers/implementations/kdfs/krb5kdf.c	321	27	        rotbits = 13 * (l / constant_len);	/	cjump	O0--expand-div-rem-bits=0|O0--expand-div-rem-bits=50
kek_wrap_key	crypto/cms/cms_pwri.c	270	39	    olen = (inlen + 4 + blocklen - 1) / blocklen;	/	cjump	O0--expand-div-rem-bits=0|O0--expand-div-rem-bits=50
bn_div_words	crypto/bn/bn_asm.c	233	19	            q = h / dh;	/	cjump	O0--expand-div-rem-bits=0|O0--expand-div-rem-bits=50|O1--expand-div-rem-bits=0|O1--expand-div-rem-bits=50|Os--expand-div-rem-bits=0|Os--expand-div-rem-bits=50|Oz--expand-div-rem-bits=0|Oz--expand-div-rem-bits=50
sh_init	crypto/mem_sec.c	473	39	    sh.bittable_size = (sh.arena_size / sh.minsize) * 2;	/	cjump	O0--expand-div-rem-bits=0|O0--expand-div-rem-bits=50
julian_to_date	crypto/o_time.c	197	11	    L = j / 11;	/	cjump	O0--expand-div-rem-bits=0|O0--expand-div-rem-bits=50
ssl_cert_set_current	ssl/ssl_cert.c	400	31	        idx = (size_t)(c->key - c->pkeys + 1);	-	cjump	O0--expand-div-rem-bits=0|O0--expand-div-rem-bits=50|O1--expand-div-rem-bits=0|O1--expand-div-rem-bits=50|O2--expand-div-rem-bits=0|O2--expand-div-rem-bits=50|O3--expand-div-rem-bits=0|O3--expand-div-rem-bits=50|Ofast--expand-div-rem-bits=0|Ofast--expand-div-rem-bits=50|Os--expand-div-rem-bits=0|Os--expand-div-rem-bits=50|Oz--expand-div-rem-bits=0|Oz--expand-div-rem-bits=50
OPENSSL_LH_node_usage_stats_bio	crypto/lhash/lh_stats.c	125	52	               (int)(total / n_used), (int)((total % n_used) * 100 / n_used));	%	cjump	O0--expand-div-rem-bits=0|O0--expand-div-rem-bits=50|O1--expand-div-rem-bits=0|O1--expand-div-rem-bits=50|O2--expand-div-rem-bits=0|O2--expand-div-rem-bits=50|O3--expand-div-rem-bits=0|O3--expand-div-rem-bits=50|Ofast--expand-div-rem-bits=0|Ofast--expand-div-rem-bits=50|Os--expand-div-rem-bits=0|Os--expand-div-rem-bits=50|Oz--expand-div-rem-bits=0|Oz--expand-div-rem-bits=50
ossl_ec_wNAF_precompute_mult	crypto/ec/ec_mult.c	876	40	    numblocks = (bits + blocksize - 1) / blocksize; /* max. number of blocks	/	cjump	O0--expand-div-rem-bits=0|O0--expand-div-rem-bits=50
cmd_Certificate	ssl/ssl_conf.c	465	60	            char **pfilename = &cctx->cert_filename[c->key - c->pkeys];	-	cjump	O0--expand-div-rem-bits=0|O0--expand-div-rem-bits=50
inverse	crypto/idea/i_skey.c	104	21	            r = (n1 % n2);	%	cjump	O0--expand-div-rem-bits=0|O0--expand-div-rem-bits=50
pkcs12kdf_derive	providers/implementations/kdfs/pkcs12kdf.c	77	35	    Slen = v * ((saltlen + v - 1) / v);	/	cjump	O0--expand-div-rem-bits=0|O0--expand-div-rem-bits=50
julian_to_date	crypto/o_time.c	195	18	    j = (80 * L) / 2447;	/	cjump	O0--expand-div-rem-bits=0|O0--expand-div-rem-bits=50
add_entry	apps/rehash.c	129	38	    unsigned int ndx = (type + hash) % OSSL_NELEM(hash_table);	%	cjump	O0--expand-div-rem-bits=0|O0--expand-div-rem-bits=50|O1--expand-div-rem-bits=0|O2--expand-div-rem-bits=0|O3--expand-div-rem-bits=0|Ofast--expand-div-rem-bits=0|Os--expand-div-rem-bits=0|Oz--expand-div-rem-bits=0
fmtfp	crypto/bio/bio_print.c	713	52	        fconvert[fplace++] = "0123456789"[fracpart % 10];	%	cjump	O0--expand-div-rem-bits=0|O0--expand-div-rem-bits=50
ossl_ifc_ffc_compute_security_bits	crypto/rsa/rsa_lib.c	376	20	                   / log_2);	/	cjump	O0--expand-div-rem-bits=0|O0--expand-div-rem-bits=50|O1--expand-div-rem-bits=0|O1--expand-div-rem-bits=50|O2--expand-div-rem-bits=0|O2--expand-div-rem-bits=50|O3--expand-div-rem-bits=0|O3--expand-div-rem-bits=50|Ofast--expand-div-rem-bits=0|Ofast--expand-div-rem-bits=50|Os--expand-div-rem-bits=0|Os--expand-div-rem-bits=50|Oz--expand-div-rem-bits=0|Oz--expand-div-rem-bits=50
julian_to_date	crypto/o_time.c	196	25	    *d = L - (2447 * j) / 80;	/	cjump	O0--expand-div-rem-bits=0|O0--expand-div-rem-bits=50
OPENSSL_LH_node_usage_stats_bio	crypto/lhash/lh_stats.c	125	28	               (int)(total / n_used), (int)((total % n_used) * 100 / n_used));	/	cjump	O0--expand-div-rem-bits=0|O0--expand-div-rem-bits=50|O1--expand-div-rem-bits=0|O1--expand-div-rem-bits=50|Os--expand-div-rem-bits=0|Os--expand-div-rem-bits=50|Oz--expand-div-rem-bits=0|Oz--expand-div-rem-bits=50
n_fold	providers/implementations/kdfs/krb5kdf.c	330	33	               | constant[rbyte % constant_len] >> rshift)	%	cjump	O0--expand-div-rem-bits=0|O0--expand-div-rem-bits=50
ssl3_write_bytes	ssl/record/rec_layer_s3.c	448	28	            tmppipelen = n / maxpipes;	/	cjump	O0--expand-div-rem-bits=0|O0--expand-div-rem-bits=50
BN_mod_exp_mont_word	crypto/bn/bn_exp.c	1213	11	        a %= m->d[0];           /* make sure that 'a' is reduced */	%	cjump	O0--expand-div-rem-bits=0|O0--expand-div-rem-bits=50|O1--expand-div-rem-bits=0|O1--expand-div-rem-bits=50|Os--expand-div-rem-bits=0|Os--expand-div-rem-bits=50|Oz--expand-div-rem-bits=0|Oz--expand-div-rem-bits=50
ossl_rand_pool_adin_mix_in	crypto/rand/rand_pool.c	443	28	            pool->buffer[i % pool->len] ^= adin[i];	%	cjump	O0--expand-div-rem-bits=0|O0--expand-div-rem-bits=50|O1--expand-div-rem-bits=0|O1--expand-div-rem-bits=50|Os--expand-div-rem-bits=0|Os--expand-div-rem-bits=50|Oz--expand-div-rem-bits=0|Oz--expand-div-rem-bits=50
inverse	crypto/idea/i_skey.c	105	26	            q = (n1 - r) / n2;	/	cjump	O0--expand-div-rem-bits=0|O0--expand-div-rem-bits=50|Oz--expand-div-rem-bits=0|Oz--expand-div-rem-bits=50
tls1_check_chain	ssl/t1_lib.c	4027	29	            idx = (int)(cpk - c->pkeys);	-	cjump	O0--expand-div-rem-bits=0|O0--expand-div-rem-bits=50|O1--expand-div-rem-bits=0|O1--expand-div-rem-bits=50|O2--expand-div-rem-bits=0|O2--expand-div-rem-bits=50|O3--expand-div-rem-bits=0|O3--expand-div-rem-bits=50|Ofast--expand-div-rem-bits=0|Ofast--expand-div-rem-bits=50|Os--expand-div-rem-bits=0|Os--expand-div-rem-bits=50|Oz--expand-div-rem-bits=0|Oz--expand-div-rem-bits=50
bytepad	providers/implementations/macs/kmac_prov.c	632	24	    sz = (len + w - 1) / w * w;	/	cjump	O0--expand-div-rem-bits=0|O0--expand-div-rem-bits=50
julian_adj	crypto/o_time.c	140	29	    offset_day = offset_sec / SECS_PER_DAY;	/	cjump	O0--expand-div-rem-bits=0|O0--expand-div-rem-bits=50|Os--expand-div-rem-bits=0|Os--expand-div-rem-bits=50|Oz--expand-div-rem-bits=0|Oz--expand-div-rem-bits=50
OPENSSL_LH_node_usage_stats_bio	crypto/lhash/lh_stats.c	125	68	               (int)(total / n_used), (int)((total % n_used) * 100 / n_used));	/	cjump	O0--expand-div-rem-bits=0|O0--expand-div-rem-bits=50|O1--expand-div-rem-bits=0|O1--expand-div-rem-bits=50|Os--expand-div-rem-bits=0|Os--expand-div-rem-bits=50|Oz--expand-div-rem-bits=0|Oz--expand-div-rem-bits=50
BUF_MEM_grow_clean	crypto/buffer/buffer.c	128	19	    n = (len + 3) / 3 * 4;	/	cjump	O0--expand-div-rem-bits=0|O0--expand-div-rem-bits=50|O1--expand-div-rem-bits=0|O1--expand-div-rem-bits=50|O2--expand-div-rem-bits=0|O3--expand-div-rem-bits=0|Ofast--expand-div-rem-bits=0|Os--expand-div-rem-bits=0|Oz--expand-div-rem-bits=0
HKDF_Expand	providers/implementations/kdfs/hkdf.c	631	17	    n = okm_len / dig_len;	/	cjump	O0--expand-div-rem-bits=0|O0--expand-div-rem-bits=50|O1--expand-div-rem-bits=0|O1--expand-div-rem-bits=50|Os--expand-div-rem-bits=0|Os--expand-div-rem-bits=50|Oz--expand-div-rem-bits=0|Oz--expand-div-rem-bits=50
base64encode	crypto/http/http_client.c	1406	17	    outl = (len / 3);	/	cjump	O0--expand-div-rem-bits=0|O0--expand-div-rem-bits=50
timestamp_print	crypto/ct/ct_prn.c	37	46	                             (int)(timestamp / 86400000),	/	cjump	O0--expand-div-rem-bits=0|O0--expand-div-rem-bits=50
DES_quad_cksum	crypto/des/qud_cksm.c	69	34	                  & 0xffffffffL) % 0x7fffffffL;	%	cjump	O0--expand-div-rem-bits=0|O0--expand-div-rem-bits=50
DTLS_get_data_mtu	ssl/d1_lib.c	965	21	        mtu -= (mtu % blocksize);	%	cjump	O0--expand-div-rem-bits=0|O0--expand-div-rem-bits=50|O1--expand-div-rem-bits=0|O1--expand-div-rem-bits=50|Os--expand-div-rem-bits=0|Os--expand-div-rem-bits=50|Oz--expand-div-rem-bits=0|Oz--expand-div-rem-bits=50
ssl3_cbc_digest_record	ssl/record/methods/ssl3_cbc.c	311	49	    index_b = (mac_end_offset + md_length_size) / md_block_size;	/	cjump	O0--expand-div-rem-bits=0|O0--expand-div-rem-bits=50|O1--expand-div-rem-bits=0|O1--expand-div-rem-bits=50|Os--expand-div-rem-bits=0|Os--expand-div-rem-bits=50|Oz--expand-div-rem-bits=0|Oz--expand-div-rem-bits=50
pkcs12kdf_derive	providers/implementations/kdfs/pkcs12kdf.c	90	23	        *p++ = salt[i % saltlen];	%	cjump	O0--expand-div-rem-bits=0|O0--expand-div-rem-bits=50
rcidm_roll	ssl/quic/quic_rcidm.c	484	29	        rcidm->packets_sent %= PACKETS_PER_RCID;	%	cjump	O0--expand-div-rem-bits=0|O0--expand-div-rem-bits=50
tls13_add_record_padding	ssl/record/methods/tls13_meth.c	384	38	                    remainder = rlen % bp;	%	cjump	O0--expand-div-rem-bits=0|O0--expand-div-rem-bits=50|O1--expand-div-rem-bits=0|O1--expand-div-rem-bits=50|Os--expand-div-rem-bits=0|Os--expand-div-rem-bits=50|Oz--expand-div-rem-bits=0|Oz--expand-div-rem-bits=50
ssl3_cipher	ssl/record/methods/ssl3_meth.c	132	21	        i = bs - (l % bs);	%	cjump	O0--expand-div-rem-bits=0|O0--expand-div-rem-bits=50|O1--expand-div-rem-bits=0|O1--expand-div-rem-bits=50|Os--expand-div-rem-bits=0|Os--expand-div-rem-bits=50|Oz--expand-div-rem-bits=0|Oz--expand-div-rem-bits=50
n_fold	providers/implementations/kdfs/krb5kdf.c	329	35	        tmp = (constant[(rbyte-1) % constant_len] << (8 - rshift)	%	cjump	O0--expand-div-rem-bits=0|O0--expand-div-rem-bits=50
fmtint	crypto/bio/bio_print.c	468	21	            [uvalue % (unsigned)base];	%	cjump	O0--expand-div-rem-bits=0|O0--expand-div-rem-bits=50|O1--expand-div-rem-bits=0|O1--expand-div-rem-bits=50|Os--expand-div-rem-bits=0|Os--expand-div-rem-bits=50|Oz--expand-div-rem-bits=0|Oz--expand-div-rem-bits=50
timestamp_print	crypto/ct/ct_prn.c	38	41	                             (timestamp % 86400000) / 1000);	%	cjump	O0--expand-div-rem-bits=0|O0--expand-div-rem-bits=50
tls_get_max_records_default	ssl/record/methods/tls_common.c	1533	28	        pipes = ((len - 1) / *preffrag) + 1;	/	cjump	O0--expand-div-rem-bits=0|O0--expand-div-rem-bits=50|O1--expand-div-rem-bits=0|O1--expand-div-rem-bits=50|Os--expand-div-rem-bits=0|Os--expand-div-rem-bits=50|Oz--expand-div-rem-bits=0|Oz--expand-div-rem-bits=50
scryptROMix	providers/implementations/kdfs/scrypt.c	408	33	        j = X[16 * (2 * r - 1)] % N;	%	cjump	O0--expand-div-rem-bits=0|O0--expand-div-rem-bits=50
timestamp_print	crypto/ct/ct_prn.c	44	71	                 ASN1_STRING_get0_data(gen), (unsigned int)(timestamp % 1000));	%	cjump	O0--expand-div-rem-bits=0|O0--expand-div-rem-bits=50
OSSL_sleep	crypto/sleep.c	63	37	    ts.tv_nsec = (long int) (millis % 1000) * 1000000ul;	%	cjump	O0--expand-div-rem-bits=0|O0--expand-div-rem-bits=50|O1--expand-div-rem-bits=0|O1--expand-div-rem-bits=50|O2--expand-div-rem-bits=0|O2--expand-div-rem-bits=50|O3--expand-div-rem-bits=0|O3--expand-div-rem-bits=50|Ofast--expand-div-rem-bits=0|Ofast--expand-div-rem-bits=50|Os--expand-div-rem-bits=0|Os--expand-div-rem-bits=50|Oz--expand-div-rem-bits=0|Oz--expand-div-rem-bits=50
BUF_MEM_grow	crypto/buffer/buffer.c	91	19	    n = (len + 3) / 3 * 4;	/	cjump	O0--expand-div-rem-bits=0|O0--expand-div-rem-bits=50|O1--expand-div-rem-bits=0|O1--expand-div-rem-bits=50|O2--expand-div-rem-bits=0|O3--expand-div-rem-bits=0|Ofast--expand-div-rem-bits=0|Os--expand-div-rem-bits=0|Oz--expand-div-rem-bits=0
cmd_Certificate	ssl/ssl_conf.c	460	33	        size_t fileidx = c->key - c->pkeys;	-	cjump	O0--expand-div-rem-bits=0|O0--expand-div-rem-bits=50|O1--expand-div-rem-bits=0|O1--expand-div-rem-bits=50|O2--expand-div-rem-bits=0|O2--expand-div-rem-bits=50|O3--expand-div-rem-bits=0|O3--expand-div-rem-bits=50|Ofast--expand-div-rem-bits=0|Ofast--expand-div-rem-bits=50|Os--expand-div-rem-bits=0|Os--expand-div-rem-bits=50|Oz--expand-div-rem-bits=0|Oz--expand-div-rem-bits=50
ssl3_mac	ssl/record/methods/ssl3_meth.c	235	16	    npad = (48 / md_size) * md_size;	/	cjump	O0--expand-div-rem-bits=0|O0--expand-div-rem-bits=50
tls_choose_sigalg	ssl/t1_lib.c	4685	51	                        int cc_idx = s->cert->key - s->cert->pkeys;	-	cjump	O0--expand-div-rem-bits=0|O0--expand-div-rem-bits=50|O1--expand-div-rem-bits=0|O1--expand-div-rem-bits=50|O2--expand-div-rem-bits=0|O2--expand-div-rem-bits=50|O3--expand-div-rem-bits=0|O3--expand-div-rem-bits=50|Ofast--expand-div-rem-bits=0|Ofast--expand-div-rem-bits=50|Os--expand-div-rem-bits=0|Os--expand-div-rem-bits=50|Oz--expand-div-rem-bits=0|Oz--expand-div-rem-bits=50
CMAC_Update	crypto/cmac/cmac.c	213	32	    cipher_blocks = (dlen - 1) / bl;	/	cjump	O0--expand-div-rem-bits=0|O0--expand-div-rem-bits=50|O1--expand-div-rem-bits=0|O1--expand-div-rem-bits=50|Os--expand-div-rem-bits=0|Os--expand-div-rem-bits=50|Oz--expand-div-rem-bits=0|Oz--expand-div-rem-bits=50
ossl_sha3_squeeze	crypto/sha/sha3.c	192	29	        len = bsz * (outlen / bsz);	/	cjump	O0--expand-div-rem-bits=0|O0--expand-div-rem-bits=50
tls1_get_legacy_sigalg	ssl/t1_lib.c	2495	32	            idx = s->cert->key - s->cert->pkeys;	-	cjump	O0--expand-div-rem-bits=0|O0--expand-div-rem-bits=50|O1--expand-div-rem-bits=0|O1--expand-div-rem-bits=50|O2--expand-div-rem-bits=0|O2--expand-div-rem-bits=50|O3--expand-div-rem-bits=0|O3--expand-div-rem-bits=50|Ofast--expand-div-rem-bits=0|Ofast--expand-div-rem-bits=50|Os--expand-div-rem-bits=0|Os--expand-div-rem-bits=50|Oz--expand-div-rem-bits=0|Oz--expand-div-rem-bits=50
json_u64	ssl/quic/json_enc.c	552	28	            *--p = '0' + v % 10;	%	cjump	O0--expand-div-rem-bits=0|O0--expand-div-rem-bits=50|O1--expand-div-rem-bits=0|O1--expand-div-rem-bits=50|O2--expand-div-rem-bits=0|O2--expand-div-rem-bits=50|O3--expand-div-rem-bits=0|O3--expand-div-rem-bits=50|Ofast--expand-div-rem-bits=0|Ofast--expand-div-rem-bits=50|Os--expand-div-rem-bits=0|Os--expand-div-rem-bits=50|Oz--expand-div-rem-bits=0|Oz--expand-div-rem-bits=50
pkcs12kdf_derive	providers/implementations/kdfs/pkcs12kdf.c	113	25	            B[j] = Ai[j % u];	%	cjump	O0--expand-div-rem-bits=0|O0--expand-div-rem-bits=50
sh_actual_size	crypto/mem_sec.c	747	26	    return sh.arena_size / (ONE << list);	/	cjump	O0--expand-div-rem-bits=0|O0--expand-div-rem-bits=50
BN_mod_word	crypto/bn/bn_word.c	51	73	        ret = ((ret << BN_BITS4) | ((a->d[i] >> BN_BITS4) & BN_MASK2l)) % w;	%	cjump	O0--expand-div-rem-bits=0|O0--expand-div-rem-bits=50|O1--expand-div-rem-bits=0|O1--expand-div-rem-bits=50|Os--expand-div-rem-bits=0|Os--expand-div-rem-bits=50|Oz--expand-div-rem-bits=0|Oz--expand-div-rem-bits=50
julian_to_date	crypto/o_time.c	193	26	    i = (4000 * (L + 1)) / 1461001;	/	cjump	O0--expand-div-rem-bits=0|O0--expand-div-rem-bits=50
ossl_ffc_params_FIPS186_2_gen_verify	crypto/ffc/ffc_params_generate.c	947	21	        n = (L - 1) / 160;	/	cjump	O0--expand-div-rem-bits=0|O0--expand-div-rem-bits=50
getrn	crypto/lhash/lhash.c	333	15	    nn = hash % lh->pmax;	%	cjump	O0--expand-div-rem-bits=0|O0--expand-div-rem-bits=50|Os--expand-div-rem-bits=0|Os--expand-div-rem-bits=50|Oz--expand-div-rem-bits=0|Oz--expand-div-rem-bits=50
getrn	crypto/lhash/lhash.c	335	19	        nn = hash % lh->num_alloc_nodes;	%	cjump	O0--expand-div-rem-bits=0|O0--expand-div-rem-bits=50|Os--expand-div-rem-bits=0|Os--expand-div-rem-bits=50|Oz--expand-div-rem-bits=0|Oz--expand-div-rem-bits=50
tls_collect_extensions	ssl/statem/extensions.c	659	22	        idx = thisex - raw_extensions;	-	cjump	O0--expand-div-rem-bits=0|O0--expand-div-rem-bits=50|O1--expand-div-rem-bits=0|O1--expand-div-rem-bits=50|O2--expand-div-rem-bits=0|O2--expand-div-rem-bits=50|O3--expand-div-rem-bits=0|O3--expand-div-rem-bits=50|Ofast--expand-div-rem-bits=0|Ofast--expand-div-rem-bits=50|Os--expand-div-rem-bits=0|Os--expand-div-rem-bits=50|Oz--expand-div-rem-bits=0|Oz--expand-div-rem-bits=50
fmtfp	crypto/bio/bio_print.c	696	51	        iconvert[iplace++] = "0123456789"[intpart % 10];	%	cjump	O0--expand-div-rem-bits=0|O0--expand-div-rem-bits=50|O1--expand-div-rem-bits=0|O1--expand-div-rem-bits=50|O2--expand-div-rem-bits=0|O2--expand-div-rem-bits=50|O3--expand-div-rem-bits=0|O3--expand-div-rem-bits=50|Ofast--expand-div-rem-bits=0|Ofast--expand-div-rem-bits=50|Os--expand-div-rem-bits=0|Os--expand-div-rem-bits=50|Oz--expand-div-rem-bits=0|Oz--expand-div-rem-bits=50
s_time_main	apps/s_time.c	400	73	             nConn, (long)time(NULL) - finishtime + maxtime, bytes_read / nConn);	/	cjump	O0--expand-div-rem-bits=0|O0--expand-div-rem-bits=50|O1--expand-div-rem-bits=0|O1--expand-div-rem-bits=50|Os--expand-div-rem-bits=0|Os--expand-div-rem-bits=50|Oz--expand-div-rem-bits=0|Oz--expand-div-rem-bits=50
fmtfp	crypto/bio/bio_print.c	697	28	        intpart = (intpart / 10);	/	cjump	O0--expand-div-rem-bits=0|O0--expand-div-rem-bits=50|O1--expand-div-rem-bits=0|O1--expand-div-rem-bits=50|O2--expand-div-rem-bits=0|O2--expand-div-rem-bits=50|O3--expand-div-rem-bits=0|O3--expand-div-rem-bits=50|Ofast--expand-div-rem-bits=0|Ofast--expand-div-rem-bits=50|Os--expand-div-rem-bits=0|Os--expand-div-rem-bits=50|Oz--expand-div-rem-bits=0|Oz--expand-div-rem-bits=50
ilog_e	crypto/rsa/rsa_lib.c	301	31	    r = (r * (uint64_t)scale) / log_e;	/	cjump	O0--expand-div-rem-bits=0|O0--expand-div-rem-bits=50
ossl_crypto_condvar_wait_timeout	crypto/thread/arch/thread_posix.c	197	42	            = (ossl_time2ticks(deadline) % OSSL_TIME_SECOND) / OSSL_TIME_NS;	%	cjump	O0--expand-div-rem-bits=0|O0--expand-div-rem-bits=50|O1--expand-div-rem-bits=0|O1--expand-div-rem-bits=50|O2--expand-div-rem-bits=0|O2--expand-div-rem-bits=50|O3--expand-div-rem-bits=0|O3--expand-div-rem-bits=50|Ofast--expand-div-rem-bits=0|Ofast--expand-div-rem-bits=50|Os--expand-div-rem-bits=0|Os--expand-div-rem-bits=50|Oz--expand-div-rem-bits=0|Oz--expand-div-rem-bits=50
OPENSSL_LH_node_usage_stats_bio	crypto/lhash/lh_stats.c	123	28	               (int)(total / lh->num_nodes),	/	cjump	O0--expand-div-rem-bits=0|O0--expand-div-rem-bits=50|O1--expand-div-rem-bits=0|O1--expand-div-rem-bits=50|Os--expand-div-rem-bits=0|Os--expand-div-rem-bits=50|Oz--expand-div-rem-bits=0|Oz--expand-div-rem-bits=50
pkcs12kdf_derive	providers/implementations/kdfs/pkcs12kdf.c	79	39	        Plen = v * ((passlen + v - 1) / v);	/	cjump	O0--expand-div-rem-bits=0|O0--expand-div-rem-bits=50
probable_prime_dh	crypto/bn/bn_prime.c	602	38	                 : (mods[i] + delta) % primes[i] == 0) {	%	cjump	O0--expand-div-rem-bits=0|O0--expand-div-rem-bits=50
ssl_cache_cipherlist	ssl/ssl_lib.c	7079	61	        size_t numciphers = PACKET_remaining(cipher_suites) / n;	/	cjump	O0--expand-div-rem-bits=0|O0--expand-div-rem-bits=50|O1--expand-div-rem-bits=0|O1--expand-div-rem-bits=50|O2--expand-div-rem-bits=0|O2--expand-div-rem-bits=50|O3--expand-div-rem-bits=0|O3--expand-div-rem-bits=50|Ofast--expand-div-rem-bits=0|Ofast--expand-div-rem-bits=50|Os--expand-div-rem-bits=0|Os--expand-div-rem-bits=50|Oz--expand-div-rem-bits=0|Oz--expand-div-rem-bits=50
ssl3_cbc_digest_record	ssl/record/methods/ssl3_cbc.c	306	30	    index_a = mac_end_offset / md_block_size;	/	cjump	O0--expand-div-rem-bits=0|O0--expand-div-rem-bits=50|O1--expand-div-rem-bits=0|O1--expand-div-rem-bits=50|Os--expand-div-rem-bits=0|Os--expand-div-rem-bits=50|Oz--expand-div-rem-bits=0|Oz--expand-div-rem-bits=50
ossl_ffc_params_FIPS186_4_gen_verify	crypto/ffc/ffc_params_generate.c	679	17	    n = (L - 1) / (mdsize << 3);	/	cjump	O0--expand-div-rem-bits=0|O0--expand-div-rem-bits=50|O1--expand-div-rem-bits=0|O1--expand-div-rem-bits=50|Os--expand-div-rem-bits=0|Os--expand-div-rem-bits=50|Oz--expand-div-rem-bits=0|Oz--expand-div-rem-bits=50
ossl_punycode_decode	crypto/punycode.c	181	19	        n = n + i / (written_out + 1);	/	cjump	O0--expand-div-rem-bits=0|O0--expand-div-rem-bits=50
ssl3_cbc_digest_record	ssl/record/methods/ssl3_cbc.c	278	13	         1) / md_block_size;	/	cjump	O0--expand-div-rem-bits=0|O0--expand-div-rem-bits=50|O1--expand-div-rem-bits=0|O1--expand-div-rem-bits=50|Os--expand-div-rem-bits=0|Os--expand-div-rem-bits=50|Oz--expand-div-rem-bits=0|Oz--expand-div-rem-bits=50
OBJ_obj2txt	crypto/objects/obj_dat.c	563	29	                i = (int)(l / 40);	/	cjump	O0--expand-div-rem-bits=0|O0--expand-div-rem-bits=50|O1--expand-div-rem-bits=0|O1--expand-div-rem-bits=50
BN_mod_word	crypto/bn/bn_word.c	52	59	        ret = ((ret << BN_BITS4) | (a->d[i] & BN_MASK2l)) % w;	%	cjump	O0--expand-div-rem-bits=0|O0--expand-div-rem-bits=50|O1--expand-div-rem-bits=0|O1--expand-div-rem-bits=50|Os--expand-div-rem-bits=0|Os--expand-div-rem-bits=50|Oz--expand-div-rem-bits=0|Oz--expand-div-rem-bits=50
sh_clearbit	crypto/mem_sec.c	376	45	    bit = (ONE << list) + ((ptr - sh.arena) / (sh.arena_size >> list));	/	cjump	O0--expand-div-rem-bits=0|O0--expand-div-rem-bits=50|O1--expand-div-rem-bits=0|O1--expand-div-rem-bits=50|Os--expand-div-rem-bits=0|Os--expand-div-rem-bits=50|Oz--expand-div-rem-bits=0|Oz--expand-div-rem-bits=50
julian_to_date	crypto/o_time.c	189	22	    long n = (4 * L) / 146097;	/	cjump	O0--expand-div-rem-bits=0|O0--expand-div-rem-bits=50
ssl3_cbc_digest_record	ssl/record/methods/ssl3_cbc.c	263	36	                                   / md_block_size) + 1);	/	cjump	O0--expand-div-rem-bits=0|O0--expand-div-rem-bits=50|O1--expand-div-rem-bits=0|O1--expand-div-rem-bits=50|O2--expand-div-rem-bits=0|O3--expand-div-rem-bits=0|Ofast--expand-div-rem-bits=0|Os--expand-div-rem-bits=0|Oz--expand-div-rem-bits=0
fmtfp	crypto/bio/bio_print.c	714	30	        fracpart = (fracpart / 10);	/	cjump	O0--expand-div-rem-bits=0|O0--expand-div-rem-bits=50|O1--expand-div-rem-bits=0|O1--expand-div-rem-bits=50|O2--expand-div-rem-bits=0|O2--expand-div-rem-bits=50|O3--expand-div-rem-bits=0|O3--expand-div-rem-bits=50|Ofast--expand-div-rem-bits=0|Ofast--expand-div-rem-bits=50|Os--expand-div-rem-bits=0|Os--expand-div-rem-bits=50|Oz--expand-div-rem-bits=0|Oz--expand-div-rem-bits=50
OPENSSL_LH_node_usage_stats_bio	crypto/lhash/lh_stats.c	124	29	               (int)((total % lh->num_nodes) * 100 / lh->num_nodes),	%	cjump	O0--expand-div-rem-bits=0|O0--expand-div-rem-bits=50|O1--expand-div-rem-bits=0|O1--expand-div-rem-bits=50|O2--expand-div-rem-bits=0|O2--expand-div-rem-bits=50|O3--expand-div-rem-bits=0|O3--expand-div-rem-bits=50|Ofast--expand-div-rem-bits=0|Ofast--expand-div-rem-bits=50|Os--expand-div-rem-bits=0|Os--expand-div-rem-bits=50|Oz--expand-div-rem-bits=0|Oz--expand-div-rem-bits=50
ossl_ec_wNAF_mul	crypto/ec/ec_mult.c	596	59	                    numblocks = (tmp_len + blocksize - 1) / blocksize;	/	cjump	O0--expand-div-rem-bits=0|O0--expand-div-rem-bits=50|O1--expand-div-rem-bits=0|O1--expand-div-rem-bits=50|Os--expand-div-rem-bits=0|Os--expand-div-rem-bits=50|Oz--expand-div-rem-bits=0|Oz--expand-div-rem-bits=50
OPENSSL_LH_delete	crypto/lhash/lhash.c	167	57	        (lh->down_load >= (lh->num_items * LH_LOAD_MULT / lh->num_nodes)))	/	cjump	O0--expand-div-rem-bits=0|O0--expand-div-rem-bits=50|O1--expand-div-rem-bits=0|O1--expand-div-rem-bits=50|Os--expand-div-rem-bits=0|Os--expand-div-rem-bits=50|Oz--expand-div-rem-bits=0|Oz--expand-div-rem-bits=50
sh_setbit	crypto/mem_sec.c	388	45	    bit = (ONE << list) + ((ptr - sh.arena) / (sh.arena_size >> list));	/	cjump	O0--expand-div-rem-bits=0|O0--expand-div-rem-bits=50|O1--expand-div-rem-bits=0|O1--expand-div-rem-bits=50|Os--expand-div-rem-bits=0|Os--expand-div-rem-bits=50|Oz--expand-div-rem-bits=0|Oz--expand-div-rem-bits=50
timestamp_print	crypto/ct/ct_prn.c	38	53	                             (timestamp % 86400000) / 1000);	/	cjump	O0--expand-div-rem-bits=0|O0--expand-div-rem-bits=50
ossl_curve448_scalar_decode_long	crypto/ec/curve448/scalar.c	187	28	    i = ser_len - (ser_len % C448_SCALAR_BYTES);	%	cjump	O0--expand-div-rem-bits=0|O0--expand-div-rem-bits=50|O1--expand-div-rem-bits=0|O1--expand-div-rem-bits=50|O2--expand-div-rem-bits=0|O2--expand-div-rem-bits=50|O3--expand-div-rem-bits=0|O3--expand-div-rem-bits=50|Ofast--expand-div-rem-bits=0|Ofast--expand-div-rem-bits=50|Os--expand-div-rem-bits=0|Os--expand-div-rem-bits=50|Oz--expand-div-rem-bits=0|Oz--expand-div-rem-bits=50
OSSL_sleep	crypto/sleep.c	62	36	    ts.tv_sec = (long int) (millis / 1000);	/	cjump	O0--expand-div-rem-bits=0|O0--expand-div-rem-bits=50|O1--expand-div-rem-bits=0|O1--expand-div-rem-bits=50|O2--expand-div-rem-bits=0|O2--expand-div-rem-bits=50|O3--expand-div-rem-bits=0|O3--expand-div-rem-bits=50|Ofast--expand-div-rem-bits=0|Ofast--expand-div-rem-bits=50|Os--expand-div-rem-bits=0|Os--expand-div-rem-bits=50|Oz--expand-div-rem-bits=0|Oz--expand-div-rem-bits=50
bytepad	providers/implementations/macs/kmac_prov.c	612	33	        *out_len = (sz + w - 1) / w * w;	/	cjump	O0--expand-div-rem-bits=0|O0--expand-div-rem-bits=50
fmtfp	crypto/bio/bio_print.c	708	33	            fracpart = fracpart / 10;	/	cjump	O0--expand-div-rem-bits=0|O0--expand-div-rem-bits=50|O1--expand-div-rem-bits=0|O1--expand-div-rem-bits=50|O2--expand-div-rem-bits=0|O2--expand-div-rem-bits=50|O3--expand-div-rem-bits=0|O3--expand-div-rem-bits=50|Ofast--expand-div-rem-bits=0|Ofast--expand-div-rem-bits=50|Os--expand-div-rem-bits=0|Os--expand-div-rem-bits=50|Oz--expand-div-rem-bits=0|Oz--expand-div-rem-bits=50
OPENSSL_LH_node_usage_stats_bio	crypto/lhash/lh_stats.c	124	52	               (int)((total % lh->num_nodes) * 100 / lh->num_nodes),	/	cjump	O0--expand-div-rem-bits=0|O0--expand-div-rem-bits=50|O1--expand-div-rem-bits=0|O1--expand-div-rem-bits=50|Os--expand-div-rem-bits=0|Os--expand-div-rem-bits=50|Oz--expand-div-rem-bits=0|Oz--expand-div-rem-bits=50
n_fold	providers/implementations/kdfs/krb5kdf.c	307	36	    lcm = blocksize * constant_len / gcd;	/	cjump	O0--expand-div-rem-bits=0|O0--expand-div-rem-bits=50
sh_getlist	crypto/mem_sec.c	347	51	    size_t bit = (sh.arena_size + ptr - sh.arena) / sh.minsize;	/	cjump	O0--expand-div-rem-bits=0|O0--expand-div-rem-bits=50|Os--expand-div-rem-bits=0|Os--expand-div-rem-bits=50|Oz--expand-div-rem-bits=0|Oz--expand-div-rem-bits=50
ossl_asn1_time_from_tm	crypto/asn1/a_time.c	308	49	                                    ts->tm_year % 100, ts->tm_mon + 1,	%	cjump	O0--expand-div-rem-bits=0|O1--expand-div-rem-bits=0|O2--expand-div-rem-bits=0|O3--expand-div-rem-bits=0|Ofast--expand-div-rem-bits=0|Os--expand-div-rem-bits=0|Oz--expand-div-rem-bits=0
BN_bn2dec	crypto/bn/bn_conv.c	65	23	    bn_data_num = num / BN_DEC_NUM + 1;	/	cjump	O0--expand-div-rem-bits=0|O1--expand-div-rem-bits=0|O2--expand-div-rem-bits=0|O3--expand-div-rem-bits=0|Ofast--expand-div-rem-bits=0|Os--expand-div-rem-bits=0|Oz--expand-div-rem-bits=0
t_tob64	crypto/srp/srp_vfy.c	152	23	    leadz = 3 - (size % 3);	%	cjump	O0--expand-div-rem-bits=0|O1--expand-div-rem-bits=0|O2--expand-div-rem-bits=0|O3--expand-div-rem-bits=0|Ofast--expand-div-rem-bits=0|Os--expand-div-rem-bits=0|Oz--expand-div-rem-bits=0
BIO_dump_indent_cb	crypto/bio/bio_dump.c	44	16	    rows = len / dump_width;	/	cjump	O0--expand-div-rem-bits=0|O1--expand-div-rem-bits=0|O2--expand-div-rem-bits=0|O3--expand-div-rem-bits=0|Ofast--expand-div-rem-bits=0|Os--expand-div-rem-bits=0|Oz--expand-div-rem-bits=0
BN_bn2dec	crypto/bn/bn_conv.c	63	14	    num = (i / 10 + i / 1000 + 1) + 1;	/	cjump	O0--expand-div-rem-bits=0|O1--expand-div-rem-bits=0|O2--expand-div-rem-bits=0|O3--expand-div-rem-bits=0|Ofast--expand-div-rem-bits=0|Os--expand-div-rem-bits=0|Oz--expand-div-rem-bits=0
date_to_julian	crypto/o_time.c	182	48	        (367 * (m - 2 - 12 * ((m - 14) / 12))) / 12 -	/	cjump	O0--expand-div-rem-bits=0
adapt	crypto/punycode.c	53	23	        delta = delta / (base - tmin);	/	cjump	O0--expand-div-rem-bits=0
OPENSSL_gmtime_adj	crypto/o_time.c	94	28	    tm->tm_hour = time_sec / 3600;	/	cjump	O0--expand-div-rem-bits=0|O1--expand-div-rem-bits=0|O2--expand-div-rem-bits=0|O3--expand-div-rem-bits=0|Ofast--expand-div-rem-bits=0|Os--expand-div-rem-bits=0|Oz--expand-div-rem-bits=0
update_qp	crypto/threads_pthread.c	400	39	        (lock->current_alloc_idx + 1) % lock->group_count;	%	cjump	O0--expand-div-rem-bits=0
OPENSSL_gmtime_adj	crypto/o_time.c	95	28	    tm->tm_min = (time_sec / 60) % 60;	/	cjump	O0--expand-div-rem-bits=0|O1--expand-div-rem-bits=0|O2--expand-div-rem-bits=0|O3--expand-div-rem-bits=0|Ofast--expand-div-rem-bits=0|Os--expand-div-rem-bits=0|Oz--expand-div-rem-bits=0
date_to_julian	crypto/o_time.c	182	40	        (367 * (m - 2 - 12 * ((m - 14) / 12))) / 12 -	/	cjump	O0--expand-div-rem-bits=0
determine_days	crypto/asn1/a_time.c	73	70	    tm->tm_wday = (d + (13 * m) / 5 + y + y / 4 + c / 4 + 5 * c + 6) % 7;	%	cjump	O0--expand-div-rem-bits=0
adapt	crypto/punycode.c	57	45	    return k + (((base - tmin + 1) * delta) / (delta + skew));	/	cjump	O0--expand-div-rem-bits=0
fmtfp	crypto/bio/bio_print.c	729	30	            tmpexp = (tmpexp / 10);	/	cjump	O0--expand-div-rem-bits=0|O1--expand-div-rem-bits=0|O2--expand-div-rem-bits=0|O3--expand-div-rem-bits=0|Ofast--expand-div-rem-bits=0|Os--expand-div-rem-bits=0|Oz--expand-div-rem-bits=0
calculate_columns	apps/lib/columns.c	25	28	    dc->columns = (80 - 1) / dc->width;	/	cjump	O0--expand-div-rem-bits=0|O1--expand-div-rem-bits=0|O2--expand-div-rem-bits=0|O3--expand-div-rem-bits=0|Ofast--expand-div-rem-bits=0|Os--expand-div-rem-bits=0|Oz--expand-div-rem-bits=0
recode_wnaf	crypto/ec/curve448/curve448.c	558	48	    unsigned int table_size = C448_SCALAR_BITS / (table_bits + 1) + 3;	/	cjump	O0--expand-div-rem-bits=0|Os--expand-div-rem-bits=0|Oz--expand-div-rem-bits=0
rsa_multiprime_keygen	crypto/rsa/rsa_gen.c	322	16	    rmd = bits % primes;	%	cjump	O0--expand-div-rem-bits=0
kdf_argon2_derive	providers/implementations/kdfs/argon2.c	1098	36	    segment_length = memory_blocks / (ctx->lanes * ARGON2_SYNC_POINTS);	/	cjump	O0--expand-div-rem-bits=0|O1--expand-div-rem-bits=0|O2--expand-div-rem-bits=0|O3--expand-div-rem-bits=0|Ofast--expand-div-rem-bits=0|Os--expand-div-rem-bits=0|Oz--expand-div-rem-bits=0
b64_write	crypto/evp/bio_b64.c	424	24	                n -= n % 3;	%	cjump	O0--expand-div-rem-bits=0
date_to_julian	crypto/o_time.c	183	36	        (3 * ((y + 4900 + (m - 14) / 12) / 100)) / 4 + d - 32075;	/	cjump	O0--expand-div-rem-bits=0
added_obj_hash	crypto/objects/obj_dat.c	134	37	            ret ^= p[i] << ((i * 3) % 24);	%	cjump	O0--expand-div-rem-bits=0|O1--expand-div-rem-bits=0|O2--expand-div-rem-bits=0|O3--expand-div-rem-bits=0|Ofast--expand-div-rem-bits=0|Os--expand-div-rem-bits=0|Oz--expand-div-rem-bits=0
rsa_multiprime_keygen	crypto/rsa/rsa_gen.c	321	16	    quo = bits / primes;	/	cjump	O0--expand-div-rem-bits=0
n_fold	providers/implementations/kdfs/krb5kdf.c	302	19	        tmp = gcd % remainder;	%	cjump	O0--expand-div-rem-bits=0
adapt	crypto/punycode.c	50	27	    delta = delta + delta / numpoints;	/	cjump	O0--expand-div-rem-bits=0
determine_days	crypto/asn1/a_time.c	70	11	    c = y / 100;	/	cjump	O0--expand-div-rem-bits=0
date_to_julian	crypto/o_time.c	183	42	        (3 * ((y + 4900 + (m - 14) / 12) / 100)) / 4 + d - 32075;	/	cjump	O0--expand-div-rem-bits=0
BN_dec2bn	crypto/bn/bn_conv.c	236	24	    j = BN_DEC_NUM - i % BN_DEC_NUM;	%	cjump	O0--expand-div-rem-bits=0|O1--expand-div-rem-bits=0|O2--expand-div-rem-bits=0|O3--expand-div-rem-bits=0|Ofast--expand-div-rem-bits=0|Os--expand-div-rem-bits=0|Oz--expand-div-rem-bits=0
determine_days	crypto/asn1/a_time.c	73	33	    tm->tm_wday = (d + (13 * m) / 5 + y + y / 4 + c / 4 + 5 * c + 6) % 7;	/	cjump	O0--expand-div-rem-bits=0
md5crypt	apps/passwd.c	449	44	             dest++, source = (source + 6) % 17)	%	cjump	O0--expand-div-rem-bits=0|O1--expand-div-rem-bits=0|Os--expand-div-rem-bits=0|Oz--expand-div-rem-bits=0
fmtfp	crypto/bio/bio_print.c	728	54	            econvert[eplace++] = "0123456789"[tmpexp % 10];	%	cjump	O0--expand-div-rem-bits=0|O1--expand-div-rem-bits=0|O2--expand-div-rem-bits=0|O3--expand-div-rem-bits=0|Ofast--expand-div-rem-bits=0|Os--expand-div-rem-bits=0|Oz--expand-div-rem-bits=0
CMAC_Update	crypto/cmac/cmac.c	212	39	    max_burst_blocks = LOCAL_BUF_SIZE / bl;	/	cjump	O0--expand-div-rem-bits=0|O1--expand-div-rem-bits=0|O2--expand-div-rem-bits=0|O3--expand-div-rem-bits=0|Ofast--expand-div-rem-bits=0|Os--expand-div-rem-bits=0|Oz--expand-div-rem-bits=0
OPENSSL_gmtime_adj	crypto/o_time.c	95	34	    tm->tm_min = (time_sec / 60) % 60;	%	cjump	O0--expand-div-rem-bits=0|O1--expand-div-rem-bits=0|O2--expand-div-rem-bits=0|O3--expand-div-rem-bits=0|Ofast--expand-div-rem-bits=0|Os--expand-div-rem-bits=0|Oz--expand-div-rem-bits=0
n_fold	providers/implementations/kdfs/krb5kdf.c	318	15	        b = l % blocksize;	%	cjump	O0--expand-div-rem-bits=0
date_to_julian	crypto/o_time.c	181	41	    return (1461 * (y + 4800 + (m - 14) / 12)) / 4 +	/	cjump	O0--expand-div-rem-bits=0
determine_days	crypto/asn1/a_time.c	71	7	    y %= 100;	%	cjump	O0--expand-div-rem-bits=0
bn_mod_exp_mont_fixed_top	crypto/bn/bn_exp.c	1086	30	        window0 = (bits - 1) % window + 1;	%	cjump	O0--expand-div-rem-bits=0|O1--expand-div-rem-bits=0|O2--expand-div-rem-bits=0|O3--expand-div-rem-bits=0|Ofast--expand-div-rem-bits=0|Os--expand-div-rem-bits=0|Oz--expand-div-rem-bits=0
OPENSSL_gmtime_adj	crypto/o_time.c	96	27	    tm->tm_sec = time_sec % 60;	%	cjump	O0--expand-div-rem-bits=0|O1--expand-div-rem-bits=0|O2--expand-div-rem-bits=0|O3--expand-div-rem-bits=0|Ofast--expand-div-rem-bits=0|Os--expand-div-rem-bits=0|Oz--expand-div-rem-bits=0
a2d_ASN1_OBJECT	crypto/asn1/a_object.c	130	35	            blsize = (blsize + 6) / 7;	/	cjump	O0--expand-div-rem-bits=0|O1--expand-div-rem-bits=0|O2--expand-div-rem-bits=0|O3--expand-div-rem-bits=0|Ofast--expand-div-rem-bits=0|Os--expand-div-rem-bits=0|Oz--expand-div-rem-bits=0
dh_builtin_genparams	crypto/dh/dh_gen.c	225	26	                   + 24) / 25 * 25;	/	cjump	O0--expand-div-rem-bits=0
BN_bn2dec	crypto/bn/bn_conv.c	63	23	    num = (i / 10 + i / 1000 + 1) + 1;	/	cjump	O0--expand-div-rem-bits=0|O1--expand-div-rem-bits=0|O2--expand-div-rem-bits=0|O3--expand-div-rem-bits=0|Ofast--expand-div-rem-bits=0|Os--expand-div-rem-bits=0|Oz--expand-div-rem-bits=0
recode_wnaf	crypto/ec/curve448/curve448.c	558	48	    unsigned int table_size = C448_SCALAR_BITS / (table_bits + 1) + 3;	/	mdiv	O1--enable-coldcc-stress-test|O1--inline-call-penalty=0|O1--inline-instr-cost=100|O1--inline-instr-cost=50|O1--inline-memaccess-cost=100|O1--inline-memaccess-cost=50|O1--inline-threshold=-1|O1--inline-threshold=0|O1--inline-threshold=100|O1--inline-threshold=50|O1--inlinedefault-threshold=-1|O1--inlinedefault-threshold=0|O1--inlinedefault-threshold=50|O1-finline-hint-functions|O1-finstrument-functions|O1-fno-inline|O1-fno-inline-functions|O1-fprofile-arcs|O1-fprofile-generate|O1-fprofile-instr-generate|O1-ftrapv|O2--enable-coldcc-stress-test|O2--inline-call-penalty=0|O2--inline-instr-cost=100|O2--inline-instr-cost=50|O2--inline-memaccess-cost=100|O2--inline-memaccess-cost=50|O2--inline-threshold=-1|O2--inline-threshold=0|O2--inline-threshold=100|O2--inline-threshold=50|O2--inlinedefault-threshold=-1|O2--inlinedefault-threshold=0|O2--inlinedefault-threshold=50|O2--jump-threading-across-loop-headers|O2-finline-hint-functions|O2-finstrument-functions|O2-fno-inline|O2-fno-inline-functions|O2-fprofile-arcs|O2-fprofile-generate|O2-fprofile-instr-generate|O2-ftrapv|O3--enable-coldcc-stress-test|O3--inline-instr-cost=100|O3--inline-instr-cost=50|O3--inline-memaccess-cost=100|O3--inline-memaccess-cost=50|O3--inline-threshold=-1|O3--inline-threshold=0|O3--inline-threshold=100|O3--inline-threshold=50|O3-finline-hint-functions|O3-finstrument-functions|O3-fno-inline|O3-fno-inline-functions|O3-fprofile-arcs|O3-fprofile-generate|O3-fprofile-instr-generate|O3-ftrapv|Ofast--enable-coldcc-stress-test|Ofast--inline-instr-cost=100|Ofast--inline-instr-cost=50|Ofast--inline-memaccess-cost=100|Ofast--inline-memaccess-cost=50|Ofast--inline-threshold=-1|Ofast--inline-threshold=0|Ofast--inline-threshold=100|Ofast--inline-threshold=50|Ofast-finline-hint-functions|Ofast-finstrument-functions|Ofast-fno-inline|Ofast-fno-inline-functions|Ofast-fprofile-arcs|Ofast-fprofile-generate|Ofast-fprofile-instr-generate|Ofast-ftrapv
rsa_decrypt	providers/implementations/asymciphers/rsa_enc.c	348	40	    return (value_barrier_s(mask) & a) | (value_barrier_s(~mask) & b);	|	cjump	O1--attributor-enable=cgscc|O2--attributor-enable=cgscc|O3--attributor-enable=cgscc|Ofast--attributor-enable=cgscc|Os--attributor-enable=cgscc|Oz--attributor-enable=cgscc
setup_certs	apps/cmp.c	1056	10	    ok = (*set1_fn)(ctx, certs);	(	cjump	O1--attributor-enable=all|O1--attributor-enable=cgscc|O2--attributor-enable=all|O2--attributor-enable=cgscc|O3--attributor-enable=all|O3--attributor-enable=cgscc|Ofast--attributor-enable=all|Ofast--attributor-enable=cgscc|Os--attributor-enable=all|Os--attributor-enable=cgscc|Oz--attributor-enable=all|Oz--attributor-enable=cgscc
ossl_ml_dsa_verify	crypto/ml_dsa/ml_dsa_sign.c	341	38	    return (value_barrier(mask) & a) | (value_barrier(~mask) & b);	|	cjump	O1--attributor-enable=all|O1--attributor-enable=cgscc|O2--attributor-enable=all|O2--attributor-enable=cgscc|O3--attributor-enable=all|O3--attributor-enable=cgscc|Ofast--attributor-enable=all|Ofast--attributor-enable=cgscc|Os--attributor-enable=all|Os--attributor-enable=cgscc
ossl_ml_dsa_key_compress_power2_round	crypto/ml_dsa/ml_dsa_key_compress.c	341	62	    return (value_barrier(mask) & a) | (value_barrier(~mask) & b);	&	cjump	O1--attributor-enable=all|O1--attributor-enable=cgscc|O1--attributor-enable=module|O2--attributor-enable=all|O2--attributor-enable=cgscc|O2--attributor-enable=module|O3--attributor-enable=all|O3--attributor-enable=cgscc|O3--attributor-enable=module|Ofast--attributor-enable=all|Ofast--attributor-enable=cgscc|Ofast--attributor-enable=module|Os--attributor-enable=all|Os--attributor-enable=cgscc|Os--attributor-enable=module|Oz--attributor-enable=all|Oz--attributor-enable=module
setup_cert	apps/cmp.c	1040	10	    ok = (*set1_fn)(ctx, cert);	(	cjump	O1--attributor-enable=all|O1--attributor-enable=cgscc|O2--attributor-enable=all|O2--attributor-enable=cgscc|O3--attributor-enable=all|O3--attributor-enable=cgscc|Ofast--attributor-enable=all|Ofast--attributor-enable=cgscc|Os--attributor-enable=all|Os--attributor-enable=cgscc|Oz--attributor-enable=all|Oz--attributor-enable=cgscc
ossl_ml_dsa_sign	crypto/ml_dsa/ml_dsa_sign.c	341	38	    return (value_barrier(mask) & a) | (value_barrier(~mask) & b);	|	cjump	O1--attributor-enable=all|O1--attributor-enable=cgscc|O2--attributor-enable=all|O2--attributor-enable=cgscc|O3--attributor-enable=all|O3--attributor-enable=cgscc|Ofast--attributor-enable=all|Ofast--attributor-enable=cgscc|Os--attributor-enable=all|Os--attributor-enable=cgscc
send_receive_check	crypto/cmp/cmp_client.c	186	12	    *rep = (*transfer_cb)(ctx, req);	(	cjump	O1--attributor-enable=all|O1--attributor-enable=cgscc|O1--attributor-enable=module|O2--attributor-enable=all|O2--attributor-enable=cgscc|O2--attributor-enable=module|O3--attributor-enable=all|O3--attributor-enable=cgscc|O3--attributor-enable=module|Ofast--attributor-enable=all|Ofast--attributor-enable=cgscc|Ofast--attributor-enable=module|Os--attributor-enable=all|Os--attributor-enable=cgscc|Os--attributor-enable=module|Oz--attributor-enable=all|Oz--attributor-enable=cgscc|Oz--attributor-enable=module
safe_div_int	crypto/stack/stack.c	18	1	OSSL_SAFE_MATH_SIGNED(int, int)	O	mdiv	O1-finstrument-functions|O2-finstrument-functions|O3-finstrument-functions|Ofast-finstrument-functions|Os-finstrument-functions
safe_div_int	crypto/evp/evp_enc.c	31	1	OSSL_SAFE_MATH_SIGNED(int, int)	O	mdiv	O1-finstrument-functions|O2-finstrument-functions|O3-finstrument-functions|Ofast-finstrument-functions|Os-finstrument-functions|Oz-finstrument-functions|Oz-fno-inline|Oz-fno-inline-functions
safe_mod_int	crypto/evp/evp_enc.c	31	1	OSSL_SAFE_MATH_SIGNED(int, int)	O	mdiv	O1-finstrument-functions|O2-finstrument-functions|O3-finstrument-functions|Ofast-finstrument-functions|Os-finstrument-functions|Oz-finstrument-functions|Oz-fno-inline|Oz-fno-inline-functions
safe_muldiv_size_t	ssl/priority_queue.c	17	1	OSSL_SAFE_MATH_UNSIGNED(size_t, size_t)	O	mdiv	O1-finstrument-functions|O2-finstrument-functions|O3-finstrument-functions|Ofast-finstrument-functions|Os-finstrument-functions
safe_div_round_up_int	crypto/evp/evp_enc.c	31	1	OSSL_SAFE_MATH_SIGNED(int, int)	O	mdiv	O1--fast-isel|O1-finstrument-functions|O2-finstrument-functions|O3-finstrument-functions|Ofast-finstrument-functions|Os-finstrument-functions|Oz-finstrument-functions
safe_muldiv_uint64_t	ssl/quic/quic_fc.c	16	1	OSSL_SAFE_MATH_UNSIGNED(uint64_t, uint64_t)	O	mdiv	O1-finstrument-functions|O2-finstrument-functions|O3-finstrument-functions|Ofast-finstrument-functions|Os-finstrument-functions|Oz-finstrument-functions
safe_muldiv_int	crypto/stack/stack.c	18	1	OSSL_SAFE_MATH_SIGNED(int, int)	O	mdiv	O1-finstrument-functions|O2-finstrument-functions|O3-finstrument-functions|Ofast-finstrument-functions|Os-finstrument-functions
safe_mod_int	crypto/stack/stack.c	18	1	OSSL_SAFE_MATH_SIGNED(int, int)	O	mdiv	O1-finstrument-functions|O2-finstrument-functions|O3-finstrument-functions|Ofast-finstrument-functions|Os-finstrument-functions
safe_muldiv_size_t	crypto/bio/bss_dgram_pair.c	18	1	OSSL_SAFE_MATH_UNSIGNED(size_t, size_t)	O	mdiv	O1-finstrument-functions|O2-finstrument-functions|O3-finstrument-functions|Ofast-finstrument-functions|Os-finstrument-functions
SSL_SESSION_get_time_ex	ssl/ssl_sess.c	132	25	    return (time_t)(t.t / OSSL_TIME_SECOND);	/	cjump	O1--expand-div-rem-bits=0|O1--expand-div-rem-bits=50|O2--expand-div-rem-bits=0|O2--expand-div-rem-bits=50|O3--expand-div-rem-bits=0|O3--expand-div-rem-bits=50|Ofast--expand-div-rem-bits=0|Ofast--expand-div-rem-bits=50|Os--expand-div-rem-bits=0|Os--expand-div-rem-bits=50|Oz--expand-div-rem-bits=0|Oz--expand-div-rem-bits=50
sh_free	crypto/mem_sec.c	623	44	    bit = (ONE << list) + (ptr - sh.arena) / (sh.arena_size >> list);	/	cjump	O1--expand-div-rem-bits=0|O1--expand-div-rem-bits=50
OSSL_HTTP_proxy_connect	crypto/http/http_client.c	1406	17	    outl = (len / 3);	/	cjump	O1--expand-div-rem-bits=0|O1--expand-div-rem-bits=50|O2--expand-div-rem-bits=0|O2--expand-div-rem-bits=50|O3--expand-div-rem-bits=0|O3--expand-div-rem-bits=50|Ofast--expand-div-rem-bits=0|Ofast--expand-div-rem-bits=50|Os--expand-div-rem-bits=0|Os--expand-div-rem-bits=50|Oz--expand-div-rem-bits=0|Oz--expand-div-rem-bits=50
OPENSSL_gmtime_adj	crypto/o_time.c	195	18	    j = (80 * L) / 2447;	/	cjump	O1--expand-div-rem-bits=0|O1--expand-div-rem-bits=50|O2--expand-div-rem-bits=0|O2--expand-div-rem-bits=50|O3--expand-div-rem-bits=0|O3--expand-div-rem-bits=50|Ofast--expand-div-rem-bits=0|Ofast--expand-div-rem-bits=50|Os--expand-div-rem-bits=0|Os--expand-div-rem-bits=50|Oz--expand-div-rem-bits=0|Oz--expand-div-rem-bits=50
dtls1_start_timer	ssl/d1_lib.c	110	43	    tv.tv_usec = (t.t % OSSL_TIME_SECOND) / OSSL_TIME_US;	/	cjump	O1--expand-div-rem-bits=0|O1--expand-div-rem-bits=50|O2--expand-div-rem-bits=0|O3--expand-div-rem-bits=0|Ofast--expand-div-rem-bits=0|Os--expand-div-rem-bits=0
SCT_print	crypto/ct/ct_prn.c	44	71	                 ASN1_STRING_get0_data(gen), (unsigned int)(timestamp % 1000));	%	cjump	O1--expand-div-rem-bits=0|O1--expand-div-rem-bits=50|O2--expand-div-rem-bits=0|O2--expand-div-rem-bits=50|O3--expand-div-rem-bits=0|O3--expand-div-rem-bits=50|Ofast--expand-div-rem-bits=0|Ofast--expand-div-rem-bits=50|Os--expand-div-rem-bits=0|Os--expand-div-rem-bits=50|Oz--expand-div-rem-bits=0|Oz--expand-div-rem-bits=50
read_internal	ssl/quic/quic_rstream.c	155	26	    idx = logical_offset % r->alloc;	%	cjump	O1--expand-div-rem-bits=0|O1--expand-div-rem-bits=50|Os--expand-div-rem-bits=0|Os--expand-div-rem-bits=50
def_time_cb	crypto/ts/ts_rsp_sign.c	110	23	    tv.tv_usec = (t.t % OSSL_TIME_SECOND) / OSSL_TIME_US;	%	cjump	O1--expand-div-rem-bits=0|O1--expand-div-rem-bits=50|O2--expand-div-rem-bits=0|O2--expand-div-rem-bits=50|O3--expand-div-rem-bits=0|O3--expand-div-rem-bits=50|Ofast--expand-div-rem-bits=0|Ofast--expand-div-rem-bits=50|Os--expand-div-rem-bits=0|Os--expand-div-rem-bits=50|Oz--expand-div-rem-bits=0|Oz--expand-div-rem-bits=50
OPENSSL_gmtime_adj	crypto/o_time.c	193	26	    i = (4000 * (L + 1)) / 1461001;	/	cjump	O1--expand-div-rem-bits=0|O1--expand-div-rem-bits=50|O2--expand-div-rem-bits=0|O2--expand-div-rem-bits=50|O3--expand-div-rem-bits=0|O3--expand-div-rem-bits=50|Ofast--expand-div-rem-bits=0|Ofast--expand-div-rem-bits=50|Os--expand-div-rem-bits=0|Os--expand-div-rem-bits=50|Oz--expand-div-rem-bits=0|Oz--expand-div-rem-bits=50
SSL_SESSION_print	ssl/ssl_txt.c	132	25	    return (time_t)(t.t / OSSL_TIME_SECOND);	/	cjump	O1--expand-div-rem-bits=0|O1--expand-div-rem-bits=50|O2--expand-div-rem-bits=0|O2--expand-div-rem-bits=50|O3--expand-div-rem-bits=0|O3--expand-div-rem-bits=50|Ofast--expand-div-rem-bits=0|Ofast--expand-div-rem-bits=50|Os--expand-div-rem-bits=0|Os--expand-div-rem-bits=50|Oz--expand-div-rem-bits=0|Oz--expand-div-rem-bits=50
OPENSSL_LH_insert	crypto/lhash/lhash.c	333	15	    nn = hash % lh->pmax;	%	cjump	O1--expand-div-rem-bits=0|O1--expand-div-rem-bits=50
dtls1_handle_timeout	ssl/d1_lib.c	108	30	    tv.tv_sec = (time_t)(t.t / OSSL_TIME_SECOND);	/	cjump	O1--expand-div-rem-bits=0|O1--expand-div-rem-bits=50|O2--expand-div-rem-bits=0|O2--expand-div-rem-bits=50|O3--expand-div-rem-bits=0|O3--expand-div-rem-bits=50|Ofast--expand-div-rem-bits=0|Ofast--expand-div-rem-bits=50
IDEA_set_decrypt_key	crypto/idea/i_skey.c	105	26	            q = (n1 - r) / n2;	/	cjump	O1--expand-div-rem-bits=0|O1--expand-div-rem-bits=50|Os--expand-div-rem-bits=0|Os--expand-div-rem-bits=50
kdf_pkcs12_derive	providers/implementations/kdfs/pkcs12kdf.c	92	23	        *p++ = pass[i % passlen];	%	cjump	O1--expand-div-rem-bits=0|O1--expand-div-rem-bits=50|Os--expand-div-rem-bits=0|Os--expand-div-rem-bits=50|Oz--expand-div-rem-bits=0|Oz--expand-div-rem-bits=50
ossl_sha3_squeeze	crypto/sha/sha3.c	192	19	        len = bsz * (outlen / bsz);	*	cjump	O1--expand-div-rem-bits=0|O1--expand-div-rem-bits=50|Os--expand-div-rem-bits=0|Os--expand-div-rem-bits=50|Oz--expand-div-rem-bits=0|Oz--expand-div-rem-bits=50
dgram_read	crypto/bio/bss_dgram.c	110	23	    tv.tv_usec = (t.t % OSSL_TIME_SECOND) / OSSL_TIME_US;	%	cjump	O1--expand-div-rem-bits=0|O1--expand-div-rem-bits=50|O2--expand-div-rem-bits=0|O2--expand-div-rem-bits=50|O3--expand-div-rem-bits=0|O3--expand-div-rem-bits=50|Ofast--expand-div-rem-bits=0|Ofast--expand-div-rem-bits=50|Os--expand-div-rem-bits=0|Os--expand-div-rem-bits=50|Oz--expand-div-rem-bits=0|Oz--expand-div-rem-bits=50
def_time_cb	crypto/ts/ts_rsp_sign.c	108	30	    tv.tv_sec = (time_t)(t.t / OSSL_TIME_SECOND);	/	cjump	O1--expand-div-rem-bits=0|O1--expand-div-rem-bits=50|O2--expand-div-rem-bits=0|O2--expand-div-rem-bits=50|O3--expand-div-rem-bits=0|O3--expand-div-rem-bits=50|Ofast--expand-div-rem-bits=0|Ofast--expand-div-rem-bits=50|Os--expand-div-rem-bits=0|Os--expand-div-rem-bits=50|Oz--expand-div-rem-bits=0|Oz--expand-div-rem-bits=50
OPENSSL_LH_retrieve	crypto/lhash/lhash.c	333	15	    nn = hash % lh->pmax;	%	cjump	O1--expand-div-rem-bits=0|O1--expand-div-rem-bits=50
sh_actual_size	crypto/mem_sec.c	347	51	    size_t bit = (sh.arena_size + ptr - sh.arena) / sh.minsize;	/	cjump	O1--expand-div-rem-bits=0|O1--expand-div-rem-bits=50
sh_actual_size	crypto/mem_sec.c	365	45	    bit = (ONE << list) + ((ptr - sh.arena) / (sh.arena_size >> list));	/	cjump	O1--expand-div-rem-bits=0|O1--expand-div-rem-bits=50
dtls1_ctrl	ssl/d1_lib.c	108	30	    tv.tv_sec = (time_t)(t.t / OSSL_TIME_SECOND);	/	cjump	O1--expand-div-rem-bits=0|O1--expand-div-rem-bits=50|O2--expand-div-rem-bits=0|O2--expand-div-rem-bits=50|O3--expand-div-rem-bits=0|O3--expand-div-rem-bits=50|Ofast--expand-div-rem-bits=0|Ofast--expand-div-rem-bits=50|Os--expand-div-rem-bits=0|Os--expand-div-rem-bits=50|Oz--expand-div-rem-bits=0|Oz--expand-div-rem-bits=50
kdf_pkcs12_derive	providers/implementations/kdfs/pkcs12kdf.c	77	14	    Slen = v * ((saltlen + v - 1) / v);	*	cjump	O1--expand-div-rem-bits=0|O1--expand-div-rem-bits=50|Os--expand-div-rem-bits=0|Os--expand-div-rem-bits=50|Oz--expand-div-rem-bits=0|Oz--expand-div-rem-bits=50
dtls1_start_timer	ssl/d1_lib.c	110	23	    tv.tv_usec = (t.t % OSSL_TIME_SECOND) / OSSL_TIME_US;	%	cjump	O1--expand-div-rem-bits=0|O1--expand-div-rem-bits=50|O2--expand-div-rem-bits=0|O2--expand-div-rem-bits=50|O3--expand-div-rem-bits=0|O3--expand-div-rem-bits=50|Ofast--expand-div-rem-bits=0|Ofast--expand-div-rem-bits=50|Os--expand-div-rem-bits=0|Os--expand-div-rem-bits=50
SCT_print	crypto/ct/ct_prn.c	38	53	                             (timestamp % 86400000) / 1000);	/	cjump	O1--expand-div-rem-bits=0|O1--expand-div-rem-bits=50|O2--expand-div-rem-bits=0|O3--expand-div-rem-bits=0|Ofast--expand-div-rem-bits=0|Os--expand-div-rem-bits=0|Oz--expand-div-rem-bits=0
dtls1_ctrl	ssl/d1_lib.c	110	23	    tv.tv_usec = (t.t % OSSL_TIME_SECOND) / OSSL_TIME_US;	%	cjump	O1--expand-div-rem-bits=0|O1--expand-div-rem-bits=50|O2--expand-div-rem-bits=0|O2--expand-div-rem-bits=50|O3--expand-div-rem-bits=0|O3--expand-div-rem-bits=50|Ofast--expand-div-rem-bits=0|Ofast--expand-div-rem-bits=50|Os--expand-div-rem-bits=0|Os--expand-div-rem-bits=50|Oz--expand-div-rem-bits=0|Oz--expand-div-rem-bits=50
kdf_pkcs12_derive	providers/implementations/kdfs/pkcs12kdf.c	79	18	        Plen = v * ((passlen + v - 1) / v);	*	cjump	O1--expand-div-rem-bits=0|O1--expand-div-rem-bits=50|Os--expand-div-rem-bits=0|Os--expand-div-rem-bits=50|Oz--expand-div-rem-bits=0|Oz--expand-div-rem-bits=50
ossl_quic_sstream_append	ssl/quic/quic_sstream.c	131	30	        idx = r->head_offset % r->alloc;	%	cjump	O1--expand-div-rem-bits=0|O1--expand-div-rem-bits=50|Os--expand-div-rem-bits=0|Os--expand-div-rem-bits=50
SCT_print	crypto/ct/ct_prn.c	38	41	                             (timestamp % 86400000) / 1000);	%	cjump	O1--expand-div-rem-bits=0|O1--expand-div-rem-bits=50|O2--expand-div-rem-bits=0|O2--expand-div-rem-bits=50|O3--expand-div-rem-bits=0|O3--expand-div-rem-bits=50|Ofast--expand-div-rem-bits=0|Ofast--expand-div-rem-bits=50|Os--expand-div-rem-bits=0|Os--expand-div-rem-bits=50|Oz--expand-div-rem-bits=0|Oz--expand-div-rem-bits=50
OPENSSL_gmtime_adj	crypto/o_time.c	140	29	    offset_day = offset_sec / SECS_PER_DAY;	/	cjump	O1--expand-div-rem-bits=0|O1--expand-div-rem-bits=50|O2--expand-div-rem-bits=0|O2--expand-div-rem-bits=50|O3--expand-div-rem-bits=0|O3--expand-div-rem-bits=50|Ofast--expand-div-rem-bits=0|Ofast--expand-div-rem-bits=50
OPENSSL_gmtime_adj	crypto/o_time.c	196	25	    *d = L - (2447 * j) / 80;	/	cjump	O1--expand-div-rem-bits=0|O1--expand-div-rem-bits=50|O2--expand-div-rem-bits=0|O2--expand-div-rem-bits=50|O3--expand-div-rem-bits=0|O3--expand-div-rem-bits=50|Ofast--expand-div-rem-bits=0|Ofast--expand-div-rem-bits=50|Os--expand-div-rem-bits=0|Os--expand-div-rem-bits=50|Oz--expand-div-rem-bits=0|Oz--expand-div-rem-bits=50
CRYPTO_secure_malloc_init	crypto/mem_sec.c	473	39	    sh.bittable_size = (sh.arena_size / sh.minsize) * 2;	/	cjump	O1--expand-div-rem-bits=0|O1--expand-div-rem-bits=50|Os--expand-div-rem-bits=0|Os--expand-div-rem-bits=50|Oz--expand-div-rem-bits=0|Oz--expand-div-rem-bits=50
SSL_SESSION_get_timeout	ssl/ssl_sess.c	132	25	    return (time_t)(t.t / OSSL_TIME_SECOND);	/	cjump	O1--expand-div-rem-bits=0|O1--expand-div-rem-bits=50|O2--expand-div-rem-bits=0|O2--expand-div-rem-bits=50|O3--expand-div-rem-bits=0|O3--expand-div-rem-bits=50|Ofast--expand-div-rem-bits=0|Ofast--expand-div-rem-bits=50|Os--expand-div-rem-bits=0|Os--expand-div-rem-bits=50|Oz--expand-div-rem-bits=0|Oz--expand-div-rem-bits=50
OPENSSL_LH_delete	crypto/lhash/lhash.c	333	15	    nn = hash % lh->pmax;	%	cjump	O1--expand-div-rem-bits=0|O1--expand-div-rem-bits=50
sh_free	crypto/mem_sec.c	365	45	    bit = (ONE << list) + ((ptr - sh.arena) / (sh.arena_size >> list));	/	cjump	O1--expand-div-rem-bits=0|O1--expand-div-rem-bits=50
dtls1_ctrl	ssl/d1_lib.c	110	43	    tv.tv_usec = (t.t % OSSL_TIME_SECOND) / OSSL_TIME_US;	/	cjump	O1--expand-div-rem-bits=0|O1--expand-div-rem-bits=50|O2--expand-div-rem-bits=0|O3--expand-div-rem-bits=0|Ofast--expand-div-rem-bits=0|Os--expand-div-rem-bits=0|Oz--expand-div-rem-bits=0
ossl_json_i64	ssl/quic/json_enc.c	552	28	            *--p = '0' + v % 10;	%	cjump	O1--expand-div-rem-bits=0|O1--expand-div-rem-bits=50
CRYPTO_secure_malloc	crypto/mem_sec.c	365	45	    bit = (ONE << list) + ((ptr - sh.arena) / (sh.arena_size >> list));	/	cjump	O1--expand-div-rem-bits=0|O1--expand-div-rem-bits=50
kmac_init	providers/implementations/macs/kmac_prov.c	612	37	        *out_len = (sz + w - 1) / w * w;	*	cjump	O1--expand-div-rem-bits=0|O1--expand-div-rem-bits=50|Os--expand-div-rem-bits=0|Os--expand-div-rem-bits=50|Oz--expand-div-rem-bits=0|Oz--expand-div-rem-bits=50
i2d_SSL_SESSION	ssl/ssl_asn1.c	132	25	    return (time_t)(t.t / OSSL_TIME_SECOND);	/	cjump	O1--expand-div-rem-bits=0|O1--expand-div-rem-bits=50|O2--expand-div-rem-bits=0|O2--expand-div-rem-bits=50|O3--expand-div-rem-bits=0|O3--expand-div-rem-bits=50|Ofast--expand-div-rem-bits=0|Ofast--expand-div-rem-bits=50|Os--expand-div-rem-bits=0|Os--expand-div-rem-bits=50|Oz--expand-div-rem-bits=0|Oz--expand-div-rem-bits=50
SSL_SESSION_get_time	ssl/ssl_sess.c	132	25	    return (time_t)(t.t / OSSL_TIME_SECOND);	/	cjump	O1--expand-div-rem-bits=0|O1--expand-div-rem-bits=50|O2--expand-div-rem-bits=0|O2--expand-div-rem-bits=50|O3--expand-div-rem-bits=0|O3--expand-div-rem-bits=50|Ofast--expand-div-rem-bits=0|Ofast--expand-div-rem-bits=50|Os--expand-div-rem-bits=0|Os--expand-div-rem-bits=50|Oz--expand-div-rem-bits=0|Oz--expand-div-rem-bits=50
ossl_quic_get_event_timeout	ssl/quic/quic_impl.c	110	43	    tv.tv_usec = (t.t % OSSL_TIME_SECOND) / OSSL_TIME_US;	/	cjump	O1--expand-div-rem-bits=0|O1--expand-div-rem-bits=50|O2--expand-div-rem-bits=0|O3--expand-div-rem-bits=0|Ofast--expand-div-rem-bits=0|Os--expand-div-rem-bits=0|Oz--expand-div-rem-bits=0
dtls1_handle_timeout	ssl/d1_lib.c	110	43	    tv.tv_usec = (t.t % OSSL_TIME_SECOND) / OSSL_TIME_US;	/	cjump	O1--expand-div-rem-bits=0|O1--expand-div-rem-bits=50|O2--expand-div-rem-bits=0|O3--expand-div-rem-bits=0|Ofast--expand-div-rem-bits=0
CRYPTO_secure_malloc	crypto/mem_sec.c	623	44	    bit = (ONE << list) + (ptr - sh.arena) / (sh.arena_size >> list);	/	cjump	O1--expand-div-rem-bits=0|O1--expand-div-rem-bits=50
sh_free	crypto/mem_sec.c	347	51	    size_t bit = (sh.arena_size + ptr - sh.arena) / sh.minsize;	/	cjump	O1--expand-div-rem-bits=0|O1--expand-div-rem-bits=50
OPENSSL_LH_retrieve	crypto/lhash/lhash.c	335	19	        nn = hash % lh->num_alloc_nodes;	%	cjump	O1--expand-div-rem-bits=0|O1--expand-div-rem-bits=50
dgram_read	crypto/bio/bss_dgram.c	108	30	    tv.tv_sec = (time_t)(t.t / OSSL_TIME_SECOND);	/	cjump	O1--expand-div-rem-bits=0|O1--expand-div-rem-bits=50|O2--expand-div-rem-bits=0|O2--expand-div-rem-bits=50|O3--expand-div-rem-bits=0|O3--expand-div-rem-bits=50|Ofast--expand-div-rem-bits=0|Ofast--expand-div-rem-bits=50|Os--expand-div-rem-bits=0|Os--expand-div-rem-bits=50|Oz--expand-div-rem-bits=0|Oz--expand-div-rem-bits=50
OPENSSL_gmtime_adj	crypto/o_time.c	197	11	    L = j / 11;	/	cjump	O1--expand-div-rem-bits=0|O1--expand-div-rem-bits=50|O2--expand-div-rem-bits=0|O2--expand-div-rem-bits=50|O3--expand-div-rem-bits=0|O3--expand-div-rem-bits=50|Ofast--expand-div-rem-bits=0|Ofast--expand-div-rem-bits=50|Os--expand-div-rem-bits=0|Os--expand-div-rem-bits=50|Oz--expand-div-rem-bits=0|Oz--expand-div-rem-bits=50
dtls1_stop_timer	ssl/d1_lib.c	110	43	    tv.tv_usec = (t.t % OSSL_TIME_SECOND) / OSSL_TIME_US;	/	cjump	O1--expand-div-rem-bits=0|O1--expand-div-rem-bits=50|O2--expand-div-rem-bits=0|O3--expand-div-rem-bits=0|Ofast--expand-div-rem-bits=0|Os--expand-div-rem-bits=0
kdf_scrypt_derive	providers/implementations/kdfs/scrypt.c	408	33	        j = X[16 * (2 * r - 1)] % N;	%	cjump	O1--expand-div-rem-bits=0|O1--expand-div-rem-bits=50|Os--expand-div-rem-bits=0|Os--expand-div-rem-bits=50|Oz--expand-div-rem-bits=0|Oz--expand-div-rem-bits=50
kmac_setkey	providers/implementations/macs/kmac_prov.c	632	28	    sz = (len + w - 1) / w * w;	*	cjump	O1--expand-div-rem-bits=0|O1--expand-div-rem-bits=50
dtls1_stop_timer	ssl/d1_lib.c	108	30	    tv.tv_sec = (time_t)(t.t / OSSL_TIME_SECOND);	/	cjump	O1--expand-div-rem-bits=0|O1--expand-div-rem-bits=50|O2--expand-div-rem-bits=0|O2--expand-div-rem-bits=50|O3--expand-div-rem-bits=0|O3--expand-div-rem-bits=50|Ofast--expand-div-rem-bits=0|Ofast--expand-div-rem-bits=50|Os--expand-div-rem-bits=0|Os--expand-div-rem-bits=50
kek_wrap_key	crypto/cms/cms_pwri.c	271	10	    olen *= blocklen;	*	cjump	O1--expand-div-rem-bits=0|O1--expand-div-rem-bits=50|Os--expand-div-rem-bits=0|Os--expand-div-rem-bits=50|Oz--expand-div-rem-bits=0|Oz--expand-div-rem-bits=50
fill_segment	providers/implementations/kdfs/argon2.c	461	37	    abs_pos = (start_pos + rel_pos) % ctx->lane_length;	%	cjump	O1--expand-div-rem-bits=0|O1--expand-div-rem-bits=50|Os--expand-div-rem-bits=0|Os--expand-div-rem-bits=50|Oz--expand-div-rem-bits=0|Oz--expand-div-rem-bits=50
OPENSSL_LH_delete	crypto/lhash/lhash.c	335	19	        nn = hash % lh->num_alloc_nodes;	%	cjump	O1--expand-div-rem-bits=0|O1--expand-div-rem-bits=50
ossl_quic_sstream_mark_acked	ssl/quic/quic_sstream.c	209	38	        size_t idx = r->ctail_offset % r->alloc;	%	cjump	O1--expand-div-rem-bits=0|O1--expand-div-rem-bits=50|Os--expand-div-rem-bits=0|Os--expand-div-rem-bits=50|Oz--expand-div-rem-bits=0|Oz--expand-div-rem-bits=50
krb5kdf_derive	providers/implementations/kdfs/krb5kdf.c	330	33	               | constant[rbyte % constant_len] >> rshift)	%	cjump	O1--expand-div-rem-bits=0|O1--expand-div-rem-bits=50|Os--expand-div-rem-bits=0|Os--expand-div-rem-bits=50|Oz--expand-div-rem-bits=0|Oz--expand-div-rem-bits=50
SCT_print	crypto/ct/ct_prn.c	37	46	                             (int)(timestamp / 86400000),	/	cjump	O1--expand-div-rem-bits=0|O1--expand-div-rem-bits=50|O2--expand-div-rem-bits=0|O2--expand-div-rem-bits=50|O3--expand-div-rem-bits=0|O3--expand-div-rem-bits=50|Ofast--expand-div-rem-bits=0|Ofast--expand-div-rem-bits=50|Os--expand-div-rem-bits=0|Os--expand-div-rem-bits=50|Oz--expand-div-rem-bits=0|Oz--expand-div-rem-bits=50
kmac_setkey	providers/implementations/macs/kmac_prov.c	612	37	        *out_len = (sz + w - 1) / w * w;	*	cjump	O1--expand-div-rem-bits=0|O1--expand-div-rem-bits=50
ossl_quic_get_event_timeout	ssl/quic/quic_impl.c	108	30	    tv.tv_sec = (time_t)(t.t / OSSL_TIME_SECOND);	/	cjump	O1--expand-div-rem-bits=0|O1--expand-div-rem-bits=50|O2--expand-div-rem-bits=0|O2--expand-div-rem-bits=50|O3--expand-div-rem-bits=0|O3--expand-div-rem-bits=50|Ofast--expand-div-rem-bits=0|Ofast--expand-div-rem-bits=50|Os--expand-div-rem-bits=0|Os--expand-div-rem-bits=50|Oz--expand-div-rem-bits=0|Oz--expand-div-rem-bits=50
kdf_pkcs12_derive	providers/implementations/kdfs/pkcs12kdf.c	90	23	        *p++ = salt[i % saltlen];	%	cjump	O1--expand-div-rem-bits=0|O1--expand-div-rem-bits=50|Os--expand-div-rem-bits=0|Os--expand-div-rem-bits=50|Oz--expand-div-rem-bits=0|Oz--expand-div-rem-bits=50
dtls1_stop_timer	ssl/d1_lib.c	110	23	    tv.tv_usec = (t.t % OSSL_TIME_SECOND) / OSSL_TIME_US;	%	cjump	O1--expand-div-rem-bits=0|O1--expand-div-rem-bits=50|O2--expand-div-rem-bits=0|O2--expand-div-rem-bits=50|O3--expand-div-rem-bits=0|O3--expand-div-rem-bits=50|Ofast--expand-div-rem-bits=0|Ofast--expand-div-rem-bits=50|Os--expand-div-rem-bits=0|Os--expand-div-rem-bits=50
kmac_init	providers/implementations/macs/kmac_prov.c	632	28	    sz = (len + w - 1) / w * w;	*	cjump	O1--expand-div-rem-bits=0|O1--expand-div-rem-bits=50|Os--expand-div-rem-bits=0|Os--expand-div-rem-bits=50
ssl3_mac	ssl/record/methods/ssl3_meth.c	235	27	    npad = (48 / md_size) * md_size;	*	cjump	O1--expand-div-rem-bits=0|O1--expand-div-rem-bits=50|O2--expand-div-rem-bits=0|O3--expand-div-rem-bits=0|Ofast--expand-div-rem-bits=0|Os--expand-div-rem-bits=0|Oz--expand-div-rem-bits=0
dtls1_handle_timeout	ssl/d1_lib.c	110	23	    tv.tv_usec = (t.t % OSSL_TIME_SECOND) / OSSL_TIME_US;	%	cjump	O1--expand-div-rem-bits=0|O1--expand-div-rem-bits=50|O2--expand-div-rem-bits=0|O2--expand-div-rem-bits=50|O3--expand-div-rem-bits=0|O3--expand-div-rem-bits=50|Ofast--expand-div-rem-bits=0|Ofast--expand-div-rem-bits=50
ossl_ifc_ffc_compute_security_bits	crypto/rsa/rsa_lib.c	301	31	    r = (r * (uint64_t)scale) / log_e;	/	cjump	O1--expand-div-rem-bits=0|O1--expand-div-rem-bits=50|O2--expand-div-rem-bits=0|O2--expand-div-rem-bits=50|O3--expand-div-rem-bits=0|O3--expand-div-rem-bits=50|Ofast--expand-div-rem-bits=0|Ofast--expand-div-rem-bits=50|Os--expand-div-rem-bits=0|Os--expand-div-rem-bits=50|Oz--expand-div-rem-bits=0|Oz--expand-div-rem-bits=50
krb5kdf_derive	providers/implementations/kdfs/krb5kdf.c	307	36	    lcm = blocksize * constant_len / gcd;	/	cjump	O1--expand-div-rem-bits=0|O1--expand-div-rem-bits=50|Os--expand-div-rem-bits=0|Os--expand-div-rem-bits=50|Oz--expand-div-rem-bits=0|Oz--expand-div-rem-bits=50
krb5kdf_derive	providers/implementations/kdfs/krb5kdf.c	329	35	        tmp = (constant[(rbyte-1) % constant_len] << (8 - rshift)	%	cjump	O1--expand-div-rem-bits=0|O1--expand-div-rem-bits=50|Os--expand-div-rem-bits=0|Os--expand-div-rem-bits=50|Oz--expand-div-rem-bits=0|Oz--expand-div-rem-bits=50
ossl_quic_rstream_get_record	ssl/quic/quic_rstream.c	155	26	    idx = logical_offset % r->alloc;	%	cjump	O1--expand-div-rem-bits=0|O1--expand-div-rem-bits=50|Os--expand-div-rem-bits=0|Os--expand-div-rem-bits=50
OPENSSL_gmtime_adj	crypto/o_time.c	189	22	    long n = (4 * L) / 146097;	/	cjump	O1--expand-div-rem-bits=0|O1--expand-div-rem-bits=50|O2--expand-div-rem-bits=0|O2--expand-div-rem-bits=50|O3--expand-div-rem-bits=0|O3--expand-div-rem-bits=50|Ofast--expand-div-rem-bits=0|Ofast--expand-div-rem-bits=50|Os--expand-div-rem-bits=0|Os--expand-div-rem-bits=50|Oz--expand-div-rem-bits=0|Oz--expand-div-rem-bits=50
def_time_cb	crypto/ts/ts_rsp_sign.c	110	43	    tv.tv_usec = (t.t % OSSL_TIME_SECOND) / OSSL_TIME_US;	/	cjump	O1--expand-div-rem-bits=0|O1--expand-div-rem-bits=50|O2--expand-div-rem-bits=0|O3--expand-div-rem-bits=0|Ofast--expand-div-rem-bits=0|Os--expand-div-rem-bits=0|Oz--expand-div-rem-bits=0
kdf_pkcs12_derive	providers/implementations/kdfs/pkcs12kdf.c	113	25	            B[j] = Ai[j % u];	%	cjump	O1--expand-div-rem-bits=0|O1--expand-div-rem-bits=50|Os--expand-div-rem-bits=0|Os--expand-div-rem-bits=50|Oz--expand-div-rem-bits=0|Oz--expand-div-rem-bits=50
krb5kdf_derive	providers/implementations/kdfs/krb5kdf.c	321	27	        rotbits = 13 * (l / constant_len);	/	cjump	O1--expand-div-rem-bits=0|O1--expand-div-rem-bits=50|Os--expand-div-rem-bits=0|Os--expand-div-rem-bits=50|Oz--expand-div-rem-bits=0|Oz--expand-div-rem-bits=50
OPENSSL_LH_insert	crypto/lhash/lhash.c	335	19	        nn = hash % lh->num_alloc_nodes;	%	cjump	O1--expand-div-rem-bits=0|O1--expand-div-rem-bits=50
ossl_quic_get_event_timeout	ssl/quic/quic_impl.c	110	23	    tv.tv_usec = (t.t % OSSL_TIME_SECOND) / OSSL_TIME_US;	%	cjump	O1--expand-div-rem-bits=0|O1--expand-div-rem-bits=50|O2--expand-div-rem-bits=0|O2--expand-div-rem-bits=50|O3--expand-div-rem-bits=0|O3--expand-div-rem-bits=50|Ofast--expand-div-rem-bits=0|Ofast--expand-div-rem-bits=50|Os--expand-div-rem-bits=0|Os--expand-div-rem-bits=50|Oz--expand-div-rem-bits=0|Oz--expand-div-rem-bits=50
dtls1_start_timer	ssl/d1_lib.c	108	30	    tv.tv_sec = (time_t)(t.t / OSSL_TIME_SECOND);	/	cjump	O1--expand-div-rem-bits=0|O1--expand-div-rem-bits=50|O2--expand-div-rem-bits=0|O2--expand-div-rem-bits=50|O3--expand-div-rem-bits=0|O3--expand-div-rem-bits=50|Ofast--expand-div-rem-bits=0|Ofast--expand-div-rem-bits=50|Os--expand-div-rem-bits=0|Os--expand-div-rem-bits=50
dgram_read	crypto/bio/bss_dgram.c	110	43	    tv.tv_usec = (t.t % OSSL_TIME_SECOND) / OSSL_TIME_US;	/	cjump	O1--expand-div-rem-bits=0|O1--expand-div-rem-bits=50|O2--expand-div-rem-bits=0|O3--expand-div-rem-bits=0|Ofast--expand-div-rem-bits=0|Os--expand-div-rem-bits=0|Oz--expand-div-rem-bits=0
ssl3_cbc_digest_record	ssl/record/methods/ssl3_cbc.c	387	31	            for (i = 1; i < k / md_block_size; i++)	/	mdiv	O1-fprofile-generate|O2-fprofile-generate|O3-fprofile-generate|Ofast-fprofile-generate|Os-fprofile-generate
ssl3_cbc_digest_record	ssl/record/methods/ssl3_cbc.c	380	31	            for (i = 1; i < k / md_block_size - 1; i++)	/	mdiv	O1-fprofile-generate|O2-fprofile-generate|O3-fprofile-generate|Ofast-fprofile-generate|Os-fprofile-generate
ossl_curve448_scalar_halve	crypto/ec/curve448/scalar.c	233	55	        chain = (chain + a->limb[i]) + (sc_p->limb[i] & mask);	&	cjump	O1--disable-cgp|O1--enable-nontrivial-unswitch|O1-fcs-profile-generate|O1-fprofile-generate|O2--enable-nontrivial-unswitch|Os--disable-cgp|Os-fcs-profile-generate|Os-fprofile-generate|Oz--disable-cgp|Oz-fcs-profile-generate|Oz-fprofile-generate
BN_generate_prime_ex2	crypto/bn/bn_prime.c	522	38	                 : (mods[i] + delta) % primes[i] == 0) {	%	mdiv	O1--enable-nontrivial-unswitch|O1-fcs-profile-generate|O1-fprofile-arcs|O1-fprofile-generate|O1-fprofile-instr-generate|O1-fpseudo-probe-for-profiling|O2--enable-nontrivial-unswitch|O2-fprofile-arcs|O2-fprofile-generate|O2-fprofile-instr-generate|O2-fpseudo-probe-for-profiling|Os-fprofile-arcs|Os-fprofile-generate|Os-fprofile-instr-generate|Os-fpseudo-probe-for-profiling|Oz-fprofile-arcs|Oz-fprofile-generate|Oz-fprofile-instr-generate|Oz-fpseudo-probe-for-profiling
BN_generate_prime_ex2	crypto/bn/bn_prime.c	602	38	                 : (mods[i] + delta) % primes[i] == 0) {	%	mdiv	O1--enable-nontrivial-unswitch|O1-fcs-profile-generate|O1-fprofile-arcs|O1-fprofile-generate|O1-fprofile-instr-generate|O1-fpseudo-probe-for-profiling|O2--enable-nontrivial-unswitch|O2-fprofile-arcs|O2-fprofile-generate|O2-fprofile-instr-generate|O2-fpseudo-probe-for-profiling|Os-fprofile-arcs|Os-fprofile-generate|Os-fprofile-instr-generate|Os-fpseudo-probe-for-profiling|Oz-fprofile-arcs|Oz-fprofile-generate|Oz-fprofile-instr-generate|Oz-fpseudo-probe-for-profiling
BN_generate_prime_ex2	crypto/bn/bn_prime.c	601	38	        if (safe ? (mods[i] + delta) % primes[i] <= 1	%	mdiv	O1--enable-nontrivial-unswitch|O1-fcs-profile-generate|O1-fprofile-arcs|O1-fprofile-generate|O1-fprofile-instr-generate|O1-fpseudo-probe-for-profiling|O2--enable-nontrivial-unswitch|O2-fprofile-arcs|O2-fprofile-generate|O2-fprofile-instr-generate|O2-fpseudo-probe-for-profiling|Os-fprofile-arcs|Os-fprofile-generate|Os-fprofile-instr-generate|Os-fpseudo-probe-for-profiling|Oz-fprofile-arcs|Oz-fprofile-generate|Oz-fprofile-instr-generate|Oz-fpseudo-probe-for-profiling
fmtint	crypto/bio/bio_print.c	468	21	            [uvalue % (unsigned)base];	%	mdiv	O1--fast-isel|O1-fcs-profile-generate|O1-fprofile-generate|O1-fprofile-instr-generate|Os--fast-isel|Os-fcs-profile-generate|Os-fprofile-generate|Os-fprofile-instr-generate|Oz--fast-isel
internal_find	crypto/stack/stack.c	345	15	        *pnum = 0;	=	cjump	O1--enable-tail-merge=false|O1--sroa-skip-mem2reg|O1--tail-merge-size=0|O1--tail-merge-threshold=0|O1-fcs-profile-generate|O1-fmemory-profile|O1-fprofile-generate
BN_generate_prime_ex2	crypto/bn/bn_prime.c	521	38	        if (safe ? (mods[i] + delta) % primes[i] <= 1	%	mdiv	O1--enable-nontrivial-unswitch|O1-fcs-profile-generate|O1-fprofile-arcs|O1-fprofile-generate|O1-fprofile-instr-generate|O1-fpseudo-probe-for-profiling|O2--enable-nontrivial-unswitch|O2-fprofile-arcs|O2-fprofile-generate|O2-fprofile-instr-generate|O2-fpseudo-probe-for-profiling|Os-fprofile-arcs|Os-fprofile-generate|Os-fprofile-instr-generate|Os-fpseudo-probe-for-profiling|Oz-fprofile-arcs|Oz-fprofile-generate|Oz-fprofile-instr-generate|Oz-fpseudo-probe-for-profiling
OPENSSL_gmtime_adj	crypto/o_time.c	189	22	    long n = (4 * L) / 146097;	/	mdiv	O1--fast-isel|O2--fast-isel|O3--fast-isel|Ofast--fast-isel|Os--fast-isel
OPENSSL_gmtime_adj	crypto/o_time.c	95	34	    tm->tm_min = (time_sec / 60) % 60;	%	mdiv	O1--fast-isel|O2--fast-isel|O3--fast-isel|Ofast--fast-isel|Os--fast-isel
CONF_get_number	crypto/conf/conf_lib.c	358	34	        if (res > (LONG_MAX - d) / 10L) {	/	mdiv	O1--fast-isel|O2--fast-isel|O3--fast-isel|Ofast--fast-isel|Os--fast-isel
ASN1_UNIVERSALSTRING_to_string	crypto/asn1/a_print.c	64	15	    s->length /= 4;	/	mdiv	O1--fast-isel|O2--fast-isel|O3--fast-isel|Ofast--fast-isel|Os--fast-isel
BN_bn2mpi	crypto/bn/bn_mpi.c	22	22	    num = (bits + 7) / 8;	/	mdiv	O1--fast-isel|O2--fast-isel|O3--fast-isel|Ofast--fast-isel|Os--fast-isel
s_client_main	apps/s_client.c	3215	18	        else if (FD_ISSET(fileno_stdin(), &readfds))	F	mdiv	O1--fast-isel|O2--fast-isel|O3--fast-isel|Ofast--fast-isel|Os--fast-isel
tls_choose_sigalg	ssl/t1_lib.c	4658	57	        if (!s->server && !ssl_has_cert(s, s->cert->key - s->cert->pkeys))	-	mdiv	O1--fast-isel|O2--fast-isel|O3--fast-isel|Ofast--fast-isel|Os--fast-isel
s_client_main	apps/s_client.c	2985	17	                openssl_fdset(SSL_get_fd(con), &readfds);	o	mdiv	O1--fast-isel|O2--fast-isel|O3--fast-isel|Ofast--fast-isel|Os--fast-isel
bn_mul_low_recursive	crypto/bn/bn_mul.c	480	16	    int n = n2 / 2;	/	mdiv	O1--fast-isel|O2--fast-isel|O3--fast-isel|Ofast--fast-isel|Os--fast-isel
ossl_aria_set_encrypt_key	crypto/aria/aria.c	546	27	    int Nr = (bits + 256) / 32;	/	mdiv	O1--fast-isel|O2--fast-isel|O3--fast-isel|Ofast--fast-isel|Os--fast-isel
DES_cfb_encrypt	crypto/des/cfb_enc.c	36	32	    register int num = numbits / 8, n = (numbits + 7) / 8, i, rem =	/	mdiv	O1--fast-isel|O2--fast-isel|O3--fast-isel|Ofast--fast-isel|Os--fast-isel
ossl_crypto_condvar_wait_timeout	crypto/thread/arch/thread_posix.c	195	15	            = ossl_time2seconds(deadline);	o	mdiv	O1--fast-isel|O2--fast-isel|O3--fast-isel|Ofast--fast-isel|Os--fast-isel|Oz--fast-isel
dgram_read	crypto/bio/bss_dgram.c	110	23	    tv.tv_usec = (t.t % OSSL_TIME_SECOND) / OSSL_TIME_US;	%	mdiv	O1--fast-isel|O2--fast-isel|O3--fast-isel|Ofast--fast-isel|Os--fast-isel
decap	crypto/ml_kem/ml_kem.c	475	18	    return (mask & x) | (~mask & subtracted);	&	cjump	O1--fast-isel|O2--fast-isel
OPENSSL_gmtime_diff	crypto/o_time.c	181	48	    return (1461 * (y + 4800 + (m - 14) / 12)) / 4 +	/	mdiv	O1--fast-isel|O2--fast-isel|O3--fast-isel|Ofast--fast-isel
OSSL_ERR_STATE_restore	crypto/err/err_save.c	18	39	        es->bottom = (es->bottom + 1) % ERR_NUM_ERRORS;	%	mdiv	O1--fast-isel|O2--fast-isel|O3--fast-isel|Ofast--fast-isel|Os--fast-isel
push_BN	crypto/param_build.c	210	13	        n = BN_num_bytes(bn);	B	mdiv	O1--fast-isel|O2--fast-isel|O3--fast-isel|Ofast--fast-isel|Os--fast-isel
print_bin	crypto/ec/eck_prn.c	246	19	    for (i = 0; i < len; i++) {	<	mdiv	O1--fast-isel|O2--fast-isel|O3--fast-isel|Ofast--fast-isel|Os--fast-isel
inner_product	crypto/ml_kem/ml_kem.c	475	32	    return (mask & x) | (~mask & subtracted);	&	cjump	O1--fast-isel|O1--x86-cmov-converter-force-all|O2--fast-isel|O2--x86-cmov-converter-force-all|O3--fast-isel|O3--x86-cmov-converter-force-all|Ofast--fast-isel|Ofast--x86-cmov-converter-force-all|Os--fast-isel|Os--x86-cmov-converter-force-all
readbuffer_read	crypto/bio/bf_readbuff.c	93	36	    sz = DEFAULT_BUFFER_SIZE * (sz / DEFAULT_BUFFER_SIZE);	/	mdiv	O1--fast-isel|O2--fast-isel|O3--fast-isel|Ofast--fast-isel
bn2binpad	crypto/bn/bn_lib.c	586	22	        n = (n8 + 7) / 8;       /* This is what BN_num_bytes() does */	/	mdiv	O1--fast-isel|O2--fast-isel|O3--fast-isel|Ofast--fast-isel|Os--fast-isel
SCT_print	crypto/ct/ct_prn.c	38	53	                             (timestamp % 86400000) / 1000);	/	mdiv	O1--fast-isel|O2--fast-isel|O3--fast-isel|Ofast--fast-isel|Os--fast-isel
BN_GF2m_mod_solve_quad_arr	crypto/bn/bn_gf2m.c	1035	37	        for (j = 1; j <= (p[0] - 1) / 2; j++) {	/	mdiv	O1--fast-isel|O2--fast-isel|O3--fast-isel|Ofast--fast-isel|Os--fast-isel
ERR_new	crypto/err/err_blocks.c	16	29	    es->top = (es->top + 1) % ERR_NUM_ERRORS;	%	mdiv	O1--fast-isel|O2--fast-isel|O3--fast-isel|Ofast--fast-isel|Os--fast-isel
DES_set_key_checked	crypto/des/set_key.c	81	13	        res &= constant_time_eq_8(b & 1, 1);	&	cjump	O1--fast-isel
ossl_pqueue_reserve	ssl/priority_queue.c	17	1	OSSL_SAFE_MATH_UNSIGNED(size_t, size_t)	O	mdiv	O1--fast-isel|O2--fast-isel|O3--fast-isel|Ofast--fast-isel|Os--fast-isel
ossl_dh_compute_key	crypto/dh/dh_key.c	102	32	    ret = BN_bn2binpad(z, key, BN_num_bytes(dh->params.p));	B	mdiv	O1--fast-isel|O2--fast-isel|O3--fast-isel|Ofast--fast-isel|Os--fast-isel
s_client_main	apps/s_client.c	3042	25	                    && !FD_ISSET(SSL_get_fd(con), &readfds)	F	mdiv	O1--fast-isel|O2--fast-isel|O3--fast-isel|Ofast--fast-isel|Os--fast-isel
SRP_Calc_x_ex	crypto/srp/srp_lib.c	159	15	    if ((cs = OPENSSL_malloc(BN_num_bytes(s))) == NULL)	O	mdiv	O1--fast-isel|O2--fast-isel|O3--fast-isel|Ofast--fast-isel|Os--fast-isel
ossl_quic_get_event_timeout	ssl/quic/quic_impl.c	108	30	    tv.tv_sec = (time_t)(t.t / OSSL_TIME_SECOND);	/	mdiv	O1--fast-isel|O2--fast-isel|O3--fast-isel|Ofast--fast-isel|Os--fast-isel|Oz--fast-isel
ossl_asn1_time_to_tm	crypto/asn1/a_time.c	73	70	    tm->tm_wday = (d + (13 * m) / 5 + y + y / 4 + c / 4 + 5 * c + 6) % 7;	%	mdiv	O1--fast-isel|O2--fast-isel|O3--fast-isel|Ofast--fast-isel|Os--fast-isel
DES_key_sched	crypto/des/set_key.c	81	13	        res &= constant_time_eq_8(b & 1, 1);	&	cjump	O1--fast-isel
BN_GF2m_mod_arr	crypto/bn/bn_gf2m.c	371	22	            n = p[k] / BN_BITS2;	/	mdiv	O1--fast-isel|O2--fast-isel|O3--fast-isel|Ofast--fast-isel|Os--fast-isel|Oz--fast-isel
tls_collect_extensions	ssl/statem/extensions.c	659	22	        idx = thisex - raw_extensions;	-	mdiv	O1--fast-isel|O2--fast-isel|O3--fast-isel|Ofast--fast-isel|Os--fast-isel
bn_mod_exp_mont_fixed_top	crypto/bn/bn_exp.c	494	22	    wordpos = bitpos / BN_BITS2;	/	mdiv	O1--fast-isel|O2--fast-isel|O3--fast-isel|Ofast--fast-isel
do_i2b	crypto/pem/pvkfmt.c	666	17	            || (BN_num_bytes(dmp1) > hnbyte)	B	mdiv	O1--fast-isel|O2--fast-isel|O3--fast-isel|Ofast--fast-isel|Os--fast-isel
SSL_CTX_set_timeout	ssl/ssl_sess.c	1139	15	    l = (long)ossl_time2seconds(s->session_timeout);	o	mdiv	O1--fast-isel|O2--fast-isel|O3--fast-isel|Ofast--fast-isel|Os--fast-isel
get_error_values	crypto/err/err.c	462	30	        i = (es->bottom + 1) % ERR_NUM_ERRORS;	%	mdiv	O1--fast-isel|O2--fast-isel|O3--fast-isel|Ofast--fast-isel|Os--fast-isel
ossl_ec_GF2m_simple_point2oct	crypto/ec/ec2_oct.c	158	50	    field_len = (EC_GROUP_get_degree(group) + 7) / 8;	/	mdiv	O1--fast-isel|O2--fast-isel|O3--fast-isel|Ofast--fast-isel|Os--fast-isel
md5crypt	apps/passwd.c	449	44	             dest++, source = (source + 6) % 17)	%	mdiv	O1--fast-isel|Os--fast-isel
ossl_quic_sstream_get_stream_frame	ssl/quic/quic_sstream.c	159	17	    hdr->is_fin = qss->have_final_size	=	cjump	O1--fast-isel|O2--fast-isel|O3--fast-isel|Ofast--fast-isel|Os--fast-isel|Oz--fast-isel
ssl3_cbc_digest_record	ssl/record/methods/ssl3_cbc.c	427	21	            b = b & ~is_past_cp1;	~	cjump	O1--fast-isel|O1--x86-cmov-converter-force-all|O2--fast-isel|O2--x86-cmov-converter-force-all|O3--fast-isel|O3--x86-cmov-converter-force-all|Ofast--fast-isel|Ofast--x86-cmov-converter-force-all|Os--fast-isel|Os--x86-cmov-converter-force-all|Oz--fast-isel|Oz--x86-cmov-converter-force-all
bn_div_fixed_top	crypto/bn/bn_div.c	148	12	    rshift %= BN_BITS2;            /* say no to undefined behaviour */	%	mdiv	O1--fast-isel|O2--fast-isel|O3--fast-isel|Ofast--fast-isel|Os--fast-isel
fmtfp	crypto/bio/bio_print.c	728	54	            econvert[eplace++] = "0123456789"[tmpexp % 10];	%	mdiv	O1--fast-isel|O2--fast-isel|O3--fast-isel|Ofast--fast-isel|Os--fast-isel
ossl_bsearch	crypto/bsearch.c	26	21	        i = (l + h) / 2;	/	mdiv	O1--fast-isel|O2--fast-isel|O3--fast-isel|Ofast--fast-isel|Os--fast-isel
dtls1_stop_timer	ssl/d1_lib.c	110	43	    tv.tv_usec = (t.t % OSSL_TIME_SECOND) / OSSL_TIME_US;	/	mdiv	O1--fast-isel|O2--fast-isel|O3--fast-isel|Ofast--fast-isel|Os--fast-isel
ossl_ec_key_simple_priv2oct	crypto/ec/ec_key.c	1012	55	    buf_len = (EC_GROUP_order_bits(eckey->group) + 7) / 8;	/	mdiv	O1--fast-isel|O2--fast-isel|O3--fast-isel|Ofast--fast-isel|Os--fast-isel
ossl_dsa_do_sign_int	crypto/dsa/dsa_ossl.c	122	16	    if (dlen > BN_num_bytes(dsa->params.q))	B	mdiv	O1--fast-isel|O2--fast-isel|O3--fast-isel|Ofast--fast-isel|Os--fast-isel
OPENSSL_gmtime_adj	crypto/o_time.c	95	28	    tm->tm_min = (time_sec / 60) % 60;	/	mdiv	O1--fast-isel|O2--fast-isel|O3--fast-isel|Ofast--fast-isel|Os--fast-isel|Oz--fast-isel
s_client_main	apps/s_client.c	2529	17	                openssl_fdset(SSL_get_fd(con), &readfds);	o	mdiv	O1--fast-isel|O2--fast-isel|O3--fast-isel|Ofast--fast-isel|Os--fast-isel
ossl_ecdsa_simple_sign_sig	crypto/ec/ecdsa_ossl.c	329	28	        dgst_len = (i + 7) / 8;	/	mdiv	O1--fast-isel|O2--fast-isel|O3--fast-isel|Ofast--fast-isel|Os--fast-isel
CRYPTO_ocb128_decrypt	crypto/modes/ocb128.c	68	23	    mask = (0 - mask) & 0x87;	&	cjump	O1--fast-isel|O2--fast-isel
CT_POLICY_EVAL_CTX_new_ex	crypto/ct/ct_policy.c	48	29	    ctx->epoch_time_in_ms = ossl_time2ms(now);	o	mdiv	O1--fast-isel|O2--fast-isel|O3--fast-isel|Ofast--fast-isel|Os--fast-isel
bn_rshift_fixed_top	crypto/bn/bn_shift.c	185	12	    nw = n / BN_BITS2;	/	mdiv	O1--fast-isel|O2--fast-isel|O3--fast-isel|Ofast--fast-isel|Os--fast-isel
ossl_sm2_encrypt	crypto/sm2/sm2_crypt.c	54	12	    return BN_num_bytes(p);	B	mdiv	O1--fast-isel|O2--fast-isel|O3--fast-isel|Ofast--fast-isel
CRYPTO_ocb128_aad	crypto/modes/ocb128.c	68	23	    mask = (0 - mask) & 0x87;	&	cjump	O1--fast-isel|O2--fast-isel
rsa_ossl_public_encrypt	crypto/rsa/rsa_ossl.c	130	11	    num = BN_num_bytes(rsa->n);	B	mdiv	O1--fast-isel|O2--fast-isel|O3--fast-isel|Ofast--fast-isel|Os--fast-isel
dtls1_handle_timeout	ssl/d1_lib.c	110	43	    tv.tv_usec = (t.t % OSSL_TIME_SECOND) / OSSL_TIME_US;	/	mdiv	O1--fast-isel|O2--fast-isel|O3--fast-isel|Ofast--fast-isel
www_body	apps/s_server.c	3344	17	                openssl_fdset(s, &readfds);	o	mdiv	O1--fast-isel|O2--fast-isel|O3--fast-isel|Ofast--fast-isel|Os--fast-isel
json_u64	ssl/quic/json_enc.c	552	28	            *--p = '0' + v % 10;	%	mdiv	O1--fast-isel|O2--fast-isel|O3--fast-isel|Ofast--fast-isel|Os--fast-isel|Oz--fast-isel
SSL_SESSION_get_time_ex	ssl/ssl_sess.c	132	25	    return (time_t)(t.t / OSSL_TIME_SECOND);	/	mdiv	O1--fast-isel|O2--fast-isel|O3--fast-isel|Ofast--fast-isel|Os--fast-isel
dgram_pair_write_inner	crypto/bio/bss_dgram_pair.c	18	1	OSSL_SAFE_MATH_UNSIGNED(size_t, size_t)	O	mdiv	O1--fast-isel|O2--fast-isel|O3--fast-isel|Ofast--fast-isel|Os--fast-isel
OPENSSL_gmtime_adj	crypto/o_time.c	182	48	        (367 * (m - 2 - 12 * ((m - 14) / 12))) / 12 -	/	mdiv	O1--fast-isel|O2--fast-isel|O3--fast-isel|Ofast--fast-isel
OPENSSL_gmtime_adj	crypto/o_time.c	196	25	    *d = L - (2447 * j) / 80;	/	mdiv	O1--fast-isel|O2--fast-isel|O3--fast-isel|Ofast--fast-isel|Os--fast-isel
srp_Calc_xy	crypto/srp/srp_lib.c	31	16	    int numN = BN_num_bytes(N);	B	mdiv	O1--fast-isel|O2--fast-isel|O3--fast-isel|Ofast--fast-isel|Os--fast-isel
NCONF_get_number_e	crypto/conf/conf_lib.c	358	34	        if (res > (LONG_MAX - d) / 10L) {	/	mdiv	O1--fast-isel|O2--fast-isel|O3--fast-isel|Ofast--fast-isel|Os--fast-isel
ossl_sm2_ciphertext_size	crypto/sm2/sm2_crypt.c	54	12	    return BN_num_bytes(p);	B	mdiv	O1--fast-isel|O2--fast-isel|O3--fast-isel|Ofast--fast-isel
ossl_quic_rcidm_request_roll	ssl/quic/quic_rcidm.c	483	9	    if (rcidm->packets_sent >= PACKETS_PER_RCID)	r	mdiv	O1--fast-isel|O2--fast-isel|O3--fast-isel|Ofast--fast-isel
OPENSSL_gmtime_diff	crypto/o_time.c	182	48	        (367 * (m - 2 - 12 * ((m - 14) / 12))) / 12 -	/	mdiv	O1--fast-isel|O2--fast-isel|O3--fast-isel|Ofast--fast-isel
md5crypt	apps/passwd.c	415	37	        if (!EVP_DigestInit_ex(md2, EVP_md5(), NULL))	E	mdiv	O1--fast-isel|O2--fast-isel|O3--fast-isel|Ofast--fast-isel|Os--fast-isel|Oz--jump-threading-across-loop-headers
ossl_ec_GFp_simple_point2oct	crypto/ec/ecp_oct.c	189	17	    field_len = BN_num_bytes(group->field);	B	mdiv	O1--fast-isel|O2--fast-isel|O3--fast-isel|Ofast--fast-isel|Os--fast-isel
BIO_dump_indent_cb	crypto/bio/bio_dump.c	43	18	    dump_width = DUMP_WIDTH_LESS_INDENT(indent);	D	mdiv	O1--fast-isel|O2--fast-isel|O3--fast-isel|Ofast--fast-isel|Os--fast-isel
ossl_quic_reactor_block_until_pred	ssl/quic/quic_reactor.c	346	27	            timeout_ms  = ossl_time2ms(timeout);	o	mdiv	O1--fast-isel|O2--fast-isel|O3--fast-isel|Ofast--fast-isel|Os--fast-isel
ossl_quic_rcidm_add_from_ncid	ssl/quic/quic_rcidm.c	483	9	    if (rcidm->packets_sent >= PACKETS_PER_RCID)	r	mdiv	O1--fast-isel|O2--fast-isel|O3--fast-isel|Ofast--fast-isel
ossl_encode_der_integer	crypto/asn1_dsa.c	83	31	    cont_len = BN_num_bits(n) / 8 + 1;	/	mdiv	O1--fast-isel|O2--fast-isel|O3--fast-isel|Ofast--fast-isel|Os--fast-isel
SSL_poll	ssl/rio/poll_immediate.c	428	20	        OSSL_sleep(ossl_time2ms(ossl_time_from_timeval(*timeout)));	o	mdiv	O1--fast-isel|O2--fast-isel|O3--fast-isel|Ofast--fast-isel|Os--fast-isel
quic_read_record	ssl/quic/quic_tls.c	396	23	        dummyrec[0] = (rl->level == OSSL_RECORD_PROTECTION_LEVEL_NONE)	(	cjump	O1--fast-isel|O2--fast-isel|O3--fast-isel|Ofast--fast-isel|Os--fast-isel|Oz--fast-isel
BN_GF2m_mod_arr	crypto/bn/bn_gf2m.c	334	20	            d0 = n % BN_BITS2;	%	mdiv	O1--fast-isel|O2--fast-isel|O3--fast-isel|Ofast--fast-isel|Os--fast-isel
ossl_ec_GFp_simple_oct2point	crypto/ec/ecp_oct.c	312	17	    field_len = BN_num_bytes(group->field);	B	mdiv	O1--fast-isel|O2--fast-isel|O3--fast-isel|Ofast--fast-isel|Os--fast-isel
EC_POINT_bn2point	crypto/ec/ec_deprecated.c	48	20	    if ((buf_len = BN_num_bytes(bn)) == 0)	B	mdiv	O1--fast-isel|O2--fast-isel|O3--fast-isel|Ofast--fast-isel|Os--fast-isel
tls_construct_cke_srp	ssl/statem/statem_clnt.c	3542	17	            || !WPACKET_sub_allocate_bytes_u16(pkt, BN_num_bytes(s->srp_ctx.A),	W	mdiv	O1--fast-isel|O2--fast-isel|O3--fast-isel|Ofast--fast-isel|Os--fast-isel
ERR_new	crypto/err/err_blocks.c	18	39	        es->bottom = (es->bottom + 1) % ERR_NUM_ERRORS;	%	mdiv	O1--fast-isel|O2--fast-isel|O3--fast-isel|Ofast--fast-isel|Os--fast-isel
bn_lshift_fixed_top	crypto/bn/bn_shift.c	116	12	    nw = n / BN_BITS2;	/	mdiv	O1--fast-isel|O2--fast-isel|O3--fast-isel|Ofast--fast-isel|Os--fast-isel
ossl_ec_GF2m_simple_point2oct	crypto/ec/ec2_oct.c	199	28	        skip = field_len - BN_num_bytes(x);	B	mdiv	O1--fast-isel|O2--fast-isel|O3--fast-isel|Ofast--fast-isel|Os--fast-isel
evp_EncryptDecryptUpdate	crypto/evp/evp_enc.c	31	1	OSSL_SAFE_MATH_SIGNED(int, int)	O	mdiv	O1--fast-isel
ossl_punycode_decode	crypto/punycode.c	53	23	        delta = delta / (base - tmin);	/	mdiv	O1--fast-isel|O2--fast-isel|O3--fast-isel|Ofast--fast-isel|Os--fast-isel
dtls1_handle_timeout	ssl/d1_lib.c	110	23	    tv.tv_usec = (t.t % OSSL_TIME_SECOND) / OSSL_TIME_US;	%	mdiv	O1--fast-isel|O2--fast-isel|O3--fast-isel|Ofast--fast-isel
OPENSSL_gmtime_adj	crypto/o_time.c	181	41	    return (1461 * (y + 4800 + (m - 14) / 12)) / 4 +	/	mdiv	O1--fast-isel|O2--fast-isel|O3--fast-isel|Ofast--fast-isel
def_time_cb	crypto/ts/ts_rsp_sign.c	108	30	    tv.tv_sec = (time_t)(t.t / OSSL_TIME_SECOND);	/	mdiv	O1--fast-isel|O2--fast-isel|O3--fast-isel|Ofast--fast-isel|Os--fast-isel|Oz--fast-isel
print_array	apps/lib/apps.c	1420	16	        if ((i % 10) == 0)	%	mdiv	O1--fast-isel|O2--fast-isel|O3--fast-isel|Ofast--fast-isel|Os--fast-isel|Oz--disable-lsr
OPENSSL_gmtime_adj	crypto/o_time.c	96	27	    tm->tm_sec = time_sec % 60;	%	mdiv	O1--fast-isel|O2--fast-isel|O3--fast-isel|Ofast--fast-isel|Os--fast-isel
bn2binpad	crypto/bn/bn_lib.c	561	18	    n = (n8 + 7) / 8;           /* This is what BN_num_bytes() does */	/	mdiv	O1--fast-isel|O2--fast-isel|O3--fast-isel|Ofast--fast-isel|Os--fast-isel
pkey_ec_derive	crypto/ec/ec_pmeth.c	194	52	        *keylen = (EC_GROUP_get_degree(group) + 7) / 8;	/	mdiv	O1--fast-isel|O2--fast-isel|O3--fast-isel|Ofast--fast-isel|Os--fast-isel
make_addressPrefix	crypto/x509/v3_addr.c	409	35	    int bytelen = (prefixlen + 7) / 8, bitlen = prefixlen % 8;	/	mdiv	O1--fast-isel|O2--fast-isel|O3--fast-isel|Ofast--fast-isel|Os--fast-isel
SCT_print	crypto/ct/ct_prn.c	38	41	                             (timestamp % 86400000) / 1000);	%	mdiv	O1--fast-isel|O2--fast-isel|O3--fast-isel|Ofast--fast-isel|Os--fast-isel
encrypt_cpa	crypto/ml_kem/ml_kem.c	795	9	        decode_decompress_add_bit;	d	cjump	O1--fast-isel|O1--x86-cmov-converter-force-all|Oz--x86-cmov-converter-force-all
SSL_SESSION_print	ssl/ssl_txt.c	140	35	                       (long long)ossl_time2seconds(x->timeout)) <= 0)	o	mdiv	O1--fast-isel|O2--fast-isel|O3--fast-isel|Ofast--fast-isel|Os--fast-isel
ossl_ec_GF2m_simple_group_copy	crypto/ec/ec2_smpl.c	89	65	    if (bn_wexpand(dest->a, (int)(dest->poly[0] + BN_BITS2 - 1) / BN_BITS2) ==	/	mdiv	O1--fast-isel|O2--fast-isel|O3--fast-isel|Ofast--fast-isel|Os--fast-isel
SSL_SESSION_get_time	ssl/ssl_sess.c	132	25	    return (time_t)(t.t / OSSL_TIME_SECOND);	/	mdiv	O1--fast-isel|O2--fast-isel|O3--fast-isel|Ofast--fast-isel|Os--fast-isel
www_body	apps/s_server.c	3415	43	                        BIO_write(io, ((i % 3) ? " " : "\n"), 1);	%	mdiv	O1--fast-isel|O2--fast-isel|O3--fast-isel|Ofast--fast-isel|Os--fast-isel
ossl_sm2_compute_z_digest	crypto/sm2/sm2_sign.c	112	15	    p_bytes = BN_num_bytes(p);	B	mdiv	O1--fast-isel|O2--fast-isel|O3--fast-isel|Ofast--fast-isel|Os--fast-isel
ssl3_cbc_copy_mac	ssl/record/methods/tls_pad.c	270	11	        j &= constant_time_lt_s(j, mac_size);	&	cjump	O1--fast-isel|O2--fast-isel|O3--fast-isel|Ofast--fast-isel|Os--fast-isel|Oz--fast-isel
readbuffer_gets	crypto/bio/bf_readbuff.c	93	36	    sz = DEFAULT_BUFFER_SIZE * (sz / DEFAULT_BUFFER_SIZE);	/	mdiv	O1--fast-isel|O2--fast-isel|O3--fast-isel|Ofast--fast-isel
tls_construct_server_key_exchange	ssl/statem/statem_srvr.c	2748	42	        if (!WPACKET_allocate_bytes(pkt, BN_num_bytes(r[i]), &binval)	B	mdiv	O1--fast-isel|O2--fast-isel|O3--fast-isel|Ofast--fast-isel|Os--fast-isel
do_i2b	crypto/pem/pvkfmt.c	664	17	            || (BN_num_bytes(p) > hnbyte)	B	mdiv	O1--fast-isel|O2--fast-isel|O3--fast-isel|Ofast--fast-isel|Os--fast-isel
dgram_read	crypto/bio/bss_dgram.c	110	43	    tv.tv_usec = (t.t % OSSL_TIME_SECOND) / OSSL_TIME_US;	/	mdiv	O1--fast-isel|O2--fast-isel|O3--fast-isel|Ofast--fast-isel|Os--fast-isel
do_passwd	apps/passwd.c	676	14	        if (!EVP_DigestInit_ex(md2, sha, NULL))	E	mdiv	O1--fast-isel|O2--fast-isel|O3--fast-isel|Ofast--fast-isel|Os--fast-isel
ASN1_buf_print	crypto/asn1/t_pkey.c	26	16	        if ((i % ASN1_BUF_PRINT_WIDTH) == 0) {	%	mdiv	O1--fast-isel|O2--fast-isel|O3--fast-isel|Ofast--fast-isel|Os--fast-isel|Oz--disable-lsr
ossl_crypto_condvar_wait_timeout	crypto/thread/arch/thread_posix.c	197	42	            = (ossl_time2ticks(deadline) % OSSL_TIME_SECOND) / OSSL_TIME_NS;	%	mdiv	O1--fast-isel|O2--fast-isel|O3--fast-isel|Ofast--fast-isel|Os--fast-isel
BN_bn2dec	crypto/bn/bn_conv.c	63	14	    num = (i / 10 + i / 1000 + 1) + 1;	/	mdiv	O1--fast-isel|O2--fast-isel|O3--fast-isel|Ofast--fast-isel|Os--fast-isel
OSSL_HTTP_proxy_connect	crypto/http/http_client.c	1406	17	    outl = (len / 3);	/	mdiv	O1--fast-isel|O2--fast-isel|O3--fast-isel|Ofast--fast-isel|Os--fast-isel|Oz--fast-isel
BN_bn2bin	crypto/bn/bn_lib.c	561	18	    n = (n8 + 7) / 8;           /* This is what BN_num_bytes() does */	/	mdiv	O1--fast-isel|O2--fast-isel|O3--fast-isel|Ofast--fast-isel
ossl_json_i64	ssl/quic/json_enc.c	551	34	        for (*p = '\0'; v > 0; v /= 10)	/	mdiv	O1--fast-isel
SSL_SESSION_get_timeout	ssl/ssl_sess.c	132	25	    return (time_t)(t.t / OSSL_TIME_SECOND);	/	mdiv	O1--fast-isel|O2--fast-isel|O3--fast-isel|Ofast--fast-isel|Os--fast-isel
ossl_quic_tx_packetiser_generate	ssl/quic/quic_txp.c	2930	37	    tpkt->ackm_pkt.is_inflight      = !can_be_non_inflight;	=	cjump	O1--fast-isel|O2--fast-isel|O3--fast-isel|Ofast--fast-isel|Os--fast-isel|Oz--fast-isel
s_client_main	apps/s_client.c	2970	21	                    openssl_fdset(fileno_stdin(), &readfds);	o	mdiv	O1--fast-isel|O2--fast-isel|O3--fast-isel|Ofast--fast-isel|Os--fast-isel
ossl_ecdsa_simple_verify_sig	crypto/ec/ecdsa_ossl.c	506	28	        dgst_len = (i + 7) / 8;	/	mdiv	O1--fast-isel|O2--fast-isel|O3--fast-isel|Ofast--fast-isel|Os--fast-isel
DES_cfb_encrypt	crypto/des/cfb_enc.c	36	55	    register int num = numbits / 8, n = (numbits + 7) / 8, i, rem =	/	mdiv	O1--fast-isel|O2--fast-isel|O3--fast-isel|Ofast--fast-isel|Os--fast-isel
tls_choose_sigalg	ssl/t1_lib.c	4685	51	                        int cc_idx = s->cert->key - s->cert->pkeys;	-	mdiv	O1--fast-isel|O2--fast-isel|O3--fast-isel|Ofast--fast-isel|Os--fast-isel
s_client_main	apps/s_client.c	2988	17	                openssl_fdset(SSL_get_fd(con), &writefds);	o	mdiv	O1--fast-isel|O2--fast-isel|O3--fast-isel|Ofast--fast-isel|Os--fast-isel
add_entry	apps/rehash.c	129	38	    unsigned int ndx = (type + hash) % OSSL_NELEM(hash_table);	%	mdiv	O1--fast-isel|O2--fast-isel|O3--fast-isel|Ofast--fast-isel|Os--fast-isel
ossl_punycode_decode	crypto/punycode.c	179	15	        if (i / (written_out + 1) > maxint - n)	/	mdiv	O1--fast-isel|Os--fast-isel|Oz--fast-isel
ossl_ec_GF2m_simple_group_copy	crypto/ec/ec2_smpl.c	92	65	    if (bn_wexpand(dest->b, (int)(dest->poly[0] + BN_BITS2 - 1) / BN_BITS2) ==	/	mdiv	O1--fast-isel|O2--fast-isel|O3--fast-isel|Ofast--fast-isel|Os--fast-isel
ossl_ec_GFp_simple_point2oct	crypto/ec/ecp_oct.c	243	32	            skip = field_len - BN_num_bytes(y);	B	mdiv	O1--fast-isel|O2--fast-isel|O3--fast-isel|Ofast--fast-isel|Os--fast-isel
fmtfp	crypto/bio/bio_print.c	714	30	        fracpart = (fracpart / 10);	/	mdiv	O1--fast-isel|O2--fast-isel|O3--fast-isel|Ofast--fast-isel|Os--fast-isel
HKDF_Expand	providers/implementations/kdfs/hkdf.c	631	17	    n = okm_len / dig_len;	/	mdiv	O1--fast-isel|Os--fast-isel|Oz--fast-isel
ec_security_bits	crypto/ec/ec_ameth.c	229	19	    return ecbits / 2;	/	mdiv	O1--fast-isel|O2--fast-isel|O3--fast-isel|Ofast--fast-isel|Os--fast-isel
encrypt_cpa	crypto/ml_kem/ml_kem.c	475	32	    return (mask & x) | (~mask & subtracted);	&	cjump	O1--fast-isel|O1--x86-cmov-converter-force-all|O2--fast-isel|O2--x86-cmov-converter-force-all|O3--fast-isel|O3--x86-cmov-converter-force-all|Ofast--fast-isel|Ofast--x86-cmov-converter-force-all|Os--fast-isel|Os--x86-cmov-converter-force-all
OPENSSL_gmtime_adj	crypto/o_time.c	193	26	    i = (4000 * (L + 1)) / 1461001;	/	mdiv	O1--fast-isel|O2--fast-isel|O3--fast-isel|Ofast--fast-isel|Os--fast-isel
DH_generate_parameters_ex	crypto/dh/dh_gen.c	225	31	                   + 24) / 25 * 25;	*	mdiv	O1--fast-isel|O2--fast-isel|O3--fast-isel|Ofast--fast-isel|Os--fast-isel
parse_value	crypto/property/property_parse.c	143	37	        if (v > ((INT64_MAX - sval) / 16)) {	/	mdiv	O1--fast-isel|Oz-ftrapv|Oz-fwrapv
DES_check_key_parity	crypto/des/set_key.c	81	13	        res &= constant_time_eq_8(b & 1, 1);	&	cjump	O1--fast-isel|Oz--fast-isel
ossl_dsa_do_sign_int	crypto/dsa/dsa_ossl.c	128	16	        dlen = BN_num_bytes(dsa->params.q);	B	mdiv	O1--fast-isel|O2--fast-isel|O3--fast-isel|Ofast--fast-isel|Os--fast-isel
s_client_main	apps/s_client.c	3048	33	                && ((!isquic && FD_ISSET(SSL_get_fd(con), &writefds))	F	mdiv	O1--fast-isel|O2--fast-isel|O3--fast-isel|Ofast--fast-isel|Os--fast-isel
bn_to_asn1_string	crypto/asn1/a_int.c	486	11	    len = BN_num_bytes(bn);	B	mdiv	O1--fast-isel|O2--fast-isel|O3--fast-isel|Ofast--fast-isel|Os--fast-isel
BN_GF2m_mod_arr	crypto/bn/bn_gf2m.c	354	19	        d0 = p[0] % BN_BITS2;	%	mdiv	O1--fast-isel|O2--fast-isel|O3--fast-isel|Ofast--fast-isel|Os--fast-isel|Oz-fprofile-arcs|Oz-fprofile-generate|Oz-fprofile-instr-generate
do_i2b	crypto/pem/pvkfmt.c	667	17	            || (BN_num_bytes(dmq1) > hnbyte))	B	mdiv	O1--fast-isel|O2--fast-isel|O3--fast-isel|Ofast--fast-isel|Os--fast-isel
BN_GF2m_mod_arr	crypto/bn/bn_gf2m.c	336	15	            n /= BN_BITS2;	/	mdiv	O1--fast-isel|O2--fast-isel|O3--fast-isel|Ofast--fast-isel|Os--fast-isel
added_obj_hash	crypto/objects/obj_dat.c	134	20	            ret ^= p[i] << ((i * 3) % 24);	p	mdiv	O1--fast-isel|O2--fast-isel|O3--fast-isel|Ofast--fast-isel|Os--fast-isel
SRP_create_verifier_ex	crypto/srp/srp_vfy.c	675	14	    vfsize = BN_num_bytes(v) * 2;	B	mdiv	O1--fast-isel|O2--fast-isel|O3--fast-isel|Ofast--fast-isel|Os--fast-isel
genkey	crypto/ml_kem/ml_kem.c	475	18	    return (mask & x) | (~mask & subtracted);	&	cjump	O1--fast-isel|O2--fast-isel|O3--fast-isel|Ofast--fast-isel|Os--fast-isel
EVP_PKEY_set_bn_param	crypto/evp/p_lib.c	2390	13	    bsize = BN_num_bytes(bn);	B	mdiv	O1--fast-isel|O2--fast-isel|O3--fast-isel|Ofast--fast-isel|Os--fast-isel
ossl_quic_get_event_timeout	ssl/quic/quic_impl.c	110	43	    tv.tv_usec = (t.t % OSSL_TIME_SECOND) / OSSL_TIME_US;	/	mdiv	O1--fast-isel|O2--fast-isel|O3--fast-isel|Ofast--fast-isel|Os--fast-isel
BN_BLINDING_invert_ex	crypto/bn/bn_blind.c	185	25	                n->d[i] &= mask;	&	cjump	O1--fast-isel|O1-fcs-profile-generate|O2--fast-isel|O2-fcs-profile-generate|O3--fast-isel|O3-fcs-profile-generate|Ofast--fast-isel|Ofast-fcs-profile-generate|Os--fast-isel|Os--force-target-instruction-cost=100|Os--force-target-instruction-cost=50|Os--force-vector-interleave=100|Os--force-vector-interleave=50|Os--force-vector-width=100|Os--force-vector-width=50|Os-fcs-profile-generate|Oz--fast-isel
ossl_quic_txpim_pkt_append_chunk	ssl/quic/quic_txpim.c	166	79	        new_alloc_chunks = (ex->alloc_chunks == 0) ? 4 : ex->alloc_chunks * 8 / 5;	/	mdiv	O1--fast-isel|O2--fast-isel|O3--fast-isel|Ofast--fast-isel|Os--fast-isel
make_addressPrefix	crypto/x509/v3_addr.c	409	59	    int bytelen = (prefixlen + 7) / 8, bitlen = prefixlen % 8;	%	mdiv	O1--fast-isel|O2--fast-isel|O3--fast-isel|Ofast--fast-isel|Os--fast-isel
sv_body	apps/s_server.c	2640	13	            openssl_fdset(fileno_stdin(), &readfds);	o	mdiv	O1--fast-isel|O2--fast-isel|O3--fast-isel|Ofast--fast-isel|Os--fast-isel
i2d_SSL_SESSION	ssl/ssl_asn1.c	132	25	    return (time_t)(t.t / OSSL_TIME_SECOND);	/	mdiv	O1--fast-isel|O2--fast-isel|O3--fast-isel|Ofast--fast-isel|Os--fast-isel
bn_mod_exp_mont_fixed_top	crypto/bn/bn_exp.c	495	12	    bitpos %= BN_BITS2;	%	mdiv	O1--fast-isel|O2--fast-isel|O3--fast-isel|Ofast--fast-isel
ossl_json_i64	ssl/quic/json_enc.c	552	28	            *--p = '0' + v % 10;	%	mdiv	O1--fast-isel
s_client_main	apps/s_client.c	3285	9	        openssl_fdset(sock, &readfds);	o	mdiv	O1--fast-isel|O2--fast-isel|O3--fast-isel|Ofast--fast-isel|Os--fast-isel
BN_dec2bn	crypto/bn/bn_conv.c	236	24	    j = BN_DEC_NUM - i % BN_DEC_NUM;	%	mdiv	O1--fast-isel|Oz--disable-lsr|Oz--jump-threading-threshold=0|Oz--lsr-drop-solution|Oz-fprofile-arcs|Oz-fprofile-generate|Oz-fprofile-instr-generate
OPENSSL_gmtime_adj	crypto/o_time.c	183	42	        (3 * ((y + 4900 + (m - 14) / 12) / 100)) / 4 + d - 32075;	/	mdiv	O1--fast-isel|O2--fast-isel|O3--fast-isel|Ofast--fast-isel
get_error_values	crypto/err/err.c	479	30	        i = (es->bottom + 1) % ERR_NUM_ERRORS;	%	mdiv	O1--fast-isel|Oz-fprofile-arcs|Oz-fprofile-generate|Oz-fprofile-instr-generate
bn_mod_add_fixed_top	crypto/bn/bn_mod.c	76	25	        temp = ((ap[ai] & mask) + carry) & BN_MASK2;	&	cjump	O1--fast-isel|O2--fast-isel|O3--fast-isel|Ofast--fast-isel|Os--fast-isel|Oz--fast-isel
def_time_cb	crypto/ts/ts_rsp_sign.c	110	43	    tv.tv_usec = (t.t % OSSL_TIME_SECOND) / OSSL_TIME_US;	/	mdiv	O1--fast-isel|O2--fast-isel|O3--fast-isel|Ofast--fast-isel|Os--fast-isel
BUF_MEM_grow	crypto/buffer/buffer.c	91	19	    n = (len + 3) / 3 * 4;	/	mdiv	O1--fast-isel|O2--fast-isel|O3--fast-isel|Ofast--fast-isel|Os--fast-isel
BN_GF2m_mod_arr	crypto/bn/bn_gf2m.c	372	23	            d0 = p[k] % BN_BITS2;	%	mdiv	O1--fast-isel|O2--fast-isel|O3--fast-isel|Ofast--fast-isel|Os--fast-isel
parse_value	crypto/property/property_parse.c	174	43	        if (v > ((INT64_MAX - (*s - '0')) / 8)) {	/	mdiv	O1--fast-isel|O2--fast-isel|O3--fast-isel|Ofast--fast-isel|Os--fast-isel
OPENSSL_gmtime_diff	crypto/o_time.c	183	50	        (3 * ((y + 4900 + (m - 14) / 12) / 100)) / 4 + d - 32075;	/	mdiv	O1--fast-isel|O2--fast-isel|O3--fast-isel|Ofast--fast-isel
decap	crypto/ml_kem/ml_kem.c	475	32	    return (mask & x) | (~mask & subtracted);	&	cjump	O1--fast-isel|O1--x86-cmov-converter-force-all|O2--fast-isel|O2--x86-cmov-converter-force-all|Oz--fast-isel|Oz--x86-cmov-converter-force-all
bn_mod_sub_fixed_top	crypto/bn/bn_mod.c	152	21	        ta = ap[ai] & mask;	&	cjump	O1--fast-isel|O2--fast-isel|O3--fast-isel|Ofast--fast-isel|Os--fast-isel|Oz--fast-isel
dtls1_ctrl	ssl/d1_lib.c	110	43	    tv.tv_usec = (t.t % OSSL_TIME_SECOND) / OSSL_TIME_US;	/	mdiv	O1--fast-isel|O2--fast-isel|O3--fast-isel|Ofast--fast-isel|Os--fast-isel
do_i2b	crypto/pem/pvkfmt.c	735	13	    nbyte = BN_num_bytes(p);	B	mdiv	O1--fast-isel|O2--fast-isel|O3--fast-isel|Ofast--fast-isel|Os--fast-isel
inner_product	crypto/ml_kem/ml_kem.c	475	18	    return (mask & x) | (~mask & subtracted);	&	cjump	O1--fast-isel|O2--fast-isel|O3--fast-isel|Ofast--fast-isel|Os--fast-isel
sv_body	apps/s_server.c	2677	17	            if (FD_ISSET(fileno_stdin(), &readfds))	F	mdiv	O1--fast-isel|O2--fast-isel|O3--fast-isel|Ofast--fast-isel|Os--fast-isel
i2a_ASN1_INTEGER	crypto/asn1/f_int.c	36	20	            if ((i != 0) && (i % 35 == 0)) {	!	mdiv	O1--fast-isel|Os--fast-isel
common_get_params	providers/implementations/keymgmt/ec_kmgmt.c	702	31	            sec_bits = ecbits / 2;	/	mdiv	O1--fast-isel|O2--fast-isel|O3--fast-isel|Ofast--fast-isel|Os--fast-isel
wait_for_async	apps/lib/apps.c	3295	9	        openssl_fdset((int)fds[i], &asyncfds);	o	mdiv	O1--fast-isel|O2--fast-isel|O3--fast-isel|Ofast--fast-isel|Os--fast-isel
fmtfp	crypto/bio/bio_print.c	708	33	            fracpart = fracpart / 10;	/	mdiv	O1--fast-isel|O3--fast-isel|Ofast--fast-isel|Os--fast-isel
ossl_asn1_time_to_tm	crypto/asn1/a_time.c	73	45	    tm->tm_wday = (d + (13 * m) / 5 + y + y / 4 + c / 4 + 5 * c + 6) % 7;	/	mdiv	O1--fast-isel|O2--fast-isel|O3--fast-isel|Ofast--fast-isel|Os--fast-isel
ssl3_cbc_copy_mac	ssl/record/methods/tls_pad.c	291	23	        rotate_offset &= constant_time_lt_s(rotate_offset, mac_size);	&	cjump	O1--fast-isel|O2--fast-isel|O3--fast-isel|Ofast--fast-isel|Os--fast-isel|Oz--fast-isel
OPENSSL_gmtime_adj	crypto/o_time.c	195	18	    j = (80 * L) / 2447;	/	mdiv	O1--fast-isel|O2--fast-isel|O3--fast-isel|Ofast--fast-isel|Os--fast-isel
ssl_cert_set_current	ssl/ssl_cert.c	400	31	        idx = (size_t)(c->key - c->pkeys + 1);	-	mdiv	O1--fast-isel|O2--fast-isel|O3--fast-isel|Ofast--fast-isel|Os--fast-isel
ossl_ffc_params_print	crypto/ffc/ffc_params.c	303	30	        for (i = 0; i < ffc->seedlen; i++) {	s	mdiv	O1--fast-isel|O2--fast-isel|O3--fast-isel|Ofast--fast-isel|Os--fast-isel
ge_double_scalarmult_vartime	crypto/ec/curve25519.c	4601	46	            ge_msub(&t, &u, &Bi[(-bslide[i]) / 2]);	/	mdiv	O1--fast-isel
ossl_bio_print_labeled_buf	crypto/encode_decode/encoder_lib.c	789	16	        if ((i % LABELED_BUF_PRINT_WIDTH) == 0) {	%	mdiv	O1--fast-isel|O2--fast-isel|O3--fast-isel|Ofast--fast-isel|Os--fast-isel|Oz--disable-lsr
ossl_ecdh_simple_compute_key	crypto/ec/ecdh_ossl.c	119	11	    len = BN_num_bytes(x);	B	mdiv	O1--fast-isel|O2--fast-isel|O3--fast-isel|Ofast--fast-isel|Os--fast-isel
parse_number	crypto/property/property_parse.c	108	43	        if (v > ((INT64_MAX - (*s - '0')) / 10)) {	/	mdiv	O1--fast-isel|O2--fast-isel|O3--fast-isel|Ofast--fast-isel|Os--fast-isel
dhparam_main	apps/dhparam.c	267	49	                                                (informat == FORMAT_ASN1)	(	cjump	O1--fast-isel|O1-fprofile-arcs|O1-fprofile-instr-generate|Os--fast-isel|Os-fprofile-instr-generate|Oz--fast-isel|Oz-fprofile-instr-generate
SCT_print	crypto/ct/ct_prn.c	44	71	                 ASN1_STRING_get0_data(gen), (unsigned int)(timestamp % 1000));	%	mdiv	O1--fast-isel|O2--fast-isel|O3--fast-isel|Ofast--fast-isel|Os--fast-isel
ossl_asn1_time_to_tm	crypto/asn1/a_time.c	39	14	    if (year % 400 == 0 || (year % 100 != 0 && year % 4 == 0))	%	mdiv	O1--fast-isel|O2--fast-isel|O3--fast-isel|Ofast--fast-isel|Os--fast-isel
s_client_main	apps/s_client.c	3043	25	                    && !FD_ISSET(SSL_get_fd(con), &writefds))	F	mdiv	O1--fast-isel|O2--fast-isel|O3--fast-isel|Ofast--fast-isel|Os--fast-isel
srp_generate_client_master_secret	ssl/tls_srp.c	394	15	    tmp_len = BN_num_bytes(K);	B	mdiv	O1--fast-isel|O2--fast-isel|O3--fast-isel|Ofast--fast-isel|Os--fast-isel
generate_ecdhkm	providers/implementations/kem/ec_kem.c	526	57	    size_t secretlen = (EC_GROUP_get_degree(group) + 7) / 8;	/	mdiv	O1--fast-isel|O2--fast-isel|O3--fast-isel|Ofast--fast-isel|Os--fast-isel
DES_set_key	crypto/des/set_key.c	81	13	        res &= constant_time_eq_8(b & 1, 1);	&	cjump	O1--fast-isel
encrypt_cpa	crypto/ml_kem/ml_kem.c	475	18	    return (mask & x) | (~mask & subtracted);	&	cjump	O1--fast-isel|O2--fast-isel|O3--fast-isel|Ofast--fast-isel|Os--fast-isel
OPENSSL_gmtime_diff	crypto/o_time.c	181	41	    return (1461 * (y + 4800 + (m - 14) / 12)) / 4 +	/	mdiv	O1--fast-isel|O2--fast-isel|O3--fast-isel|Ofast--fast-isel
ossl_ec_GF2m_simple_group_set_curve	crypto/ec/ec2_smpl.c	119	67	    if (bn_wexpand(group->a, (int)(group->poly[0] + BN_BITS2 - 1) / BN_BITS2)	/	mdiv	O1--fast-isel|O2--fast-isel|O3--fast-isel|Ofast--fast-isel|Os--fast-isel
NETSCAPE_SPKI_print	crypto/asn1/t_spki.c	49	16	        if ((i % 18) == 0)	%	mdiv	O1--fast-isel|O2--fast-isel|O3--fast-isel|Ofast--fast-isel|Os--fast-isel|Oz--disable-lsr
ossl_bn_gen_dsa_nonce_fixed_top	crypto/bn/bn_rand.c	308	34	    const unsigned num_k_bytes = BN_num_bytes(range) + 1;	B	mdiv	O1--fast-isel|O2--fast-isel|O3--fast-isel|Ofast--fast-isel|Os--fast-isel
enc_main	apps/enc.c	391	23	    buff = app_malloc(EVP_ENCODE_LENGTH(bsize), "evp buffer");	E	mdiv	O1--fast-isel|O2--fast-isel|O3--fast-isel|Ofast--fast-isel|Os--fast-isel
def_time_cb	crypto/ts/ts_rsp_sign.c	110	23	    tv.tv_usec = (t.t % OSSL_TIME_SECOND) / OSSL_TIME_US;	%	mdiv	O1--fast-isel|O2--fast-isel|O3--fast-isel|Ofast--fast-isel|Os--fast-isel
ossl_asn1_time_from_tm	crypto/asn1/a_time.c	308	49	                                    ts->tm_year % 100, ts->tm_mon + 1,	%	mdiv	O1--fast-isel|O2--fast-isel|O3--fast-isel|Ofast--fast-isel|Os--fast-isel
dtls1_start_timer	ssl/d1_lib.c	110	43	    tv.tv_usec = (t.t % OSSL_TIME_SECOND) / OSSL_TIME_US;	/	mdiv	O1--fast-isel|O2--fast-isel|O3--fast-isel|Ofast--fast-isel|Os--fast-isel
DES_ofb_encrypt	crypto/des/ofb_enc.c	28	67	    register DES_LONG d0, d1, vv0, vv1, v0, v1, n = (numbits + 7) / 8;	/	mdiv	O1--fast-isel|O2--fast-isel|O3--fast-isel|Ofast--fast-isel|Os--fast-isel
ASN1_bn_print	crypto/asn1/t_pkey.c	72	14	    buflen = BN_num_bytes(num) + 1;	B	mdiv	O1--fast-isel|O2--fast-isel|O3--fast-isel|Ofast--fast-isel|Os--fast-isel
OSSL_PARAM_set_BN	crypto/params.c	1130	21	    bytes = (size_t)BN_num_bytes(val);	B	mdiv	O1--fast-isel|O2--fast-isel|O3--fast-isel|Ofast--fast-isel|Os--fast-isel
OSSL_ERR_STATE_restore	crypto/err/err_save.c	16	29	    es->top = (es->top + 1) % ERR_NUM_ERRORS;	%	mdiv	O1--fast-isel|O2--fast-isel|O3--fast-isel|Ofast--fast-isel|Os--fast-isel
ssl3_cbc_copy_mac	ssl/record/methods/tls_pad.c	355	48	    return (unsigned char)constant_time_select(mask, a, b);	m	cjump	O1--fast-isel|O1--x86-cmov-converter-force-all|O2--fast-isel|O2--x86-cmov-converter-force-all|O3--fast-isel|O3--x86-cmov-converter-force-all|Ofast--fast-isel|Ofast--x86-cmov-converter-force-all|Os--fast-isel|Os--x86-cmov-converter-force-all
OSSL_sleep	crypto/sleep.c	62	36	    ts.tv_sec = (long int) (millis / 1000);	/	mdiv	O1--fast-isel|O2--fast-isel|O3--fast-isel|Ofast--fast-isel|Os--fast-isel|Oz--fast-isel
SSL_CTX_get_timeout	ssl/ssl_sess.c	1148	18	    return (long)ossl_time2seconds(s->session_timeout);	o	mdiv	O1--fast-isel|O2--fast-isel|O3--fast-isel|Ofast--fast-isel|Os--fast-isel
OPENSSL_gmtime_diff	crypto/o_time.c	183	42	        (3 * ((y + 4900 + (m - 14) / 12) / 100)) / 4 + d - 32075;	/	mdiv	O1--fast-isel|O2--fast-isel|O3--fast-isel|Ofast--fast-isel
s_client_main	apps/s_client.c	3142	35	                   || (!isquic && FD_ISSET(SSL_get_fd(con), &readfds))) {	F	mdiv	O1--fast-isel|O2--fast-isel|O3--fast-isel|Ofast--fast-isel|Os--fast-isel
err_string_data_hash	crypto/err/err.c	174	23	    return (ret ^ ret % 19 * 13);	%	mdiv	O1--fast-isel|O2--fast-isel|O3--fast-isel|Ofast--fast-isel|Os--fast-isel
ossl_ec_GF2m_simple_point2oct	crypto/ec/ec2_oct.c	217	32	            skip = field_len - BN_num_bytes(y);	B	mdiv	O1--fast-isel|O2--fast-isel|O3--fast-isel|Ofast--fast-isel|Os--fast-isel
ossl_ec_GFp_simple_point2oct	crypto/ec/ecp_oct.c	225	28	        skip = field_len - BN_num_bytes(x);	B	mdiv	O1--fast-isel|O2--fast-isel|O3--fast-isel|Ofast--fast-isel|Os--fast-isel
OSSL_HTTP_proxy_connect	crypto/http/http_client.c	1407	13	    if (len % 3 > 0)	%	mdiv	O1--fast-isel|O2--fast-isel|O3--fast-isel|Ofast--fast-isel|Os--fast-isel
sk_reserve	crypto/stack/stack.c	18	1	OSSL_SAFE_MATH_SIGNED(int, int)	O	mdiv	O1--fast-isel|O2--fast-isel|O3--fast-isel|Ofast--fast-isel|Os--fast-isel
append_buf	apps/engine.c	62	37	        *size = ((len + expand - 1) / expand) * expand;	/	mdiv	O1--fast-isel|O2--fast-isel|O3--fast-isel|Ofast--fast-isel|Os--fast-isel
rsa_ossl_public_decrypt	crypto/rsa/rsa_ossl.c	741	11	    num = BN_num_bytes(rsa->n);	B	mdiv	O1--fast-isel|O2--fast-isel|O3--fast-isel|Ofast--fast-isel|Os--fast-isel
fmtfp	crypto/bio/bio_print.c	697	28	        intpart = (intpart / 10);	/	mdiv	O1--fast-isel|O2--fast-isel|O3--fast-isel|Ofast--fast-isel|Os--fast-isel
ossl_asn1_time_to_tm	crypto/asn1/a_time.c	71	7	    y %= 100;	%	mdiv	O1--fast-isel|O2--fast-isel|O3--fast-isel|Ofast--fast-isel|Os--fast-isel
dtls1_ctrl	ssl/d1_lib.c	110	23	    tv.tv_usec = (t.t % OSSL_TIME_SECOND) / OSSL_TIME_US;	%	mdiv	O1--fast-isel|O2--fast-isel|O3--fast-isel|Ofast--fast-isel|Os--fast-isel
do_i2b	crypto/pem/pvkfmt.c	665	17	            || (BN_num_bytes(q) > hnbyte)	B	mdiv	O1--fast-isel|O2--fast-isel|O3--fast-isel|Ofast--fast-isel|Os--fast-isel
dtls1_start_timer	ssl/d1_lib.c	108	30	    tv.tv_sec = (time_t)(t.t / OSSL_TIME_SECOND);	/	mdiv	O1--fast-isel|O2--fast-isel|O3--fast-isel|Ofast--fast-isel|Os--fast-isel
ossl_ec_curve_nid_from_params	crypto/ec/ec_curve.c	3404	11	    len = BN_num_bytes(group->field);	B	mdiv	O1--fast-isel|O2--fast-isel|O3--fast-isel|Ofast--fast-isel|Os--fast-isel
fmtfp	crypto/bio/bio_print.c	696	51	        iconvert[iplace++] = "0123456789"[intpart % 10];	%	mdiv	O1--fast-isel|O2--fast-isel|O3--fast-isel|Ofast--fast-isel|Os--fast-isel|Oz--fast-isel
create_ticket_prequel	ssl/statem/statem_srvr.c	3905	34	    uint32_t timeout = (uint32_t)ossl_time2seconds(s->session->timeout);	o	mdiv	O1--fast-isel|O2--fast-isel|O3--fast-isel|Ofast--fast-isel|Os--fast-isel
BN_GF2m_mod_inv	crypto/bn/bn_gf2m.c	698	40	                int utop = (ubits - 1) / BN_BITS2;	/	mdiv	O1--fast-isel|O2--fast-isel|O3--fast-isel|Ofast--fast-isel|Os--fast-isel
OSSL_sleep	crypto/sleep.c	63	37	    ts.tv_nsec = (long int) (millis % 1000) * 1000000ul;	%	mdiv	O1--fast-isel|O2--fast-isel|O3--fast-isel|Ofast--fast-isel|Os--fast-isel
ossl_quic_get_event_timeout	ssl/quic/quic_impl.c	110	23	    tv.tv_usec = (t.t % OSSL_TIME_SECOND) / OSSL_TIME_US;	%	mdiv	O1--fast-isel|O2--fast-isel|O3--fast-isel|Ofast--fast-isel|Os--fast-isel
ossl_ifc_ffc_compute_security_bits	crypto/rsa/rsa_lib.c	301	31	    r = (r * (uint64_t)scale) / log_e;	/	mdiv	O1--fast-isel|O2--fast-isel|O3--fast-isel|Ofast--fast-isel|Os--fast-isel
ssl3_write_bytes	ssl/record/rec_layer_s3.c	433	15	        if (n / maxpipes >= split_send_fragment) {	/	mdiv	O1--fast-isel|Os--fast-isel|Oz--fast-isel
cmd_Certificate	ssl/ssl_conf.c	460	33	        size_t fileidx = c->key - c->pkeys;	-	mdiv	O1--fast-isel|O2--fast-isel|O3--fast-isel|Ofast--fast-isel|Os--fast-isel
ossl_quic_reactor_set_poll_r	ssl/quic/quic_reactor.c	80	9	        = ossl_quic_reactor_can_support_poll_descriptor(rtor, &rtor->poll_r);	=	cjump	O1--fast-isel|O2--fast-isel|O3--fast-isel|Ofast--fast-isel|Os--fast-isel|Oz--fast-isel
CT_POLICY_EVAL_CTX_new	crypto/ct/ct_policy.c	48	29	    ctx->epoch_time_in_ms = ossl_time2ms(now);	o	mdiv	O1--fast-isel|O2--fast-isel|O3--fast-isel|Ofast--fast-isel
OBJ_obj2txt	crypto/objects/obj_dat.c	563	29	                i = (int)(l / 40);	/	mdiv	O1--fast-isel
BN_bn2dec	crypto/bn/bn_conv.c	65	23	    bn_data_num = num / BN_DEC_NUM + 1;	/	mdiv	O1--fast-isel|O2--fast-isel|O3--fast-isel|Ofast--fast-isel|Os--fast-isel
json_u64	ssl/quic/json_enc.c	551	34	        for (*p = '\0'; v > 0; v /= 10)	/	mdiv	O1--fast-isel|O2--fast-isel|O3--fast-isel|Ofast--fast-isel|Os--fast-isel
default_fixup_args	crypto/evp/ctrl_params_translate.c	463	35	                    ctx->buflen = BN_num_bytes(ctx->p2);	B	mdiv	O1--fast-isel|O2--fast-isel|O3--fast-isel|Ofast--fast-isel|Os--fast-isel
ossl_ec_GF2m_simple_oct2point	crypto/ec/ec2_oct.c	310	25	    field_len = (m + 7) / 8;	/	mdiv	O1--fast-isel|O2--fast-isel|O3--fast-isel|Ofast--fast-isel|Os--fast-isel
DH_size	crypto/dh/dh_lib.c	206	16	        return BN_num_bytes(dh->params.p);	B	mdiv	O1--fast-isel|O2--fast-isel|O3--fast-isel|Ofast--fast-isel|Os--fast-isel
CRYPTO_ocb128_init	crypto/modes/ocb128.c	68	23	    mask = (0 - mask) & 0x87;	&	cjump	O1--fast-isel|O2--fast-isel|Os--fast-isel
append_buf	apps/engine.c	71	41	            *size = ((len + expand - 1) / expand) * expand;	/	mdiv	O1--fast-isel|O2--fast-isel|O3--fast-isel|Ofast--fast-isel|Os--fast-isel
ossl_quic_rcidm_add_from_initial	ssl/quic/quic_rcidm.c	483	9	    if (rcidm->packets_sent >= PACKETS_PER_RCID)	r	mdiv	O1--fast-isel|O2--fast-isel|O3--fast-isel|Ofast--fast-isel
DES_cfb_encrypt	crypto/des/cfb_enc.c	37	17	        numbits % 8;	%	mdiv	O1--fast-isel|O2--fast-isel|O3--fast-isel|Ofast--fast-isel|Os--fast-isel
CRYPTO_ocb128_encrypt	crypto/modes/ocb128.c	68	23	    mask = (0 - mask) & 0x87;	&	cjump	O1--fast-isel|O2--fast-isel
s_client_main	apps/s_client.c	3121	34	        else if (!ssl_pending && FD_ISSET(fileno_stdout(), &writefds))	F	mdiv	O1--fast-isel|O2--fast-isel|O3--fast-isel|Ofast--fast-isel|Os--fast-isel
dtls1_start_timer	ssl/d1_lib.c	110	23	    tv.tv_usec = (t.t % OSSL_TIME_SECOND) / OSSL_TIME_US;	%	mdiv	O1--fast-isel|O2--fast-isel|O3--fast-isel|Ofast--fast-isel|Os--fast-isel
ossl_dh_key2buf	crypto/dh/dh_key.c	427	26	            || (p_size = BN_num_bytes(p)) == 0	B	mdiv	O1--fast-isel|O2--fast-isel|O3--fast-isel|Ofast--fast-isel|Os--fast-isel
OPENSSL_gmtime_adj	crypto/o_time.c	197	11	    L = j / 11;	/	mdiv	O1--fast-isel|O2--fast-isel|O3--fast-isel|Ofast--fast-isel|Os--fast-isel
tls_construct_server_key_exchange	ssl/statem/statem_srvr.c	2737	26	            size_t len = BN_num_bytes(r[0]) - BN_num_bytes(r[2]);	B	mdiv	O1--fast-isel|O2--fast-isel|O3--fast-isel|Ofast--fast-isel|Os--fast-isel
SSL_get_handshake_rtt	ssl/ssl_lib.c	5093	12	    *rtt = ossl_time2us(ossl_time_subtract(sc->ts_msg_read, sc->ts_msg_write));	o	mdiv	O1--fast-isel|O2--fast-isel|O3--fast-isel|Ofast--fast-isel|Os--fast-isel
bn_mod_sub_fixed_top	crypto/bn/bn_mod.c	155	21	        tb = bp[bi] & mask;	&	cjump	O1--fast-isel|O2--fast-isel|O3--fast-isel|Ofast--fast-isel|Os--fast-isel|Oz--fast-isel
a2d_ASN1_OBJECT	crypto/asn1/a_object.c	130	35	            blsize = (blsize + 6) / 7;	/	mdiv	O1--fast-isel|O2--fast-isel|O3--fast-isel|Ofast--fast-isel|Os--fast-isel
tls_construct_server_key_exchange	ssl/statem/statem_srvr.c	2737	47	            size_t len = BN_num_bytes(r[0]) - BN_num_bytes(r[2]);	B	mdiv	O1--fast-isel|O2--fast-isel|O3--fast-isel|Ofast--fast-isel|Os--fast-isel
do_i2b	crypto/pem/pvkfmt.c	659	13	        if (BN_num_bytes(d) > nbyte)	B	mdiv	O1--fast-isel|O2--fast-isel|O3--fast-isel|Ofast--fast-isel|Os--fast-isel
OPENSSL_gmtime_adj	crypto/o_time.c	194	24	    L = L - (1461 * i) / 4 + 31;	/	mdiv	O1--fast-isel|O2--fast-isel|O3--fast-isel|Ofast--fast-isel|Os--fast-isel
ossl_asn1_time_to_tm	crypto/asn1/a_time.c	39	34	    if (year % 400 == 0 || (year % 100 != 0 && year % 4 == 0))	%	mdiv	O1--fast-isel|O2--fast-isel|O3--fast-isel|Ofast--fast-isel|Os--fast-isel
ossl_gen_deterministic_nonce_rfc6979	crypto/deterministic_nonce.c	202	28	    rlen = (qlen_bits + 7) / 8;	/	mdiv	O1--fast-isel|O2--fast-isel|O3--fast-isel|Ofast--fast-isel|Os--fast-isel
ossl_quic_reactor_set_poll_w	ssl/quic/quic_reactor.c	91	9	        = ossl_quic_reactor_can_support_poll_descriptor(rtor, &rtor->poll_w);	=	cjump	O1--fast-isel|O2--fast-isel|O3--fast-isel|Ofast--fast-isel|Os--fast-isel|Oz--fast-isel
OPENSSL_gmtime_adj	crypto/o_time.c	140	29	    offset_day = offset_sec / SECS_PER_DAY;	/	mdiv	O1--fast-isel|O2--fast-isel|O3--fast-isel|Ofast--fast-isel
dtls1_stop_timer	ssl/d1_lib.c	110	23	    tv.tv_usec = (t.t % OSSL_TIME_SECOND) / OSSL_TIME_US;	%	mdiv	O1--fast-isel|O2--fast-isel|O3--fast-isel|Ofast--fast-isel|Os--fast-isel
SCT_print	crypto/ct/ct_prn.c	37	46	                             (int)(timestamp / 86400000),	/	mdiv	O1--fast-isel|O2--fast-isel|O3--fast-isel|Ofast--fast-isel|Os--fast-isel|Oz--fast-isel
ossl_aes_gcm_siv_set_ctx_params	providers/implementations/ciphers/cipher_aes_gcm_siv.c	242	20	        ctx->speed = !!speed;	=	cjump	O1--fast-isel|O2--fast-isel|O3--fast-isel|Ofast--fast-isel|Os--fast-isel|Oz--fast-isel
OPENSSL_gmtime_adj	crypto/o_time.c	183	50	        (3 * ((y + 4900 + (m - 14) / 12) / 100)) / 4 + d - 32075;	/	mdiv	O1--fast-isel|O2--fast-isel|O3--fast-isel|Ofast--fast-isel
ossl_ec_curve_nid_from_params	crypto/ec/ec_curve.c	3403	17	    param_len = BN_num_bytes(group->order);	B	mdiv	O1--fast-isel|O2--fast-isel|O3--fast-isel|Ofast--fast-isel|Os--fast-isel
ossl_curve448_scalar_decode_long	crypto/ec/curve448/scalar.c	187	28	    i = ser_len - (ser_len % C448_SCALAR_BYTES);	%	mdiv	O1--fast-isel|O2--fast-isel|O3--fast-isel|Ofast--fast-isel|Os--fast-isel
bn_get_bits	crypto/bn/bn_exp.c	494	22	    wordpos = bitpos / BN_BITS2;	/	mdiv	O1--fast-isel|O2--fast-isel|O3--fast-isel|Ofast--fast-isel|Os--fast-isel|Oz--fast-isel
bn_mod_add_fixed_top	crypto/bn/bn_mod.c	80	26	        tp[i] = ((bp[bi] & mask) + temp) & BN_MASK2;	&	cjump	O1--fast-isel|O2--fast-isel|O3--fast-isel|Ofast--fast-isel|Os--fast-isel|Oz--fast-isel
SRP_create_verifier_ex	crypto/srp/srp_vfy.c	678	27	    if (!t_tob64(vf, tmp, BN_num_bytes(v)))	B	mdiv	O1--fast-isel|O2--fast-isel|O3--fast-isel|Ofast--fast-isel|Os--fast-isel
BUF_MEM_grow_clean	crypto/buffer/buffer.c	128	19	    n = (len + 3) / 3 * 4;	/	mdiv	O1--fast-isel|O2--fast-isel|O3--fast-isel|Ofast--fast-isel|Os--fast-isel
ossl_quic_obj_init	ssl/quic/quic_obj.c	39	29	    obj->is_event_leader    = is_event_leader;	=	cjump	O1--fast-isel|O2--fast-isel|O3--fast-isel|Ofast--fast-isel|Os--fast-isel|Oz--fast-isel
ossl_quic_obj_init	ssl/quic/quic_obj.c	40	29	    obj->is_port_leader     = is_port_leader;	=	cjump	O1--fast-isel|O2--fast-isel|O3--fast-isel|Ofast--fast-isel|Os--fast-isel|Oz--fast-isel
tls1_get_legacy_sigalg	ssl/t1_lib.c	2495	32	            idx = s->cert->key - s->cert->pkeys;	-	mdiv	O1--fast-isel|O2--fast-isel|O3--fast-isel|Ofast--fast-isel|Os--fast-isel
fmtfp	crypto/bio/bio_print.c	729	30	            tmpexp = (tmpexp / 10);	/	mdiv	O1--fast-isel|O2--fast-isel|O3--fast-isel|Ofast--fast-isel|Os--fast-isel
OPENSSL_gmtime_adj	crypto/o_time.c	94	28	    tm->tm_hour = time_sec / 3600;	/	mdiv	O1--fast-isel|O2--fast-isel|O3--fast-isel|Ofast--fast-isel|Os--fast-isel
dtls1_handle_timeout	ssl/d1_lib.c	108	30	    tv.tv_sec = (time_t)(t.t / OSSL_TIME_SECOND);	/	mdiv	O1--fast-isel|O2--fast-isel|O3--fast-isel|Ofast--fast-isel
print_bignum_var	apps/lib/apps.c	1404	32	            BIO_printf(out, (i % 10) == 0 ? "\n        " : " ");	%	mdiv	O1--fast-isel|O2--fast-isel|O3--fast-isel|Ofast--fast-isel|Os--fast-isel|Oz--disable-lsr
SSL_SESSION_print	ssl/ssl_txt.c	132	25	    return (time_t)(t.t / OSSL_TIME_SECOND);	/	mdiv	O1--fast-isel|O2--fast-isel|O3--fast-isel|Ofast--fast-isel|Os--fast-isel
BN_GF2m_mod_arr	crypto/bn/bn_gf2m.c	322	15	    dN = p[0] / BN_BITS2;	/	mdiv	O1--fast-isel|O2--fast-isel|O3--fast-isel|Ofast--fast-isel|Os--fast-isel|Oz--fast-isel|Oz-fprofile-arcs|Oz-fprofile-instr-generate
do_i2b	crypto/pem/pvkfmt.c	663	14	        if ((BN_num_bytes(iqmp) > hnbyte)	B	mdiv	O1--fast-isel|O2--fast-isel|O3--fast-isel|Ofast--fast-isel|Os--fast-isel
dtls1_stop_timer	ssl/d1_lib.c	108	30	    tv.tv_sec = (time_t)(t.t / OSSL_TIME_SECOND);	/	mdiv	O1--fast-isel|O2--fast-isel|O3--fast-isel|Ofast--fast-isel|Os--fast-isel
bn_mul_recursive	crypto/bn/bn_mul.c	178	16	    int n = n2 / 2, c1, c2;	/	mdiv	O1--fast-isel|O2--fast-isel|O3--fast-isel|Ofast--fast-isel|Os--fast-isel
s_client_main	apps/s_client.c	2973	21	                    openssl_fdset(fileno_stdout(), &writefds);	o	mdiv	O1--fast-isel|O2--fast-isel|O3--fast-isel|Ofast--fast-isel|Os--fast-isel
i2a_ASN1_STRING	crypto/asn1/f_string.c	30	20	            if ((i != 0) && (i % 35 == 0)) {	!	mdiv	O1--fast-isel|Os--fast-isel
ossl_asn1_time_to_tm	crypto/asn1/a_time.c	73	33	    tm->tm_wday = (d + (13 * m) / 5 + y + y / 4 + c / 4 + 5 * c + 6) % 7;	/	mdiv	O1--fast-isel|O2--fast-isel|O3--fast-isel|Ofast--fast-isel|Os--fast-isel
ec_guess_cofactor	crypto/ec/ec_lib.c	328	70	    if (BN_num_bits(group->order) <= (BN_num_bits(group->field) + 1) / 2 + 3) {	/	mdiv	O1--fast-isel|O2--fast-isel|O3--fast-isel|Ofast--fast-isel|Os--fast-isel
bn_get_bits	crypto/bn/bn_exp.c	495	12	    bitpos %= BN_BITS2;	%	mdiv	O1--fast-isel|O2--fast-isel|O3--fast-isel|Ofast--fast-isel|Os--fast-isel
ossl_qlog_event_end	ssl/quic/qlog.c	382	36	        ossl_json_u64(&qlog->json, ossl_time2ms(qlog->event_time));	o	mdiv	O1--fast-isel|O2--fast-isel|O3--fast-isel|Ofast--fast-isel|Os--fast-isel
DH_compute_key_padded	crypto/dh/dh_key.c	156	11	    pad = BN_num_bytes(dh->params.p) - rv;	B	mdiv	O1--fast-isel|O2--fast-isel|O3--fast-isel|Ofast--fast-isel|Os--fast-isel
ge_double_scalarmult_vartime	crypto/ec/curve25519.c	4593	45	            ge_sub(&t, &u, &Ai[(-aslide[i]) / 2]);	/	mdiv	O1--fast-isel
srp_generate_server_master_secret	ssl/tls_srp.c	343	15	    tmp_len = BN_num_bytes(K);	B	mdiv	O1--fast-isel|O2--fast-isel|O3--fast-isel|Ofast--fast-isel|Os--fast-isel
RSA_size	crypto/rsa/rsa_crpt.c	30	12	    return BN_num_bytes(r->n);	B	mdiv	O1--fast-isel|O2--fast-isel|O3--fast-isel|Ofast--fast-isel|Os--fast-isel
ossl_punycode_decode	crypto/punycode.c	49	33	    delta = (firsttime) ? delta / damp : delta / 2;	/	mdiv	O1--fast-isel|O2--fast-isel|O3--fast-isel|Ofast--fast-isel|Os--fast-isel
int_put_bytes_bn	crypto/der_writer.c	137	16	    size_t n = BN_num_bytes(v);	B	mdiv	O1--fast-isel|O2--fast-isel|O3--fast-isel|Ofast--fast-isel|Os--fast-isel
bn_i2c	crypto/asn1/x_bignum.c	112	18	    return pad + BN_num_bytes(bn);	B	mdiv	O1--fast-isel|O2--fast-isel|O3--fast-isel|Ofast--fast-isel|Os--fast-isel
ossl_bio_print_labeled_bignum	crypto/encode_decode/encoder_lib.c	759	20	        if ((bytes % 15) == 0 && bytes > 0) {	%	mdiv	O1--fast-isel|O2--fast-isel|O3--fast-isel|Ofast--fast-isel|Os--fast-isel|Oz--disable-lsr|Oz--jump-threading-across-loop-headers|Oz-fwrapv
rsa_ossl_private_encrypt	crypto/rsa/rsa_ossl.c	325	11	    num = BN_num_bytes(rsa->n);	B	mdiv	O1--fast-isel|O2--fast-isel|O3--fast-isel|Ofast--fast-isel|Os--fast-isel
ossl_ifc_ffc_compute_security_bits	crypto/rsa/rsa_lib.c	376	20	                   / log_2);	/	mdiv	O1--fast-isel|O2--fast-isel|O3--fast-isel|Ofast--fast-isel|Os--fast-isel
SRP_Calc_x_ex	crypto/srp/srp_lib.c	175	37	    if (!EVP_DigestUpdate(ctxt, cs, BN_num_bytes(s)))	B	mdiv	O1--fast-isel|O2--fast-isel|O3--fast-isel|Ofast--fast-isel|Os--fast-isel
ossl_ecdh_simple_compute_key	crypto/ec/ecdh_ossl.c	118	47	    buflen = (EC_GROUP_get_degree(group) + 7) / 8;	/	mdiv	O1--fast-isel|O2--fast-isel|O3--fast-isel|Ofast--fast-isel|Os--fast-isel
ossl_asn1_time_to_tm	crypto/asn1/a_time.c	70	11	    c = y / 100;	/	mdiv	O1--fast-isel|O2--fast-isel|O3--fast-isel|Ofast--fast-isel|Os--fast-isel|Oz--fast-isel|Oz-ftrapv
X509_signature_dump	crypto/x509/t_x509.c	271	19	    for (i = 0; i < n; i++) {	<	mdiv	O1--fast-isel|O2--fast-isel|O3--fast-isel|Ofast--fast-isel|Os--fast-isel
BN_MONT_CTX_set	crypto/bn/bn_mont.c	292	56	        mont->ri = (BN_num_bits(mod) + (BN_BITS2 - 1)) / BN_BITS2 * BN_BITS2;	/	mdiv	O1--fast-isel|O2--fast-isel|O3--fast-isel|Ofast--fast-isel|Os--fast-isel
ossl_sm2_decrypt	crypto/sm2/sm2_crypt.c	54	12	    return BN_num_bytes(p);	B	mdiv	O1--fast-isel|O2--fast-isel|O3--fast-isel|Ofast--fast-isel
rsa_ossl_private_decrypt	crypto/rsa/rsa_ossl.c	551	11	    num = BN_num_bytes(rsa->n);	B	mdiv	O1--fast-isel|O2--fast-isel|O3--fast-isel|Ofast--fast-isel|Os--fast-isel
dtls1_ctrl	ssl/d1_lib.c	108	30	    tv.tv_sec = (time_t)(t.t / OSSL_TIME_SECOND);	/	mdiv	O1--fast-isel|O2--fast-isel|O3--fast-isel|Ofast--fast-isel|Os--fast-isel|Oz--fast-isel
ossl_quic_rcidm_on_handshake_complete	ssl/quic/quic_rcidm.c	483	9	    if (rcidm->packets_sent >= PACKETS_PER_RCID)	r	mdiv	O1--fast-isel|O2--fast-isel|O3--fast-isel|Ofast--fast-isel
i2d_SSL_SESSION	ssl/ssl_asn1.c	172	27	    as.timeout = (int64_t)ossl_time2seconds(in->timeout);	o	mdiv	O1--fast-isel|O2--fast-isel|O3--fast-isel|Ofast--fast-isel|Os--fast-isel
ossl_aria_set_encrypt_key	crypto/aria/aria.c	557	31	    ck = &Key_RC[(bits - 128) / 64][0];	/	mdiv	O1--fast-isel
SSL_get_default_timeout	ssl/ssl_lib.c	2243	22	    return (long int)ossl_time2seconds(s->method->get_timeout());	o	mdiv	O1--fast-isel|O2--fast-isel|O3--fast-isel|Ofast--fast-isel|Os--fast-isel
OPENSSL_gmtime_adj	crypto/o_time.c	181	48	    return (1461 * (y + 4800 + (m - 14) / 12)) / 4 +	/	mdiv	O1--fast-isel|O2--fast-isel|O3--fast-isel|Ofast--fast-isel
tls_construct_ctos_psk	ssl/statem/extensions_clnt.c	1126	28	        agesec = (uint32_t)ossl_time2seconds(t);	o	mdiv	O1--fast-isel|O2--fast-isel|O3--fast-isel|Ofast--fast-isel|Os--fast-isel
dgram_read	crypto/bio/bss_dgram.c	108	30	    tv.tv_sec = (time_t)(t.t / OSSL_TIME_SECOND);	/	mdiv	O1--fast-isel|O2--fast-isel|O3--fast-isel|Ofast--fast-isel|Os--fast-isel|Oz--fast-isel
ossl_quic_rcidm_on_packet_sent	ssl/quic/quic_rcidm.c	483	9	    if (rcidm->packets_sent >= PACKETS_PER_RCID)	r	mdiv	O1--fast-isel|O2--fast-isel|O3--fast-isel|Ofast--fast-isel
BN_bn2dec	crypto/bn/bn_conv.c	63	23	    num = (i / 10 + i / 1000 + 1) + 1;	/	mdiv	O1--fast-isel|O2--fast-isel|O3--fast-isel|Ofast--fast-isel|Os--fast-isel
genkey	crypto/ml_kem/ml_kem.c	475	32	    return (mask & x) | (~mask & subtracted);	&	cjump	O1--fast-isel|O1--x86-cmov-converter-force-all|O2--fast-isel|O2--x86-cmov-converter-force-all|O3--fast-isel|O3--x86-cmov-converter-force-all|Ofast--fast-isel|Ofast--x86-cmov-converter-force-all|Os--fast-isel|Os--x86-cmov-converter-force-all
ossl_rio_poll_builder_poll	ssl/rio/poll_builder.c	171	26	            timeout_ms = ossl_time2ms(ossl_time_subtract(deadline,	o	mdiv	O1--fast-isel|O2--fast-isel|O3--fast-isel|Ofast--fast-isel|Os--fast-isel
ossl_asn1_time_to_tm	crypto/asn1/a_time.c	73	53	    tm->tm_wday = (d + (13 * m) / 5 + y + y / 4 + c / 4 + 5 * c + 6) % 7;	/	mdiv	O1--fast-isel|O2--fast-isel|O3--fast-isel|Ofast--fast-isel|Os--fast-isel
ossl_pool_acquire_entropy	providers/implementations/rands/seeding/rand_unix.c	473	21	                    FD_SET(fd, &fds);	F	mdiv	O1--fast-isel|O2--fast-isel|O3--fast-isel|Ofast--fast-isel|Os--fast-isel
RSA_padding_check_PKCS1_type_2	crypto/rsa/rsa_pk1.c	207	17	        *--em = *from & mask;	*	cjump	O1--fast-isel|O1--x86-cmov-converter-force-all|O2--fast-isel|O2--x86-cmov-converter-force-all|O3--fast-isel|O3--x86-cmov-converter-force-all|Ofast--fast-isel|Ofast--x86-cmov-converter-force-all|Os--fast-isel|Os--x86-cmov-converter-force-all|Oz--fast-isel|Oz--x86-cmov-converter-force-all
RSA_padding_check_PKCS1_OAEP_mgf1	crypto/rsa/rsa_oaep.c	245	17	        *--em = *from & mask;	*	cjump	O1--fast-isel|O1--x86-cmov-converter-force-all|O2--fast-isel|O2--x86-cmov-converter-force-all|O3--fast-isel|O3--x86-cmov-converter-force-all|Ofast--fast-isel|Ofast--x86-cmov-converter-force-all|Os--fast-isel|Os--x86-cmov-converter-force-all|Oz--fast-isel|Oz--x86-cmov-converter-force-all
t_tob64	crypto/srp/srp_vfy.c	152	23	    leadz = 3 - (size % 3);	%	mdiv	O1--fast-isel|O2--fast-isel|O3--fast-isel|Ofast--fast-isel|Os--fast-isel
ossl_qlog_event_end	ssl/quic/qlog.c	389	36	        ossl_json_u64(&qlog->json, ossl_time2ms(delta));	o	mdiv	O1--fast-isel|O2--fast-isel|O3--fast-isel|Ofast--fast-isel|Os--fast-isel
tls1_check_chain	ssl/t1_lib.c	4027	29	            idx = (int)(cpk - c->pkeys);	-	mdiv	O1--fast-isel|O2--fast-isel|O3--fast-isel|Ofast--fast-isel|Os--fast-isel
i2b_PVK_bio_ex	crypto/pem/pvkfmt.c	546	12	    *p++ = dw & 0xff;	d	cjump	O1--fast-isel|O2--fast-isel|O3--fast-isel|Ofast--fast-isel|Os--fast-isel|Oz--fast-isel
dtls1_retransmit_message	ssl/statem/statem_dtls.c	1237	29	    ret = dtls1_do_write(s, frag->msg_header.is_ccs ?	f	cjump	O1--fast-isel|O2--fast-isel|O3--fast-isel|Ofast--fast-isel|Os--fast-isel|Oz--fast-isel
ossl_ec_GF2m_simple_group_set_curve	crypto/ec/ec2_smpl.c	127	67	    if (bn_wexpand(group->b, (int)(group->poly[0] + BN_BITS2 - 1) / BN_BITS2)	/	mdiv	O1--fast-isel|O2--fast-isel|O3--fast-isel|Ofast--fast-isel|Os--fast-isel
aes_xts_init_key	crypto/evp/e_aes.c	3230	38	            const int bytes = keylen / 2;	/	mdiv	O1--fast-isel|O2--fast-isel|O3--fast-isel|Ofast--fast-isel|Os--fast-isel
BN_num_bits	crypto/bn/bn_lib.c	111	7	    l ^= (x ^ l) & mask;	^	cjump	O1--pre-RA-sched=linearize|O1--x86-cmov-converter-force-all|O2--pre-RA-sched=linearize|O2--x86-cmov-converter-force-all|O3--pre-RA-sched=linearize|O3--x86-cmov-converter-force-all|Ofast--pre-RA-sched=linearize|Ofast--x86-cmov-converter-force-all
ossl_ml_dsa_poly_decode_expand_mask	crypto/ml_dsa/ml_dsa_encoders.c	373	41	    return (value_barrier_32(mask) & a) | (value_barrier_32(~mask) & b);	|	cjump	O1--attributor-enable=all|O1--attributor-enable=module
RSA_padding_check_PKCS1_type_2	crypto/rsa/rsa_pk1.c	341	38	    return (value_barrier(mask) & a) | (value_barrier(~mask) & b);	|	mmem	O1--attributor-enable=all|O1--attributor-enable=module|O2--attributor-enable=all|O2--attributor-enable=module|O3--attributor-enable=all|O3--attributor-enable=module|Ofast--attributor-enable=all|Ofast--attributor-enable=module|Os--attributor-enable=all|Os--attributor-enable=module|Oz--attributor-enable=all|Oz--attributor-enable=module
ossl_rsa_padding_check_PKCS1_type_2	crypto/rsa/rsa_pk1.c	341	38	    return (value_barrier(mask) & a) | (value_barrier(~mask) & b);	|	mmem	O1--attributor-enable=all|O1--attributor-enable=module|O2--attributor-enable=all|O2--attributor-enable=module|Os--attributor-enable=all|Os--attributor-enable=module|Oz--attributor-enable=all|Oz--attributor-enable=module
ossl_sa_doall_arg	crypto/sparse_array.c	93	21	                    (*leaf)(idx, p[n], arg);	(	cjump	O1--attributor-enable=all|O1--attributor-enable=module|O2--attributor-enable=all|O2--attributor-enable=module|O3--attributor-enable=all|O3--attributor-enable=module|Ofast--attributor-enable=all|Ofast--attributor-enable=module
bn_correct_top_consttime	crypto/bn/bn_lib.c	341	62	    return (value_barrier(mask) & a) | (value_barrier(~mask) & b);	&	cjump	O1--attributor-enable=all|O1--attributor-enable=module|O2--attributor-enable=all|O2--attributor-enable=module|O3--attributor-enable=all|O3--attributor-enable=module|Ofast--attributor-enable=all|Ofast--attributor-enable=module|Os--attributor-enable=all|Os--attributor-enable=module|Oz--attributor-enable=all|Oz--attributor-enable=module
OPENSSL_gmtime_adj	crypto/o_time.c	181	41	    return (1461 * (y + 4800 + (m - 14) / 12)) / 4 +	/	cjump	O1--expand-div-rem-bits=0|O2--expand-div-rem-bits=0|O3--expand-div-rem-bits=0|Ofast--expand-div-rem-bits=0
OPENSSL_gmtime_adj	crypto/o_time.c	183	42	        (3 * ((y + 4900 + (m - 14) / 12) / 100)) / 4 + d - 32075;	/	cjump	O1--expand-div-rem-bits=0|O2--expand-div-rem-bits=0|O3--expand-div-rem-bits=0|Ofast--expand-div-rem-bits=0
ossl_asn1_time_to_tm	crypto/asn1/a_time.c	73	70	    tm->tm_wday = (d + (13 * m) / 5 + y + y / 4 + c / 4 + 5 * c + 6) % 7;	%	cjump	O1--expand-div-rem-bits=0|O2--expand-div-rem-bits=0|O3--expand-div-rem-bits=0|Ofast--expand-div-rem-bits=0|Os--expand-div-rem-bits=0|Oz--expand-div-rem-bits=0
ossl_punycode_decode	crypto/punycode.c	57	45	    return k + (((base - tmin + 1) * delta) / (delta + skew));	/	cjump	O1--expand-div-rem-bits=0|O2--expand-div-rem-bits=0|O3--expand-div-rem-bits=0|Ofast--expand-div-rem-bits=0|Os--expand-div-rem-bits=0|Oz--expand-div-rem-bits=0
ossl_asn1_time_to_tm	crypto/asn1/a_time.c	70	11	    c = y / 100;	/	cjump	O1--expand-div-rem-bits=0|O2--expand-div-rem-bits=0|O3--expand-div-rem-bits=0|Ofast--expand-div-rem-bits=0|Os--expand-div-rem-bits=0|Oz--expand-div-rem-bits=0
ossl_punycode_decode	crypto/punycode.c	50	27	    delta = delta + delta / numpoints;	/	cjump	O1--expand-div-rem-bits=0|O2--expand-div-rem-bits=0|O3--expand-div-rem-bits=0|Ofast--expand-div-rem-bits=0|Os--expand-div-rem-bits=0|Oz--expand-div-rem-bits=0
ossl_asn1_time_to_tm	crypto/asn1/a_time.c	71	7	    y %= 100;	%	cjump	O1--expand-div-rem-bits=0|O2--expand-div-rem-bits=0|O3--expand-div-rem-bits=0|Ofast--expand-div-rem-bits=0|Os--expand-div-rem-bits=0|Oz--expand-div-rem-bits=0
krb5kdf_derive	providers/implementations/kdfs/krb5kdf.c	318	15	        b = l % blocksize;	%	cjump	O1--expand-div-rem-bits=0|O2--expand-div-rem-bits=0|O3--expand-div-rem-bits=0|Ofast--expand-div-rem-bits=0|Os--expand-div-rem-bits=0|Oz--expand-div-rem-bits=0
OPENSSL_gmtime_diff	crypto/o_time.c	183	42	        (3 * ((y + 4900 + (m - 14) / 12) / 100)) / 4 + d - 32075;	/	cjump	O1--expand-div-rem-bits=0|O2--expand-div-rem-bits=0|O3--expand-div-rem-bits=0|Ofast--expand-div-rem-bits=0
krb5kdf_derive	providers/implementations/kdfs/krb5kdf.c	302	19	        tmp = gcd % remainder;	%	cjump	O1--expand-div-rem-bits=0|O2--expand-div-rem-bits=0|O3--expand-div-rem-bits=0|Ofast--expand-div-rem-bits=0|Os--expand-div-rem-bits=0|Oz--expand-div-rem-bits=0
OPENSSL_gmtime_diff	crypto/o_time.c	181	41	    return (1461 * (y + 4800 + (m - 14) / 12)) / 4 +	/	cjump	O1--expand-div-rem-bits=0|O2--expand-div-rem-bits=0|O3--expand-div-rem-bits=0|Ofast--expand-div-rem-bits=0
ossl_asn1_time_to_tm	crypto/asn1/a_time.c	73	33	    tm->tm_wday = (d + (13 * m) / 5 + y + y / 4 + c / 4 + 5 * c + 6) % 7;	/	cjump	O1--expand-div-rem-bits=0|O2--expand-div-rem-bits=0|O3--expand-div-rem-bits=0|Ofast--expand-div-rem-bits=0|Os--expand-div-rem-bits=0|Oz--expand-div-rem-bits=0
ossl_punycode_decode	crypto/punycode.c	53	23	        delta = delta / (base - tmin);	/	cjump	O1--expand-div-rem-bits=0|O2--expand-div-rem-bits=0|O3--expand-div-rem-bits=0|Ofast--expand-div-rem-bits=0|Os--expand-div-rem-bits=0|Oz--expand-div-rem-bits=0
OPENSSL_gmtime_adj	crypto/o_time.c	182	48	        (367 * (m - 2 - 12 * ((m - 14) / 12))) / 12 -	/	cjump	O1--expand-div-rem-bits=0|O2--expand-div-rem-bits=0|O3--expand-div-rem-bits=0|Ofast--expand-div-rem-bits=0
OPENSSL_gmtime_diff	crypto/o_time.c	182	48	        (367 * (m - 2 - 12 * ((m - 14) / 12))) / 12 -	/	cjump	O1--expand-div-rem-bits=0|O2--expand-div-rem-bits=0|O3--expand-div-rem-bits=0|Ofast--expand-div-rem-bits=0
ossl_synchronize_rcu	crypto/threads_pthread.c	400	39	        (lock->current_alloc_idx + 1) % lock->group_count;	%	cjump	O1--expand-div-rem-bits=0|O2--expand-div-rem-bits=0|O3--expand-div-rem-bits=0|Ofast--expand-div-rem-bits=0|Os--expand-div-rem-bits=0|Oz--expand-div-rem-bits=0
DH_generate_parameters_ex	crypto/dh/dh_gen.c	225	31	                   + 24) / 25 * 25;	*	cjump	O1--expand-div-rem-bits=0|O2--expand-div-rem-bits=0|O3--expand-div-rem-bits=0|Ofast--expand-div-rem-bits=0|Os--expand-div-rem-bits=0|Oz--expand-div-rem-bits=0
ossl_asn1_time_to_tm	crypto/asn1/a_time.c	73	53	    tm->tm_wday = (d + (13 * m) / 5 + y + y / 4 + c / 4 + 5 * c + 6) % 7;	/	cjump	O1--expand-div-rem-bits=0|O2--expand-div-rem-bits=0|O3--expand-div-rem-bits=0|Ofast--expand-div-rem-bits=0|Os--expand-div-rem-bits=0|Oz--expand-div-rem-bits=0
speed_main	apps/speed.c	4605	24	                   1.0 / ffdh_results[k][0], ffdh_results[k][0]);	/	mdiv	O1-fcs-profile-generate|O1-fprofile-arcs|O1-fprofile-instr-generate|O1-fpseudo-probe-for-profiling
speed_main	apps/speed.c	4600	44	                   ffdh_results[k][0], 1.0 / ffdh_results[k][0]);	/	mdiv	O1-fcs-profile-generate|O1-fprofile-arcs|O1-fprofile-instr-generate|O1-fpseudo-probe-for-profiling
MOD_EXP_CTIME_COPY_FROM_PREBUF	crypto/bn/bn_exp.c	583	24	                       & ((BN_ULONG)0 - (constant_time_eq_int(j,idx)&1));	&	cjump	O1--enable-nontrivial-unswitch|O1--x86-cmov-converter-force-all|O2--enable-nontrivial-unswitch|O2--x86-cmov-converter-force-all|Os--x86-cmov-converter-force-all|Oz--x86-cmov-converter-force-all
_ZL13internal_findP8stack_stPKviPi.__uniq.26509064418832375349948923391114101083	crypto/stack/stack.c	345	15	        *pnum = 0;	=	cjump	O1-fpseudo-probe-for-profiling
_ZL13internal_findP8stack_stPKviPi.__uniq.26509064418832375349948923391114101083	crypto/stack/stack.c	365	19	            *pnum = 0;	=	cjump	O1-fpseudo-probe-for-profiling|O2-fpseudo-probe-for-profiling|Os-fpseudo-probe-for-profiling
OSSL_STORE_LOADER_up_ref	crypto/store/store_meth.c	41	77	    *ret = atomic_fetch_add_explicit(&refcnt->val, 1, memory_order_relaxed) + 1;	+	cjump	O1-ftrapv|O2-ftrapv|O3-ftrapv|Ofast-ftrapv|Os-ftrapv|Oz-ftrapv
free_loader	crypto/store/store_meth.c	64	77	    *ret = atomic_fetch_sub_explicit(&refcnt->val, 1, memory_order_release) - 1;	-	cjump	O1-ftrapv|O2-ftrapv|O3-ftrapv|Ofast-ftrapv
EVP_MD_CTX_copy_ex	crypto/evp/digest.c	64	77	    *ret = atomic_fetch_sub_explicit(&refcnt->val, 1, memory_order_release) - 1;	-	cjump	O1-ftrapv|O2-ftrapv|O3-ftrapv|Ofast-ftrapv
EVP_CIPHER_free	crypto/evp/evp_enc.c	64	77	    *ret = atomic_fetch_sub_explicit(&refcnt->val, 1, memory_order_release) - 1;	-	cjump	O1-ftrapv|O2-ftrapv|O3-ftrapv|Ofast-ftrapv|Os-ftrapv|Oz-ftrapv
ossl_quic_attach_stream	ssl/quic/quic_impl.c	64	77	    *ret = atomic_fetch_sub_explicit(&refcnt->val, 1, memory_order_release) - 1;	-	cjump	O1-ftrapv|O2-ftrapv|O3-ftrapv|Ofast-ftrapv
kdf_freedata	providers/implementations/keymgmt/kdf_legacy_kmgmt.c	64	77	    *ret = atomic_fetch_sub_explicit(&refcnt->val, 1, memory_order_release) - 1;	-	cjump	O1-ftrapv|O2-ftrapv|O3-ftrapv|Ofast-ftrapv
ossl_quic_free_peer_token	ssl/quic/quic_impl.c	64	77	    *ret = atomic_fetch_sub_explicit(&refcnt->val, 1, memory_order_release) - 1;	-	cjump	O1-ftrapv|O2-ftrapv|O3-ftrapv|Ofast-ftrapv|Os-ftrapv|Oz-ftrapv
skeymgmt_from_algorithm	crypto/evp/skeymgmt_meth.c	64	77	    *ret = atomic_fetch_sub_explicit(&refcnt->val, 1, memory_order_release) - 1;	-	cjump	O1-ftrapv|O2-ftrapv|O3-ftrapv|Ofast-ftrapv
up_ref_encoder	crypto/encode_decode/encoder_meth.c	41	77	    *ret = atomic_fetch_add_explicit(&refcnt->val, 1, memory_order_relaxed) + 1;	+	cjump	O1-ftrapv|O2-ftrapv|O3-ftrapv|Ofast-ftrapv|Os-ftrapv|Oz-ftrapv
EVP_RAND_CTX_new	crypto/evp/evp_rand.c	41	77	    *ret = atomic_fetch_add_explicit(&refcnt->val, 1, memory_order_relaxed) + 1;	+	cjump	O1-ftrapv|O2-ftrapv|O3-ftrapv|Ofast-ftrapv|Os-ftrapv|Oz-ftrapv
evp_md_init_internal	crypto/evp/digest.c	64	77	    *ret = atomic_fetch_sub_explicit(&refcnt->val, 1, memory_order_release) - 1;	-	cjump	O1-ftrapv|O2-ftrapv|O3-ftrapv|Ofast-ftrapv
EVP_SIGNATURE_free	crypto/evp/signature.c	64	77	    *ret = atomic_fetch_sub_explicit(&refcnt->val, 1, memory_order_release) - 1;	-	cjump	O1-ftrapv|O2-ftrapv|O3-ftrapv|Ofast-ftrapv|Os-ftrapv|Oz-ftrapv
EVP_KEYEXCH_up_ref	crypto/evp/exchange.c	41	77	    *ret = atomic_fetch_add_explicit(&refcnt->val, 1, memory_order_relaxed) + 1;	+	cjump	O1-ftrapv|O2-ftrapv|O3-ftrapv|Ofast-ftrapv|Os-ftrapv|Oz-ftrapv
qc_try_create_default_xso_for_write	ssl/quic/quic_impl.c	64	77	    *ret = atomic_fetch_sub_explicit(&refcnt->val, 1, memory_order_release) - 1;	-	cjump	O1-ftrapv|O2-ftrapv|O3-ftrapv|Ofast-ftrapv
evp_keymgmt_up_ref	crypto/evp/keymgmt_meth.c	41	77	    *ret = atomic_fetch_add_explicit(&refcnt->val, 1, memory_order_relaxed) + 1;	+	cjump	O1-ftrapv|O2-ftrapv|O3-ftrapv|Ofast-ftrapv|Os-ftrapv|Oz-ftrapv
evp_mac_free	crypto/evp/mac_meth.c	64	77	    *ret = atomic_fetch_sub_explicit(&refcnt->val, 1, memory_order_release) - 1;	-	cjump	O1-ftrapv|O2-ftrapv|O3-ftrapv|Ofast-ftrapv|Os-ftrapv|Oz-ftrapv
ossl_ecx_key_up_ref	crypto/ec/ecx_key.c	41	77	    *ret = atomic_fetch_add_explicit(&refcnt->val, 1, memory_order_relaxed) + 1;	+	cjump	O1-ftrapv|O2-ftrapv|O3-ftrapv|Ofast-ftrapv|Os-ftrapv|Oz-ftrapv
evp_keyexch_from_algorithm	crypto/evp/exchange.c	64	77	    *ret = atomic_fetch_sub_explicit(&refcnt->val, 1, memory_order_release) - 1;	-	cjump	O1-ftrapv|O2-ftrapv|O3-ftrapv|Ofast-ftrapv
ossl_mac_key_up_ref	providers/implementations/keymgmt/mac_legacy_kmgmt.c	41	77	    *ret = atomic_fetch_add_explicit(&refcnt->val, 1, memory_order_relaxed) + 1;	+	cjump	O1-ftrapv|O2-ftrapv|O3-ftrapv|Ofast-ftrapv|Os-ftrapv|Oz-ftrapv
ENGINE_get_next	crypto/engine/eng_list.c	41	77	    *ret = atomic_fetch_add_explicit(&refcnt->val, 1, memory_order_relaxed) + 1;	+	cjump	O1-ftrapv|O2-ftrapv|O3-ftrapv|Ofast-ftrapv|Os-ftrapv|Oz-ftrapv
SSL_up_ref	ssl/ssl_lib.c	41	77	    *ret = atomic_fetch_add_explicit(&refcnt->val, 1, memory_order_relaxed) + 1;	+	cjump	O1-ftrapv|O2-ftrapv|O3-ftrapv|Ofast-ftrapv|Os-ftrapv|Oz-ftrapv
evp_md_up_ref	crypto/evp/digest.c	41	77	    *ret = atomic_fetch_add_explicit(&refcnt->val, 1, memory_order_relaxed) + 1;	+	cjump	O1-ftrapv|O2-ftrapv|O3-ftrapv|Ofast-ftrapv|Os-ftrapv|Oz-ftrapv
EVP_SKEY_up_ref	crypto/evp/s_lib.c	41	77	    *ret = atomic_fetch_add_explicit(&refcnt->val, 1, memory_order_relaxed) + 1;	+	cjump	O1-ftrapv|O2-ftrapv|O3-ftrapv|Ofast-ftrapv|Os-ftrapv|Oz-ftrapv
BIO_free	crypto/bio/bio_lib.c	64	77	    *ret = atomic_fetch_sub_explicit(&refcnt->val, 1, memory_order_release) - 1;	-	cjump	O1-ftrapv|O2-ftrapv|O3-ftrapv|Ofast-ftrapv|Os-ftrapv|Oz-ftrapv
DSA_up_ref	crypto/dsa/dsa_lib.c	41	77	    *ret = atomic_fetch_add_explicit(&refcnt->val, 1, memory_order_relaxed) + 1;	+	cjump	O1-ftrapv|O2-ftrapv|O3-ftrapv|Ofast-ftrapv|Os-ftrapv|Oz-ftrapv
SSL_copy_session_id	ssl/ssl_lib.c	41	77	    *ret = atomic_fetch_add_explicit(&refcnt->val, 1, memory_order_relaxed) + 1;	+	cjump	O1-ftrapv|O2-ftrapv|O3-ftrapv|Ofast-ftrapv|Os-ftrapv|Oz-ftrapv
evp_md_ctx_clear_digest	crypto/evp/digest.c	64	77	    *ret = atomic_fetch_sub_explicit(&refcnt->val, 1, memory_order_release) - 1;	-	cjump	O1-ftrapv|O2-ftrapv|O3-ftrapv|Ofast-ftrapv
up_ref_decoder	crypto/encode_decode/decoder_meth.c	41	77	    *ret = atomic_fetch_add_explicit(&refcnt->val, 1, memory_order_relaxed) + 1;	+	cjump	O1-ftrapv|O2-ftrapv|O3-ftrapv|Ofast-ftrapv|Os-ftrapv|Oz-ftrapv
ossl_encoder_up_ref	crypto/encode_decode/encoder_meth.c	41	77	    *ret = atomic_fetch_add_explicit(&refcnt->val, 1, memory_order_relaxed) + 1;	+	cjump	O1-ftrapv|O2-ftrapv|O3-ftrapv|Ofast-ftrapv|Os-ftrapv|Oz-ftrapv
OSSL_ERR_STATE_restore	crypto/err/err_save.c	16	24	    es->top = (es->top + 1) % ERR_NUM_ERRORS;	+	cjump	O1-ftrapv|O2-ftrapv|O3-ftrapv|Ofast-ftrapv|Os-ftrapv|Oz-ftrapv
ossl_quic_new_token_store	ssl/quic/quic_impl.c	64	77	    *ret = atomic_fetch_sub_explicit(&refcnt->val, 1, memory_order_release) - 1;	-	cjump	O1-ftrapv|O2-ftrapv|O3-ftrapv|Ofast-ftrapv
OSSL_ENCODER_up_ref	crypto/encode_decode/encoder_meth.c	41	77	    *ret = atomic_fetch_add_explicit(&refcnt->val, 1, memory_order_relaxed) + 1;	+	cjump	O1-ftrapv|O2-ftrapv|O3-ftrapv|Ofast-ftrapv|Os-ftrapv|Oz-ftrapv
openssl_digests	crypto/engine/eng_openssl.c	386	28	            digest_nids[pos++] = EVP_MD_get_type(md);	+	cjump	O1-ftrapv|O2-ftrapv|O3-ftrapv|Ofast-ftrapv|Os-ftrapv|Oz-ftrapv
DSO_free	crypto/dso/dso_lib.c	64	77	    *ret = atomic_fetch_sub_explicit(&refcnt->val, 1, memory_order_release) - 1;	-	cjump	O1-ftrapv|O2-ftrapv|O3-ftrapv|Ofast-ftrapv|Os-ftrapv|Oz-ftrapv
X509_up_ref	crypto/x509/x509_set.c	41	77	    *ret = atomic_fetch_add_explicit(&refcnt->val, 1, memory_order_relaxed) + 1;	+	cjump	O1-ftrapv|O2-ftrapv|O3-ftrapv|Ofast-ftrapv|Os-ftrapv|Oz-ftrapv
SSL_set_session	ssl/ssl_sess.c	41	77	    *ret = atomic_fetch_add_explicit(&refcnt->val, 1, memory_order_relaxed) + 1;	+	cjump	O1-ftrapv|O2-ftrapv|O3-ftrapv|Ofast-ftrapv|Os-ftrapv|Oz-ftrapv
ssl_cert_free	ssl/ssl_cert.c	64	77	    *ret = atomic_fetch_sub_explicit(&refcnt->val, 1, memory_order_release) - 1;	-	cjump	O1-ftrapv|O2-ftrapv|O3-ftrapv|Ofast-ftrapv|Os-ftrapv|Oz-ftrapv
SSL_SESSION_free	ssl/ssl_sess.c	64	77	    *ret = atomic_fetch_sub_explicit(&refcnt->val, 1, memory_order_release) - 1;	-	cjump	O1-ftrapv|O2-ftrapv|O3-ftrapv|Ofast-ftrapv|Os-ftrapv|Oz-ftrapv
evp_signature_free	crypto/evp/signature.c	64	77	    *ret = atomic_fetch_sub_explicit(&refcnt->val, 1, memory_order_release) - 1;	-	cjump	O1-ftrapv|O2-ftrapv|O3-ftrapv|Ofast-ftrapv
EVP_RAND_CTX_up_ref	crypto/evp/evp_rand.c	41	77	    *ret = atomic_fetch_add_explicit(&refcnt->val, 1, memory_order_relaxed) + 1;	+	cjump	O1-ftrapv|O2-ftrapv|O3-ftrapv|Ofast-ftrapv|Os-ftrapv|Oz-ftrapv
EVP_PKEY_free	crypto/evp/p_lib.c	64	77	    *ret = atomic_fetch_sub_explicit(&refcnt->val, 1, memory_order_release) - 1;	-	cjump	O1-ftrapv|O2-ftrapv|O3-ftrapv|Ofast-ftrapv|Os-ftrapv|Oz-ftrapv
EVP_ASYM_CIPHER_up_ref	crypto/evp/asymcipher.c	41	77	    *ret = atomic_fetch_add_explicit(&refcnt->val, 1, memory_order_relaxed) + 1;	+	cjump	O1-ftrapv|O2-ftrapv|O3-ftrapv|Ofast-ftrapv|Os-ftrapv|Oz-ftrapv
ERR_new	crypto/err/err_blocks.c	16	24	    es->top = (es->top + 1) % ERR_NUM_ERRORS;	+	cjump	O1-ftrapv|O2-ftrapv|O3-ftrapv|Ofast-ftrapv|Os-ftrapv|Oz-ftrapv
ossl_provider_doall_activated	crypto/provider_core.c	41	77	    *ret = atomic_fetch_add_explicit(&refcnt->val, 1, memory_order_relaxed) + 1;	+	cjump	O1-ftrapv|O2-ftrapv|O3-ftrapv|Ofast-ftrapv|Os-ftrapv|Oz-ftrapv
evp_md_from_algorithm	crypto/evp/digest.c	64	77	    *ret = atomic_fetch_sub_explicit(&refcnt->val, 1, memory_order_release) - 1;	-	cjump	O1-ftrapv|O2-ftrapv|O3-ftrapv|Ofast-ftrapv
evp_kdf_up_ref	crypto/evp/kdf_meth.c	41	77	    *ret = atomic_fetch_add_explicit(&refcnt->val, 1, memory_order_relaxed) + 1;	+	cjump	O1-ftrapv|O2-ftrapv|O3-ftrapv|Ofast-ftrapv|Os-ftrapv|Oz-ftrapv
ossl_provider_up_ref	crypto/provider_core.c	41	77	    *ret = atomic_fetch_add_explicit(&refcnt->val, 1, memory_order_relaxed) + 1;	+	cjump	O1-ftrapv|O2-ftrapv|O3-ftrapv|Ofast-ftrapv|Os-ftrapv|Oz-ftrapv
evp_asym_cipher_up_ref	crypto/evp/asymcipher.c	41	77	    *ret = atomic_fetch_add_explicit(&refcnt->val, 1, memory_order_relaxed) + 1;	+	cjump	O1-ftrapv|O2-ftrapv|O3-ftrapv|Ofast-ftrapv|Os-ftrapv|Oz-ftrapv
ossl_provider_find	crypto/provider_core.c	41	77	    *ret = atomic_fetch_add_explicit(&refcnt->val, 1, memory_order_relaxed) + 1;	+	cjump	O1-ftrapv|O2-ftrapv|O3-ftrapv|Ofast-ftrapv
ENGINE_pkey_asn1_find_str	crypto/engine/tb_asnmth.c	41	77	    *ret = atomic_fetch_add_explicit(&refcnt->val, 1, memory_order_relaxed) + 1;	+	cjump	O1-ftrapv|O2-ftrapv|O3-ftrapv|Ofast-ftrapv|Os-ftrapv|Oz-ftrapv
ENGINE_add	crypto/engine/eng_list.c	64	77	    *ret = atomic_fetch_sub_explicit(&refcnt->val, 1, memory_order_release) - 1;	-	cjump	O1-ftrapv|O2-ftrapv|O3-ftrapv|Ofast-ftrapv|Os-ftrapv|Oz-ftrapv
evp_kem_from_algorithm	crypto/evp/kem.c	64	77	    *ret = atomic_fetch_sub_explicit(&refcnt->val, 1, memory_order_release) - 1;	-	cjump	O1-ftrapv|O2-ftrapv|O3-ftrapv|Ofast-ftrapv
SSL_CTX_up_ref	ssl/ssl_lib.c	41	77	    *ret = atomic_fetch_add_explicit(&refcnt->val, 1, memory_order_relaxed) + 1;	+	cjump	O1-ftrapv|O2-ftrapv|O3-ftrapv|Ofast-ftrapv|Os-ftrapv|Oz-ftrapv
evp_kem_init	crypto/evp/kem.c	64	77	    *ret = atomic_fetch_sub_explicit(&refcnt->val, 1, memory_order_release) - 1;	-	cjump	O1-ftrapv|O2-ftrapv|O3-ftrapv|Ofast-ftrapv
evp_kdf_from_algorithm	crypto/evp/kdf_meth.c	64	77	    *ret = atomic_fetch_sub_explicit(&refcnt->val, 1, memory_order_release) - 1;	-	cjump	O1-ftrapv|O2-ftrapv|O3-ftrapv|Ofast-ftrapv
lookup_sess_in_cache	ssl/ssl_sess.c	41	77	    *ret = atomic_fetch_add_explicit(&refcnt->val, 1, memory_order_relaxed) + 1;	+	cjump	O1-ftrapv|O2-ftrapv|O3-ftrapv|Ofast-ftrapv|Os-ftrapv|Oz-ftrapv
SSL_dup	ssl/ssl_lib.c	41	77	    *ret = atomic_fetch_add_explicit(&refcnt->val, 1, memory_order_relaxed) + 1;	+	cjump	O1-ftrapv|O2-ftrapv|O3-ftrapv|Ofast-ftrapv|Os-ftrapv|Oz-ftrapv
SSL_free	ssl/ssl_lib.c	64	77	    *ret = atomic_fetch_sub_explicit(&refcnt->val, 1, memory_order_release) - 1;	-	cjump	O1-ftrapv|O2-ftrapv|O3-ftrapv|Ofast-ftrapv|Os-ftrapv|Oz-ftrapv
EVP_KDF_up_ref	crypto/evp/kdf_meth.c	41	77	    *ret = atomic_fetch_add_explicit(&refcnt->val, 1, memory_order_relaxed) + 1;	+	cjump	O1-ftrapv|O2-ftrapv|O3-ftrapv|Ofast-ftrapv|Os-ftrapv|Oz-ftrapv
EVP_KEYMGMT_up_ref	crypto/evp/keymgmt_meth.c	41	77	    *ret = atomic_fetch_add_explicit(&refcnt->val, 1, memory_order_relaxed) + 1;	+	cjump	O1-ftrapv|O2-ftrapv|O3-ftrapv|Ofast-ftrapv|Os-ftrapv|Oz-ftrapv
construct_loader	crypto/store/store_meth.c	64	77	    *ret = atomic_fetch_sub_explicit(&refcnt->val, 1, memory_order_release) - 1;	-	cjump	O1-ftrapv|O2-ftrapv|O3-ftrapv|Ofast-ftrapv
evp_kdf_free	crypto/evp/kdf_meth.c	64	77	    *ret = atomic_fetch_sub_explicit(&refcnt->val, 1, memory_order_release) - 1;	-	cjump	O1-ftrapv|O2-ftrapv|O3-ftrapv|Ofast-ftrapv|Os-ftrapv|Oz-ftrapv
evp_keyexch_up_ref	crypto/evp/exchange.c	41	77	    *ret = atomic_fetch_add_explicit(&refcnt->val, 1, memory_order_relaxed) + 1;	+	cjump	O1-ftrapv|O2-ftrapv|O3-ftrapv|Ofast-ftrapv|Os-ftrapv|Oz-ftrapv
ossl_quic_get_peer_token	ssl/quic/quic_impl.c	64	77	    *ret = atomic_fetch_sub_explicit(&refcnt->val, 1, memory_order_release) - 1;	-	cjump	O1-ftrapv|O2-ftrapv|O3-ftrapv|Ofast-ftrapv
destruct_loader	crypto/store/store_meth.c	64	77	    *ret = atomic_fetch_sub_explicit(&refcnt->val, 1, memory_order_release) - 1;	-	cjump	O1-ftrapv|O2-ftrapv|O3-ftrapv|Ofast-ftrapv
ossl_core_bio_free	crypto/bio/ossl_core_bio.c	64	77	    *ret = atomic_fetch_sub_explicit(&refcnt->val, 1, memory_order_release) - 1;	-	cjump	O1-ftrapv|O2-ftrapv|O3-ftrapv|Ofast-ftrapv|Os-ftrapv|Oz-ftrapv
ossl_asn1_do_lock	crypto/asn1/tasn_utl.c	64	77	    *ret = atomic_fetch_sub_explicit(&refcnt->val, 1, memory_order_release) - 1;	-	cjump	O1-ftrapv|O2-ftrapv|O3-ftrapv|Ofast-ftrapv|Os-ftrapv|Oz-ftrapv
ossl_ec_wNAF_precompute_mult	crypto/ec/ec_mult.c	64	77	    *ret = atomic_fetch_sub_explicit(&refcnt->val, 1, memory_order_release) - 1;	-	cjump	O1-ftrapv|O2-ftrapv|O3-ftrapv|Ofast-ftrapv
EVP_PKEY_up_ref	crypto/evp/p_lib.c	41	77	    *ret = atomic_fetch_add_explicit(&refcnt->val, 1, memory_order_relaxed) + 1;	+	cjump	O1-ftrapv|O2-ftrapv|O3-ftrapv|Ofast-ftrapv|Os-ftrapv|Oz-ftrapv
EVP_RAND_up_ref	crypto/evp/evp_rand.c	41	77	    *ret = atomic_fetch_add_explicit(&refcnt->val, 1, memory_order_relaxed) + 1;	+	cjump	O1-ftrapv|O2-ftrapv|O3-ftrapv|Ofast-ftrapv|Os-ftrapv|Oz-ftrapv
DSO_up_ref	crypto/dso/dso_lib.c	41	77	    *ret = atomic_fetch_add_explicit(&refcnt->val, 1, memory_order_relaxed) + 1;	+	cjump	O1-ftrapv|O2-ftrapv|O3-ftrapv|Ofast-ftrapv|Os-ftrapv|Oz-ftrapv
OSSL_DECODER_up_ref	crypto/encode_decode/decoder_meth.c	41	77	    *ret = atomic_fetch_add_explicit(&refcnt->val, 1, memory_order_relaxed) + 1;	+	cjump	O1-ftrapv|O2-ftrapv|O3-ftrapv|Ofast-ftrapv|Os-ftrapv|Oz-ftrapv
ossl_provider_add_to_store	crypto/provider_core.c	41	77	    *ret = atomic_fetch_add_explicit(&refcnt->val, 1, memory_order_relaxed) + 1;	+	cjump	O1-ftrapv|O2-ftrapv|O3-ftrapv|Ofast-ftrapv
mac_gen	providers/implementations/keymgmt/mac_legacy_kmgmt.c	64	77	    *ret = atomic_fetch_sub_explicit(&refcnt->val, 1, memory_order_release) - 1;	-	cjump	O1-ftrapv|O2-ftrapv|O3-ftrapv|Ofast-ftrapv
evp_mac_from_algorithm	crypto/evp/mac_meth.c	64	77	    *ret = atomic_fetch_sub_explicit(&refcnt->val, 1, memory_order_release) - 1;	-	cjump	O1-ftrapv|O2-ftrapv|O3-ftrapv|Ofast-ftrapv
evp_rand_from_algorithm	crypto/evp/evp_rand.c	64	77	    *ret = atomic_fetch_sub_explicit(&refcnt->val, 1, memory_order_release) - 1;	-	cjump	O1-ftrapv|O2-ftrapv|O3-ftrapv|Ofast-ftrapv
evp_kem_free	crypto/evp/kem.c	64	77	    *ret = atomic_fetch_sub_explicit(&refcnt->val, 1, memory_order_release) - 1;	-	cjump	O1-ftrapv|O2-ftrapv|O3-ftrapv|Ofast-ftrapv
EVP_MD_CTX_copy_ex	crypto/evp/digest.c	41	77	    *ret = atomic_fetch_add_explicit(&refcnt->val, 1, memory_order_relaxed) + 1;	+	cjump	O1-ftrapv|O2-ftrapv|O3-ftrapv|Ofast-ftrapv|Os-ftrapv|Oz-ftrapv
SSL_set_SSL_CTX	ssl/ssl_lib.c	41	77	    *ret = atomic_fetch_add_explicit(&refcnt->val, 1, memory_order_relaxed) + 1;	+	cjump	O1-ftrapv|O2-ftrapv|O3-ftrapv|Ofast-ftrapv|Os-ftrapv|Oz-ftrapv
evp_pkey_signature_init	crypto/evp/signature.c	64	77	    *ret = atomic_fetch_sub_explicit(&refcnt->val, 1, memory_order_release) - 1;	-	cjump	O1-ftrapv|O2-ftrapv|O3-ftrapv|Ofast-ftrapv
X509_CRL_up_ref	crypto/x509/x509cset.c	41	77	    *ret = atomic_fetch_add_explicit(&refcnt->val, 1, memory_order_relaxed) + 1;	+	cjump	O1-ftrapv|O2-ftrapv|O3-ftrapv|Ofast-ftrapv|Os-ftrapv|Oz-ftrapv
EVP_MD_up_ref	crypto/evp/digest.c	41	77	    *ret = atomic_fetch_add_explicit(&refcnt->val, 1, memory_order_relaxed) + 1;	+	cjump	O1-ftrapv|O2-ftrapv|O3-ftrapv|Ofast-ftrapv|Os-ftrapv|Oz-ftrapv
evp_keymgmt_free	crypto/evp/keymgmt_meth.c	64	77	    *ret = atomic_fetch_sub_explicit(&refcnt->val, 1, memory_order_release) - 1;	-	cjump	O1-ftrapv|O2-ftrapv|O3-ftrapv|Ofast-ftrapv
EVP_SKEY_generate	crypto/evp/s_lib.c	64	77	    *ret = atomic_fetch_sub_explicit(&refcnt->val, 1, memory_order_release) - 1;	-	cjump	O1-ftrapv|O2-ftrapv|O3-ftrapv|Ofast-ftrapv
EVP_SKEY_free	crypto/evp/s_lib.c	64	77	    *ret = atomic_fetch_sub_explicit(&refcnt->val, 1, memory_order_release) - 1;	-	cjump	O1-ftrapv|O2-ftrapv|O3-ftrapv|Ofast-ftrapv|Os-ftrapv|Oz-ftrapv
EVP_MAC_up_ref	crypto/evp/mac_meth.c	41	77	    *ret = atomic_fetch_add_explicit(&refcnt->val, 1, memory_order_relaxed) + 1;	+	cjump	O1-ftrapv|O2-ftrapv|O3-ftrapv|Ofast-ftrapv|Os-ftrapv|Oz-ftrapv
ossl_core_bio_up_ref	crypto/bio/ossl_core_bio.c	41	77	    *ret = atomic_fetch_add_explicit(&refcnt->val, 1, memory_order_relaxed) + 1;	+	cjump	O1-ftrapv|O2-ftrapv|O3-ftrapv|Ofast-ftrapv|Os-ftrapv|Oz-ftrapv
SSL_get1_session	ssl/ssl_sess.c	41	77	    *ret = atomic_fetch_add_explicit(&refcnt->val, 1, memory_order_relaxed) + 1;	+	cjump	O1-ftrapv|O2-ftrapv|O3-ftrapv|Ofast-ftrapv|Os-ftrapv|Oz-ftrapv
evp_mac_up_ref	crypto/evp/mac_meth.c	41	77	    *ret = atomic_fetch_add_explicit(&refcnt->val, 1, memory_order_relaxed) + 1;	+	cjump	O1-ftrapv|O2-ftrapv|O3-ftrapv|Ofast-ftrapv|Os-ftrapv|Oz-ftrapv
keymgmt_from_algorithm	crypto/evp/keymgmt_meth.c	64	77	    *ret = atomic_fetch_sub_explicit(&refcnt->val, 1, memory_order_release) - 1;	-	cjump	O1-ftrapv|O2-ftrapv|O3-ftrapv|Ofast-ftrapv
EC_ec_pre_comp_free	crypto/ec/ec_mult.c	64	77	    *ret = atomic_fetch_sub_explicit(&refcnt->val, 1, memory_order_release) - 1;	-	cjump	O1-ftrapv|O2-ftrapv|O3-ftrapv|Ofast-ftrapv|Os-ftrapv|Oz-ftrapv
ossl_decoder_up_ref	crypto/encode_decode/decoder_meth.c	41	77	    *ret = atomic_fetch_add_explicit(&refcnt->val, 1, memory_order_relaxed) + 1;	+	cjump	O1-ftrapv|O2-ftrapv|O3-ftrapv|Ofast-ftrapv|Os-ftrapv|Oz-ftrapv
ossl_ssl_connection_new_int	ssl/ssl_lib.c	64	77	    *ret = atomic_fetch_sub_explicit(&refcnt->val, 1, memory_order_release) - 1;	-	cjump	O1-ftrapv|O2-ftrapv|O3-ftrapv|Ofast-ftrapv
EVP_PKEY_derive_init_ex	crypto/evp/exchange.c	64	77	    *ret = atomic_fetch_sub_explicit(&refcnt->val, 1, memory_order_release) - 1;	-	cjump	O1-ftrapv|O2-ftrapv|O3-ftrapv|Ofast-ftrapv
up_ref_loader	crypto/store/store_meth.c	41	77	    *ret = atomic_fetch_add_explicit(&refcnt->val, 1, memory_order_relaxed) + 1;	+	cjump	O1-ftrapv|O2-ftrapv|O3-ftrapv|Ofast-ftrapv|Os-ftrapv|Oz-ftrapv
ossl_mac_key_free	providers/implementations/keymgmt/mac_legacy_kmgmt.c	64	77	    *ret = atomic_fetch_sub_explicit(&refcnt->val, 1, memory_order_release) - 1;	-	cjump	O1-ftrapv|O2-ftrapv|O3-ftrapv|Ofast-ftrapv|Os-ftrapv|Oz-ftrapv
ossl_quic_set_peer_token	ssl/quic/quic_impl.c	64	77	    *ret = atomic_fetch_sub_explicit(&refcnt->val, 1, memory_order_release) - 1;	-	cjump	O1-ftrapv|O2-ftrapv|O3-ftrapv|Ofast-ftrapv
EVP_MD_free	crypto/evp/digest.c	64	77	    *ret = atomic_fetch_sub_explicit(&refcnt->val, 1, memory_order_release) - 1;	-	cjump	O1-ftrapv|O2-ftrapv|O3-ftrapv|Ofast-ftrapv|Os-ftrapv|Oz-ftrapv
ossl_provider_doall_activated	crypto/provider_core.c	64	77	    *ret = atomic_fetch_sub_explicit(&refcnt->val, 1, memory_order_release) - 1;	-	cjump	O1-ftrapv|O2-ftrapv|O3-ftrapv|Ofast-ftrapv|Os-ftrapv|Oz-ftrapv
core_provider_up_ref_intern	crypto/provider_core.c	41	77	    *ret = atomic_fetch_add_explicit(&refcnt->val, 1, memory_order_relaxed) + 1;	+	cjump	O1-ftrapv|O2-ftrapv|O3-ftrapv|Ofast-ftrapv
ENGINE_get_last	crypto/engine/eng_list.c	41	77	    *ret = atomic_fetch_add_explicit(&refcnt->val, 1, memory_order_relaxed) + 1;	+	cjump	O1-ftrapv|O2-ftrapv|O3-ftrapv|Ofast-ftrapv|Os-ftrapv|Oz-ftrapv
ENGINE_get_prev	crypto/engine/eng_list.c	41	77	    *ret = atomic_fetch_add_explicit(&refcnt->val, 1, memory_order_relaxed) + 1;	+	cjump	O1-ftrapv|O2-ftrapv|O3-ftrapv|Ofast-ftrapv|Os-ftrapv|Oz-ftrapv
ENGINE_add	crypto/engine/eng_list.c	41	77	    *ret = atomic_fetch_add_explicit(&refcnt->val, 1, memory_order_relaxed) + 1;	+	cjump	O1-ftrapv|O2-ftrapv|O3-ftrapv|Ofast-ftrapv|Os-ftrapv|Oz-ftrapv
OSSL_STORE_LOADER_free	crypto/store/store_meth.c	64	77	    *ret = atomic_fetch_sub_explicit(&refcnt->val, 1, memory_order_release) - 1;	-	cjump	O1-ftrapv|O2-ftrapv|O3-ftrapv|Ofast-ftrapv|Os-ftrapv|Oz-ftrapv
EC_KEY_free	crypto/ec/ec_key.c	64	77	    *ret = atomic_fetch_sub_explicit(&refcnt->val, 1, memory_order_release) - 1;	-	cjump	O1-ftrapv|O2-ftrapv|O3-ftrapv|Ofast-ftrapv|Os-ftrapv|Oz-ftrapv
evp_cipher_init_internal	crypto/evp/evp_enc.c	64	77	    *ret = atomic_fetch_sub_explicit(&refcnt->val, 1, memory_order_release) - 1;	-	cjump	O1-ftrapv|O2-ftrapv|O3-ftrapv|Ofast-ftrapv
evp_md_init_internal	crypto/evp/digest.c	41	77	    *ret = atomic_fetch_add_explicit(&refcnt->val, 1, memory_order_relaxed) + 1;	+	cjump	O1-ftrapv|O2-ftrapv|O3-ftrapv|Ofast-ftrapv|Os-ftrapv|Oz-ftrapv
openssl_ciphers	crypto/engine/eng_openssl.c	290	28	            cipher_nids[pos++] = EVP_CIPHER_get_nid(cipher);	+	cjump	O1-ftrapv|O2-ftrapv|O3-ftrapv|Ofast-ftrapv|Os-ftrapv|Oz-ftrapv
ENGINE_by_id	crypto/engine/eng_list.c	41	77	    *ret = atomic_fetch_add_explicit(&refcnt->val, 1, memory_order_relaxed) + 1;	+	cjump	O1-ftrapv|O2-ftrapv|O3-ftrapv|Ofast-ftrapv|Os-ftrapv|Oz-ftrapv
evp_signature_from_algorithm	crypto/evp/signature.c	64	77	    *ret = atomic_fetch_sub_explicit(&refcnt->val, 1, memory_order_release) - 1;	-	cjump	O1-ftrapv|O2-ftrapv|O3-ftrapv|Ofast-ftrapv
ossl_quic_get_peer_token	ssl/quic/quic_impl.c	41	77	    *ret = atomic_fetch_add_explicit(&refcnt->val, 1, memory_order_relaxed) + 1;	+	cjump	O1-ftrapv|O2-ftrapv|O3-ftrapv|Ofast-ftrapv|Os-ftrapv|Oz-ftrapv
ENGINE_up_ref	crypto/engine/eng_list.c	41	77	    *ret = atomic_fetch_add_explicit(&refcnt->val, 1, memory_order_relaxed) + 1;	+	cjump	O1-ftrapv|O2-ftrapv|O3-ftrapv|Ofast-ftrapv|Os-ftrapv|Oz-ftrapv
EVP_KEYMGMT_free	crypto/evp/keymgmt_meth.c	64	77	    *ret = atomic_fetch_sub_explicit(&refcnt->val, 1, memory_order_release) - 1;	-	cjump	O1-ftrapv|O2-ftrapv|O3-ftrapv|Ofast-ftrapv|Os-ftrapv|Oz-ftrapv
EVP_CipherInit_SKEY	crypto/evp/evp_enc.c	64	77	    *ret = atomic_fetch_sub_explicit(&refcnt->val, 1, memory_order_release) - 1;	-	cjump	O1-ftrapv|O2-ftrapv|O3-ftrapv|Ofast-ftrapv
ossl_ssl_init	ssl/ssl_lib.c	41	77	    *ret = atomic_fetch_add_explicit(&refcnt->val, 1, memory_order_relaxed) + 1;	+	cjump	O1-ftrapv|O2-ftrapv|O3-ftrapv|Ofast-ftrapv|Os-ftrapv|Oz-ftrapv
ossl_core_bio_new_from_bio	crypto/bio/ossl_core_bio.c	64	77	    *ret = atomic_fetch_sub_explicit(&refcnt->val, 1, memory_order_release) - 1;	-	cjump	O1-ftrapv|O2-ftrapv|O3-ftrapv|Ofast-ftrapv
DH_up_ref	crypto/dh/dh_lib.c	41	77	    *ret = atomic_fetch_add_explicit(&refcnt->val, 1, memory_order_relaxed) + 1;	+	cjump	O1-ftrapv|O2-ftrapv|O3-ftrapv|Ofast-ftrapv|Os-ftrapv|Oz-ftrapv
free_this_token	ssl/quic/quic_impl.c	64	77	    *ret = atomic_fetch_sub_explicit(&refcnt->val, 1, memory_order_release) - 1;	-	cjump	O1-ftrapv|O2-ftrapv|O3-ftrapv|Ofast-ftrapv
X509_STORE_up_ref	crypto/x509/x509_lu.c	41	77	    *ret = atomic_fetch_add_explicit(&refcnt->val, 1, memory_order_relaxed) + 1;	+	cjump	O1-ftrapv|O2-ftrapv|O3-ftrapv|Ofast-ftrapv|Os-ftrapv|Oz-ftrapv
EC_ec_pre_comp_dup	crypto/ec/ec_mult.c	41	77	    *ret = atomic_fetch_add_explicit(&refcnt->val, 1, memory_order_relaxed) + 1;	+	cjump	O1-ftrapv|O2-ftrapv|O3-ftrapv|Ofast-ftrapv|Os-ftrapv|Oz-ftrapv
X509_STORE_free	crypto/x509/x509_lu.c	64	77	    *ret = atomic_fetch_sub_explicit(&refcnt->val, 1, memory_order_release) - 1;	-	cjump	O1-ftrapv|O2-ftrapv|O3-ftrapv|Ofast-ftrapv|Os-ftrapv|Oz-ftrapv
EVP_KEM_free	crypto/evp/kem.c	64	77	    *ret = atomic_fetch_sub_explicit(&refcnt->val, 1, memory_order_release) - 1;	-	cjump	O1-ftrapv|O2-ftrapv|O3-ftrapv|Ofast-ftrapv|Os-ftrapv|Oz-ftrapv
EC_KEY_up_ref	crypto/ec/ec_key.c	41	77	    *ret = atomic_fetch_add_explicit(&refcnt->val, 1, memory_order_relaxed) + 1;	+	cjump	O1-ftrapv|O2-ftrapv|O3-ftrapv|Ofast-ftrapv|Os-ftrapv|Oz-ftrapv
evp_cipher_from_algorithm	crypto/evp/evp_enc.c	64	77	    *ret = atomic_fetch_sub_explicit(&refcnt->val, 1, memory_order_release) - 1;	-	cjump	O1-ftrapv|O2-ftrapv|O3-ftrapv|Ofast-ftrapv
EVP_SKEY_to_provider	crypto/evp/s_lib.c	41	77	    *ret = atomic_fetch_add_explicit(&refcnt->val, 1, memory_order_relaxed) + 1;	+	cjump	O1-ftrapv|O2-ftrapv|O3-ftrapv|Ofast-ftrapv|Os-ftrapv|Oz-ftrapv
EVP_SKEYMGMT_free	crypto/evp/skeymgmt_meth.c	64	77	    *ret = atomic_fetch_sub_explicit(&refcnt->val, 1, memory_order_release) - 1;	-	cjump	O1-ftrapv|O2-ftrapv|O3-ftrapv|Ofast-ftrapv|Os-ftrapv|Oz-ftrapv
SSL_dup	ssl/ssl_lib.c	64	77	    *ret = atomic_fetch_sub_explicit(&refcnt->val, 1, memory_order_release) - 1;	-	cjump	O1-ftrapv|O2-ftrapv|O3-ftrapv|Ofast-ftrapv
DH_free	crypto/dh/dh_lib.c	64	77	    *ret = atomic_fetch_sub_explicit(&refcnt->val, 1, memory_order_release) - 1;	-	cjump	O1-ftrapv|O2-ftrapv|O3-ftrapv|Ofast-ftrapv|Os-ftrapv|Oz-ftrapv
ENGINE_get_first	crypto/engine/eng_list.c	41	77	    *ret = atomic_fetch_add_explicit(&refcnt->val, 1, memory_order_relaxed) + 1;	+	cjump	O1-ftrapv|O2-ftrapv|O3-ftrapv|Ofast-ftrapv|Os-ftrapv|Oz-ftrapv
openssl_ciphers	crypto/engine/eng_openssl.c	288	28	            cipher_nids[pos++] = EVP_CIPHER_get_nid(cipher);	+	cjump	O1-ftrapv|O2-ftrapv|O3-ftrapv|Ofast-ftrapv|Os-ftrapv|Oz-ftrapv
SSL_CTX_free	ssl/ssl_lib.c	64	77	    *ret = atomic_fetch_sub_explicit(&refcnt->val, 1, memory_order_release) - 1;	-	cjump	O1-ftrapv|O2-ftrapv|O3-ftrapv|Ofast-ftrapv|Os-ftrapv|Oz-ftrapv
ossl_ecx_key_free	crypto/ec/ecx_key.c	64	77	    *ret = atomic_fetch_sub_explicit(&refcnt->val, 1, memory_order_release) - 1;	-	cjump	O1-ftrapv|O2-ftrapv|O3-ftrapv|Ofast-ftrapv|Os-ftrapv|Oz-ftrapv
qc_wait_for_default_xso_for_read	ssl/quic/quic_impl.c	64	77	    *ret = atomic_fetch_sub_explicit(&refcnt->val, 1, memory_order_release) - 1;	-	cjump	O1-ftrapv|O2-ftrapv|O3-ftrapv|Ofast-ftrapv
SSL_CTX_add_session	ssl/ssl_sess.c	41	77	    *ret = atomic_fetch_add_explicit(&refcnt->val, 1, memory_order_relaxed) + 1;	+	cjump	O1-ftrapv|O2-ftrapv|O3-ftrapv|Ofast-ftrapv|Os-ftrapv|Oz-ftrapv
BIO_up_ref	crypto/bio/bio_lib.c	41	77	    *ret = atomic_fetch_add_explicit(&refcnt->val, 1, memory_order_relaxed) + 1;	+	cjump	O1-ftrapv|O2-ftrapv|O3-ftrapv|Ofast-ftrapv|Os-ftrapv|Oz-ftrapv
ossl_kdf_data_up_ref	providers/implementations/keymgmt/kdf_legacy_kmgmt.c	41	77	    *ret = atomic_fetch_add_explicit(&refcnt->val, 1, memory_order_relaxed) + 1;	+	cjump	O1-ftrapv|O2-ftrapv|O3-ftrapv|Ofast-ftrapv|Os-ftrapv|Oz-ftrapv
ossl_provider_free	crypto/provider_core.c	64	77	    *ret = atomic_fetch_sub_explicit(&refcnt->val, 1, memory_order_release) - 1;	-	cjump	O1-ftrapv|O2-ftrapv|O3-ftrapv|Ofast-ftrapv|Os-ftrapv|Oz-ftrapv
evp_rand_free	crypto/evp/evp_rand.c	64	77	    *ret = atomic_fetch_sub_explicit(&refcnt->val, 1, memory_order_release) - 1;	-	cjump	O1-ftrapv|O2-ftrapv|O3-ftrapv|Ofast-ftrapv|Os-ftrapv|Oz-ftrapv
ossl_ssl_connection_new_int	ssl/ssl_lib.c	41	77	    *ret = atomic_fetch_add_explicit(&refcnt->val, 1, memory_order_relaxed) + 1;	+	cjump	O1-ftrapv|O2-ftrapv|O3-ftrapv|Ofast-ftrapv|Os-ftrapv|Oz-ftrapv
EVP_SKEYMGMT_up_ref	crypto/evp/skeymgmt_meth.c	41	77	    *ret = atomic_fetch_add_explicit(&refcnt->val, 1, memory_order_relaxed) + 1;	+	cjump	O1-ftrapv|O2-ftrapv|O3-ftrapv|Ofast-ftrapv|Os-ftrapv|Oz-ftrapv
RSA_free	crypto/rsa/rsa_lib.c	64	77	    *ret = atomic_fetch_sub_explicit(&refcnt->val, 1, memory_order_release) - 1;	-	cjump	O1-ftrapv|O2-ftrapv|O3-ftrapv|Ofast-ftrapv|Os-ftrapv|Oz-ftrapv
EVP_KEYEXCH_free	crypto/evp/exchange.c	64	77	    *ret = atomic_fetch_sub_explicit(&refcnt->val, 1, memory_order_release) - 1;	-	cjump	O1-ftrapv|O2-ftrapv|O3-ftrapv|Ofast-ftrapv|Os-ftrapv|Oz-ftrapv
RSA_up_ref	crypto/rsa/rsa_lib.c	41	77	    *ret = atomic_fetch_add_explicit(&refcnt->val, 1, memory_order_relaxed) + 1;	+	cjump	O1-ftrapv|O2-ftrapv|O3-ftrapv|Ofast-ftrapv|Os-ftrapv|Oz-ftrapv
EVP_Q_digest	crypto/evp/digest.c	64	77	    *ret = atomic_fetch_sub_explicit(&refcnt->val, 1, memory_order_release) - 1;	-	cjump	O1-ftrapv|O2-ftrapv|O3-ftrapv|Ofast-ftrapv
EVP_KDF_free	crypto/evp/kdf_meth.c	64	77	    *ret = atomic_fetch_sub_explicit(&refcnt->val, 1, memory_order_release) - 1;	-	cjump	O1-ftrapv|O2-ftrapv|O3-ftrapv|Ofast-ftrapv
mac_free	providers/implementations/keymgmt/mac_legacy_kmgmt.c	64	77	    *ret = atomic_fetch_sub_explicit(&refcnt->val, 1, memory_order_release) - 1;	-	cjump	O1-ftrapv|O2-ftrapv|O3-ftrapv|Ofast-ftrapv
EVP_CIPHER_CTX_reset	crypto/evp/evp_enc.c	64	77	    *ret = atomic_fetch_sub_explicit(&refcnt->val, 1, memory_order_release) - 1;	-	cjump	O1-ftrapv|O2-ftrapv|O3-ftrapv|Ofast-ftrapv
EVP_RAND_CTX_free	crypto/evp/evp_rand.c	64	77	    *ret = atomic_fetch_sub_explicit(&refcnt->val, 1, memory_order_release) - 1;	-	cjump	O1-ftrapv|O2-ftrapv|O3-ftrapv|Ofast-ftrapv|Os-ftrapv|Oz-ftrapv
evp_rand_up_ref	crypto/evp/evp_rand.c	41	77	    *ret = atomic_fetch_add_explicit(&refcnt->val, 1, memory_order_relaxed) + 1;	+	cjump	O1-ftrapv|O2-ftrapv|O3-ftrapv|Ofast-ftrapv|Os-ftrapv|Oz-ftrapv
ossl_asn1_do_lock	crypto/asn1/tasn_utl.c	41	77	    *ret = atomic_fetch_add_explicit(&refcnt->val, 1, memory_order_relaxed) + 1;	+	cjump	O1-ftrapv|O2-ftrapv|O3-ftrapv|Ofast-ftrapv|Os-ftrapv|Oz-ftrapv
evp_md_free	crypto/evp/digest.c	64	77	    *ret = atomic_fetch_sub_explicit(&refcnt->val, 1, memory_order_release) - 1;	-	cjump	O1-ftrapv|O2-ftrapv|O3-ftrapv|Ofast-ftrapv
ossl_kdf_data_free	providers/implementations/keymgmt/kdf_legacy_kmgmt.c	64	77	    *ret = atomic_fetch_sub_explicit(&refcnt->val, 1, memory_order_release) - 1;	-	cjump	O1-ftrapv|O2-ftrapv|O3-ftrapv|Ofast-ftrapv|Os-ftrapv|Oz-ftrapv
ossl_quic_free_token_store	ssl/quic/quic_impl.c	64	77	    *ret = atomic_fetch_sub_explicit(&refcnt->val, 1, memory_order_release) - 1;	-	cjump	O1-ftrapv|O2-ftrapv|O3-ftrapv|Ofast-ftrapv|Os-ftrapv|Oz-ftrapv
evp_cipher_free	crypto/evp/evp_enc.c	64	77	    *ret = atomic_fetch_sub_explicit(&refcnt->val, 1, memory_order_release) - 1;	-	cjump	O1-ftrapv|O2-ftrapv|O3-ftrapv|Ofast-ftrapv
EVP_RAND_free	crypto/evp/evp_rand.c	64	77	    *ret = atomic_fetch_sub_explicit(&refcnt->val, 1, memory_order_release) - 1;	-	cjump	O1-ftrapv|O2-ftrapv|O3-ftrapv|Ofast-ftrapv
evp_keyexch_free	crypto/evp/exchange.c	64	77	    *ret = atomic_fetch_sub_explicit(&refcnt->val, 1, memory_order_release) - 1;	-	cjump	O1-ftrapv|O2-ftrapv|O3-ftrapv|Ofast-ftrapv
SSL_SESSION_up_ref	ssl/ssl_sess.c	41	77	    *ret = atomic_fetch_add_explicit(&refcnt->val, 1, memory_order_relaxed) + 1;	+	cjump	O1-ftrapv|O2-ftrapv|O3-ftrapv|Ofast-ftrapv|Os-ftrapv|Oz-ftrapv
engine_free_util	crypto/engine/eng_lib.c	64	77	    *ret = atomic_fetch_sub_explicit(&refcnt->val, 1, memory_order_release) - 1;	-	cjump	O1-ftrapv|O2-ftrapv|O3-ftrapv|Ofast-ftrapv|Os-ftrapv|Oz-ftrapv
EVP_SKEY_import	crypto/evp/s_lib.c	64	77	    *ret = atomic_fetch_sub_explicit(&refcnt->val, 1, memory_order_release) - 1;	-	cjump	O1-ftrapv|O2-ftrapv|O3-ftrapv|Ofast-ftrapv
EVP_MAC_free	crypto/evp/mac_meth.c	64	77	    *ret = atomic_fetch_sub_explicit(&refcnt->val, 1, memory_order_release) - 1;	-	cjump	O1-ftrapv|O2-ftrapv|O3-ftrapv|Ofast-ftrapv
ossl_quic_build_new_token	ssl/quic/quic_impl.c	64	77	    *ret = atomic_fetch_sub_explicit(&refcnt->val, 1, memory_order_release) - 1;	-	cjump	O1-ftrapv|O2-ftrapv|O3-ftrapv|Ofast-ftrapv
internal_find	crypto/stack/stack.c	365	19	            *pnum = 0;	=	cjump	O1--sroa-skip-mem2reg|O2--jump-threading-across-loop-headers|Os--jump-threading-across-loop-headers
RSA_generate_multi_prime_key	crypto/rsa/rsa_gen.c	322	16	    rmd = bits % primes;	%	mdiv	O1--sroa-skip-mem2reg|O2--sroa-skip-mem2reg|O3--sroa-skip-mem2reg|Ofast--sroa-skip-mem2reg|Os--sroa-skip-mem2reg|Oz--sroa-skip-mem2reg
camellia_init_key	crypto/evp/e_camellia.c	209	27	        dat->stream.cbc = mode == EVP_CIPH_CBC_MODE ?	m	cjump	O1-fprofile-instr-generate|O2--enable-gvn-sink|O2-fprofile-instr-generate|O3--enable-gvn-sink|O3--simplifycfg-branch-fold-threshold=0|O3-fprofile-arcs|O3-fprofile-instr-generate|Ofast--enable-gvn-sink|Ofast--simplifycfg-branch-fold-threshold=0|Ofast-fprofile-arcs|Ofast-fprofile-instr-generate|Os--enable-gvn-sink|Os-fprofile-instr-generate|Oz--enable-gvn-sink|Oz-fprofile-instr-generate
camellia_init_key	crypto/evp/e_camellia.c	213	27	        dat->stream.cbc = mode == EVP_CIPH_CBC_MODE ?	m	cjump	O1-fprofile-instr-generate|O2-fprofile-instr-generate|O3--simplifycfg-branch-fold-threshold=0|O3-fprofile-instr-generate|Ofast--simplifycfg-branch-fold-threshold=0|Ofast-fprofile-instr-generate|Os-fprofile-instr-generate|Oz-fprofile-instr-generate
cipher_hw_camellia_initkey	providers/implementations/ciphers/cipher_camellia_hw.c	39	27	        dat->stream.cbc = mode == EVP_CIPH_CBC_MODE ?	m	cjump	O1-fprofile-instr-generate|O2-fprofile-instr-generate|O3--bonus-inst-threshold=0|O3--simplifycfg-branch-fold-common-dest-vector-multiplier=0|O3--simplifycfg-branch-fold-threshold=0|O3-fprofile-arcs|O3-fprofile-instr-generate|Ofast--bonus-inst-threshold=0|Ofast--simplifycfg-branch-fold-common-dest-vector-multiplier=0|Ofast--simplifycfg-branch-fold-threshold=0|Ofast-fprofile-arcs|Ofast-fprofile-instr-generate|Os-fprofile-instr-generate|Oz-fprofile-instr-generate
ENGINE_ctrl	crypto/engine/eng_ctrl.c	118	33	        return strlen(strcpy(s, cdp->cmd_desc == NULL ? int_no_description	c	cjump	O1--x86-cmov-converter-force-all|O1-fprofile-arcs|O1-fprofile-instr-generate|O2--x86-cmov-converter-force-all|O2-fprofile-arcs|O2-fprofile-instr-generate|O3--x86-cmov-converter-force-all|O3-fprofile-arcs|O3-fprofile-instr-generate|Ofast--x86-cmov-converter-force-all|Ofast-fprofile-arcs|Ofast-fprofile-instr-generate|Os--x86-cmov-converter-force-all|Os-fprofile-arcs|Os-fprofile-instr-generate|Oz--x86-cmov-converter-force-all|Oz-fprofile-arcs|Oz-fprofile-instr-generate
ENGINE_ctrl	crypto/engine/eng_ctrl.c	115	23	        return strlen(cdp->cmd_desc == NULL ? int_no_description	c	cjump	O1--x86-cmov-converter-force-all|O1-fprofile-arcs|O1-fprofile-instr-generate|O2--x86-cmov-converter-force-all|O2-fprofile-arcs|O2-fprofile-instr-generate|O3--x86-cmov-converter-force-all|O3-fprofile-arcs|O3-fprofile-instr-generate|Ofast--x86-cmov-converter-force-all|Ofast-fprofile-arcs|Ofast-fprofile-instr-generate|Os--x86-cmov-converter-force-all|Os-fprofile-arcs|Os-fprofile-instr-generate|Oz--x86-cmov-converter-force-all|Oz-fprofile-arcs|Oz-fprofile-instr-generate
cipher_hw_camellia_initkey	providers/implementations/ciphers/cipher_camellia_hw.c	35	27	        dat->stream.cbc = mode == EVP_CIPH_CBC_MODE ?	m	cjump	O1-fprofile-instr-generate|O2--enable-gvn-sink|O2-fprofile-instr-generate|O3--bonus-inst-threshold=0|O3--enable-gvn-sink|O3--simplifycfg-branch-fold-common-dest-vector-multiplier=0|O3--simplifycfg-branch-fold-threshold=0|O3-fprofile-arcs|O3-fprofile-instr-generate|Ofast--bonus-inst-threshold=0|Ofast--enable-gvn-sink|Ofast--simplifycfg-branch-fold-common-dest-vector-multiplier=0|Ofast--simplifycfg-branch-fold-threshold=0|Ofast-fprofile-arcs|Ofast-fprofile-instr-generate|Os--enable-gvn-sink|Os-fprofile-instr-generate|Oz--enable-gvn-sink|Oz-fprofile-instr-generate
NAME_CONSTRAINTS_check	crypto/x509/v3_ncons.c	296	65	        || (name_count > 0 && constraint_count > NAME_CHECK_MAX / name_count))	/	mdiv	O1-fprofile-arcs|O1-fprofile-instr-generate|O2-fprofile-arcs|O2-fprofile-instr-generate|O3-fprofile-arcs|O3-fprofile-instr-generate|Ofast-fprofile-arcs|Ofast-fprofile-instr-generate|Os-fprofile-arcs|Os-fprofile-instr-generate|Oz-fprofile-arcs|Oz-fprofile-instr-generate
bn_compute_wNAF	crypto/bn/bn_intern.c	114	18	        r[j++] = sign * digit;	s	cjump	O1--x86-cmov-converter-force-all
ossl_ml_dsa_key_compress_decompose	crypto/ml_dsa/ml_dsa_key_compress.c	92	9	    *r0 -= (((int32_t)ML_DSA_Q_MINUS1_DIV2 - *r0) >> 31) & (int32_t)ML_DSA_Q;	-	cjump	O1--x86-cmov-converter-force-all|O2--x86-cmov-converter-force-all|O3--x86-cmov-converter-force-all|Ofast--x86-cmov-converter-force-all|Os--x86-cmov-converter-force-all|Oz--x86-cmov-converter-force-all
ossl_asn1_time_to_tm	crypto/asn1/a_time.c	73	45	    tm->tm_wday = (d + (13 * m) / 5 + y + y / 4 + c / 4 + 5 * c + 6) % 7;	/	cjump	O1--x86-cmov-converter-force-all
BN_GF2m_mod_arr	crypto/bn/bn_gf2m.c	372	23	            d0 = p[k] % BN_BITS2;	%	cjump	O1--x86-cmov-converter-force-all|O2--x86-cmov-converter-force-all|O3--x86-cmov-converter-force-all|Ofast--x86-cmov-converter-force-all|Os--x86-cmov-converter-force-all
dhparam_main	apps/dhparam.c	345	43	                                          outformat == FORMAT_ASN1	o	cjump	O1--x86-cmov-converter-force-all|O2--x86-cmov-converter-force-all|O3--x86-cmov-converter-force-all|Ofast--x86-cmov-converter-force-all|Os--x86-cmov-converter-force-all|Oz--x86-cmov-converter-force-all
DES_ofb_encrypt	crypto/des/ofb_enc.c	28	67	    register DES_LONG d0, d1, vv0, vv1, v0, v1, n = (numbits + 7) / 8;	/	cjump	O1--x86-cmov-converter-force-all|O2--x86-cmov-converter-force-all|O3--x86-cmov-converter-force-all|Ofast--x86-cmov-converter-force-all|Os--x86-cmov-converter-force-all
tls1_cbc_remove_padding_and_mac	ssl/record/methods/tls_pad.c	150	21	            good &= ~(mask & (padding_length ^ b));	~	cjump	O1--x86-cmov-converter-force-all|O2--x86-cmov-converter-force-all|O3--x86-cmov-converter-force-all|Ofast--x86-cmov-converter-force-all|Os--x86-cmov-converter-force-all|Oz--x86-cmov-converter-force-all
ossl_blake2b_init_key	providers/implementations/digests/blake2b_prov.c	144	17	        uint8_t block[BLAKE2B_BLOCKBYTES] = {0};	b	cjump	O1--x86-cmov-converter-force-all|O2--x86-cmov-converter-force-all|O3--x86-cmov-converter-force-all|Ofast--x86-cmov-converter-force-all|Os--x86-cmov-converter-force-all|Oz--x86-cmov-converter-force-all
gf_serialize	crypto/ec/curve448/f_generic.c	35	58	            buffer |= ((dword_t) red->limb[LIMBPERM(j)]) << fill;	<	cjump	O1--x86-cmov-converter-force-all|O2--x86-cmov-converter-force-all|O3--x86-cmov-converter-force-all|Ofast--x86-cmov-converter-force-all|Os--x86-cmov-converter-force-all
BN_num_bits_word	crypto/bn/bn_lib.c	130	7	    l ^= (x ^ l) & mask;	^	cjump	O1--x86-cmov-converter-force-all|O2--x86-cmov-converter-force-all|O3--x86-cmov-converter-force-all|Ofast--x86-cmov-converter-force-all|Os--x86-cmov-converter-force-all|Oz--x86-cmov-converter-force-all
BN_MONT_CTX_set	crypto/bn/bn_mont.c	292	56	        mont->ri = (BN_num_bits(mod) + (BN_BITS2 - 1)) / BN_BITS2 * BN_BITS2;	/	cjump	O1--x86-cmov-converter-force-all|O2--x86-cmov-converter-force-all|O3--x86-cmov-converter-force-all|Ofast--x86-cmov-converter-force-all|Os--x86-cmov-converter-force-all
ossl_rsa_padding_check_PKCS1_type_2_TLS	crypto/rsa/rsa_pk1.c	622	10	    good &= version_good;	&	cjump	O1--x86-cmov-converter-force-all|O2--x86-cmov-converter-force-all|O3--x86-cmov-converter-force-all|Ofast--x86-cmov-converter-force-all|Os--x86-cmov-converter-force-all|Oz--x86-cmov-converter-force-all
ossl_ecdsa_simple_sign_sig	crypto/ec/ecdsa_ossl.c	329	28	        dgst_len = (i + 7) / 8;	/	cjump	O1--x86-cmov-converter-force-all|O2--x86-cmov-converter-force-all|O3--x86-cmov-converter-force-all|Ofast--x86-cmov-converter-force-all|Os--x86-cmov-converter-force-all
bn_rshift_fixed_top	crypto/bn/bn_shift.c	185	12	    nw = n / BN_BITS2;	/	cjump	O1--x86-cmov-converter-force-all|O2--x86-cmov-converter-force-all|O3--x86-cmov-converter-force-all|Ofast--x86-cmov-converter-force-all|Os--x86-cmov-converter-force-all
ossl_ecdh_simple_compute_key	crypto/ec/ecdh_ossl.c	118	47	    buflen = (EC_GROUP_get_degree(group) + 7) / 8;	/	cjump	O1--x86-cmov-converter-force-all|O2--x86-cmov-converter-force-all|O3--x86-cmov-converter-force-all|Ofast--x86-cmov-converter-force-all|Os--x86-cmov-converter-force-all
build_chain	crypto/x509/x509_vfy.c	3611	31	                              ctx->num_untrusted < num	c	cjump	O1--x86-cmov-converter-force-all|O2--x86-cmov-converter-force-all|O3--x86-cmov-converter-force-all|Ofast--x86-cmov-converter-force-all|Os--x86-cmov-converter-force-all|Oz--x86-cmov-converter-force-all
ossl_aria_set_encrypt_key	crypto/aria/aria.c	557	31	    ck = &Key_RC[(bits - 128) / 64][0];	/	cjump	O1--x86-cmov-converter-force-all
setup_request_ctx	apps/cmp.c	1877	20	            desc = opt_csr == NULL	o	cjump	O1--x86-cmov-converter-force-all|O2--x86-cmov-converter-force-all|O3--x86-cmov-converter-force-all|Ofast--x86-cmov-converter-force-all|Os--x86-cmov-converter-force-all
OSSL_HTTP_get	crypto/http/http_client.c	1285	9	        rctx = OSSL_HTTP_open(host, port, proxy, no_proxy,	r	cjump	O1--x86-cmov-converter-force-all|O2--x86-cmov-converter-force-all|O3--x86-cmov-converter-force-all|Ofast--x86-cmov-converter-force-all|Os--x86-cmov-converter-force-all
inner_loader_fetch	crypto/store/store_meth.c	355	13	            unsupported	u	cjump	O1--x86-cmov-converter-force-all|O2--x86-cmov-converter-force-all|O3--x86-cmov-converter-force-all|Ofast--x86-cmov-converter-force-all|Os--x86-cmov-converter-force-all|Oz--x86-cmov-converter-force-all
bn_div_fixed_top	crypto/bn/bn_div.c	148	12	    rshift %= BN_BITS2;            /* say no to undefined behaviour */	%	cjump	O1--x86-cmov-converter-force-all|O2--x86-cmov-converter-force-all|O3--x86-cmov-converter-force-all|Ofast--x86-cmov-converter-force-all|Os--x86-cmov-converter-force-all
RSA_padding_check_PKCS1_type_2	crypto/rsa/rsa_pk1.c	240	10	    good &= constant_time_ge(tlen, mlen);	&	cjump	O1--x86-cmov-converter-force-all|O2--x86-cmov-converter-force-all|O3--x86-cmov-converter-force-all|Ofast--x86-cmov-converter-force-all|Os--x86-cmov-converter-force-all|Oz--x86-cmov-converter-force-all
ossl_blake2s_init_key	providers/implementations/digests/blake2s_prov.c	134	17	        uint8_t block[BLAKE2S_BLOCKBYTES] = {0};	b	cjump	O1--x86-cmov-converter-force-all|O2--x86-cmov-converter-force-all|O3--x86-cmov-converter-force-all|Ofast--x86-cmov-converter-force-all|Os--x86-cmov-converter-force-all|Oz--x86-cmov-converter-force-all
ossl_ec_key_simple_priv2oct	crypto/ec/ec_key.c	1012	55	    buf_len = (EC_GROUP_order_bits(eckey->group) + 7) / 8;	/	cjump	O1--x86-cmov-converter-force-all|O2--x86-cmov-converter-force-all|O3--x86-cmov-converter-force-all|Ofast--x86-cmov-converter-force-all|Os--x86-cmov-converter-force-all
append_buf	apps/engine.c	62	37	        *size = ((len + expand - 1) / expand) * expand;	/	cjump	O1--x86-cmov-converter-force-all|O2--x86-cmov-converter-force-all|O3--x86-cmov-converter-force-all|Ofast--x86-cmov-converter-force-all|Os--x86-cmov-converter-force-all
ossl_ml_dsa_key_compress_low_bits	crypto/ml_dsa/ml_dsa_key_compress.c	92	9	    *r0 -= (((int32_t)ML_DSA_Q_MINUS1_DIV2 - *r0) >> 31) & (int32_t)ML_DSA_Q;	-	cjump	O1--x86-cmov-converter-force-all|O2--x86-cmov-converter-force-all|O3--x86-cmov-converter-force-all|Ofast--x86-cmov-converter-force-all|Os--x86-cmov-converter-force-all
BN_num_bits_word	crypto/bn/bn_lib.c	118	7	    l ^= (x ^ l) & mask;	^	cjump	O1--x86-cmov-converter-force-all|O2--x86-cmov-converter-force-all|O3--x86-cmov-converter-force-all|Ofast--x86-cmov-converter-force-all|Os--x86-cmov-converter-force-all|Oz--x86-cmov-converter-force-all
get_error_values	crypto/err/err.c	462	30	        i = (es->bottom + 1) % ERR_NUM_ERRORS;	%	cjump	O1--x86-cmov-converter-force-all|O2--x86-cmov-converter-force-all|O3--x86-cmov-converter-force-all|Ofast--x86-cmov-converter-force-all|Os--x86-cmov-converter-force-all
ossl_encode_der_integer	crypto/asn1_dsa.c	83	31	    cont_len = BN_num_bits(n) / 8 + 1;	/	cjump	O1--x86-cmov-converter-force-all|O2--x86-cmov-converter-force-all|O3--x86-cmov-converter-force-all|Ofast--x86-cmov-converter-force-all|Os--x86-cmov-converter-force-all
rsa_to_text	providers/implementations/encode_decode/encode_key2text.c	583	33	                               (maskgenalg_nid == NID_mgf1	m	cjump	O1--x86-cmov-converter-force-all|O2--x86-cmov-converter-force-all|O3--x86-cmov-converter-force-all|Ofast--x86-cmov-converter-force-all|Os--x86-cmov-converter-force-all|Oz--x86-cmov-converter-force-all
OPENSSL_gmtime_adj	crypto/o_time.c	183	50	        (3 * ((y + 4900 + (m - 14) / 12) / 100)) / 4 + d - 32075;	/	cjump	O1--x86-cmov-converter-force-all|O2--x86-cmov-converter-force-all|O3--x86-cmov-converter-force-all|Ofast--x86-cmov-converter-force-all
rsa_to_text	providers/implementations/encode_decode/encode_key2text.c	577	33	                               (hashalg_nid == NID_sha1	h	cjump	O1--x86-cmov-converter-force-all|O2--x86-cmov-converter-force-all|O3--x86-cmov-converter-force-all|Ofast--x86-cmov-converter-force-all|Os--x86-cmov-converter-force-all|Oz--x86-cmov-converter-force-all
new_raw_key_int	crypto/evp/p_lib.c	468	29	                            key_is_priv ? OSSL_PKEY_PARAM_PRIV_KEY	k	cjump	O1--x86-cmov-converter-force-all|O2--x86-cmov-converter-force-all|O3--x86-cmov-converter-force-all|Ofast--x86-cmov-converter-force-all|Os--x86-cmov-converter-force-all|Oz--x86-cmov-converter-force-all
OPENSSL_gmtime_diff	crypto/o_time.c	181	48	    return (1461 * (y + 4800 + (m - 14) / 12)) / 4 +	/	cjump	O1--x86-cmov-converter-force-all|O2--x86-cmov-converter-force-all|O3--x86-cmov-converter-force-all|Ofast--x86-cmov-converter-force-all
table_select	crypto/ec/curve25519.c	4207	48	    uint8_t babs = b - ((uint8_t)((-bnegative) & b) << 1);	&	cjump	O1--x86-cmov-converter-force-all|O2--x86-cmov-converter-force-all|O3--x86-cmov-converter-force-all|Ofast--x86-cmov-converter-force-all|Os--x86-cmov-converter-force-all|Oz--x86-cmov-converter-force-all
bn_div_words	crypto/bn/bn_asm.c	257	11	        h -= th;	-	cjump	O1--x86-cmov-converter-force-all|O2--x86-cmov-converter-force-all|O3--x86-cmov-converter-force-all|Ofast--x86-cmov-converter-force-all|Os--x86-cmov-converter-force-all
BN_num_bits	crypto/bn/bn_lib.c	124	7	    l ^= (x ^ l) & mask;	^	cjump	O1--x86-cmov-converter-force-all|O2--x86-cmov-converter-force-all|O3--x86-cmov-converter-force-all|Ofast--x86-cmov-converter-force-all
readbuffer_gets	crypto/bio/bf_readbuff.c	93	36	    sz = DEFAULT_BUFFER_SIZE * (sz / DEFAULT_BUFFER_SIZE);	/	cjump	O1--x86-cmov-converter-force-all|O2--x86-cmov-converter-force-all|O3--x86-cmov-converter-force-all|Ofast--x86-cmov-converter-force-all
pkey_ec_derive	crypto/ec/ec_pmeth.c	194	52	        *keylen = (EC_GROUP_get_degree(group) + 7) / 8;	/	cjump	O1--x86-cmov-converter-force-all|O2--x86-cmov-converter-force-all|O3--x86-cmov-converter-force-all|Ofast--x86-cmov-converter-force-all|Os--x86-cmov-converter-force-all
ossl_ml_dsa_key_compress_use_hint	crypto/ml_dsa/ml_dsa_key_compress.c	72	12	        r1 ^= ((43 - r1) >> 31) & r1;	^	cjump	O1--x86-cmov-converter-force-all|O2--x86-cmov-converter-force-all|O3--x86-cmov-converter-force-all|Ofast--x86-cmov-converter-force-all|Os--x86-cmov-converter-force-all
aes_gcm_siv_cipher	providers/implementations/ciphers/cipher_aes_gcm_siv_hw.c	356	17	        out_len = BLOCK_SIZE;	=	cjump	O1--x86-cmov-converter-force-all|O2--x86-cmov-converter-force-all|O3--x86-cmov-converter-force-all|Ofast--x86-cmov-converter-force-all
report_server_accept	apps/lib/s_socket.c	269	13	    success *= BIO_printf(out, "\n") > 0;	*	cjump	O1--x86-cmov-converter-force-all|O2--x86-cmov-converter-force-all|O3--x86-cmov-converter-force-all|Ofast--x86-cmov-converter-force-all|Os--x86-cmov-converter-force-all|Oz--x86-cmov-converter-force-all
ossl_ecdsa_simple_verify_sig	crypto/ec/ecdsa_ossl.c	506	28	        dgst_len = (i + 7) / 8;	/	cjump	O1--x86-cmov-converter-force-all|O2--x86-cmov-converter-force-all|O3--x86-cmov-converter-force-all|Ofast--x86-cmov-converter-force-all|Os--x86-cmov-converter-force-all
ERR_new	crypto/err/err_blocks.c	18	39	        es->bottom = (es->bottom + 1) % ERR_NUM_ERRORS;	%	cjump	O1--x86-cmov-converter-force-all
ossl_rsa_padding_check_PKCS1_type_2	crypto/rsa/rsa_pk1.c	499	10	    good &= constant_time_ge(tlen, num - msg_index);	&	cjump	O1--x86-cmov-converter-force-all|O2--x86-cmov-converter-force-all|O3--x86-cmov-converter-force-all|Ofast--x86-cmov-converter-force-all|Os--x86-cmov-converter-force-all|Oz--x86-cmov-converter-force-all
verify_ss_cert_trans	crypto/cmp/cmp_genm.c	277	30	                       desc, trusted == NULL ? "using trust store"	t	cjump	O1--x86-cmov-converter-force-all|O2--x86-cmov-converter-force-all|O3--x86-cmov-converter-force-all|Ofast--x86-cmov-converter-force-all|Os--x86-cmov-converter-force-all|Oz--x86-cmov-converter-force-all
bn_get_bits	crypto/bn/bn_exp.c	495	12	    bitpos %= BN_BITS2;	%	cjump	O1--x86-cmov-converter-force-all|O2--x86-cmov-converter-force-all|O3--x86-cmov-converter-force-all|Ofast--x86-cmov-converter-force-all|Os--x86-cmov-converter-force-all
OSSL_ERR_STATE_restore	crypto/err/err_save.c	16	29	    es->top = (es->top + 1) % ERR_NUM_ERRORS;	%	cjump	O1--x86-cmov-converter-force-all|O2--x86-cmov-converter-force-all|O3--x86-cmov-converter-force-all|Ofast--x86-cmov-converter-force-all|Os--x86-cmov-converter-force-all
X509_CRL_load_http	crypto/x509/x_all.c	119	27	    size_t max_resp_len = (it == ASN1_ITEM_rptr(X509_CRL)) ?	(	cjump	O1--x86-cmov-converter-force-all|O2--x86-cmov-converter-force-all|O3--x86-cmov-converter-force-all|Ofast--x86-cmov-converter-force-all
aes_wrap_cipher	crypto/evp/e_aes.c	3728	20	            return inlen + 8;	i	cjump	O1--x86-cmov-converter-force-all|O2--x86-cmov-converter-force-all|O3--x86-cmov-converter-force-all|Ofast--x86-cmov-converter-force-all|Os--x86-cmov-converter-force-all|Oz--x86-cmov-converter-force-all
ASN1_UNIVERSALSTRING_to_string	crypto/asn1/a_print.c	64	15	    s->length /= 4;	/	cjump	O1--x86-cmov-converter-force-all|O2--x86-cmov-converter-force-all|O3--x86-cmov-converter-force-all|Ofast--x86-cmov-converter-force-all|Os--x86-cmov-converter-force-all
BN_num_bits	crypto/bn/bn_lib.c	176	16	    return ret & mask;	&	cjump	O1--x86-cmov-converter-force-all|O2--x86-cmov-converter-force-all|O3--x86-cmov-converter-force-all|Ofast--x86-cmov-converter-force-all|Os--x86-cmov-converter-force-all|Oz--x86-cmov-converter-force-all
BN_GF2m_mod_arr	crypto/bn/bn_gf2m.c	334	20	            d0 = n % BN_BITS2;	%	cjump	O1--x86-cmov-converter-force-all|O2--x86-cmov-converter-force-all|O3--x86-cmov-converter-force-all|Ofast--x86-cmov-converter-force-all|Os--x86-cmov-converter-force-all
ossl_quic_channel_raise_protocol_error_loc	ssl/quic/quic_channel.c	3509	22	    int err_reason = error_code == OSSL_QUIC_ERR_INTERNAL_ERROR	e	cjump	O1--x86-cmov-converter-force-all|O2--x86-cmov-converter-force-all|O3--x86-cmov-converter-force-all|Ofast--x86-cmov-converter-force-all|Os--x86-cmov-converter-force-all|Oz--x86-cmov-converter-force-all
ERR_new	crypto/err/err_blocks.c	16	29	    es->top = (es->top + 1) % ERR_NUM_ERRORS;	%	cjump	O1--x86-cmov-converter-force-all|O2--x86-cmov-converter-force-all|O3--x86-cmov-converter-force-all|Ofast--x86-cmov-converter-force-all|Os--x86-cmov-converter-force-all
ossl_aria_set_encrypt_key	crypto/aria/aria.c	546	27	    int Nr = (bits + 256) / 32;	/	cjump	O1--x86-cmov-converter-force-all|O2--x86-cmov-converter-force-all|O3--x86-cmov-converter-force-all|Ofast--x86-cmov-converter-force-all|Os--x86-cmov-converter-force-all
BN_GF2m_mod_inv	crypto/bn/bn_gf2m.c	698	40	                int utop = (ubits - 1) / BN_BITS2;	/	cjump	O1--x86-cmov-converter-force-all|O2--x86-cmov-converter-force-all|O3--x86-cmov-converter-force-all|Ofast--x86-cmov-converter-force-all|Os--x86-cmov-converter-force-all
ossl_ml_dsa_key_compress_decompose	crypto/ml_dsa/ml_dsa_key_compress.c	72	12	        r1 ^= ((43 - r1) >> 31) & r1;	^	cjump	O1--x86-cmov-converter-force-all|O2--x86-cmov-converter-force-all|O3--x86-cmov-converter-force-all|Ofast--x86-cmov-converter-force-all|Os--x86-cmov-converter-force-all
BN_BLINDING_invert_ex	crypto/bn/bn_blind.c	189	42	            n->top = (int)(rtop & ~mask) | (ntop & mask);	|	cjump	O1--x86-cmov-converter-force-all|O2--x86-cmov-converter-force-all|O3--x86-cmov-converter-force-all|Ofast--x86-cmov-converter-force-all|Os--x86-cmov-converter-force-all|Oz--x86-cmov-converter-force-all
OSSL_ERR_STATE_restore	crypto/err/err_save.c	18	39	        es->bottom = (es->bottom + 1) % ERR_NUM_ERRORS;	%	cjump	O1--x86-cmov-converter-force-all
gf_deserialize	crypto/ec/curve448/f_generic.c	96	48	    return succ & word_is_zero((word_t)buffer) & ~word_is_zero((word_t)scarry);	&	cjump	O1--x86-cmov-converter-force-all|O2--x86-cmov-converter-force-all|O3--x86-cmov-converter-force-all|Ofast--x86-cmov-converter-force-all|Os--x86-cmov-converter-force-all|Oz--x86-cmov-converter-force-all
x509_main	apps/x509.c	760	33	            BIO_printf(bio_err, i < 0	i	cjump	O1--x86-cmov-converter-force-all|O2--x86-cmov-converter-force-all|O3--x86-cmov-converter-force-all|Ofast--x86-cmov-converter-force-all|Os--x86-cmov-converter-force-all|Oz--x86-cmov-converter-force-all
tls1_set_groups	ssl/t1_lib.c	1118	19	        *dup_list |= idmask;	|	cjump	O1--x86-cmov-converter-force-all|O2--x86-cmov-converter-force-all|O3--x86-cmov-converter-force-all|Ofast--x86-cmov-converter-force-all|Os--x86-cmov-converter-force-all|Oz--x86-cmov-converter-force-all
req_main	apps/req.c	766	35	                                  CAkeyfile != CAfile	C	cjump	O1--x86-cmov-converter-force-all|O2--x86-cmov-converter-force-all|O3--x86-cmov-converter-force-all|Ofast--x86-cmov-converter-force-all|Os--x86-cmov-converter-force-all|Oz--x86-cmov-converter-force-all
BN_num_bits_word	crypto/bn/bn_lib.c	136	7	    l ^= (x ^ l) & mask;	^	cjump	O1--x86-cmov-converter-force-all|O2--x86-cmov-converter-force-all|O3--x86-cmov-converter-force-all|Ofast--x86-cmov-converter-force-all|Os--x86-cmov-converter-force-all|Oz--x86-cmov-converter-force-all
BN_num_bits	crypto/bn/bn_lib.c	118	7	    l ^= (x ^ l) & mask;	^	cjump	O1--x86-cmov-converter-force-all|O2--x86-cmov-converter-force-all|O3--x86-cmov-converter-force-all|Ofast--x86-cmov-converter-force-all
PKCS12_pbe_crypt_ex	crypto/pkcs12/p12_decr.c	93	24	                       passlen == 0 ? "empty password"	p	cjump	O1--x86-cmov-converter-force-all|O2--x86-cmov-converter-force-all|O3--x86-cmov-converter-force-all|Ofast--x86-cmov-converter-force-all|Os--x86-cmov-converter-force-all|Oz--x86-cmov-converter-force-all
OPENSSL_gmtime_adj	crypto/o_time.c	194	24	    L = L - (1461 * i) / 4 + 31;	/	cjump	O1--x86-cmov-converter-force-all|O2--x86-cmov-converter-force-all|O3--x86-cmov-converter-force-all|Ofast--x86-cmov-converter-force-all|Os--x86-cmov-converter-force-all
bn_lshift_fixed_top	crypto/bn/bn_shift.c	116	12	    nw = n / BN_BITS2;	/	cjump	O1--x86-cmov-converter-force-all|O2--x86-cmov-converter-force-all|O3--x86-cmov-converter-force-all|Ofast--x86-cmov-converter-force-all|Os--x86-cmov-converter-force-all
BN_GF2m_mod_arr	crypto/bn/bn_gf2m.c	354	19	        d0 = p[0] % BN_BITS2;	%	cjump	O1--x86-cmov-converter-force-all|O2--x86-cmov-converter-force-all|O3--x86-cmov-converter-force-all|Ofast--x86-cmov-converter-force-all|Os--x86-cmov-converter-force-all
BN_gcd	crypto/bn/bn_gcd.c	660	48	        delta = (-cond & -delta) | ((cond - 1) & delta);	&	cjump	O1--x86-cmov-converter-force-all|O2--x86-cmov-converter-force-all|O3--x86-cmov-converter-force-all|Ofast--x86-cmov-converter-force-all|Os--x86-cmov-converter-force-all|Oz--x86-cmov-converter-force-all
ossl_ml_dsa_key_compress_use_hint	crypto/ml_dsa/ml_dsa_key_compress.c	92	9	    *r0 -= (((int32_t)ML_DSA_Q_MINUS1_DIV2 - *r0) >> 31) & (int32_t)ML_DSA_Q;	-	cjump	O1--x86-cmov-converter-force-all|O2--x86-cmov-converter-force-all|O3--x86-cmov-converter-force-all|Ofast--x86-cmov-converter-force-all|Os--x86-cmov-converter-force-all
BN_num_bits_word	crypto/bn/bn_lib.c	124	7	    l ^= (x ^ l) & mask;	^	cjump	O1--x86-cmov-converter-force-all|O2--x86-cmov-converter-force-all|O3--x86-cmov-converter-force-all|Ofast--x86-cmov-converter-force-all|Os--x86-cmov-converter-force-all|Oz--x86-cmov-converter-force-all
BN_num_bits	crypto/bn/bn_lib.c	130	7	    l ^= (x ^ l) & mask;	^	cjump	O1--x86-cmov-converter-force-all|O2--x86-cmov-converter-force-all|O3--x86-cmov-converter-force-all|Ofast--x86-cmov-converter-force-all
ossl_gen_deterministic_nonce_rfc6979	crypto/deterministic_nonce.c	202	28	    rlen = (qlen_bits + 7) / 8;	/	cjump	O1--x86-cmov-converter-force-all|O2--x86-cmov-converter-force-all|O3--x86-cmov-converter-force-all|Ofast--x86-cmov-converter-force-all|Os--x86-cmov-converter-force-all
tls_valid_group	ssl/t1_lib.c	885	13	        ret &= (ssl_version_cmp(s, maxversion, group_minversion) >= 0);	&	cjump	O1--x86-cmov-converter-force-all|O2--x86-cmov-converter-force-all|O3--x86-cmov-converter-force-all|Ofast--x86-cmov-converter-force-all|Os--x86-cmov-converter-force-all|Oz--x86-cmov-converter-force-all
gf_deserialize	crypto/ec/curve448/f_generic.c	96	17	    return succ & word_is_zero((word_t)buffer) & ~word_is_zero((word_t)scarry);	&	cjump	O1--x86-cmov-converter-force-all|O2--x86-cmov-converter-force-all|Os--x86-cmov-converter-force-all|Oz--x86-cmov-converter-force-all
BN_bn2bin	crypto/bn/bn_lib.c	561	18	    n = (n8 + 7) / 8;           /* This is what BN_num_bytes() does */	/	cjump	O1--x86-cmov-converter-force-all|O2--x86-cmov-converter-force-all|O3--x86-cmov-converter-force-all|Ofast--x86-cmov-converter-force-all
CRYPTO_xts128_encrypt	crypto/modes/xts128.c	113	24	            res = 0x87 & (((int)tweak.d[3]) >> 31);	&	cjump	O1--x86-cmov-converter-force-all|O2--x86-cmov-converter-force-all|O3--x86-cmov-converter-force-all|Ofast--x86-cmov-converter-force-all|Os--x86-cmov-converter-force-all|Oz--x86-cmov-converter-force-all
ssl3_cbc_digest_record	ssl/record/methods/ssl3_cbc.c	355	48	    return (unsigned char)constant_time_select(mask, a, b);	m	cjump	O1--x86-cmov-converter-force-all|O2--x86-cmov-converter-force-all|O3--x86-cmov-converter-force-all|Ofast--x86-cmov-converter-force-all|Os--x86-cmov-converter-force-all
ossl_quic_ctrl	ssl/quic/quic_impl.c	1637	34	            ctx.xso->ssl_mode |= (uint32_t)larg;	(	cjump	O1--x86-cmov-converter-force-all|O2--x86-cmov-converter-force-all|O3--x86-cmov-converter-force-all|Ofast--x86-cmov-converter-force-all|Os--x86-cmov-converter-force-all|Oz--x86-cmov-converter-force-all
crl_main	apps/crl.c	358	58	                    BIO_printf(bio_out, "%02X%c", md[j], (j + 1 == (int)n)	(	cjump	O1--x86-cmov-converter-force-all|O2--x86-cmov-converter-force-all|O3--x86-cmov-converter-force-all|Ofast--x86-cmov-converter-force-all|Os--x86-cmov-converter-force-all|Oz--x86-cmov-converter-force-all
readbuffer_read	crypto/bio/bf_readbuff.c	93	36	    sz = DEFAULT_BUFFER_SIZE * (sz / DEFAULT_BUFFER_SIZE);	/	cjump	O1--x86-cmov-converter-force-all|O2--x86-cmov-converter-force-all|O3--x86-cmov-converter-force-all|Ofast--x86-cmov-converter-force-all
get_error_values	crypto/err/err.c	479	30	        i = (es->bottom + 1) % ERR_NUM_ERRORS;	%	cjump	O1--x86-cmov-converter-force-all
ossl_ml_dsa_key_compress_high_bits	crypto/ml_dsa/ml_dsa_key_compress.c	72	12	        r1 ^= ((43 - r1) >> 31) & r1;	^	cjump	O1--x86-cmov-converter-force-all|O2--x86-cmov-converter-force-all|O3--x86-cmov-converter-force-all|Ofast--x86-cmov-converter-force-all|Os--x86-cmov-converter-force-all|Oz--x86-cmov-converter-force-all
bn2binpad	crypto/bn/bn_lib.c	586	22	        n = (n8 + 7) / 8;       /* This is what BN_num_bytes() does */	/	cjump	O1--x86-cmov-converter-force-all|O2--x86-cmov-converter-force-all|O3--x86-cmov-converter-force-all|Ofast--x86-cmov-converter-force-all|Os--x86-cmov-converter-force-all
RSA_padding_check_PKCS1_OAEP_mgf1	crypto/rsa/rsa_oaep.c	299	10	    good &= constant_time_ge(tlen, mlen);	&	cjump	O1--x86-cmov-converter-force-all|O2--x86-cmov-converter-force-all|O3--x86-cmov-converter-force-all|Ofast--x86-cmov-converter-force-all|Os--x86-cmov-converter-force-all|Oz--x86-cmov-converter-force-all
BN_num_bits_word	crypto/bn/bn_lib.c	111	7	    l ^= (x ^ l) & mask;	^	cjump	O1--x86-cmov-converter-force-all|O2--x86-cmov-converter-force-all|O3--x86-cmov-converter-force-all|Ofast--x86-cmov-converter-force-all|Os--x86-cmov-converter-force-all|Oz--x86-cmov-converter-force-all
BN_num_bits	crypto/bn/bn_lib.c	136	7	    l ^= (x ^ l) & mask;	^	cjump	O1--x86-cmov-converter-force-all|O2--x86-cmov-converter-force-all|O3--x86-cmov-converter-force-all|Ofast--x86-cmov-converter-force-all
report_server_accept	apps/lib/s_socket.c	268	17	        success *= BIO_printf(out, " PID=%d", getpid()) > 0;	*	cjump	O1--x86-cmov-converter-force-all|O2--x86-cmov-converter-force-all|O3--x86-cmov-converter-force-all|Ofast--x86-cmov-converter-force-all|Os--x86-cmov-converter-force-all|Oz--x86-cmov-converter-force-all
DES_cfb_encrypt	crypto/des/cfb_enc.c	37	17	        numbits % 8;	%	cjump	O1--x86-cmov-converter-force-all|O2--x86-cmov-converter-force-all|O3--x86-cmov-converter-force-all|Ofast--x86-cmov-converter-force-all|Os--x86-cmov-converter-force-all
ssl_cipher_list_to_bytes	ssl/statem/statem_clnt.c	4172	13	            !maxverok	!	cjump	O1--x86-cmov-converter-force-all|O2--simplifycfg-branch-fold-threshold=0|O2--sroa-skip-mem2reg|O2--x86-cmov-converter-force-all|O2-fprofile-arcs|O3--simplifycfg-branch-fold-threshold=0|O3--sroa-skip-mem2reg|O3--x86-cmov-converter-force-all|O3-fprofile-arcs|Ofast--simplifycfg-branch-fold-threshold=0|Ofast--sroa-skip-mem2reg|Ofast--x86-cmov-converter-force-all|Ofast-fprofile-arcs|Os--simplifycfg-branch-fold-threshold=0|Os--sroa-skip-mem2reg|Os--x86-cmov-converter-force-all|Os-fprofile-arcs
bn2binpad	crypto/bn/bn_lib.c	561	18	    n = (n8 + 7) / 8;           /* This is what BN_num_bytes() does */	/	cjump	O1--x86-cmov-converter-force-all|O2--x86-cmov-converter-force-all|O3--x86-cmov-converter-force-all|Ofast--x86-cmov-converter-force-all|Os--x86-cmov-converter-force-all
check_msg_all_certs	crypto/cmp/cmp_vfy.c	449	36	                                   mode_3gpp ? "self-issued extraCerts"	m	cjump	O1--x86-cmov-converter-force-all|O2--x86-cmov-converter-force-all|O3--x86-cmov-converter-force-all|Ofast--x86-cmov-converter-force-all|Os--x86-cmov-converter-force-all|Oz--x86-cmov-converter-force-all
X509_load_http	crypto/x509/x_all.c	119	27	    size_t max_resp_len = (it == ASN1_ITEM_rptr(X509_CRL)) ?	(	cjump	O1--x86-cmov-converter-force-all|O2--x86-cmov-converter-force-all|O3--x86-cmov-converter-force-all|Ofast--x86-cmov-converter-force-all
OPENSSL_gmtime_adj	crypto/o_time.c	181	48	    return (1461 * (y + 4800 + (m - 14) / 12)) / 4 +	/	cjump	O1--x86-cmov-converter-force-all|O2--x86-cmov-converter-force-all|O3--x86-cmov-converter-force-all|Ofast--x86-cmov-converter-force-all
make_addressPrefix	crypto/x509/v3_addr.c	409	59	    int bytelen = (prefixlen + 7) / 8, bitlen = prefixlen % 8;	%	cjump	O1--x86-cmov-converter-force-all|O2--x86-cmov-converter-force-all|O3--x86-cmov-converter-force-all|Ofast--x86-cmov-converter-force-all|Os--x86-cmov-converter-force-all
OPENSSL_gmtime_diff	crypto/o_time.c	183	50	        (3 * ((y + 4900 + (m - 14) / 12) / 100)) / 4 + d - 32075;	/	cjump	O1--x86-cmov-converter-force-all|O2--x86-cmov-converter-force-all|O3--x86-cmov-converter-force-all|Ofast--x86-cmov-converter-force-all
BN_gcd	crypto/bn/bn_gcd.c	621	19	        pow2_flag &= constant_time_is_zero_bn(pow2_numbits_temp);	&	cjump	O1--x86-cmov-converter-force-all|O2--x86-cmov-converter-force-all|O3--x86-cmov-converter-force-all|Ofast--x86-cmov-converter-force-all|Os--x86-cmov-converter-force-all|Oz--x86-cmov-converter-force-all
gf_deserialize	crypto/ec/curve448/f_generic.c	83	38	            buffer |= ((dword_t) sj) << fill;	<	cjump	O1--x86-cmov-converter-force-all|O2--x86-cmov-converter-force-all|Os--x86-cmov-converter-force-all
CRYPTO_xts128_encrypt	crypto/modes/xts128.c	74	24	            res = 0x87 & (((int)tweak.d[3]) >> 31);	&	cjump	O1--x86-cmov-converter-force-all
ossl_ec_GF2m_simple_oct2point	crypto/ec/ec2_oct.c	310	25	    field_len = (m + 7) / 8;	/	cjump	O1--x86-cmov-converter-force-all|O2--x86-cmov-converter-force-all|O3--x86-cmov-converter-force-all|Ofast--x86-cmov-converter-force-all|Os--x86-cmov-converter-force-all
list_main	apps/list.c	1263	28	                           pkey_flags & ASN1_PKEY_DYNAMIC ?	p	cjump	O1--x86-cmov-converter-force-all|O2--x86-cmov-converter-force-all|O3--x86-cmov-converter-force-all|Ofast--x86-cmov-converter-force-all|Os--x86-cmov-converter-force-all|Oz--x86-cmov-converter-force-all
ossl_curve448_point_decode_like_eddsa_and_mul_by_ratio	crypto/ec/curve448/curve448.c	350	10	    succ &= gf_isr(p->t, p->x); /* 1/sqrt(num * denom) */	&	cjump	O1--x86-cmov-converter-force-all|O2--x86-cmov-converter-force-all|O3--x86-cmov-converter-force-all|Ofast--x86-cmov-converter-force-all|Os--x86-cmov-converter-force-all|Oz--x86-cmov-converter-force-all
ossl_ml_dsa_key_compress_make_hint	crypto/ml_dsa/ml_dsa_key_compress.c	72	12	        r1 ^= ((43 - r1) >> 31) & r1;	^	cjump	O1--x86-cmov-converter-force-all|O2--x86-cmov-converter-force-all|O3--x86-cmov-converter-force-all|Ofast--x86-cmov-converter-force-all|Os--x86-cmov-converter-force-all
aes_wrap_cipher	providers/implementations/ciphers/cipher_aes_wrp.c	201	20	            return inlen + 8;	i	cjump	O1--x86-cmov-converter-force-all
generate_ecdhkm	providers/implementations/kem/ec_kem.c	526	57	    size_t secretlen = (EC_GROUP_get_degree(group) + 7) / 8;	/	cjump	O1--x86-cmov-converter-force-all|O2--x86-cmov-converter-force-all|O3--x86-cmov-converter-force-all|Ofast--x86-cmov-converter-force-all|Os--x86-cmov-converter-force-all
ossl_ec_GF2m_simple_point2oct	crypto/ec/ec2_oct.c	158	50	    field_len = (EC_GROUP_get_degree(group) + 7) / 8;	/	cjump	O1--x86-cmov-converter-force-all|O2--x86-cmov-converter-force-all|O3--x86-cmov-converter-force-all|Ofast--x86-cmov-converter-force-all|Os--x86-cmov-converter-force-all
DES_cfb_encrypt	crypto/des/cfb_enc.c	36	55	    register int num = numbits / 8, n = (numbits + 7) / 8, i, rem =	/	cjump	O1--x86-cmov-converter-force-all|O2--x86-cmov-converter-force-all|O3--x86-cmov-converter-force-all|Ofast--x86-cmov-converter-force-all|Os--x86-cmov-converter-force-all
BN_bn2mpi	crypto/bn/bn_mpi.c	22	22	    num = (bits + 7) / 8;	/	cjump	O1--x86-cmov-converter-force-all|O2--x86-cmov-converter-force-all|O3--x86-cmov-converter-force-all|Ofast--x86-cmov-converter-force-all|Os--x86-cmov-converter-force-all
bn_mod_exp_mont_fixed_top	crypto/bn/bn_exp.c	495	12	    bitpos %= BN_BITS2;	%	cjump	O1--x86-cmov-converter-force-all|O2--x86-cmov-converter-force-all|O3--x86-cmov-converter-force-all|Ofast--x86-cmov-converter-force-all
ossl_ml_dsa_key_compress_low_bits	crypto/ml_dsa/ml_dsa_key_compress.c	72	12	        r1 ^= ((43 - r1) >> 31) & r1;	^	cjump	O1--x86-cmov-converter-force-all|O2--x86-cmov-converter-force-all|O3--x86-cmov-converter-force-all|Ofast--x86-cmov-converter-force-all|Os--x86-cmov-converter-force-all
append_buf	apps/engine.c	71	41	            *size = ((len + expand - 1) / expand) * expand;	/	cjump	O1--x86-cmov-converter-force-all|O2--x86-cmov-converter-force-all|O3--x86-cmov-converter-force-all|Ofast--x86-cmov-converter-force-all|Os--x86-cmov-converter-force-all
ossl_ml_dsa_sign	crypto/ml_dsa/ml_dsa_sign.c	292	30	                             | constant_time_lt(params->omega, h_ones)))	|	cjump	O1--x86-cmov-converter-force-all|O2--x86-cmov-converter-force-all|O3--x86-cmov-converter-force-all|Ofast--x86-cmov-converter-force-all|Os--x86-cmov-converter-force-all|Oz--x86-cmov-converter-force-all
make_addressPrefix	crypto/x509/v3_addr.c	409	35	    int bytelen = (prefixlen + 7) / 8, bitlen = prefixlen % 8;	/	cjump	O1--x86-cmov-converter-force-all|O2--x86-cmov-converter-force-all|O3--x86-cmov-converter-force-all|Ofast--x86-cmov-converter-force-all|Os--x86-cmov-converter-force-all
poly_encode_signed_two_to_power_17	crypto/ml_dsa/ml_dsa_encoders.c	373	41	    return (value_barrier_32(mask) & a) | (value_barrier_32(~mask) & b);	|	cjump	O2--attributor-enable=cgscc|O3--attributor-enable=cgscc|Ofast--attributor-enable=cgscc|Os--attributor-enable=cgscc
poly_encode_signed_two_to_power_19	crypto/ml_dsa/ml_dsa_encoders.c	373	41	    return (value_barrier_32(mask) & a) | (value_barrier_32(~mask) & b);	|	cjump	O2--attributor-enable=cgscc|O3--attributor-enable=cgscc|Ofast--attributor-enable=cgscc|Os--attributor-enable=cgscc
poly_encode_signed_2	crypto/ml_dsa/ml_dsa_encoders.c	373	41	    return (value_barrier_32(mask) & a) | (value_barrier_32(~mask) & b);	|	cjump	O2--attributor-enable=cgscc|O3--attributor-enable=cgscc|Ofast--attributor-enable=cgscc|Os--attributor-enable=cgscc
BN_uadd	crypto/bn/bn_add.c	114	15	        carry &= (t2 == 0);	&	cjump	O2--fast-isel|O2--partial-unrolling-threshold=100|O2--partial-unrolling-threshold=50|O2--unroll-partial-threshold=100|O2--unroll-partial-threshold=50|O2--x86-cmov-converter-force-all|O3--fast-isel|O3--partial-unrolling-threshold=100|O3--partial-unrolling-threshold=50|O3--unroll-partial-threshold=100|O3--unroll-partial-threshold=50|O3--x86-cmov-converter-force-all|Ofast--fast-isel|Ofast--partial-unrolling-threshold=100|Ofast--partial-unrolling-threshold=50|Ofast--unroll-partial-threshold=100|Ofast--unroll-partial-threshold=50|Ofast--x86-cmov-converter-force-all|Os--unroll-partial-threshold=100|Os--unroll-partial-threshold=50
BN_add	crypto/bn/bn_add.c	114	15	        carry &= (t2 == 0);	&	cjump	O2--fast-isel|O2--partial-unrolling-threshold=100|O2--partial-unrolling-threshold=50|O2--unroll-partial-threshold=100|O2--unroll-partial-threshold=50|O2--x86-cmov-converter-force-all|O3--fast-isel|O3--partial-unrolling-threshold=100|O3--partial-unrolling-threshold=50|O3--unroll-partial-threshold=100|O3--unroll-partial-threshold=50|O3--x86-cmov-converter-force-all|Ofast--fast-isel|Ofast--partial-unrolling-threshold=100|Ofast--partial-unrolling-threshold=50|Ofast--unroll-partial-threshold=100|Ofast--unroll-partial-threshold=50|Ofast--x86-cmov-converter-force-all
BN_sub	crypto/bn/bn_add.c	114	15	        carry &= (t2 == 0);	&	cjump	O2--fast-isel|O2--partial-unrolling-threshold=100|O2--partial-unrolling-threshold=50|O2--unroll-partial-threshold=100|O2--unroll-partial-threshold=50|O2--x86-cmov-converter-force-all|O3--fast-isel|O3--partial-unrolling-threshold=100|O3--partial-unrolling-threshold=50|O3--unroll-partial-threshold=100|O3--unroll-partial-threshold=50|O3--x86-cmov-converter-force-all|Ofast--fast-isel|Ofast--partial-unrolling-threshold=100|Ofast--partial-unrolling-threshold=50|Ofast--unroll-partial-threshold=100|Ofast--unroll-partial-threshold=50|Ofast--x86-cmov-converter-force-all
ossl_quic_hdr_protector_encrypt_fields	ssl/quic/quic_wire_pkt.c	179	21	        pn_bytes[i] ^= mask[i + 1];	^	cjump	O2--force-target-instruction-cost=100|O2--force-target-instruction-cost=50|O2--force-vector-interleave=100|O2--force-vector-interleave=50|O2--force-vector-width=100|O2--force-vector-width=50|O3--force-target-instruction-cost=100|O3--force-target-instruction-cost=50|O3--force-vector-interleave=100|O3--force-vector-interleave=50|O3--force-vector-width=100|O3--force-vector-width=50|Ofast--force-target-instruction-cost=100|Ofast--force-target-instruction-cost=50|Ofast--force-vector-interleave=100|Ofast--force-vector-interleave=50|Ofast--force-vector-width=100|Ofast--force-vector-width=50|Os--force-target-instruction-cost=100|Os--force-target-instruction-cost=50|Os--force-vector-interleave=100|Os--force-vector-interleave=50|Os--force-vector-width=100|Os--force-vector-width=50
scalar_decode_short	crypto/ec/curve448/scalar.c	148	35	            out |= ((c448_word_t) ser[k]) << (8 * j);	s	cjump	O2--force-target-instruction-cost=100|O2--force-target-instruction-cost=50|O2--force-vector-interleave=100|O2--force-vector-interleave=50|O2--force-vector-width=100|O2--force-vector-width=50|O3--force-target-instruction-cost=100|O3--force-target-instruction-cost=50|O3--force-vector-interleave=100|O3--force-vector-interleave=50|O3--force-vector-width=100|O3--force-vector-width=50|Ofast--force-target-instruction-cost=100|Ofast--force-target-instruction-cost=50|Ofast--force-vector-interleave=100|Ofast--force-vector-interleave=50|Ofast--force-vector-width=100|Ofast--force-vector-width=50
ossl_quic_hdr_protector_decrypt_fields	ssl/quic/quic_wire_pkt.c	151	21	        pn_bytes[i] ^= mask[i + 1];	^	cjump	O2--force-target-instruction-cost=100|O2--force-target-instruction-cost=50|O2--force-vector-interleave=100|O2--force-vector-interleave=50|O2--force-vector-width=100|O2--force-vector-width=50|O3--force-target-instruction-cost=100|O3--force-target-instruction-cost=50|O3--force-vector-interleave=100|O3--force-vector-interleave=50|O3--force-vector-width=100|O3--force-vector-width=50|Ofast--force-target-instruction-cost=100|Ofast--force-target-instruction-cost=50|Ofast--force-vector-interleave=100|Ofast--force-vector-interleave=50|Ofast--force-vector-width=100|Ofast--force-vector-width=50|Os--force-target-instruction-cost=100|Os--force-target-instruction-cost=50|Os--force-vector-interleave=100|Os--force-vector-interleave=50|Os--force-vector-width=100|Os--force-vector-width=50
X509_NAME_oneline	crypto/x509/x509_obj.c	96	36	                    gs_doit[j & 3] = 1;	=	cjump	O2--force-vector-interleave=100|O2--force-vector-interleave=50|O2--force-vector-width=50|O3--force-vector-interleave=100|O3--force-vector-interleave=50|O3--force-vector-width=50|Ofast--force-vector-interleave=100|Ofast--force-vector-interleave=50|Ofast--force-vector-width=50
BN_bn2lebinpad	crypto/bn/bn_lib.c	561	18	    n = (n8 + 7) / 8;           /* This is what BN_num_bytes() does */	/	cjump	O2--inline-call-penalty=-1|O2--inline-instr-cost=-1|O2--inline-instr-cost=0|O3--inline-call-penalty=-1|O3--inline-instr-cost=-1|O3--inline-instr-cost=0|Ofast--inline-call-penalty=-1|Ofast--inline-instr-cost=-1|Ofast--inline-instr-cost=0
BN_bn2binpad	crypto/bn/bn_lib.c	561	18	    n = (n8 + 7) / 8;           /* This is what BN_num_bytes() does */	/	cjump	O2--inline-call-penalty=-1|O2--inline-instr-cost=-1|O2--inline-instr-cost=0|O3--inline-call-penalty=-1|O3--inline-instr-cost=-1|O3--inline-instr-cost=0|Ofast--inline-call-penalty=-1|Ofast--inline-instr-cost=-1|Ofast--inline-instr-cost=0
ossl_a2ulabel	crypto/punycode.c	182	11	        i %= (written_out + 1);	%	mdiv	O2--inline-call-penalty=-1|O2--inline-instr-cost=-1|O2--inline-instr-cost=0|O3--inline-call-penalty=-1|O3--inline-instr-cost=-1|O3--inline-instr-cost=0|Ofast--inline-call-penalty=-1|Ofast--inline-instr-cost=-1|Ofast--inline-instr-cost=0
BN_bn2nativepad	crypto/bn/bn_lib.c	561	18	    n = (n8 + 7) / 8;           /* This is what BN_num_bytes() does */	/	cjump	O2--inline-call-penalty=-1|O2--inline-instr-cost=-1|O2--inline-instr-cost=0|O3--inline-call-penalty=-1|O3--inline-instr-cost=-1|O3--inline-instr-cost=0|Ofast--inline-call-penalty=-1|Ofast--inline-instr-cost=-1|Ofast--inline-instr-cost=0
ossl_quic_rstream_resize_rbuf	ssl/quic/quic_rstream.c	189	26	    idx = logical_offset % r->alloc;	%	cjump	O2--inline-instr-cost=0|O3--inline-instr-cost=0|Ofast--inline-instr-cost=0
ossl_quic_rstream_new	ssl/quic/quic_rstream.c	189	26	    idx = logical_offset % r->alloc;	%	cjump	O2--inline-instr-cost=0|O3--inline-instr-cost=0|Ofast--inline-instr-cost=0
BN_nist_mod_256	crypto/bn/bn_nist.c	281	18	        dst[i] = src[i];	s	mmem	O2--disable-cgp|O2--disable-complex-addr-modes|O2--fast-isel|O2-fmemory-profile|O2-fwrapv|O3--disable-cgp|O3--disable-complex-addr-modes|O3--fast-isel|O3-fmemory-profile|O3-fwrapv|Ofast--disable-cgp|Ofast--disable-complex-addr-modes|Ofast--fast-isel|Ofast-fmemory-profile|Ofast-fwrapv
BN_nist_mod_224	crypto/bn/bn_nist.c	281	18	        dst[i] = src[i];	s	mmem	O2--disable-cgp|O2--disable-complex-addr-modes|O2--fast-isel|O2-fmemory-profile|O2-fwrapv|O3--disable-cgp|O3--disable-complex-addr-modes|O3--fast-isel|O3-fmemory-profile|O3-fwrapv|Ofast--disable-cgp|Ofast--disable-complex-addr-modes|Ofast--fast-isel|Ofast-fmemory-profile|Ofast-fwrapv
BN_nist_mod_521	crypto/bn/bn_nist.c	281	18	        dst[i] = src[i];	s	mmem	O2--disable-cgp|O2--disable-complex-addr-modes|O2--fast-isel|O2-fmemory-profile|O2-fwrapv|O3--disable-cgp|O3--disable-complex-addr-modes|O3--fast-isel|O3-fmemory-profile|O3-fwrapv|Ofast--disable-cgp|Ofast--disable-complex-addr-modes|Ofast--fast-isel|Ofast-fmemory-profile|Ofast-fwrapv
BN_nist_mod_192	crypto/bn/bn_nist.c	281	18	        dst[i] = src[i];	s	mmem	O2--disable-cgp|O2--disable-complex-addr-modes|O2--fast-isel|O2-fmemory-profile|O2-fwrapv|O3--disable-cgp|O3--disable-complex-addr-modes|O3--fast-isel|O3-fmemory-profile|O3-fwrapv|Ofast--disable-cgp|Ofast--disable-complex-addr-modes|Ofast--fast-isel|Ofast-fmemory-profile|Ofast-fwrapv
BN_nist_mod_384	crypto/bn/bn_nist.c	281	18	        dst[i] = src[i];	s	mmem	O2--disable-cgp|O2--disable-complex-addr-modes|O2--fast-isel|O2-fmemory-profile|O2-fwrapv|O3--disable-cgp|O3--disable-complex-addr-modes|O3--fast-isel|O3-fmemory-profile|O3-fwrapv|Ofast--disable-cgp|Ofast--disable-complex-addr-modes|Ofast--fast-isel|Ofast-fmemory-profile|Ofast-fwrapv
ossl_quic_hdr_protector_encrypt_fields	ssl/quic/quic_wire_pkt.c	179	24	        pn_bytes[i] ^= mask[i + 1];	m	cjump	O2--force-vector-width=100|O2--force-vector-width=50|O3--force-vector-width=100|O3--force-vector-width=50|Ofast--force-vector-width=100|Ofast--force-vector-width=50|Os--force-vector-width=100|Os--force-vector-width=50
ossl_quic_hdr_protector_decrypt_fields	ssl/quic/quic_wire_pkt.c	151	24	        pn_bytes[i] ^= mask[i + 1];	m	cjump	O2--force-vector-width=100|O2--force-vector-width=50|O3--force-vector-width=100|O3--force-vector-width=50|Ofast--force-vector-width=100|Ofast--force-vector-width=50|Os--force-vector-width=100|Os--force-vector-width=50
ssl_cache_cipherlist	ssl/ssl_lib.c	7079	61	        size_t numciphers = PACKET_remaining(cipher_suites) / n;	/	mdiv	O2--fast-isel|O3--fast-isel|Ofast--fast-isel|Os--fast-isel
BN_dec2bn	crypto/bn/bn_conv.c	236	20	    j = BN_DEC_NUM - i % BN_DEC_NUM;	-	mdiv	O2--fast-isel|O3--fast-isel|Ofast--fast-isel|Os--fast-isel
added_obj_hash	crypto/objects/obj_dat.c	134	37	            ret ^= p[i] << ((i * 3) % 24);	%	mdiv	O2--fast-isel|O3--fast-isel|Ofast--fast-isel|Oz--disable-lsr|Oz--scalar-evolution-huge-expr-threshold=0|Oz-ftrapv|Oz-fwrapv
OSSL_HTTP_REQ_CTX_nbio	crypto/http/http_client.c	770	31	                rctx->state = i < HTTP_STATUS_CODES_NONFATAL_ERROR	i	cjump	O2--sroa-skip-mem2reg|O3--sroa-skip-mem2reg|Ofast--sroa-skip-mem2reg|Os--sroa-skip-mem2reg
IDEA_set_decrypt_key	crypto/idea/i_skey.c	104	21	            r = (n1 % n2);	%	mdiv	O2--sroa-skip-mem2reg|O3--sroa-skip-mem2reg|Ofast--sroa-skip-mem2reg|Os--sroa-skip-mem2reg
ossl_rcu_read_lock	crypto/threads_pthread.c	336	5	    data->thread_qps[available_qp].qp = get_hold_current_qp(lock);	d	cjump	O2--x86-cmov-converter-force-all|O3--x86-cmov-converter-force-all|Ofast--x86-cmov-converter-force-all
ossl_quic_stream_map_update_state	ssl/quic/quic_stream_map.c	351	25	        s->ready_for_gc = qsm_ready_for_gc(qsm, s);	=	cjump	O2--x86-cmov-converter-force-all|O3--x86-cmov-converter-force-all|Ofast--x86-cmov-converter-force-all|Os--x86-cmov-converter-force-all
OBJ_obj2txt	crypto/objects/obj_dat.c	564	19	                l -= (long)(i * 40);	-	cjump	O2--x86-cmov-converter-force-all|O3--x86-cmov-converter-force-all|Ofast--x86-cmov-converter-force-all|Os--x86-cmov-converter-force-all|Oz--x86-cmov-converter-force-all
BN_usub	crypto/bn/bn_add.c	159	16	        borrow &= (t1 == 0);	&	cjump	O2--x86-cmov-converter-force-all|O3--x86-cmov-converter-force-all|Ofast--x86-cmov-converter-force-all
IDEA_set_decrypt_key	crypto/idea/i_skey.c	118	12	    return (IDEA_INT)b2;	(	cjump	O2--x86-cmov-converter-force-all|O3--x86-cmov-converter-force-all|Ofast--x86-cmov-converter-force-all|Os--x86-cmov-converter-force-all
DES_check_key_parity	crypto/des/set_key.c	83	22	    return (int)(res & 1);	&	cjump	O2--x86-cmov-converter-force-all|O3--x86-cmov-converter-force-all|Ofast--x86-cmov-converter-force-all
BN_generate_prime_ex2	crypto/bn/bn_prime.c	602	38	                 : (mods[i] + delta) % primes[i] == 0) {	%	cjump	O2--enable-nontrivial-unswitch|O2-fprofile-arcs|O2-fprofile-generate|O2-fprofile-instr-generate|O2-fpseudo-probe-for-profiling
BN_generate_prime_ex2	crypto/bn/bn_prime.c	522	38	                 : (mods[i] + delta) % primes[i] == 0) {	%	cjump	O2--enable-nontrivial-unswitch|O2-fprofile-arcs|O2-fprofile-generate|O2-fprofile-instr-generate|O2-fpseudo-probe-for-profiling
fmtint	crypto/bio/bio_print.c	469	26	        uvalue = (uvalue / (unsigned)base);	/	mdiv	O2--disable-cgp|O2-fcs-profile-generate|O2-fprofile-generate|O2-fprofile-instr-generate|O3--disable-cgp|O3-fcs-profile-generate|O3-fprofile-generate|O3-fprofile-instr-generate|Ofast--disable-cgp|Ofast-fcs-profile-generate|Ofast-fprofile-generate|Ofast-fprofile-instr-generate
ossl_pqueue_new	ssl/priority_queue.c	291	19	        e[i].posn = i - 1;	=	cjump	O2--unroll-count=0|O2--unroll-full-max-count=0|O2--unroll-threshold-default=0|O2--unroll-threshold-default=50|O2--unroll-threshold=0|O2--unroll-threshold=50|O2-fno-unroll-loops|O3--unroll-count=0|O3--unroll-full-max-count=0|O3--unroll-threshold-aggressive=0|O3--unroll-threshold-aggressive=50|O3--unroll-threshold=0|O3--unroll-threshold=50|O3-fno-unroll-loops|Ofast--unroll-count=0|Ofast--unroll-full-max-count=0|Ofast--unroll-threshold-aggressive=0|Ofast--unroll-threshold-aggressive=50|Ofast--unroll-threshold=0|Ofast--unroll-threshold=50|Ofast-fno-unroll-loops
ossl_cipher_generic_block_update	providers/implementations/ciphers/ciphercommon.c	626	17	                for (loop = inl; loop < inl + padnum; loop++)	f	mdiv	O2--scalar-evolution-max-arith-depth=0|O3--scalar-evolution-max-arith-depth=0|Ofast--scalar-evolution-max-arith-depth=0
OPENSSL_LH_node_usage_stats_bio	crypto/lhash/lh_stats.c	125	52	               (int)(total / n_used), (int)((total % n_used) * 100 / n_used));	%	mdiv	O2--disable-cgp|O3--disable-cgp|Ofast--disable-cgp
OPENSSL_LH_node_usage_stats_bio	crypto/lhash/lh_stats.c	124	29	               (int)((total % lh->num_nodes) * 100 / lh->num_nodes),	%	mdiv	O2--disable-cgp|O3--disable-cgp|Ofast--disable-cgp
kdf_scrypt_derive	providers/implementations/kdfs/scrypt.c	410	9	        for (k = 0; k < 32 * r; k++)	f	mdiv	O2--disable-cgp|O3--disable-cgp|Ofast--disable-cgp
ossl_punycode_decode	crypto/punycode.c	182	11	        i %= (written_out + 1);	%	mdiv	O2--disable-cgp|O3--disable-cgp|Ofast--disable-cgp
HKDF_Expand	providers/implementations/kdfs/hkdf.c	632	17	    if (okm_len % dig_len)	%	mdiv	O2--disable-cgp|O3--disable-cgp|Ofast--disable-cgp
ssl3_write_bytes	ssl/record/rec_layer_s3.c	449	24	            remain = n % maxpipes;	%	mdiv	O2--disable-cgp|O3--disable-cgp|Ofast--disable-cgp
cipher_hw_aes_initkey	providers/implementations/ciphers/cipher_aes_hw.c	63	31	            dat->stream.cbc = (dat->mode == EVP_CIPH_CBC_MODE)	(	cjump	O2--enable-gvn-sink|O3--enable-gvn-sink|Ofast--enable-gvn-sink|Os--enable-gvn-sink|Oz--enable-gvn-sink
aes_init_key	crypto/evp/e_aes.c	2447	31	            dat->stream.cbc = mode == EVP_CIPH_CBC_MODE ?	m	cjump	O2--enable-gvn-sink|O3--enable-gvn-sink|Ofast--enable-gvn-sink|Os--enable-gvn-sink|Oz--enable-gvn-sink
IPAddressFamily_cmp	crypto/x509/v3_addr.c	700	40	    int cmp = memcmp(a->data, b->data, len);	l	mmem	O2-fprofile-arcs|O3-fprofile-arcs|Ofast-fprofile-arcs|Os-fprofile-arcs|Oz-fprofile-arcs
_ZL24ssl_cipher_list_to_bytesP17ssl_connection_stP19stack_st_SSL_CIPHERP10wpacket_st.__uniq.112902882655447609167197993620518747938	ssl/statem/statem_clnt.c	4172	13	            !maxverok	!	cjump	O2-fpseudo-probe-for-profiling|O3-fpseudo-probe-for-profiling|Ofast-fpseudo-probe-for-profiling|Os-fpseudo-probe-for-profiling
bn_compute_wNAF	crypto/bn/bn_intern.c	114	23	        r[j++] = sign * digit;	*	cjump	O2--enable-nontrivial-unswitch
ossl_pqueue_reserve	ssl/priority_queue.c	291	19	        e[i].posn = i - 1;	=	cjump	O2--prefer-predicate-over-epilogue=predicate-dont-vectorize|O2--prefer-predicate-over-epilogue=predicate-else-scalar-epilogue|O3--prefer-predicate-over-epilogue=predicate-dont-vectorize|O3--prefer-predicate-over-epilogue=predicate-else-scalar-epilogue|Ofast--prefer-predicate-over-epilogue=predicate-dont-vectorize|Ofast--prefer-predicate-over-epilogue=predicate-else-scalar-epilogue
OPENSSL_sk_find_all	crypto/stack/stack.c	359	17	                ++*pnum;	+	cjump	O3--disable-branch-fold|O3--disable-cgp|O3--disable-lsr|O3--jump-threading-across-loop-headers|O3--misched=ilpmax|O3--rotation-max-header-size=0|O3--unswitch-threshold=0|O3-fconvergent-functions|O3-fmemory-profile|O3-fpseudo-probe-for-profiling|O3-fsycl|Ofast--disable-branch-fold|Ofast--disable-cgp|Ofast--disable-lsr|Ofast--jump-threading-across-loop-headers|Ofast--misched=ilpmax|Ofast--rotation-max-header-size=0|Ofast--unswitch-threshold=0|Ofast-fconvergent-functions|Ofast-fmemory-profile|Ofast-fpseudo-probe-for-profiling|Ofast-fsycl
ossl_curve448_precomputed_scalarmul	crypto/ec/curve448/curve448.c	341	33	    return (value_barrier(mask) & a) | (value_barrier(~mask) & b);	&	cjump	O3--attributor-enable=all|O3--attributor-enable=module|Ofast--attributor-enable=all|Ofast--attributor-enable=module
RSA_padding_check_PKCS1_type_2	crypto/rsa/rsa_pk1.c	341	38	    return (value_barrier(mask) & a) | (value_barrier(~mask) & b);	|	cjump	O3--attributor-enable=all|O3--attributor-enable=module|Ofast--attributor-enable=all|Ofast--attributor-enable=module
ossl_rsa_padding_check_PKCS1_type_2	crypto/rsa/rsa_pk1.c	341	38	    return (value_barrier(mask) & a) | (value_barrier(~mask) & b);	|	cjump	O3--attributor-enable=all|O3--attributor-enable=module|Ofast--attributor-enable=all|Ofast--attributor-enable=module
ASN1_TIME_normalize	crypto/asn1/a_time.c	308	49	                                    ts->tm_year % 100, ts->tm_mon + 1,	%	cjump	O3--expand-div-rem-bits=0|Ofast--expand-div-rem-bits=0
ASN1_TIME_normalize	crypto/asn1/a_time.c	308	49	                                    ts->tm_year % 100, ts->tm_mon + 1,	%	mdiv	O3--fast-isel|Ofast--fast-isel
scalar_inverse_ntt	crypto/ml_kem/ml_kem.c	475	32	    return (mask & x) | (~mask & subtracted);	&	cjump	O3--fast-isel|O3--x86-cmov-converter-force-all|Ofast--fast-isel|Ofast--x86-cmov-converter-force-all|Os--fast-isel|Os--x86-cmov-converter-force-all|Oz--x86-cmov-converter-force-all
scalar_ntt	crypto/ml_kem/ml_kem.c	475	32	    return (mask & x) | (~mask & subtracted);	&	cjump	O3--fast-isel|O3--x86-cmov-converter-force-all|Ofast--fast-isel|Ofast--x86-cmov-converter-force-all|Os--fast-isel|Os--x86-cmov-converter-force-all|Oz--fast-isel|Oz--x86-cmov-converter-force-all
scalar_inverse_ntt	crypto/ml_kem/ml_kem.c	475	18	    return (mask & x) | (~mask & subtracted);	&	cjump	O3--fast-isel|Ofast--fast-isel|Os--fast-isel
scalar_ntt	crypto/ml_kem/ml_kem.c	475	18	    return (mask & x) | (~mask & subtracted);	&	cjump	O3--fast-isel|Ofast--fast-isel|Os--fast-isel|Oz--fast-isel
OPENSSL_sk_find_all	crypto/stack/stack.c	365	19	            *pnum = 0;	=	cjump	O3--jump-threading-across-loop-headers|O3-fpseudo-probe-for-profiling|Ofast--jump-threading-across-loop-headers|Ofast-fpseudo-probe-for-profiling
internal_find	crypto/stack/stack.c	359	17	                ++*pnum;	+	cjump	O3-fprofile-generate|Ofast-fprofile-generate
_ZL26cipher_hw_camellia_initkeyP18prov_cipher_ctx_stPKhm.__uniq.137376994251352218711552415224611894677	providers/implementations/ciphers/cipher_camellia_hw.c	35	27	        dat->stream.cbc = mode == EVP_CIPH_CBC_MODE ?	m	cjump	O3-fpseudo-probe-for-profiling|Ofast-fpseudo-probe-for-profiling
_ZL26cipher_hw_camellia_initkeyP18prov_cipher_ctx_stPKhm.__uniq.137376994251352218711552415224611894677	providers/implementations/ciphers/cipher_camellia_hw.c	39	27	        dat->stream.cbc = mode == EVP_CIPH_CBC_MODE ?	m	cjump	O3-fpseudo-probe-for-profiling|Ofast-fpseudo-probe-for-profiling
_ZL17camellia_init_keyP17evp_cipher_ctx_stPKhS2_i.__uniq.297106603564253970624756169458346218368	crypto/evp/e_camellia.c	213	27	        dat->stream.cbc = mode == EVP_CIPH_CBC_MODE ?	m	cjump	O3-fpseudo-probe-for-profiling|Ofast-fpseudo-probe-for-profiling
_ZL17camellia_init_keyP17evp_cipher_ctx_stPKhS2_i.__uniq.297106603564253970624756169458346218368	crypto/evp/e_camellia.c	209	27	        dat->stream.cbc = mode == EVP_CIPH_CBC_MODE ?	m	cjump	O3-fpseudo-probe-for-profiling|Ofast-fpseudo-probe-for-profiling
EVP_PKEY_dup	crypto/evp/p_lib.c	64	77	    *ret = atomic_fetch_sub_explicit(&refcnt->val, 1, memory_order_release) - 1;	-	cjump	O3-ftrapv|Ofast-ftrapv
evp_pkey_get_legacy	crypto/evp/p_lib.c	64	77	    *ret = atomic_fetch_sub_explicit(&refcnt->val, 1, memory_order_release) - 1;	-	cjump	O3-ftrapv|Ofast-ftrapv
EVP_PKEY_copy_parameters	crypto/evp/p_lib.c	64	77	    *ret = atomic_fetch_sub_explicit(&refcnt->val, 1, memory_order_release) - 1;	-	cjump	O3-ftrapv|Ofast-ftrapv
evp_pkey_copy_downgraded	crypto/evp/p_lib.c	64	77	    *ret = atomic_fetch_sub_explicit(&refcnt->val, 1, memory_order_release) - 1;	-	cjump	O3-ftrapv|Ofast-ftrapv
ENGINE_free	crypto/engine/eng_lib.c	64	77	    *ret = atomic_fetch_sub_explicit(&refcnt->val, 1, memory_order_release) - 1;	-	cjump	O3-ftrapv|Ofast-ftrapv
new_raw_key_int	crypto/evp/p_lib.c	64	77	    *ret = atomic_fetch_sub_explicit(&refcnt->val, 1, memory_order_release) - 1;	-	cjump	O3-ftrapv|Ofast-ftrapv
readbuffer_resize	crypto/bio/bf_readbuff.c	93	36	    sz = DEFAULT_BUFFER_SIZE * (sz / DEFAULT_BUFFER_SIZE);	/	mdiv	Os--fast-isel
julian_adj	crypto/o_time.c	181	48	    return (1461 * (y + 4800 + (m - 14) / 12)) / 4 +	/	mdiv	Os--fast-isel
julian_adj	crypto/o_time.c	183	42	        (3 * ((y + 4900 + (m - 14) / 12) / 100)) / 4 + d - 32075;	/	mdiv	Os--fast-isel
rcidm_tick	ssl/quic/quic_rcidm.c	483	9	    if (rcidm->packets_sent >= PACKETS_PER_RCID)	r	mdiv	Os--fast-isel
OPENSSL_gmtime_adj	crypto/o_time.c	192	30	    L = L - (146097 * n + 3) / 4;	/	mdiv	Os--fast-isel
scalar_mult	crypto/ml_kem/ml_kem.c	475	18	    return (mask & x) | (~mask & subtracted);	&	cjump	Os--fast-isel
julian_adj	crypto/o_time.c	183	50	        (3 * ((y + 4900 + (m - 14) / 12) / 100)) / 4 + d - 32075;	/	mdiv	Os--fast-isel
ocb_lookup_l	crypto/modes/ocb128.c	68	23	    mask = (0 - mask) & 0x87;	&	cjump	Os--fast-isel
julian_adj	crypto/o_time.c	140	29	    offset_day = offset_sec / SECS_PER_DAY;	/	mdiv	Os--fast-isel
julian_adj	crypto/o_time.c	181	41	    return (1461 * (y + 4800 + (m - 14) / 12)) / 4 +	/	mdiv	Os--fast-isel
julian_adj	crypto/o_time.c	182	48	        (367 * (m - 2 - 12 * ((m - 14) / 12))) / 12 -	/	mdiv	Os--fast-isel
scalar_mult	crypto/ml_kem/ml_kem.c	475	32	    return (mask & x) | (~mask & subtracted);	&	cjump	Os--fast-isel|Os--x86-cmov-converter-force-all
ec_field_size	crypto/sm2/sm2_crypt.c	54	12	    return BN_num_bytes(p);	B	mdiv	Os--fast-isel
decap	crypto/ml_kem/ml_kem.c	677	12	        out++;	+	cjump	Os--unroll-threshold=100|Os--unroll-threshold=50
ossl_pqueue_new	ssl/priority_queue.c	291	9	        e[i].posn = i - 1;	e	cjump	Os-fprofile-generate
ossl_cipher_generic_block_update	providers/implementations/ciphers/ciphercommon.c	627	31	                    out[loop] = padval;	=	cjump	Os--force-vector-interleave=100|Os--force-vector-interleave=50|Os--force-vector-width=100|Os--force-vector-width=50|Os-fprofile-generate
ossl_a2ulabel	crypto/punycode.c	179	15	        if (i / (written_out + 1) > maxint - n)	/	mdiv	Os--inline-call-penalty=-1|Os--inline-instr-cost=-1|Os--inline-instr-cost=0|Oz--inline-call-penalty=-1|Oz--inline-instr-cost=-1
ssl3_cbc_digest_record	ssl/record/methods/ssl3_cbc.c	339	25	            hmac_pad[i] ^= 0x36;	^	cjump	Os--force-vector-interleave=100|Os--force-vector-interleave=50|Os--force-vector-width=100|Os--force-vector-width=50
OPENSSL_asc2uni	crypto/pkcs12/p12_utl.c	33	23	        unitmp[i + 1] = asc[i >> 1];	=	cjump	Os--force-vector-interleave=100|Os--force-vector-interleave=50|Os--force-vector-width=100|Os--force-vector-width=50
scalar_compress	crypto/ml_kem/ml_kem.c	862	17	        s->c[i] = compress(s->c[i], bits);	=	cjump	Os--force-vector-interleave=100|Os--force-vector-interleave=50|Os--force-vector-width=100|Os--force-vector-width=50
ossl_sm2_encrypt	crypto/sm2/sm2_crypt.c	63	15	        re |= msg[i];	m	cjump	Os--force-target-instruction-cost=100|Os--force-target-instruction-cost=50|Os--force-vector-interleave=100|Os--force-vector-interleave=50|Os--force-vector-width=100|Os--force-vector-width=50
kdf_pbkdf2_derive	providers/implementations/kdfs/pbkdf2.c	464	22	                p[k] ^= digtmp[k];	^	cjump	Os--force-target-instruction-cost=100|Os--force-target-instruction-cost=50|Os--force-vector-interleave=100|Os--force-vector-interleave=50|Os--force-vector-width=100|Os--force-vector-width=50
cbd_2	crypto/ml_kem/ml_kem.c	1047	17	        *curr++ = value + (kPrime & mask);	=	cjump	Os--force-vector-interleave=100|Os--force-vector-interleave=50|Os--force-vector-width=100|Os--force-vector-width=50
i2c_ibuf	crypto/asn1/a_int.c	120	28	                    pad |= b[i];	b	cjump	Os--force-target-instruction-cost=100|Os--force-target-instruction-cost=50|Os--force-vector-interleave=100|Os--force-vector-interleave=50|Os--force-vector-width=100|Os--force-vector-width=50
cts128_cs1_decrypt	providers/implementations/ciphers/cipher_cts.c	130	16	        out[i] = in1[i] ^ in2[i];	=	cjump	Os--force-target-instruction-cost=100|Os--force-target-instruction-cost=50|Os--force-vector-interleave=100|Os--force-vector-interleave=50|Os--force-vector-width=100|Os--force-vector-width=50
RSA_padding_check_PKCS1_OAEP_mgf1	crypto/rsa/rsa_oaep.c	266	15	        db[i] ^= maskeddb[i];	^	cjump	Os--force-target-instruction-cost=100|Os--force-target-instruction-cost=50|Os--force-vector-interleave=100|Os--force-vector-interleave=50|Os--force-vector-width=100|Os--force-vector-width=50
TXT_DB_read	crypto/txt_db/txt_db.c	49	22	        ret->qual[i] = NULL;	=	cjump	Os--force-target-instruction-cost=100|Os--force-target-instruction-cost=50|Os--force-vector-interleave=100|Os--force-vector-interleave=50|Os--force-vector-width=100|Os--force-vector-width=50
c2i_ibuf	crypto/asn1/a_int.c	188	20	            pad |= p[i];	p	cjump	Os--force-target-instruction-cost=100|Os--force-target-instruction-cost=50|Os--force-vector-interleave=100|Os--force-vector-interleave=50|Os--force-vector-width=100|Os--force-vector-width=50
kdf_tls1_prf_derive	providers/implementations/kdfs/tls1_prf.c	575	20	            out[i] ^= tmp[i];	^	cjump	Os--force-target-instruction-cost=100|Os--force-target-instruction-cost=50|Os--force-vector-interleave=100|Os--force-vector-interleave=50|Os--force-vector-width=100|Os--force-vector-width=50
decap	crypto/ml_kem/ml_kem.c	585	19	        lhs->c[i] = reduce_once(lhs->c[i] - rhs->c[i] + kPrime);	=	cjump	Os--force-vector-interleave=100|Os--force-vector-interleave=50|Os--force-vector-width=100|Os--force-vector-width=50
ssl3_cbc_digest_record	ssl/record/methods/ssl3_cbc.c	472	25	            hmac_pad[i] ^= 0x6a;	^	cjump	Os--force-vector-interleave=100|Os--force-vector-interleave=50|Os--force-vector-width=100|Os--force-vector-width=50
ossl_sm2_encrypt	crypto/sm2/sm2_crypt.c	220	21	        msg_mask[i] ^= msg[i];	^	cjump	Os--force-target-instruction-cost=100|Os--force-target-instruction-cost=50|Os--force-vector-interleave=100|Os--force-vector-interleave=50|Os--force-vector-width=100|Os--force-vector-width=50
tls1_cbc_remove_padding_and_mac	ssl/record/methods/tls_pad.c	145	31	            unsigned char b = recdata[*reclen - 1 - i];	r	cjump	Os--force-target-instruction-cost=100|Os--force-target-instruction-cost=50|Os--force-vector-interleave=100|Os--force-vector-interleave=50|Os--force-vector-width=100|Os--force-vector-width=50
CRYPTO_nistcts128_decrypt_block	crypto/modes/cts128.c	243	16	        out[n] = tmp.c[n] ^ tmp.c[n - 16];	=	cjump	Os--force-target-instruction-cost=100|Os--force-target-instruction-cost=50|Os--force-vector-interleave=100|Os--force-vector-interleave=50|Os--force-vector-width=100|Os--force-vector-width=50
decap	crypto/ml_kem/ml_kem.c	874	17	        s->c[i] = decompress(s->c[i], bits);	=	cjump	Os--force-vector-interleave=100|Os--force-vector-interleave=50|Os--force-vector-width=100|Os--force-vector-width=50
ossl_qtx_write_pkt	ssl/quic/quic_record_tx.c	346	23	        l += iovec[i].buf_len;	b	cjump	Os--force-target-instruction-cost=100|Os--force-target-instruction-cost=50|Os--force-vector-interleave=100|Os--force-vector-interleave=50|Os--force-vector-width=100|Os--force-vector-width=50
OSSL_PARAM_allocate_from_text	crypto/params_from_text.c	168	25	                    *cp ^= 0xFF;	^	cjump	Os--force-vector-interleave=100|Os--force-vector-interleave=50|Os--force-vector-width=100|Os--force-vector-width=50
tls1_cipher	ssl/record/methods/tls1_meth.c	318	23	            data[ctr] = recs[ctr].data;	=	cjump	Os--force-target-instruction-cost=100|Os--force-target-instruction-cost=50|Os--force-vector-interleave=100|Os--force-vector-interleave=50|Os--force-vector-width=100|Os--force-vector-width=50
ossl_ml_dsa_sign	crypto/ml_dsa/ml_dsa_sign.c	235	22	            count += v->poly[i].coeff[j];	v	cjump	Os--force-vector-interleave=100|Os--force-vector-interleave=50|Os--force-vector-width=100|Os--force-vector-width=50
encrypt_cpa	crypto/ml_kem/ml_kem.c	576	19	        lhs->c[i] = reduce_once(lhs->c[i] + rhs->c[i]);	=	cjump	Os--force-vector-interleave=100|Os--force-vector-interleave=50|Os--force-vector-width=100|Os--force-vector-width=50
added_obj_hash	crypto/objects/obj_dat.c	134	20	            ret ^= p[i] << ((i * 3) % 24);	p	cjump	Os--force-target-instruction-cost=100|Os--force-target-instruction-cost=50|Os--force-vector-interleave=100|Os--force-vector-interleave=50|Os--force-vector-width=100|Os--force-vector-width=50
gid_cb	ssl/t1_lib.c	1501	39	                    garg->ksid_arr[j] = garg->ksid_arr[j + 1]; /* shift remaining key shares */	=	cjump	Os--force-vector-interleave=100|Os--force-vector-interleave=50|Os--force-vector-width=100|Os--force-vector-width=50
ossl_rsa_padding_add_PKCS1_OAEP_mgf1_ex	crypto/rsa/rsa_oaep.c	135	15	        db[i] ^= dbmask[i];	^	cjump	Os--force-target-instruction-cost=100|Os--force-target-instruction-cost=50|Os--force-vector-interleave=100|Os--force-vector-interleave=50|Os--force-vector-width=100|Os--force-vector-width=50
ssl_create_cipher_list	ssl/ssl_ciph.c	701	33	                co_list[i].next = &co_list[i + 1];	=	cjump	Os--force-vector-interleave=100|Os--force-vector-interleave=50|Os--force-vector-width=100|Os--force-vector-width=50
EC_get_builtin_curves	crypto/ec/ec_curve.c	3351	22	        r[i].comment = curve_list[i].comment;	=	cjump	Os--force-target-instruction-cost=100|Os--force-target-instruction-cost=50|Os--force-vector-interleave=100|Os--force-vector-interleave=50|Os--force-vector-width=100|Os--force-vector-width=50
ossl_slh_wots_pk_from_sig	crypto/slh_dsa/slh_wots.c	59	17	        csum += in[i];	i	cjump	Os--force-target-instruction-cost=100|Os--force-target-instruction-cost=50|Os--force-vector-interleave=100|Os--force-vector-interleave=50|Os--force-vector-width=100|Os--force-vector-width=50
dgram_sendmmsg	crypto/bio/bss_dgram.c	1403	44	        BIO_MSG_N(msg, stride, i).flags    = 0;	=	cjump	Os--force-target-instruction-cost=100|Os--force-target-instruction-cost=50|Os--force-vector-interleave=100|Os--force-vector-interleave=50|Os--force-vector-width=100|Os--force-vector-width=50
gid_cb	ssl/t1_lib.c	1471	34	                garg->gid_arr[j] = garg->gid_arr[j + 1]; /* ...shift remaining groups left ... */	=	cjump	Os--force-vector-interleave=100|Os--force-vector-interleave=50|Os--force-vector-width=100|Os--force-vector-width=50
ossl_rsa_verify_PKCS1_PSS_mgf1	crypto/rsa/rsa_pss.c	114	15	        DB[i] ^= EM[i];	^	cjump	Os--force-target-instruction-cost=100|Os--force-target-instruction-cost=50|Os--force-vector-interleave=100|Os--force-vector-interleave=50|Os--force-vector-width=100|Os--force-vector-width=50
ossl_sm2_decrypt	crypto/sm2/sm2_crypt.c	63	15	        re |= msg[i];	m	cjump	Os--force-target-instruction-cost=100|Os--force-target-instruction-cost=50|Os--force-vector-interleave=100|Os--force-vector-interleave=50|Os--force-vector-width=100|Os--force-vector-width=50
finalize	providers/implementations/kdfs/argon2.c	299	12	    dst[7] = (uint8_t)(w >> 56);	=	cjump	Os--force-vector-interleave=100|Os--force-vector-interleave=50|Os--force-vector-width=100|Os--force-vector-width=50
OPENSSL_uni2asc	crypto/pkcs12/p12_utl.c	63	24	        asctmp[i >> 1] = uni[i];	=	cjump	Os--force-vector-interleave=100|Os--force-vector-interleave=50|Os--force-vector-width=100|Os--force-vector-width=50
kdf_pkcs12_derive	providers/implementations/kdfs/pkcs12kdf.c	113	18	            B[j] = Ai[j % u];	=	cjump	Os--force-target-instruction-cost=100|Os--force-target-instruction-cost=50|Os--force-vector-interleave=100|Os--force-vector-interleave=50|Os--force-vector-width=100|Os--force-vector-width=50
cts128_cs3_decrypt	providers/implementations/ciphers/cipher_cts.c	130	16	        out[i] = in1[i] ^ in2[i];	=	cjump	Os--force-target-instruction-cost=100|Os--force-target-instruction-cost=50|Os--force-vector-interleave=100|Os--force-vector-interleave=50|Os--force-vector-width=100|Os--force-vector-width=50
ssl3_cbc_digest_record	ssl/record/methods/ssl3_cbc.c	452	24	            mac_out[j] |= block[j] & is_block_b;	|	cjump	Os--force-target-instruction-cost=100|Os--force-target-instruction-cost=50|Os--force-vector-interleave=100|Os--force-vector-interleave=50|Os--force-vector-width=100|Os--force-vector-width=50
ssl3_write_bytes	ssl/record/rec_layer_s3.c	442	33	                tmpls[j].buflen = split_send_fragment;	=	cjump	Os--force-target-instruction-cost=100|Os--force-target-instruction-cost=50|Os--force-vector-interleave=100|Os--force-vector-interleave=50|Os--force-vector-width=100|Os--force-vector-width=50
ossl_slh_wots_sign	crypto/slh_dsa/slh_wots.c	59	17	        csum += in[i];	i	cjump	Os--force-target-instruction-cost=100|Os--force-target-instruction-cost=50|Os--force-vector-interleave=100|Os--force-vector-interleave=50|Os--force-vector-width=100|Os--force-vector-width=50
CAST_set_key	crypto/cast/c_skey.c	46	14	        x[i] = data[i];	=	cjump	Os--force-target-instruction-cost=100|Os--force-target-instruction-cost=50|Os--force-vector-interleave=100|Os--force-vector-interleave=50|Os--force-vector-width=100|Os--force-vector-width=50
HMAC_Init_ex	crypto/hmac/hmac.c	83	20	            pad[i] = 0x36 ^ keytmp[i];	=	cjump	Os--force-vector-interleave=50|Os--force-vector-width=100|Os--force-vector-width=50
ossl_rsa_padding_add_PKCS1_OAEP_mgf1_ex	crypto/rsa/rsa_oaep.c	142	17	        seed[i] ^= seedmask[i];	^	cjump	Os--force-target-instruction-cost=100|Os--force-target-instruction-cost=50|Os--force-vector-interleave=100|Os--force-vector-interleave=50|Os--force-vector-width=100|Os--force-vector-width=50
tls1_cipher	ssl/record/methods/tls1_meth.c	327	23	            data[ctr] = recs[ctr].input;	=	cjump	Os--force-target-instruction-cost=100|Os--force-target-instruction-cost=50|Os--force-vector-interleave=100|Os--force-vector-interleave=50|Os--force-vector-width=100|Os--force-vector-width=50
RSA_padding_check_PKCS1_OAEP_mgf1	crypto/rsa/rsa_oaep.c	261	17	        seed[i] ^= maskedseed[i];	^	cjump	Os--force-target-instruction-cost=100|Os--force-target-instruction-cost=50|Os--force-vector-interleave=100|Os--force-vector-interleave=50|Os--force-vector-width=100|Os--force-vector-width=50
ossl_ffc_params_FIPS186_2_gen_verify	crypto/ffc/ffc_params_generate.c	424	19	            md[i] ^= buf2[i];	^	cjump	Os--force-target-instruction-cost=100|Os--force-target-instruction-cost=50|Os--force-vector-interleave=100|Os--force-vector-interleave=50|Os--force-vector-width=100|Os--force-vector-width=50
ossl_curve448_precomputed_scalarmul	crypto/ec/curve448/curve448.c	257	26	                        (scalar1x->limb[bit / WBITS] >> (bit % WBITS) & 1) << k;	s	cjump	Os--force-target-instruction-cost=100|Os--force-target-instruction-cost=50|Os--force-vector-interleave=100|Os--force-vector-interleave=50|Os--force-vector-width=100|Os--force-vector-width=50
cbd_3	crypto/ml_kem/ml_kem.c	1100	17	        *curr++ = value + (kPrime & mask);	=	cjump	Os--force-vector-interleave=50|Os--force-vector-width=50
scalar_inverse_ntt	crypto/ml_kem/ml_kem.c	500	17	        *curr++ = tmp;	=	cjump	Os--force-vector-interleave=100|Os--force-vector-interleave=50|Os--force-vector-width=100|Os--force-vector-width=50
custom_ext_init	ssl/statem/extensions_cust.c	110	25	        meth->ext_flags &= ~(SSL_EXT_FLAG_SENT | SSL_EXT_FLAG_RECEIVED);	&	cjump	Os--force-vector-interleave=100|Os--force-vector-interleave=50|Os--force-vector-width=100|Os--force-vector-width=50
fill_block	providers/implementations/kdfs/argon2.c	328	19	        dst->v[i] ^= src->v[i];	^	cjump	Os--force-vector-interleave=50|Os--force-vector-width=100|Os--force-vector-width=50
HMAC_Init_ex	crypto/hmac/hmac.c	90	20	            pad[i] = 0x5c ^ keytmp[i];	=	cjump	Os--force-vector-interleave=50|Os--force-vector-width=100|Os--force-vector-width=50
provider_activate	crypto/provider_core.c	1137	46	            prov->error_strings[cnt2].string = reasonstrings[cnt2-1].ptr;	=	cjump	Os--force-target-instruction-cost=100|Os--force-target-instruction-cost=50|Os--force-vector-interleave=100|Os--force-vector-interleave=50|Os--force-vector-width=100|Os--force-vector-width=50
sa_doall	crypto/sparse_array.c	93	21	                    (*leaf)(idx, p[n], arg);	(	cjump	Os--attributor-enable=all|Os--attributor-enable=module|Oz--attributor-enable=all|Oz--attributor-enable=module
julian_adj	crypto/o_time.c	182	48	        (367 * (m - 2 - 12 * ((m - 14) / 12))) / 12 -	/	cjump	Os--expand-div-rem-bits=0|Oz--expand-div-rem-bits=0
julian_adj	crypto/o_time.c	183	42	        (3 * ((y + 4900 + (m - 14) / 12) / 100)) / 4 + d - 32075;	/	cjump	Os--expand-div-rem-bits=0|Oz--expand-div-rem-bits=0
bytepad	providers/implementations/macs/kmac_prov.c	612	37	        *out_len = (sz + w - 1) / w * w;	*	cjump	Os--expand-div-rem-bits=0|Os--expand-div-rem-bits=50|Oz--expand-div-rem-bits=0|Oz--expand-div-rem-bits=50
julian_adj	crypto/o_time.c	181	41	    return (1461 * (y + 4800 + (m - 14) / 12)) / 4 +	/	cjump	Os--expand-div-rem-bits=0|Oz--expand-div-rem-bits=0
bytepad	providers/implementations/macs/kmac_prov.c	632	28	    sz = (len + w - 1) / w * w;	*	cjump	Os--expand-div-rem-bits=0|Os--expand-div-rem-bits=50|Oz--expand-div-rem-bits=0|Oz--expand-div-rem-bits=50
tls1_process_sigalgs	ssl/t1_lib.c	3602	19	        pvalid[i] = 0;	=	cjump	Os-ffreestanding|Os-fno-builtin
kdf_pkcs12_derive	providers/implementations/kdfs/pkcs12kdf.c	87	14	        D[i] = id;	=	cjump	Os-ffreestanding|Os-fno-builtin
load_iv	crypto/pem/pem_lib.c	600	15	        to[i] = 0;	=	cjump	Os-ffreestanding|Os-fno-builtin
BN_GF2m_mod_inv	crypto/bn/bn_gf2m.c	643	20	            cdp[i] = 0;	=	cjump	Os-ffreestanding|Os-fno-builtin
BN_GF2m_mod_mul_arr	crypto/bn/bn_gf2m.c	435	17	        s->d[i] = 0;	=	cjump	Os-ffreestanding|Os-fno-builtin
qc_set_default_xso_keep_ref	ssl/quic/quic_impl.c	64	77	    *ret = atomic_fetch_sub_explicit(&refcnt->val, 1, memory_order_release) - 1;	-	cjump	Os-ftrapv|Oz-ftrapv
ossl_curve448_scalar_halve	crypto/ec/curve448/scalar.c	238	56	        out->limb[i] = out->limb[i] >> 1 | out->limb[i + 1] << (WBITS - 1);	+	cjump	Os--enable-gvn-memdep=false|Os--force-target-instruction-cost=100|Os--force-target-instruction-cost=50|Os--gvn-max-num-deps=0
ossl_rsa_verify_PKCS1_PSS_mgf1	crypto/rsa/rsa_pss.c	114	18	        DB[i] ^= EM[i];	E	cjump	Os--force-target-instruction-cost=100|Os--force-target-instruction-cost=50|Os--force-vector-width=100|Os--force-vector-width=50
BN_nist_mod_521	crypto/bn/bn_nist.c	1204	32	                  (tmp = t_d[i + 1]) << BN_NIST_521_LSHIFT) & BN_MASK2;	+	cjump	Os--force-target-instruction-cost=100|Os--force-target-instruction-cost=50
ge_madd	crypto/ec/curve25519.c	990	14	        h[i] = f[i] + g[i];	=	cjump	Os--force-target-instruction-cost=100|Os--force-target-instruction-cost=50
ge_double_scalarmult_vartime	crypto/ec/curve25519.c	1011	14	        h[i] = f[i] - g[i];	=	cjump	Os--force-target-instruction-cost=100|Os--force-target-instruction-cost=50
CRYPTO_nistcts128_decrypt_block	crypto/modes/cts128.c	243	29	        out[n] = tmp.c[n] ^ tmp.c[n - 16];	t	cjump	Os--force-target-instruction-cost=100|Os--force-target-instruction-cost=50|Os--force-vector-width=100|Os--force-vector-width=50
ge_double_scalarmult_vartime	crypto/ec/curve25519.c	990	14	        h[i] = f[i] + g[i];	=	cjump	Os--force-target-instruction-cost=100|Os--force-target-instruction-cost=50
ge_add	crypto/ec/curve25519.c	990	14	        h[i] = f[i] + g[i];	=	cjump	Os--force-target-instruction-cost=100|Os--force-target-instruction-cost=50
ge_p2_dbl	crypto/ec/curve25519.c	990	14	        h[i] = f[i] + g[i];	=	cjump	Os--force-target-instruction-cost=100|Os--force-target-instruction-cost=50
RSA_padding_check_PKCS1_OAEP_mgf1	crypto/rsa/rsa_oaep.c	261	20	        seed[i] ^= maskedseed[i];	m	cjump	Os--force-target-instruction-cost=100|Os--force-target-instruction-cost=50|Os--force-vector-width=100|Os--force-vector-width=50
ossl_sm2_encrypt	crypto/sm2/sm2_crypt.c	220	24	        msg_mask[i] ^= msg[i];	m	cjump	Os--force-target-instruction-cost=100|Os--force-target-instruction-cost=50|Os--force-vector-width=100|Os--force-vector-width=50
kdf_pbkdf2_derive	providers/implementations/kdfs/pbkdf2.c	464	25	                p[k] ^= digtmp[k];	d	cjump	Os--force-target-instruction-cost=100|Os--force-target-instruction-cost=50|Os--force-vector-width=100|Os--force-vector-width=50
ge_frombytes_vartime	crypto/ec/curve25519.c	1011	14	        h[i] = f[i] - g[i];	=	cjump	Os--force-target-instruction-cost=100|Os--force-target-instruction-cost=50
ossl_x25519	crypto/ec/curve25519.c	594	21	        int64_t x = f[i] ^ g[i];	f	cjump	Os--force-target-instruction-cost=100|Os--force-target-instruction-cost=50
cts128_cs1_decrypt	providers/implementations/ciphers/cipher_cts.c	130	27	        out[i] = in1[i] ^ in2[i];	i	cjump	Os--force-target-instruction-cost=100|Os--force-target-instruction-cost=50|Os--force-vector-width=100|Os--force-vector-width=50
dgram_sendmmsg	crypto/bio/bss_dgram.c	1402	52	        BIO_MSG_N(msg, stride, i).data_len = mh[i].msg_len;	m	cjump	Os--force-target-instruction-cost=100|Os--force-target-instruction-cost=50|Os--force-vector-width=100|Os--force-vector-width=50
ge_madd	crypto/ec/curve25519.c	1011	14	        h[i] = f[i] - g[i];	=	cjump	Os--force-target-instruction-cost=100|Os--force-target-instruction-cost=50
ossl_ffc_params_FIPS186_2_gen_verify	crypto/ffc/ffc_params_generate.c	424	22	            md[i] ^= buf2[i];	b	cjump	Os--force-target-instruction-cost=100|Os--force-target-instruction-cost=50|Os--force-vector-width=100|Os--force-vector-width=50
ossl_rsa_padding_add_PKCS1_OAEP_mgf1_ex	crypto/rsa/rsa_oaep.c	142	20	        seed[i] ^= seedmask[i];	s	cjump	Os--force-target-instruction-cost=100|Os--force-target-instruction-cost=50|Os--force-vector-width=100|Os--force-vector-width=50
ge_frombytes_vartime	crypto/ec/curve25519.c	990	14	        h[i] = f[i] + g[i];	=	cjump	Os--force-target-instruction-cost=100|Os--force-target-instruction-cost=50
ossl_x25519	crypto/ec/curve25519.c	597	14	        g[i] ^= x;	^	cjump	Os--force-target-instruction-cost=100|Os--force-target-instruction-cost=50
ossl_x25519	crypto/ec/curve25519.c	594	28	        int64_t x = f[i] ^ g[i];	g	cjump	Os--force-target-instruction-cost=100|Os--force-target-instruction-cost=50
ossl_ed25519_verify	crypto/ec/curve25519.c	1517	14	        h[i] = -f[i];	=	cjump	Os--force-target-instruction-cost=100|Os--force-target-instruction-cost=50
ge_frombytes_vartime	crypto/ec/curve25519.c	1517	14	        h[i] = -f[i];	=	cjump	Os--force-target-instruction-cost=100|Os--force-target-instruction-cost=50
RSA_padding_check_PKCS1_OAEP_mgf1	crypto/rsa/rsa_oaep.c	266	18	        db[i] ^= maskeddb[i];	m	cjump	Os--force-target-instruction-cost=100|Os--force-target-instruction-cost=50|Os--force-vector-width=100|Os--force-vector-width=50
ge_add	crypto/ec/curve25519.c	1011	14	        h[i] = f[i] - g[i];	=	cjump	Os--force-target-instruction-cost=100|Os--force-target-instruction-cost=50
ossl_x25519_public_from_private	crypto/ec/curve25519.c	1011	14	        h[i] = f[i] - g[i];	=	cjump	Os--force-target-instruction-cost=100|Os--force-target-instruction-cost=50
cts128_cs3_decrypt	providers/implementations/ciphers/cipher_cts.c	130	27	        out[i] = in1[i] ^ in2[i];	i	cjump	Os--force-target-instruction-cost=100|Os--force-target-instruction-cost=50|Os--force-vector-width=100|Os--force-vector-width=50
kdf_tls1_prf_derive	providers/implementations/kdfs/tls1_prf.c	575	23	            out[i] ^= tmp[i];	t	cjump	Os--force-target-instruction-cost=100|Os--force-target-instruction-cost=50|Os--force-vector-width=100|Os--force-vector-width=50
ssl3_cbc_digest_record	ssl/record/methods/ssl3_cbc.c	452	27	            mac_out[j] |= block[j] & is_block_b;	b	cjump	Os--force-target-instruction-cost=100|Os--force-target-instruction-cost=50|Os--force-vector-width=100|Os--force-vector-width=50
ossl_x25519_public_from_private	crypto/ec/curve25519.c	990	14	        h[i] = f[i] + g[i];	=	cjump	Os--force-target-instruction-cost=100|Os--force-target-instruction-cost=50
ossl_x25519	crypto/ec/curve25519.c	596	14	        f[i] ^= x;	^	cjump	Os--force-target-instruction-cost=100|Os--force-target-instruction-cost=50
ossl_rsa_padding_add_PKCS1_OAEP_mgf1_ex	crypto/rsa/rsa_oaep.c	135	18	        db[i] ^= dbmask[i];	d	cjump	Os--force-target-instruction-cost=100|Os--force-target-instruction-cost=50|Os--force-vector-width=100|Os--force-vector-width=50
ssl3_write_bytes	ssl/record/rec_layer_s3.c	440	34	                tmpls[j].version = recversion;	=	cjump	Os--force-target-instruction-cost=100|Os--force-target-instruction-cost=50|Os--force-vector-width=100|Os--force-vector-width=50
provider_activate	crypto/provider_core.c	1136	74	            prov->error_strings[cnt2].error = (int)reasonstrings[cnt2-1].id;	i	cjump	Os--force-target-instruction-cost=100|Os--force-target-instruction-cost=50|Os--force-vector-width=100|Os--force-vector-width=50
ge_p2_dbl	crypto/ec/curve25519.c	1011	14	        h[i] = f[i] - g[i];	=	cjump	Os--force-target-instruction-cost=100|Os--force-target-instruction-cost=50
table_select	crypto/ec/curve25519.c	1517	14	        h[i] = -f[i];	=	cjump	Os--force-target-instruction-cost=100|Os--force-target-instruction-cost=50
cipher_hw_rc4_hmac_md5_init_mackey	providers/implementations/ciphers/cipher_rc4_hmac_md5_hw.c	214	21	        hmac_key[i] ^= 0x36 ^ 0x5c; /* opad */	^	cjump	Os--force-vector-width=50
finalize	providers/implementations/kdfs/argon2.c	297	12	    dst[5] = (uint8_t)(w >> 40);	=	cjump	Os--force-vector-width=100|Os--force-vector-width=50
encrypt_cpa	crypto/ml_kem/ml_kem.c	576	45	        lhs->c[i] = reduce_once(lhs->c[i] + rhs->c[i]);	r	cjump	Os--force-vector-width=100|Os--force-vector-width=50
cbd_2	crypto/ml_kem/ml_kem.c	1042	17	        *curr++ = value + (kPrime & mask);	=	cjump	Os--force-vector-width=100|Os--force-vector-width=50
scalar_inverse_ntt	crypto/ml_kem/ml_kem.c	499	22	        tmp = reduce(*curr * a);	*	cjump	Os--force-vector-width=100|Os--force-vector-width=50
cbd_3	crypto/ml_kem/ml_kem.c	1085	17	        *curr++ = value + (kPrime & mask);	=	cjump	Os--force-vector-width=50
finalize	providers/implementations/kdfs/argon2.c	294	12	    dst[2] = (uint8_t)(w >> 16);	=	cjump	Os--force-vector-width=100|Os--force-vector-width=50
scalar_compress	crypto/ml_kem/ml_kem.c	862	28	        s->c[i] = compress(s->c[i], bits);	s	cjump	Os--force-vector-width=100|Os--force-vector-width=50
rc4_hmac_md5_ctrl	crypto/evp/e_rc4_hmac_md5.c	213	29	                hmac_key[i] ^= 0x36 ^ 0x5c; /* opad */	^	cjump	Os--force-vector-width=50
finalize	providers/implementations/kdfs/argon2.c	292	12	    dst[0] = (uint8_t)(w >> 0);	=	cjump	Os--force-vector-width=100|Os--force-vector-width=50
finalize	providers/implementations/kdfs/argon2.c	344	60	        store64((uint8_t *)output + i * sizeof(src->v[i]), src->v[i]);	s	cjump	Os--force-vector-width=100|Os--force-vector-width=50
decap	crypto/ml_kem/ml_kem.c	585	45	        lhs->c[i] = reduce_once(lhs->c[i] - rhs->c[i] + kPrime);	r	cjump	Os--force-vector-width=100|Os--force-vector-width=50
cbd_3	crypto/ml_kem/ml_kem.c	1090	17	        *curr++ = value + (kPrime & mask);	=	cjump	Os--force-vector-width=50
finalize	providers/implementations/kdfs/argon2.c	293	12	    dst[1] = (uint8_t)(w >> 8);	=	cjump	Os--force-vector-width=100|Os--force-vector-width=50
rc4_hmac_md5_ctrl	crypto/evp/e_rc4_hmac_md5.c	208	29	                hmac_key[i] ^= 0x36; /* ipad */	^	cjump	Os--force-vector-width=50
finalize	providers/implementations/kdfs/argon2.c	296	12	    dst[4] = (uint8_t)(w >> 32);	=	cjump	Os--force-vector-width=100|Os--force-vector-width=50
finalize	providers/implementations/kdfs/argon2.c	298	12	    dst[6] = (uint8_t)(w >> 48);	=	cjump	Os--force-vector-width=100|Os--force-vector-width=50
decap	crypto/ml_kem/ml_kem.c	874	30	        s->c[i] = decompress(s->c[i], bits);	s	cjump	Os--force-vector-width=100|Os--force-vector-width=50
cbd_3	crypto/ml_kem/ml_kem.c	1095	17	        *curr++ = value + (kPrime & mask);	=	cjump	Os--force-vector-width=50
RC4_set_key	crypto/rc4/rc4_skey.c	56	14	        d[i] = i;	=	cjump	Os--force-vector-width=100|Os--force-vector-width=50
cbd_2	crypto/ml_kem/ml_kem.c	1030	13	        b = *r++;	*	cjump	Os--force-vector-width=100|Os--force-vector-width=50
cipher_hw_rc4_hmac_md5_init_mackey	providers/implementations/ciphers/cipher_rc4_hmac_md5_hw.c	209	21	        hmac_key[i] ^= 0x36; /* ipad */	^	cjump	Os--force-vector-width=50
cbd_3	crypto/ml_kem/ml_kem.c	1073	14	        b3 = *r++;	*	cjump	Os--force-vector-width=50
finalize	providers/implementations/kdfs/argon2.c	295	12	    dst[3] = (uint8_t)(w >> 24);	=	cjump	Os--force-vector-width=100|Os--force-vector-width=50
simple_get_asn1	crypto/x509/x_all.c	119	27	    size_t max_resp_len = (it == ASN1_ITEM_rptr(X509_CRL)) ?	(	cjump	Os--x86-cmov-converter-force-all|Oz--x86-cmov-converter-force-all
julian_adj	crypto/o_time.c	181	48	    return (1461 * (y + 4800 + (m - 14) / 12)) / 4 +	/	cjump	Os--x86-cmov-converter-force-all
julian_adj	crypto/o_time.c	183	50	        (3 * ((y + 4900 + (m - 14) / 12) / 100)) / 4 + d - 32075;	/	cjump	Os--x86-cmov-converter-force-all
aes_gcm_siv_ctr32	providers/implementations/ciphers/cipher_aes_gcm_siv_hw.c	356	17	        out_len = BLOCK_SIZE;	=	cjump	Os--x86-cmov-converter-force-all
readbuffer_resize	crypto/bio/bf_readbuff.c	93	36	    sz = DEFAULT_BUFFER_SIZE * (sz / DEFAULT_BUFFER_SIZE);	/	cjump	Os--x86-cmov-converter-force-all
OPENSSL_gmtime_adj	crypto/o_time.c	192	30	    L = L - (146097 * n + 3) / 4;	/	cjump	Os--x86-cmov-converter-force-all
read_internal	ssl/quic/quic_rstream.c	155	26	    idx = logical_offset % r->alloc;	%	mdiv	Oz--inline-call-penalty=-1|Oz--inline-call-penalty=100|Oz--inline-call-penalty=50|Oz--inline-instr-cost=-1|Oz--inline-instr-cost=0|Oz--inline-threshold=100|Oz--inline-threshold=50|Oz-fprofile-generate
ossl_quic_sstream_get_stream_frame	ssl/quic/quic_sstream.c	189	26	    idx = logical_offset % r->alloc;	%	mdiv	Oz--inline-call-penalty=-1|Oz--inline-call-penalty=100|Oz--inline-call-penalty=50|Oz--inline-instr-cost=-1|Oz--inline-instr-cost=0|Oz--inline-threshold=100|Oz--inline-threshold=50|Oz-fprofile-generate
ossl_quic_rstream_get_record	ssl/quic/quic_rstream.c	155	26	    idx = logical_offset % r->alloc;	%	mdiv	Oz--inline-call-penalty=-1|Oz--inline-call-penalty=100|Oz--inline-call-penalty=50|Oz--inline-instr-cost=-1|Oz--inline-instr-cost=0|Oz--inline-threshold=100|Oz--inline-threshold=50|Oz-fprofile-generate
ossl_property_list_to_string	crypto/property/property_parse.c	680	38	    for (; tmpval > 9; len++, tmpval /= 10);	/	mdiv	Oz--sroa-skip-mem2reg
ossl_ed25519_verify	crypto/ec/curve25519.c	4601	46	            ge_msub(&t, &u, &Bi[(-bslide[i]) / 2]);	/	mdiv	Oz--inline-call-penalty=-1|Oz--inline-instr-cost=-1|Oz--inline-instr-cost=0
ossl_ed25519_verify	crypto/ec/curve25519.c	4598	43	            ge_madd(&t, &u, &Bi[bslide[i] / 2]);	/	mdiv	Oz--inline-call-penalty=-1|Oz--inline-instr-cost=-1|Oz--inline-instr-cost=0
ossl_quic_sstream_append	ssl/quic/quic_sstream.c	131	30	        idx = r->head_offset % r->alloc;	%	mdiv	Oz--inline-call-penalty=-1|Oz--inline-call-penalty=100|Oz--inline-instr-cost=-1|Oz--inline-instr-cost=0|Oz--inline-threshold=100|Oz-fprofile-generate
ossl_ed25519_verify	crypto/ec/curve25519.c	4590	42	            ge_add(&t, &u, &Ai[aslide[i] / 2]);	/	mdiv	Oz--inline-call-penalty=-1|Oz--inline-instr-cost=-1
ossl_quic_sstream_has_pending	ssl/quic/quic_sstream.c	189	26	    idx = logical_offset % r->alloc;	%	mdiv	Oz--inline-call-penalty=-1|Oz--inline-instr-cost=-1
ossl_ed25519_verify	crypto/ec/curve25519.c	4593	45	            ge_sub(&t, &u, &Ai[(-aslide[i]) / 2]);	/	mdiv	Oz--inline-call-penalty=-1|Oz--inline-instr-cost=-1|Oz--inline-instr-cost=0
print_array	apps/lib/apps.c	1419	17	    for (i = 0; i < len; i++) {	i	mdiv	Oz-fpseudo-probe-for-profiling
ASN1_buf_print	crypto/asn1/t_pkey.c	25	17	    for (i = 0; i < buflen; i++) {	i	mdiv	Oz-fpseudo-probe-for-profiling
ossl_bio_print_labeled_buf	crypto/encode_decode/encoder_lib.c	788	17	    for (i = 0; i < buflen; i++) {	i	mdiv	Oz-fpseudo-probe-for-profiling
_ZL8md5cryptPKcS0_S0_.__uniq.30464815010149594942089405726332217421	apps/passwd.c	414	17	    for (i = 0; i < 1000; i++) {	i	mdiv	Oz-fpseudo-probe-for-profiling
_ZL5fmtfpPPcS0_PmS1_diiii.__uniq.232889095221120901334565011838152153734	crypto/bio/bio_print.c	705	59	        if (style == G_FORMAT && fplace == 0 && (fracpart % 10) == 0) {	%	mdiv	Oz-fpseudo-probe-for-profiling
_ZL9print_binP6bio_stPKcPKhmi.__uniq.202595422678337510962180091241420080633	crypto/ec/eck_prn.c	246	17	    for (i = 0; i < len; i++) {	i	mdiv	Oz-fpseudo-probe-for-profiling
OSSL_PARAM_BLD_push_BN	crypto/param_build.c	239	51	    return push_BN(bld, key, bn, bn == NULL ? 0 : BN_num_bytes(bn),	B	mdiv	Oz-fconvergent-functions|Oz-fprofile-arcs|Oz-fprofile-generate|Oz-fprofile-instr-generate|Oz-fpseudo-probe-for-profiling|Oz-fsycl|Oz-ftrapv
X509_signature_dump	crypto/x509/t_x509.c	271	17	    for (i = 0; i < n; i++) {	i	mdiv	Oz-fpseudo-probe-for-profiling
i2a_ASN1_INTEGER	crypto/asn1/f_int.c	35	21	        for (i = 0; i < a->length; i++) {	i	mdiv	Oz-fpseudo-probe-for-profiling
_ZL14added_obj_hashPK12added_obj_st.__uniq.165759731786213027101971633182107105984	crypto/objects/obj_dat.c	133	21	        for (i = 0; i < a->length; i++)	i	mdiv	Oz-fpseudo-probe-for-profiling
NETSCAPE_SPKI_print	crypto/asn1/t_spki.c	48	17	    for (i = 0; i < n; i++) {	i	mdiv	Oz-fpseudo-probe-for-profiling
ossl_ffc_params_print	crypto/ffc/ffc_params.c	303	21	        for (i = 0; i < ffc->seedlen; i++) {	i	mdiv	Oz-fpseudo-probe-for-profiling
ossl_bio_print_labeled_bignum	crypto/encode_decode/encoder_lib.c	757	13	    while (*p != '\0') {	p	mdiv	Oz-fpseudo-probe-for-profiling
_ZL9do_passwdiPPcS0_S_P6bio_stiiim12passwd_modes.__uniq.30464815010149594942089405726332217421	apps/passwd.c	675	17	    for (n = 0; n < rounds; n++) {	n	mdiv	Oz-fpseudo-probe-for-profiling
i2a_ASN1_STRING	crypto/asn1/f_string.c	29	21	        for (i = 0; i < a->length; i++) {	i	mdiv	Oz-fpseudo-probe-for-profiling
OSSL_PARAM_BLD_push_BN	crypto/param_build.c	237	38	        return push_BN(bld, key, bn, BN_num_bytes(bn) + 1,	B	mdiv	Oz-fconvergent-functions|Oz-fprofile-arcs|Oz-fprofile-generate|Oz-fprofile-instr-generate|Oz-fpseudo-probe-for-profiling|Oz-fsycl|Oz-ftrapv
print_bignum_var	apps/lib/apps.c	1403	21	        for (i = 0; i < l; i++) {	i	mdiv	Oz-fpseudo-probe-for-profiling
ocb_double	crypto/modes/ocb128.c	68	23	    mask = (0 - mask) & 0x87;	&	cjump	Oz--fast-isel
ssl3_cbc_digest_record	ssl/record/methods/ssl3_cbc.c	415	36	            is_past_c = is_block_a & constant_time_ge_8_s(j, c);	&	cjump	Oz--fast-isel|Oz--x86-cmov-converter-force-all
scalar_add	crypto/ml_kem/ml_kem.c	475	32	    return (mask & x) | (~mask & subtracted);	&	cjump	Oz--fast-isel|Oz--x86-cmov-converter-force-all
dtls1_bio_set_next_timeout	ssl/d1_lib.c	108	30	    tv.tv_sec = (time_t)(t.t / OSSL_TIME_SECOND);	/	mdiv	Oz--fast-isel
RSA_padding_check_PKCS1_OAEP_mgf1	crypto/rsa/rsa_oaep.c	320	40	        to[i] = constant_time_select_8(mask, db[i + mdlen + 1], to[i]);	m	cjump	Oz--fast-isel
RSA_padding_check_PKCS1_type_2	crypto/rsa/rsa_pk1.c	261	40	        to[i] = constant_time_select_8(mask, em[i + RSA_PKCS1_PADDING_SIZE], to[i]);	m	cjump	Oz--fast-isel
scalar_add	crypto/ml_kem/ml_kem.c	475	18	    return (mask & x) | (~mask & subtracted);	&	cjump	Oz--fast-isel
fmtfp	crypto/bio/bio_print.c	705	59	        if (style == G_FORMAT && fplace == 0 && (fracpart % 10) == 0) {	%	mdiv	Oz--simplifycfg-branch-fold-threshold=0|Oz-fprofile-arcs|Oz-fprofile-instr-generate
ossl_quic_txpim_pkt_append_chunk	ssl/quic/quic_txpim.c	166	28	        new_alloc_chunks = (ex->alloc_chunks == 0) ? 4 : ex->alloc_chunks * 8 / 5;	(	mdiv	Oz--two-entry-phi-node-folding-threshold=100|Oz--two-entry-phi-node-folding-threshold=50
ossl_punycode_decode	crypto/punycode.c	49	13	    delta = (firsttime) ? delta / damp : delta / 2;	(	mdiv	Oz--two-entry-phi-node-folding-threshold=100|Oz--two-entry-phi-node-folding-threshold=50
leap_year	crypto/asn1/a_time.c	39	25	    if (year % 400 == 0 || (year % 100 != 0 && year % 4 == 0))	|	mdiv	Oz--two-entry-phi-node-folding-threshold=100|Oz--two-entry-phi-node-folding-threshold=50
ossl_ecdsa_simple_verify_sig	crypto/ec/ecdsa_ossl.c	505	9	    if (8 * dgst_len > i)	8	mdiv	Oz--two-entry-phi-node-folding-threshold=100|Oz--two-entry-phi-node-folding-threshold=50
ossl_ecdsa_simple_sign_sig	crypto/ec/ecdsa_ossl.c	328	9	    if (8 * dgst_len > i)	8	mdiv	Oz--two-entry-phi-node-folding-threshold=100|Oz--two-entry-phi-node-folding-threshold=50
dtls1_bio_set_next_timeout	ssl/d1_lib.c	108	30	    tv.tv_sec = (time_t)(t.t / OSSL_TIME_SECOND);	/	cjump	Oz--expand-div-rem-bits=0|Oz--expand-div-rem-bits=50
dtls1_bio_set_next_timeout	ssl/d1_lib.c	110	23	    tv.tv_usec = (t.t % OSSL_TIME_SECOND) / OSSL_TIME_US;	%	cjump	Oz--expand-div-rem-bits=0|Oz--expand-div-rem-bits=50
rcidm_tick	ssl/quic/quic_rcidm.c	484	29	        rcidm->packets_sent %= PACKETS_PER_RCID;	%	mdiv	Oz-fprofile-arcs|Oz-fprofile-instr-generate
BN_GF2m_mod_arr	crypto/bn/bn_gf2m.c	344	19	        d0 = p[0] % BN_BITS2;	%	mdiv	Oz-fprofile-arcs|Oz-fprofile-instr-generate
ossl_ml_dsa_pk_decode	crypto/ml_dsa/ml_dsa_encoders.c	168	5	    do {	d	mdiv	Oz--scev-cheap-expansion-budget=100|Oz--scev-cheap-expansion-budget=50
evp_encodeblock_int	crypto/evp/encode.c	243	10	    for (i = dlen; i > 0; i -= 3) {	i	mdiv	Oz--scev-cheap-expansion-budget=100|Oz--scev-cheap-expansion-budget=50
CRYPTO_gcm128_decrypt	crypto/modes/gcm128.c	1087	13	            while (len >= GHASH_CHUNK) {	w	mdiv	Oz--scev-cheap-expansion-budget=100|Oz--scev-cheap-expansion-budget=50
CRYPTO_gcm128_encrypt	crypto/modes/gcm128.c	860	13	            while (len >= GHASH_CHUNK) {	w	mdiv	Oz--scev-cheap-expansion-budget=100|Oz--scev-cheap-expansion-budget=50
CRYPTO_gcm128_encrypt_ctr32	crypto/modes/gcm128.c	1313	5	    while (len >= GHASH_CHUNK) {	w	mdiv	Oz--scev-cheap-expansion-budget=100|Oz--scev-cheap-expansion-budget=50
CRYPTO_gcm128_decrypt_ctr32	crypto/modes/gcm128.c	1469	5	    while (len >= GHASH_CHUNK) {	w	mdiv	Oz--scev-cheap-expansion-budget=100|Oz--scev-cheap-expansion-budget=50
asn1_print_fsname	crypto/asn1/tasn_prn.c	336	5	    while (indent > nspaces) {	w	mdiv	Oz--scev-cheap-expansion-budget=100|Oz--scev-cheap-expansion-budget=50
gmac_update	providers/implementations/macs/gmac_prov.c	136	5	    while (datalen > INT_MAX) {	w	mdiv	Oz--scev-cheap-expansion-budget=100|Oz--scev-cheap-expansion-budget=50
print_bin	crypto/ec/eck_prn.c	247	16	        if ((i % 15) == 0) {	%	mdiv	Oz--disable-lsr
ossl_ffc_params_print	crypto/ffc/ffc_params.c	304	20	            if ((i % 15) == 0) {	%	mdiv	Oz--disable-lsr
do_passwd	apps/passwd.c	686	15	        if (n % 7) {	%	mdiv	Oz--disable-lsr
X509_signature_dump	crypto/x509/t_x509.c	272	16	        if ((i % 18) == 0) {	%	mdiv	Oz--disable-lsr
md5crypt	apps/passwd.c	425	15	        if (i % 7) {	%	mdiv	Oz--disable-lsr
do_passwd	apps/passwd.c	682	15	        if (n % 3) {	%	mdiv	Oz--disable-lsr
md5crypt	apps/passwd.c	421	15	        if (i % 3) {	%	mdiv	Oz--disable-lsr
i2a_ASN1_STRING	crypto/asn1/f_string.c	29	28	        for (i = 0; i < a->length; i++) {	l	mdiv	Oz--enable-gvn-memdep=false|Oz--gvn-max-num-deps=0|Oz--memdep-block-number-limit=0|Oz--unroll-threshold=100|Oz-ftrapv
i2a_ASN1_INTEGER	crypto/asn1/f_int.c	35	28	        for (i = 0; i < a->length; i++) {	l	mdiv	Oz--enable-gvn-memdep=false|Oz--gvn-max-num-deps=0|Oz--memdep-block-number-limit=0|Oz--unroll-threshold=100|Oz-ftrapv
key_to_params	providers/implementations/keymgmt/ec_kmgmt.c	228	27	        sz = (ecbits + 7) / 8;	/	mdiv	Oz-fwrapv
ossl_drbg_get_seed	providers/implementations/rands/drbg.c	154	49	    bytes_needed = entropy >= 0 ? (entropy + 7) / 8 : 0;	/	mdiv	Oz-fwrapv
bnrand	crypto/bn/bn_rand.c	39	24	    bytes = (bits + 7) / 8;	/	mdiv	Oz-fwrapv
ec_pkey_export_to	crypto/ec/ec_ameth.c	571	27	        sz = (ecbits + 7) / 8;	/	mdiv	Oz-fwrapv
bn_correct_top_consttime	crypto/bn/bn_lib.c	1164	14	        mask &= constant_time_msb(j - a->top);	&	cjump	Oz-fwrapv
create_nonce	apps/ts.c	561	26	    int len = (bits - 1) / 8 + 1;	/	mdiv	Oz-finstrument-functions
gid_cb	ssl/t1_lib.c	1472	25	            garg->gidcnt--; /* ..and update the book keeping for the number of groups */	-	mmem	Oz-fprofile-generate
gid_cb	ssl/t1_lib.c	1503	30	                garg->ksidcnt--;	-	mmem	Oz-fprofile-generate
inverse	crypto/idea/i_skey.c	118	12	    return (IDEA_INT)b2;	(	cjump	Oz--x86-cmov-converter-force-all
reduce	crypto/ml_kem/ml_kem.c	475	32	    return (mask & x) | (~mask & subtracted);	&	cjump	Oz--x86-cmov-converter-force-all
bn_div_words	crypto/bn/bn_asm.c	262	17	        ret = q << BN_BITS4;	<	cjump	Oz--x86-cmov-converter-force-all
setup_client_ctx	apps/cmp.c	1877	20	            desc = opt_csr == NULL	o	cjump	Oz--x86-cmov-converter-force-all
tls_construct_client_hello	ssl/statem/statem_clnt.c	4172	13	            !maxverok	!	cjump	Oz--x86-cmov-converter-force-all
dtls1_bio_set_next_timeout	ssl/d1_lib.c	110	43	    tv.tv_usec = (t.t % OSSL_TIME_SECOND) / OSSL_TIME_US;	/	cjump	Oz--expand-div-rem-bits=0
