function	file	line	col	source	char	type	optimization
tls1_get_legacy_sigalg	ssl/t1_lib.c	2495	32	            idx = s->cert->key - s->cert->pkeys;	-	cjump	O0--expand-div-rem-bits=0|O1--expand-div-rem-bits=0|O2--expand-div-rem-bits=0|O3--expand-div-rem-bits=0|Ofast--expand-div-rem-bits=0|Os--expand-div-rem-bits=0|Oz--expand-div-rem-bits=0
pkcs12kdf_derive	providers/implementations/kdfs/pkcs12kdf.c	77	35	    Slen = v * ((saltlen + v - 1) / v);	/	cjump	O0--expand-div-rem-bits=0
BUF_MEM_grow	crypto/buffer/buffer.c	91	19	    n = (len + 3) / 3 * 4;	/	cjump	O0--expand-div-rem-bits=0|O1--expand-div-rem-bits=0|O2--expand-div-rem-bits=0|O3--expand-div-rem-bits=0|Ofast--expand-div-rem-bits=0|Os--expand-div-rem-bits=0|Oz--expand-div-rem-bits=0
BN_bn2dec	crypto/bn/bn_conv.c	63	23	    num = (i / 10 + i / 1000 + 1) + 1;	/	cjump	O0--expand-div-rem-bits=0|O1--expand-div-rem-bits=0|O2--expand-div-rem-bits=0|O3--expand-div-rem-bits=0|Ofast--expand-div-rem-bits=0|Os--expand-div-rem-bits=0|Oz--expand-div-rem-bits=0
ilog_e	crypto/rsa/rsa_lib.c	301	31	    r = (r * (uint64_t)scale) / log_e;	/	cjump	O0--expand-div-rem-bits=0|O0--expand-div-rem-bits=50
OPENSSL_gmtime_adj	crypto/o_time.c	95	28	    tm->tm_min = (time_sec / 60) % 60;	/	cjump	O0--expand-div-rem-bits=0|O1--expand-div-rem-bits=0|O2--expand-div-rem-bits=0|O3--expand-div-rem-bits=0|Ofast--expand-div-rem-bits=0|Os--expand-div-rem-bits=0|Oz--expand-div-rem-bits=0
OPENSSL_LH_node_usage_stats_bio	crypto/lhash/lh_stats.c	124	52	               (int)((total % lh->num_nodes) * 100 / lh->num_nodes),	/	cjump	O0--expand-div-rem-bits=0|O1--expand-div-rem-bits=0|O2--expand-div-rem-bits=0|O3--expand-div-rem-bits=0|Ofast--expand-div-rem-bits=0|Os--expand-div-rem-bits=0|Oz--expand-div-rem-bits=0
CMAC_Update	crypto/cmac/cmac.c	212	39	    max_burst_blocks = LOCAL_BUF_SIZE / bl;	/	cjump	O0--expand-div-rem-bits=0|O1--expand-div-rem-bits=0|O2--expand-div-rem-bits=0|O3--expand-div-rem-bits=0|Ofast--expand-div-rem-bits=0|Os--expand-div-rem-bits=0|Oz--expand-div-rem-bits=0
OSSL_sleep	crypto/sleep.c	62	36	    ts.tv_sec = (long int) (millis / 1000);	/	cjump	O0--expand-div-rem-bits=0|O0--expand-div-rem-bits=50|O1--expand-div-rem-bits=0|O1--expand-div-rem-bits=50|O2--expand-div-rem-bits=0|O2--expand-div-rem-bits=50|O3--expand-div-rem-bits=0|O3--expand-div-rem-bits=50|Ofast--expand-div-rem-bits=0|Ofast--expand-div-rem-bits=50|Os--expand-div-rem-bits=0|Os--expand-div-rem-bits=50|Oz--expand-div-rem-bits=0|Oz--expand-div-rem-bits=50
n_fold	providers/implementations/kdfs/krb5kdf.c	321	27	        rotbits = 13 * (l / constant_len);	/	cjump	O0--expand-div-rem-bits=0
b64_write	crypto/evp/bio_b64.c	424	24	                n -= n % 3;	%	cjump	O0--expand-div-rem-bits=0
ossl_ifc_ffc_compute_security_bits	crypto/rsa/rsa_lib.c	376	20	                   / log_2);	/	cjump	O0--expand-div-rem-bits=0|O0--expand-div-rem-bits=50|O1--expand-div-rem-bits=0|O1--expand-div-rem-bits=50|O2--expand-div-rem-bits=0|O2--expand-div-rem-bits=50|O3--expand-div-rem-bits=0|O3--expand-div-rem-bits=50|Ofast--expand-div-rem-bits=0|Ofast--expand-div-rem-bits=50|Os--expand-div-rem-bits=0|Os--expand-div-rem-bits=50|Oz--expand-div-rem-bits=0|Oz--expand-div-rem-bits=50
sh_clearbit	crypto/mem_sec.c	376	45	    bit = (ONE << list) + ((ptr - sh.arena) / (sh.arena_size >> list));	/	cjump	O0--expand-div-rem-bits=0|O1--expand-div-rem-bits=0|O2--expand-div-rem-bits=0|O3--expand-div-rem-bits=0|Ofast--expand-div-rem-bits=0|Os--expand-div-rem-bits=0|Oz--expand-div-rem-bits=0
ssl3_cbc_digest_record	ssl/record/methods/ssl3_cbc.c	263	36	                                   / md_block_size) + 1);	/	cjump	O0--expand-div-rem-bits=0|O1--expand-div-rem-bits=0|O2--expand-div-rem-bits=0|O3--expand-div-rem-bits=0|Ofast--expand-div-rem-bits=0|Os--expand-div-rem-bits=0
ssl3_cbc_digest_record	ssl/record/methods/ssl3_cbc.c	301	24	    c = mac_end_offset % md_block_size;	%	cjump	O0--expand-div-rem-bits=0
BN_mod_exp_mont_word	crypto/bn/bn_exp.c	1213	11	        a %= m->d[0];           /* make sure that 'a' is reduced */	%	cjump	O0--expand-div-rem-bits=0|O1--expand-div-rem-bits=0|O2--expand-div-rem-bits=0|O3--expand-div-rem-bits=0|Ofast--expand-div-rem-bits=0|Os--expand-div-rem-bits=0|Oz--expand-div-rem-bits=0
timestamp_print	crypto/ct/ct_prn.c	38	53	                             (timestamp % 86400000) / 1000);	/	cjump	O0--expand-div-rem-bits=0|O0--expand-div-rem-bits=50
OPENSSL_LH_node_usage_stats_bio	crypto/lhash/lh_stats.c	125	28	               (int)(total / n_used), (int)((total % n_used) * 100 / n_used));	/	cjump	O0--expand-div-rem-bits=0|O1--expand-div-rem-bits=0|O2--expand-div-rem-bits=0|O3--expand-div-rem-bits=0|Ofast--expand-div-rem-bits=0|Os--expand-div-rem-bits=0|Oz--expand-div-rem-bits=0
julian_to_date	crypto/o_time.c	195	18	    j = (80 * L) / 2447;	/	cjump	O0--expand-div-rem-bits=0
BN_bn2dec	crypto/bn/bn_conv.c	63	14	    num = (i / 10 + i / 1000 + 1) + 1;	/	cjump	O0--expand-div-rem-bits=0|O1--expand-div-rem-bits=0|O2--expand-div-rem-bits=0|O3--expand-div-rem-bits=0|Ofast--expand-div-rem-bits=0|Os--expand-div-rem-bits=0|Oz--expand-div-rem-bits=0
tls_collect_extensions	ssl/statem/extensions.c	659	22	        idx = thisex - raw_extensions;	-	cjump	O0--expand-div-rem-bits=0|O1--expand-div-rem-bits=0|O2--expand-div-rem-bits=0|O3--expand-div-rem-bits=0|Ofast--expand-div-rem-bits=0|Os--expand-div-rem-bits=0|Oz--expand-div-rem-bits=0
OPENSSL_gmtime_adj	crypto/o_time.c	94	28	    tm->tm_hour = time_sec / 3600;	/	cjump	O0--expand-div-rem-bits=0|O1--expand-div-rem-bits=0|O2--expand-div-rem-bits=0|O3--expand-div-rem-bits=0|Ofast--expand-div-rem-bits=0|Os--expand-div-rem-bits=0|Oz--expand-div-rem-bits=0
tls1_check_chain	ssl/t1_lib.c	4027	29	            idx = (int)(cpk - c->pkeys);	-	cjump	O0--expand-div-rem-bits=0|O1--expand-div-rem-bits=0|O2--expand-div-rem-bits=0|O3--expand-div-rem-bits=0|Ofast--expand-div-rem-bits=0|Os--expand-div-rem-bits=0|Oz--expand-div-rem-bits=0
adapt	crypto/punycode.c	50	27	    delta = delta + delta / numpoints;	/	cjump	O0--expand-div-rem-bits=0
added_obj_hash	crypto/objects/obj_dat.c	134	37	            ret ^= p[i] << ((i * 3) % 24);	%	cjump	O0--expand-div-rem-bits=0|O1--expand-div-rem-bits=0|O2--expand-div-rem-bits=0|O3--expand-div-rem-bits=0|Ofast--expand-div-rem-bits=0|Os--expand-div-rem-bits=0|Oz--expand-div-rem-bits=0
fmtfp	crypto/bio/bio_print.c	714	30	        fracpart = (fracpart / 10);	/	cjump	O0--expand-div-rem-bits=0|O1--expand-div-rem-bits=0|O2--expand-div-rem-bits=0|O3--expand-div-rem-bits=0|Ofast--expand-div-rem-bits=0|Os--expand-div-rem-bits=0|Oz--expand-div-rem-bits=0
inverse	crypto/idea/i_skey.c	105	26	            q = (n1 - r) / n2;	/	cjump	O0--expand-div-rem-bits=0|Oz--expand-div-rem-bits=0
BN_mod_word	crypto/bn/bn_word.c	51	73	        ret = ((ret << BN_BITS4) | ((a->d[i] >> BN_BITS4) & BN_MASK2l)) % w;	%	cjump	O0--expand-div-rem-bits=0
ssl3_cipher	ssl/record/methods/ssl3_meth.c	132	21	        i = bs - (l % bs);	%	cjump	O0--expand-div-rem-bits=0|O1--expand-div-rem-bits=0|O2--expand-div-rem-bits=0|O3--expand-div-rem-bits=0|Ofast--expand-div-rem-bits=0|Os--expand-div-rem-bits=0|Oz--expand-div-rem-bits=0
ossl_curve448_scalar_decode_long	crypto/ec/curve448/scalar.c	187	28	    i = ser_len - (ser_len % C448_SCALAR_BYTES);	%	cjump	O0--expand-div-rem-bits=0|O1--expand-div-rem-bits=0|O2--expand-div-rem-bits=0|O3--expand-div-rem-bits=0|Ofast--expand-div-rem-bits=0|Os--expand-div-rem-bits=0|Oz--expand-div-rem-bits=0
BUF_MEM_grow_clean	crypto/buffer/buffer.c	128	19	    n = (len + 3) / 3 * 4;	/	cjump	O0--expand-div-rem-bits=0|O1--expand-div-rem-bits=0|O2--expand-div-rem-bits=0|O3--expand-div-rem-bits=0|Ofast--expand-div-rem-bits=0|Os--expand-div-rem-bits=0|Oz--expand-div-rem-bits=0
BIO_dump_indent_cb	crypto/bio/bio_dump.c	44	16	    rows = len / dump_width;	/	cjump	O0--expand-div-rem-bits=0|O1--expand-div-rem-bits=0|O2--expand-div-rem-bits=0|O3--expand-div-rem-bits=0|Ofast--expand-div-rem-bits=0|Os--expand-div-rem-bits=0|Oz--expand-div-rem-bits=0
cmd_Certificate	ssl/ssl_conf.c	460	33	        size_t fileidx = c->key - c->pkeys;	-	cjump	O0--expand-div-rem-bits=0|O1--expand-div-rem-bits=0|O2--expand-div-rem-bits=0|O3--expand-div-rem-bits=0|Ofast--expand-div-rem-bits=0|Os--expand-div-rem-bits=0|Oz--expand-div-rem-bits=0
ssl_cert_dup	ssl/ssl_cert.c	114	38	    ret->key = &ret->pkeys[cert->key - cert->pkeys];	-	cjump	O0--expand-div-rem-bits=0
timestamp_print	crypto/ct/ct_prn.c	37	46	                             (int)(timestamp / 86400000),	/	cjump	O0--expand-div-rem-bits=0|O0--expand-div-rem-bits=50
base64encode	crypto/http/http_client.c	1406	17	    outl = (len / 3);	/	cjump	O0--expand-div-rem-bits=0
date_to_julian	crypto/o_time.c	182	48	        (367 * (m - 2 - 12 * ((m - 14) / 12))) / 12 -	/	cjump	O0--expand-div-rem-bits=0
determine_days	crypto/asn1/a_time.c	70	11	    c = y / 100;	/	cjump	O0--expand-div-rem-bits=0
julian_to_date	crypto/o_time.c	193	26	    i = (4000 * (L + 1)) / 1461001;	/	cjump	O0--expand-div-rem-bits=0
sh_setbit	crypto/mem_sec.c	388	45	    bit = (ONE << list) + ((ptr - sh.arena) / (sh.arena_size >> list));	/	cjump	O0--expand-div-rem-bits=0|O1--expand-div-rem-bits=0|O2--expand-div-rem-bits=0|O3--expand-div-rem-bits=0|Ofast--expand-div-rem-bits=0|Os--expand-div-rem-bits=0|Oz--expand-div-rem-bits=0
update_qp	crypto/threads_pthread.c	400	39	        (lock->current_alloc_idx + 1) % lock->group_count;	%	cjump	O0--expand-div-rem-bits=0
s_time_main	apps/s_time.c	400	73	             nConn, (long)time(NULL) - finishtime + maxtime, bytes_read / nConn);	/	cjump	O0--expand-div-rem-bits=0|O1--expand-div-rem-bits=0|O2--expand-div-rem-bits=0|O3--expand-div-rem-bits=0|Ofast--expand-div-rem-bits=0|Os--expand-div-rem-bits=0|Oz--expand-div-rem-bits=0
kdf_argon2_derive	providers/implementations/kdfs/argon2.c	1098	36	    segment_length = memory_blocks / (ctx->lanes * ARGON2_SYNC_POINTS);	/	cjump	O0--expand-div-rem-bits=0|O1--expand-div-rem-bits=0|O2--expand-div-rem-bits=0|O3--expand-div-rem-bits=0|Ofast--expand-div-rem-bits=0|Os--expand-div-rem-bits=0|Oz--expand-div-rem-bits=0
fmtint	crypto/bio/bio_print.c	468	21	            [uvalue % (unsigned)base];	%	cjump	O0--expand-div-rem-bits=0|O0--expand-div-rem-bits=50
ossl_ec_wNAF_mul	crypto/ec/ec_mult.c	481	46	            numblocks = (BN_num_bits(scalar) / blocksize) + 1;	/	cjump	O0--expand-div-rem-bits=0|O1--expand-div-rem-bits=0|O2--expand-div-rem-bits=0|O3--expand-div-rem-bits=0|Ofast--expand-div-rem-bits=0|Os--expand-div-rem-bits=0|Oz--expand-div-rem-bits=0
bytepad	providers/implementations/macs/kmac_prov.c	632	24	    sz = (len + w - 1) / w * w;	/	cjump	O0--expand-div-rem-bits=0
t_tob64	crypto/srp/srp_vfy.c	152	23	    leadz = 3 - (size % 3);	%	cjump	O0--expand-div-rem-bits=0|O1--expand-div-rem-bits=0|O2--expand-div-rem-bits=0|O3--expand-div-rem-bits=0|Ofast--expand-div-rem-bits=0|Os--expand-div-rem-bits=0|Oz--expand-div-rem-bits=0
tls13_add_record_padding	ssl/record/methods/tls13_meth.c	384	38	                    remainder = rlen % bp;	%	cjump	O0--expand-div-rem-bits=0|O1--expand-div-rem-bits=0|O2--expand-div-rem-bits=0|O3--expand-div-rem-bits=0|Ofast--expand-div-rem-bits=0|Os--expand-div-rem-bits=0|Oz--expand-div-rem-bits=0
ssl_cache_cipherlist	ssl/ssl_lib.c	7079	61	        size_t numciphers = PACKET_remaining(cipher_suites) / n;	/	cjump	O0--expand-div-rem-bits=0|O1--expand-div-rem-bits=0|O2--expand-div-rem-bits=0|O3--expand-div-rem-bits=0|Ofast--expand-div-rem-bits=0|Os--expand-div-rem-bits=0|Oz--expand-div-rem-bits=0
ssl3_cbc_digest_record	ssl/record/methods/ssl3_cbc.c	306	30	    index_a = mac_end_offset / md_block_size;	/	cjump	O0--expand-div-rem-bits=0|O1--expand-div-rem-bits=0|O2--expand-div-rem-bits=0|O3--expand-div-rem-bits=0|Ofast--expand-div-rem-bits=0|Os--expand-div-rem-bits=0
ossl_rand_pool_adin_mix_in	crypto/rand/rand_pool.c	443	28	            pool->buffer[i % pool->len] ^= adin[i];	%	cjump	O0--expand-div-rem-bits=0|O1--expand-div-rem-bits=0|O2--expand-div-rem-bits=0|O3--expand-div-rem-bits=0|Ofast--expand-div-rem-bits=0|Os--expand-div-rem-bits=0|Oz--expand-div-rem-bits=0
julian_to_date	crypto/o_time.c	197	11	    L = j / 11;	/	cjump	O0--expand-div-rem-bits=0
julian_to_date	crypto/o_time.c	189	22	    long n = (4 * L) / 146097;	/	cjump	O0--expand-div-rem-bits=0
ossl_ec_wNAF_precompute_mult	crypto/ec/ec_mult.c	876	40	    numblocks = (bits + blocksize - 1) / blocksize; /* max. number of blocks	/	cjump	O0--expand-div-rem-bits=0
OPENSSL_gmtime_adj	crypto/o_time.c	95	34	    tm->tm_min = (time_sec / 60) % 60;	%	cjump	O0--expand-div-rem-bits=0|O1--expand-div-rem-bits=0|O2--expand-div-rem-bits=0|O3--expand-div-rem-bits=0|Ofast--expand-div-rem-bits=0|Os--expand-div-rem-bits=0|Oz--expand-div-rem-bits=0
ssl3_cbc_digest_record	ssl/record/methods/ssl3_cbc.c	278	13	         1) / md_block_size;	/	cjump	O0--expand-div-rem-bits=0|O1--expand-div-rem-bits=0|O2--expand-div-rem-bits=0|O3--expand-div-rem-bits=0|Ofast--expand-div-rem-bits=0|Os--expand-div-rem-bits=0
ossl_crypto_condvar_wait_timeout	crypto/thread/arch/thread_posix.c	197	42	            = (ossl_time2ticks(deadline) % OSSL_TIME_SECOND) / OSSL_TIME_NS;	%	cjump	O0--expand-div-rem-bits=0|O0--expand-div-rem-bits=50
ssl3_write_bytes	ssl/record/rec_layer_s3.c	448	28	            tmppipelen = n / maxpipes;	/	cjump	O0--expand-div-rem-bits=0
ossl_ffc_params_FIPS186_2_gen_verify	crypto/ffc/ffc_params_generate.c	947	21	        n = (L - 1) / 160;	/	cjump	O0--expand-div-rem-bits=0
adapt	crypto/punycode.c	57	45	    return k + (((base - tmin + 1) * delta) / (delta + skew));	/	cjump	O0--expand-div-rem-bits=0
julian_to_date	crypto/o_time.c	196	25	    *d = L - (2447 * j) / 80;	/	cjump	O0--expand-div-rem-bits=0
date_to_julian	crypto/o_time.c	182	40	        (367 * (m - 2 - 12 * ((m - 14) / 12))) / 12 -	/	cjump	O0--expand-div-rem-bits=0
OPENSSL_LH_node_usage_stats_bio	crypto/lhash/lh_stats.c	125	52	               (int)(total / n_used), (int)((total % n_used) * 100 / n_used));	%	cjump	O0--expand-div-rem-bits=0|O1--expand-div-rem-bits=0|O2--expand-div-rem-bits=0|O3--expand-div-rem-bits=0|Ofast--expand-div-rem-bits=0|Os--expand-div-rem-bits=0|Oz--expand-div-rem-bits=0
DES_quad_cksum	crypto/des/qud_cksm.c	69	34	                  & 0xffffffffL) % 0x7fffffffL;	%	cjump	O0--expand-div-rem-bits=0|O1--expand-div-rem-bits=0|O2--expand-div-rem-bits=0|O3--expand-div-rem-bits=0|Ofast--expand-div-rem-bits=0|Os--expand-div-rem-bits=0|Oz--expand-div-rem-bits=0
bn_div_words	crypto/bn/bn_asm.c	233	19	            q = h / dh;	/	cjump	O0--expand-div-rem-bits=0
ossl_sha3_squeeze	crypto/sha/sha3.c	192	29	        len = bsz * (outlen / bsz);	/	cjump	O0--expand-div-rem-bits=0
determine_days	crypto/asn1/a_time.c	73	33	    tm->tm_wday = (d + (13 * m) / 5 + y + y / 4 + c / 4 + 5 * c + 6) % 7;	/	cjump	O0--expand-div-rem-bits=0
rcidm_roll	ssl/quic/quic_rcidm.c	484	29	        rcidm->packets_sent %= PACKETS_PER_RCID;	%	cjump	O0--expand-div-rem-bits=0|O0--expand-div-rem-bits=50
fmtfp	crypto/bio/bio_print.c	696	51	        iconvert[iplace++] = "0123456789"[intpart % 10];	%	cjump	O0--expand-div-rem-bits=0|O1--expand-div-rem-bits=0|O2--expand-div-rem-bits=0|O3--expand-div-rem-bits=0|Ofast--expand-div-rem-bits=0|Os--expand-div-rem-bits=0|Oz--expand-div-rem-bits=0
recode_wnaf	crypto/ec/curve448/curve448.c	558	48	    unsigned int table_size = C448_SCALAR_BITS / (table_bits + 1) + 3;	/	cjump	O0--expand-div-rem-bits=0|O1--expand-div-rem-bits=0|O2--expand-div-rem-bits=0|Os--expand-div-rem-bits=0|Oz--expand-div-rem-bits=0
date_to_julian	crypto/o_time.c	181	41	    return (1461 * (y + 4800 + (m - 14) / 12)) / 4 +	/	cjump	O0--expand-div-rem-bits=0
ossl_asn1_time_from_tm	crypto/asn1/a_time.c	308	49	                                    ts->tm_year % 100, ts->tm_mon + 1,	%	cjump	O0--expand-div-rem-bits=0|O1--expand-div-rem-bits=0|O2--expand-div-rem-bits=0|O3--expand-div-rem-bits=0|Ofast--expand-div-rem-bits=0|Os--expand-div-rem-bits=0|Oz--expand-div-rem-bits=0
BN_mod_word	crypto/bn/bn_word.c	52	59	        ret = ((ret << BN_BITS4) | (a->d[i] & BN_MASK2l)) % w;	%	cjump	O0--expand-div-rem-bits=0
ossl_cipher_generic_block_update	providers/implementations/ciphers/ciphercommon.c	608	35	            padnum = blksz - (inl % blksz);	%	cjump	O0--expand-div-rem-bits=0|O1--expand-div-rem-bits=0|O2--expand-div-rem-bits=0|O3--expand-div-rem-bits=0|Ofast--expand-div-rem-bits=0|Os--expand-div-rem-bits=0|Oz--expand-div-rem-bits=0
ossl_ffc_params_FIPS186_4_gen_verify	crypto/ffc/ffc_params_generate.c	679	17	    n = (L - 1) / (mdsize << 3);	/	cjump	O0--expand-div-rem-bits=0|O1--expand-div-rem-bits=0|O2--expand-div-rem-bits=0|O3--expand-div-rem-bits=0|Ofast--expand-div-rem-bits=0|Os--expand-div-rem-bits=0|Oz--expand-div-rem-bits=0
n_fold	providers/implementations/kdfs/krb5kdf.c	307	36	    lcm = blocksize * constant_len / gcd;	/	cjump	O0--expand-div-rem-bits=0
ssl3_cbc_digest_record	ssl/record/methods/ssl3_cbc.c	311	49	    index_b = (mac_end_offset + md_length_size) / md_block_size;	/	cjump	O0--expand-div-rem-bits=0|O1--expand-div-rem-bits=0|O2--expand-div-rem-bits=0|O3--expand-div-rem-bits=0|Ofast--expand-div-rem-bits=0|Os--expand-div-rem-bits=0
fmtint	crypto/bio/bio_print.c	469	26	        uvalue = (uvalue / (unsigned)base);	/	cjump	O0--expand-div-rem-bits=0|O0--expand-div-rem-bits=50|O1--expand-div-rem-bits=0|O1--expand-div-rem-bits=50|O2--expand-div-rem-bits=0|O2--expand-div-rem-bits=50|O3--expand-div-rem-bits=0|O3--expand-div-rem-bits=50|Ofast--expand-div-rem-bits=0|Ofast--expand-div-rem-bits=50|Os--expand-div-rem-bits=0|Os--expand-div-rem-bits=50|Oz--expand-div-rem-bits=0|Oz--expand-div-rem-bits=50
inverse	crypto/idea/i_skey.c	104	21	            r = (n1 % n2);	%	cjump	O0--expand-div-rem-bits=0|Oz--expand-div-rem-bits=0
pkcs12kdf_derive	providers/implementations/kdfs/pkcs12kdf.c	90	23	        *p++ = salt[i % saltlen];	%	cjump	O0--expand-div-rem-bits=0
dh_builtin_genparams	crypto/dh/dh_gen.c	225	26	                   + 24) / 25 * 25;	/	cjump	O0--expand-div-rem-bits=0
fmtfp	crypto/bio/bio_print.c	728	54	            econvert[eplace++] = "0123456789"[tmpexp % 10];	%	cjump	O0--expand-div-rem-bits=0|O2--expand-div-rem-bits=0|O3--expand-div-rem-bits=0|Ofast--expand-div-rem-bits=0|Os--expand-div-rem-bits=0|Oz--expand-div-rem-bits=0
pkcs12kdf_derive	providers/implementations/kdfs/pkcs12kdf.c	79	39	        Plen = v * ((passlen + v - 1) / v);	/	cjump	O0--expand-div-rem-bits=0
index_alpha	providers/implementations/kdfs/argon2.c	461	37	    abs_pos = (start_pos + rel_pos) % ctx->lane_length;	%	cjump	O0--expand-div-rem-bits=0|O0--expand-div-rem-bits=50
getrn	crypto/lhash/lhash.c	333	15	    nn = hash % lh->pmax;	%	cjump	O0--expand-div-rem-bits=0|Os--expand-div-rem-bits=0|Oz--expand-div-rem-bits=0
tls_choose_sigalg	ssl/t1_lib.c	4685	51	                        int cc_idx = s->cert->key - s->cert->pkeys;	-	cjump	O0--expand-div-rem-bits=0|O1--expand-div-rem-bits=0|O2--expand-div-rem-bits=0|O3--expand-div-rem-bits=0|Ofast--expand-div-rem-bits=0|Os--expand-div-rem-bits=0|Oz--expand-div-rem-bits=0
OSSL_sleep	crypto/sleep.c	63	37	    ts.tv_nsec = (long int) (millis % 1000) * 1000000ul;	%	cjump	O0--expand-div-rem-bits=0|O0--expand-div-rem-bits=50
probable_prime_dh	crypto/bn/bn_prime.c	602	38	                 : (mods[i] + delta) % primes[i] == 0) {	%	cjump	O0--expand-div-rem-bits=0
date_to_julian	crypto/o_time.c	183	36	        (3 * ((y + 4900 + (m - 14) / 12) / 100)) / 4 + d - 32075;	/	cjump	O0--expand-div-rem-bits=0
scryptROMix	providers/implementations/kdfs/scrypt.c	408	33	        j = X[16 * (2 * r - 1)] % N;	%	cjump	O0--expand-div-rem-bits=0|O0--expand-div-rem-bits=50
BN_bn2dec	crypto/bn/bn_conv.c	65	23	    bn_data_num = num / BN_DEC_NUM + 1;	/	cjump	O0--expand-div-rem-bits=0|O1--expand-div-rem-bits=0|O2--expand-div-rem-bits=0|O3--expand-div-rem-bits=0|Ofast--expand-div-rem-bits=0|Os--expand-div-rem-bits=0|Oz--expand-div-rem-bits=0
bn_mod_exp_mont_fixed_top	crypto/bn/bn_exp.c	1086	30	        window0 = (bits - 1) % window + 1;	%	cjump	O0--expand-div-rem-bits=0
err_string_data_hash	crypto/err/err.c	174	23	    return (ret ^ ret % 19 * 13);	%	cjump	O0--expand-div-rem-bits=0|O1--expand-div-rem-bits=0|O2--expand-div-rem-bits=0|O3--expand-div-rem-bits=0|Ofast--expand-div-rem-bits=0|Os--expand-div-rem-bits=0|Oz--expand-div-rem-bits=0
OPENSSL_gmtime_adj	crypto/o_time.c	96	27	    tm->tm_sec = time_sec % 60;	%	cjump	O0--expand-div-rem-bits=0|O1--expand-div-rem-bits=0|O2--expand-div-rem-bits=0|O3--expand-div-rem-bits=0|Ofast--expand-div-rem-bits=0|Os--expand-div-rem-bits=0|Oz--expand-div-rem-bits=0
calculate_columns	apps/lib/columns.c	25	28	    dc->columns = (80 - 1) / dc->width;	/	cjump	O0--expand-div-rem-bits=0|O1--expand-div-rem-bits=0|O2--expand-div-rem-bits=0|O3--expand-div-rem-bits=0|Ofast--expand-div-rem-bits=0|Os--expand-div-rem-bits=0|Oz--expand-div-rem-bits=0
probable_prime	crypto/bn/bn_prime.c	522	38	                 : (mods[i] + delta) % primes[i] == 0) {	%	cjump	O0--expand-div-rem-bits=0
tls1_cipher	ssl/record/methods/tls1_meth.c	292	40	            padnum = bs - (reclen[ctr] % bs);	%	cjump	O0--expand-div-rem-bits=0|O1--expand-div-rem-bits=0|O2--expand-div-rem-bits=0|O3--expand-div-rem-bits=0|Ofast--expand-div-rem-bits=0|Os--expand-div-rem-bits=0|Oz--expand-div-rem-bits=0
OPENSSL_LH_delete	crypto/lhash/lhash.c	167	57	        (lh->down_load >= (lh->num_items * LH_LOAD_MULT / lh->num_nodes)))	/	cjump	O0--expand-div-rem-bits=0|O1--expand-div-rem-bits=0|Os--expand-div-rem-bits=0|Oz--expand-div-rem-bits=0
n_fold	providers/implementations/kdfs/krb5kdf.c	318	15	        b = l % blocksize;	%	cjump	O0--expand-div-rem-bits=0
OPENSSL_LH_node_usage_stats_bio	crypto/lhash/lh_stats.c	123	28	               (int)(total / lh->num_nodes),	/	cjump	O0--expand-div-rem-bits=0|O1--expand-div-rem-bits=0|O2--expand-div-rem-bits=0|O3--expand-div-rem-bits=0|Ofast--expand-div-rem-bits=0|Os--expand-div-rem-bits=0|Oz--expand-div-rem-bits=0
fmtfp	crypto/bio/bio_print.c	729	30	            tmpexp = (tmpexp / 10);	/	cjump	O0--expand-div-rem-bits=0|O2--expand-div-rem-bits=0|O3--expand-div-rem-bits=0|Ofast--expand-div-rem-bits=0|Os--expand-div-rem-bits=0|Oz--expand-div-rem-bits=0
rsa_multiprime_keygen	crypto/rsa/rsa_gen.c	321	16	    quo = bits / primes;	/	cjump	O0--expand-div-rem-bits=0
ssl3_write_bytes	ssl/record/rec_layer_s3.c	449	24	            remain = n % maxpipes;	%	cjump	O0--expand-div-rem-bits=0|O1--expand-div-rem-bits=0|O2--expand-div-rem-bits=0|O3--expand-div-rem-bits=0|Ofast--expand-div-rem-bits=0|Os--expand-div-rem-bits=0|Oz--expand-div-rem-bits=0
ssl_cert_set_current	ssl/ssl_cert.c	400	31	        idx = (size_t)(c->key - c->pkeys + 1);	-	cjump	O0--expand-div-rem-bits=0|O1--expand-div-rem-bits=0|O2--expand-div-rem-bits=0|O3--expand-div-rem-bits=0|Ofast--expand-div-rem-bits=0|Os--expand-div-rem-bits=0|Oz--expand-div-rem-bits=0
getrn	crypto/lhash/lhash.c	335	19	        nn = hash % lh->num_alloc_nodes;	%	cjump	O0--expand-div-rem-bits=0|Os--expand-div-rem-bits=0|Oz--expand-div-rem-bits=0
rsa_multiprime_keygen	crypto/rsa/rsa_gen.c	322	16	    rmd = bits % primes;	%	cjump	O0--expand-div-rem-bits=0
json_u64	ssl/quic/json_enc.c	552	28	            *--p = '0' + v % 10;	%	cjump	O0--expand-div-rem-bits=0|O0--expand-div-rem-bits=50
OBJ_obj2txt	crypto/objects/obj_dat.c	563	29	                i = (int)(l / 40);	/	cjump	O0--expand-div-rem-bits=0|O1--expand-div-rem-bits=0
kek_wrap_key	crypto/cms/cms_pwri.c	270	39	    olen = (inlen + 4 + blocklen - 1) / blocklen;	/	cjump	O0--expand-div-rem-bits=0
fmtfp	crypto/bio/bio_print.c	708	33	            fracpart = fracpart / 10;	/	cjump	O0--expand-div-rem-bits=0|O1--expand-div-rem-bits=0|O2--expand-div-rem-bits=0|O3--expand-div-rem-bits=0|Ofast--expand-div-rem-bits=0|Os--expand-div-rem-bits=0|Oz--expand-div-rem-bits=0
n_fold	providers/implementations/kdfs/krb5kdf.c	330	33	               | constant[rbyte % constant_len] >> rshift)	%	cjump	O0--expand-div-rem-bits=0
OPENSSL_LH_node_usage_stats_bio	crypto/lhash/lh_stats.c	124	29	               (int)((total % lh->num_nodes) * 100 / lh->num_nodes),	%	cjump	O0--expand-div-rem-bits=0|O1--expand-div-rem-bits=0|O2--expand-div-rem-bits=0|O3--expand-div-rem-bits=0|Ofast--expand-div-rem-bits=0|Os--expand-div-rem-bits=0|Oz--expand-div-rem-bits=0
a2d_ASN1_OBJECT	crypto/asn1/a_object.c	130	35	            blsize = (blsize + 6) / 7;	/	cjump	O0--expand-div-rem-bits=0|O1--expand-div-rem-bits=0|O2--expand-div-rem-bits=0|O3--expand-div-rem-bits=0|Ofast--expand-div-rem-bits=0|Os--expand-div-rem-bits=0|Oz--expand-div-rem-bits=0
fmtfp	crypto/bio/bio_print.c	713	52	        fconvert[fplace++] = "0123456789"[fracpart % 10];	%	cjump	O0--expand-div-rem-bits=0
fmtfp	crypto/bio/bio_print.c	697	28	        intpart = (intpart / 10);	/	cjump	O0--expand-div-rem-bits=0|O1--expand-div-rem-bits=0|O2--expand-div-rem-bits=0|O3--expand-div-rem-bits=0|Ofast--expand-div-rem-bits=0|Os--expand-div-rem-bits=0|Oz--expand-div-rem-bits=0
md5crypt	apps/passwd.c	449	44	             dest++, source = (source + 6) % 17)	%	cjump	O0--expand-div-rem-bits=0|O1--expand-div-rem-bits=0|Os--expand-div-rem-bits=0|Oz--expand-div-rem-bits=0
DTLS_get_data_mtu	ssl/d1_lib.c	965	21	        mtu -= (mtu % blocksize);	%	cjump	O0--expand-div-rem-bits=0|O1--expand-div-rem-bits=0|O2--expand-div-rem-bits=0|O3--expand-div-rem-bits=0|Ofast--expand-div-rem-bits=0|Os--expand-div-rem-bits=0|Oz--expand-div-rem-bits=0
pkcs12kdf_derive	providers/implementations/kdfs/pkcs12kdf.c	92	23	        *p++ = pass[i % passlen];	%	cjump	O0--expand-div-rem-bits=0
fill_segment	providers/implementations/kdfs/argon2.c	525	34	        ref_lane = ((rnd >> 32)) % ctx->lanes;	%	cjump	O0--expand-div-rem-bits=0|O0--expand-div-rem-bits=50|O1--expand-div-rem-bits=0|O1--expand-div-rem-bits=50|O2--expand-div-rem-bits=0|O3--expand-div-rem-bits=0|Ofast--expand-div-rem-bits=0|Os--expand-div-rem-bits=0|Oz--expand-div-rem-bits=0
n_fold	providers/implementations/kdfs/krb5kdf.c	302	19	        tmp = gcd % remainder;	%	cjump	O0--expand-div-rem-bits=0
add_entry	apps/rehash.c	129	38	    unsigned int ndx = (type + hash) % OSSL_NELEM(hash_table);	%	cjump	O0--expand-div-rem-bits=0|O1--expand-div-rem-bits=0|O2--expand-div-rem-bits=0|O3--expand-div-rem-bits=0|Ofast--expand-div-rem-bits=0|Os--expand-div-rem-bits=0|Oz--expand-div-rem-bits=0
OPENSSL_LH_node_usage_stats_bio	crypto/lhash/lh_stats.c	125	68	               (int)(total / n_used), (int)((total % n_used) * 100 / n_used));	/	cjump	O0--expand-div-rem-bits=0|O1--expand-div-rem-bits=0|O2--expand-div-rem-bits=0|O3--expand-div-rem-bits=0|Ofast--expand-div-rem-bits=0|Os--expand-div-rem-bits=0|Oz--expand-div-rem-bits=0
julian_adj	crypto/o_time.c	140	29	    offset_day = offset_sec / SECS_PER_DAY;	/	cjump	O0--expand-div-rem-bits=0|Os--expand-div-rem-bits=0|Oz--expand-div-rem-bits=0
n_fold	providers/implementations/kdfs/krb5kdf.c	329	35	        tmp = (constant[(rbyte-1) % constant_len] << (8 - rshift)	%	cjump	O0--expand-div-rem-bits=0
BN_dec2bn	crypto/bn/bn_conv.c	236	24	    j = BN_DEC_NUM - i % BN_DEC_NUM;	%	cjump	O0--expand-div-rem-bits=0|O1--expand-div-rem-bits=0|O2--expand-div-rem-bits=0|O3--expand-div-rem-bits=0|Ofast--expand-div-rem-bits=0|Os--expand-div-rem-bits=0|Oz--expand-div-rem-bits=0
date_to_julian	crypto/o_time.c	183	42	        (3 * ((y + 4900 + (m - 14) / 12) / 100)) / 4 + d - 32075;	/	cjump	O0--expand-div-rem-bits=0
ssl3_mac	ssl/record/methods/ssl3_meth.c	235	16	    npad = (48 / md_size) * md_size;	/	cjump	O0--expand-div-rem-bits=0
determine_days	crypto/asn1/a_time.c	73	70	    tm->tm_wday = (d + (13 * m) / 5 + y + y / 4 + c / 4 + 5 * c + 6) % 7;	%	cjump	O0--expand-div-rem-bits=0
bytepad	providers/implementations/macs/kmac_prov.c	612	33	        *out_len = (sz + w - 1) / w * w;	/	cjump	O0--expand-div-rem-bits=0
sh_find_my_buddy	crypto/mem_sec.c	623	44	    bit = (ONE << list) + (ptr - sh.arena) / (sh.arena_size >> list);	/	cjump	O0--expand-div-rem-bits=0|Os--expand-div-rem-bits=0|Oz--expand-div-rem-bits=0
CMAC_Update	crypto/cmac/cmac.c	213	32	    cipher_blocks = (dlen - 1) / bl;	/	cjump	O0--expand-div-rem-bits=0|O1--expand-div-rem-bits=0|O2--expand-div-rem-bits=0|O3--expand-div-rem-bits=0|Ofast--expand-div-rem-bits=0|Os--expand-div-rem-bits=0|Oz--expand-div-rem-bits=0
determine_days	crypto/asn1/a_time.c	71	7	    y %= 100;	%	cjump	O0--expand-div-rem-bits=0
pkcs12kdf_derive	providers/implementations/kdfs/pkcs12kdf.c	113	25	            B[j] = Ai[j % u];	%	cjump	O0--expand-div-rem-bits=0
HKDF_Expand	providers/implementations/kdfs/hkdf.c	631	17	    n = okm_len / dig_len;	/	cjump	O0--expand-div-rem-bits=0|O1--expand-div-rem-bits=0|O2--expand-div-rem-bits=0|O3--expand-div-rem-bits=0|Ofast--expand-div-rem-bits=0|Os--expand-div-rem-bits=0|Oz--expand-div-rem-bits=0
cmd_Certificate	ssl/ssl_conf.c	465	60	            char **pfilename = &cctx->cert_filename[c->key - c->pkeys];	-	cjump	O0--expand-div-rem-bits=0
ossl_ec_wNAF_mul	crypto/ec/ec_mult.c	596	59	                    numblocks = (tmp_len + blocksize - 1) / blocksize;	/	cjump	O0--expand-div-rem-bits=0|O1--expand-div-rem-bits=0|O2--expand-div-rem-bits=0|O3--expand-div-rem-bits=0|Ofast--expand-div-rem-bits=0|Os--expand-div-rem-bits=0|Oz--expand-div-rem-bits=0
timestamp_print	crypto/ct/ct_prn.c	44	71	                 ASN1_STRING_get0_data(gen), (unsigned int)(timestamp % 1000));	%	cjump	O0--expand-div-rem-bits=0|O0--expand-div-rem-bits=50
sh_getlist	crypto/mem_sec.c	347	51	    size_t bit = (sh.arena_size + ptr - sh.arena) / sh.minsize;	/	cjump	O0--expand-div-rem-bits=0|Os--expand-div-rem-bits=0|Oz--expand-div-rem-bits=0
adapt	crypto/punycode.c	53	23	        delta = delta / (base - tmin);	/	cjump	O0--expand-div-rem-bits=0
tls_get_max_records_default	ssl/record/methods/tls_common.c	1533	28	        pipes = ((len - 1) / *preffrag) + 1;	/	cjump	O0--expand-div-rem-bits=0|O1--expand-div-rem-bits=0|O2--expand-div-rem-bits=0|O3--expand-div-rem-bits=0|Ofast--expand-div-rem-bits=0|Os--expand-div-rem-bits=0|Oz--expand-div-rem-bits=0
ossl_punycode_decode	crypto/punycode.c	182	11	        i %= (written_out + 1);	%	cjump	O0--expand-div-rem-bits=0|O1--expand-div-rem-bits=0|O2--expand-div-rem-bits=0|O3--expand-div-rem-bits=0|Ofast--expand-div-rem-bits=0|Os--expand-div-rem-bits=0|Oz--expand-div-rem-bits=0
timestamp_print	crypto/ct/ct_prn.c	38	41	                             (timestamp % 86400000) / 1000);	%	cjump	O0--expand-div-rem-bits=0|O0--expand-div-rem-bits=50
sh_actual_size	crypto/mem_sec.c	747	26	    return sh.arena_size / (ONE << list);	/	cjump	O0--expand-div-rem-bits=0
ossl_punycode_decode	crypto/punycode.c	181	19	        n = n + i / (written_out + 1);	/	cjump	O0--expand-div-rem-bits=0
DES_quad_cksum	crypto/des/qud_cksm.c	70	70	            z1 = ((t0 * ((t1 + NOISE) & 0xffffffffL)) & 0xffffffffL) %	%	cjump	O0--expand-div-rem-bits=0|O1--expand-div-rem-bits=0|O2--expand-div-rem-bits=0|O3--expand-div-rem-bits=0|Ofast--expand-div-rem-bits=0|Os--expand-div-rem-bits=0|Oz--expand-div-rem-bits=0
sh_init	crypto/mem_sec.c	473	39	    sh.bittable_size = (sh.arena_size / sh.minsize) * 2;	/	cjump	O0--expand-div-rem-bits=0
CRYPTO_nistcts128_encrypt_block	crypto/modes/cts128.c	67	19	    residue = len % 16;	%	mdiv	O0-fglobal-isel
ossl_gcm_initctx	providers/implementations/ciphers/ciphercommon_gcm.c	41	27	    ctx->keylen = keybits / 8;	/	mdiv	O0-fglobal-isel
chacha20_initiv	providers/implementations/ciphers/cipher_chacha20_hw.c	35	28	            ctx->counter[i / 4] = CHACHA_U8TOU32(bctx->oiv + i);	/	mdiv	O0-fglobal-isel
bit_set	ssl/quic/qlog.c	30	18	        p[bit_no / BITS_PER_WORD] |= mask;	/	mdiv	O0-fglobal-isel
Poly1305_Update	crypto/poly1305/poly1305.c	496	15	    rem = len % POLY1305_BLOCK_SIZE;	%	mdiv	O0-fglobal-isel
cipher_hw_des_cfb1_cipher	providers/implementations/ciphers/cipher_des_hw.c	149	19	            out[n / 8] =	/	mdiv	O0-fglobal-isel
des_cfb1_cipher	crypto/evp/e_des.c	166	52	                ((d[0] & 0x80) >> (unsigned int)(n % 8));	%	mdiv	O0-fglobal-isel
CRYPTO_cbc128_decrypt	crypto/modes/cbc128.c	94	55	            ((size_t)in | (size_t)out | (size_t)ivec) % sizeof(size_t) != 0) {	%	mdiv	O0-fglobal-isel
CRYPTO_ctr128_encrypt	crypto/modes/ctr128.c	90	29	                n = (n + 1) % 16;	%	mdiv	O0-fglobal-isel
cts128_cs3_encrypt	providers/implementations/ciphers/cipher_cts.c	208	19	    residue = len % CTS_BLOCK_SIZE;	%	mdiv	O0-fglobal-isel
tls13_set_encoded_pub_key	ssl/t1_lib.c	4931	52	        if (bits <= 0 || enckeylen != (size_t)bits / 8)	/	mdiv	O0-fglobal-isel
ossl_curve448_precomputed_scalarmul	crypto/ec/curve448/curve448.c	257	62	                        (scalar1x->limb[bit / WBITS] >> (bit % WBITS) & 1) << k;	%	mdiv	O0-fglobal-isel
bn2binpad	crypto/bn/bn_lib.c	616	20	        l = a->d[i / BN_BYTES];	/	mdiv	O0-fglobal-isel
ossl_crypto_xts128gb_encrypt	crypto/modes/xts128gb.c	43	22	    if (!enc && (len % 16))	%	mdiv	O0-fglobal-isel
cts128_cs3_decrypt	providers/implementations/ciphers/cipher_cts.c	249	19	    residue = len % CTS_BLOCK_SIZE;	%	mdiv	O0-fglobal-isel
CRYPTO_gcm128_encrypt_ctr32	crypto/modes/gcm128.c	1332	22	        size_t j = i / 16;	/	mdiv	O0-fglobal-isel
ilog_e	crypto/rsa/rsa_lib.c	294	35	    for (i = scale / 2; i != 0; i /= 2) {	/	mdiv	O0-fglobal-isel
bit_set	ssl/quic/qlog.c	32	18	        p[bit_no / BITS_PER_WORD] &= ~mask;	/	mdiv	O0-fglobal-isel
CRYPTO_cfb128_encrypt	crypto/modes/cfb128.c	140	25	            n = (n + 1) % 16;	%	mdiv	O0-fglobal-isel
CRYPTO_nistcts128_decrypt_block	crypto/modes/cts128.c	215	19	    residue = len % 16;	%	mdiv	O0-fglobal-isel
CRYPTO_ocb128_setiv	crypto/modes/ocb128.c	251	40	    ocb_block_lshift(stretch + (bottom / 8), shift, ctx->sess.offset.c);	/	mdiv	O0-fglobal-isel
WHIRLPOOL_BitUpdate	crypto/whrlpool/wp_dgst.c	188	28	                    bitoff %= WHIRLPOOL_BBLOCK;	%	mdiv	O0-fglobal-isel
CRYPTO_gcm128_encrypt	crypto/modes/gcm128.c	851	44	            if (((size_t)in | (size_t)out) % sizeof(size_t) != 0)	%	mdiv	O0-fglobal-isel
CRYPTO_gcm128_encrypt_ctr32	crypto/modes/gcm128.c	1283	25	            n = (n + 1) % 16;	%	mdiv	O0-fglobal-isel
WHIRLPOOL_BitUpdate	crypto/whrlpool/wp_dgst.c	203	28	                    bitoff %= WHIRLPOOL_BBLOCK;	%	mdiv	O0-fglobal-isel
cts128_cs2_decrypt	providers/implementations/ciphers/cipher_cts.c	317	13	    if (len % CTS_BLOCK_SIZE == 0) {	%	mdiv	O0-fglobal-isel
CRYPTO_cfb128_1_encrypt	crypto/modes/cfb128.c	197	15	        out[n / 8] = (out[n / 8] & ~(1 << (unsigned int)(7 - n % 8))) |	/	mdiv	O0-fglobal-isel
ossl_cipher_hw_tdes_cfb1	providers/implementations/ciphers/cipher_tdes_default_hw.c	108	42	        c[0] = (in[n / 8] & (1 << (7 - n % 8))) ? 0x80 : 0;	%	mdiv	O0-fglobal-isel
CRYPTO_cfb128_encrypt	crypto/modes/cfb128.c	97	33	                    n = (n + 1) % 16;	%	mdiv	O0-fglobal-isel
WHIRLPOOL_BitUpdate	crypto/whrlpool/wp_dgst.c	96	25	        bitrem = bitoff % 8, inpgap = (8 - (unsigned int)bits % 8) & 7;	%	mdiv	O0-fglobal-isel
cipher_hw_des_cfb1_cipher	providers/implementations/ciphers/cipher_des_hw.c	150	58	                (out[n / 8] & ~(0x80 >> (unsigned int)(n % 8))) |	%	mdiv	O0-fglobal-isel
WHIRLPOOL_BitUpdate	crypto/whrlpool/wp_dgst.c	132	57	                    memcpy(c->data + byteoff, inp, bits / 8);	/	mdiv	O0-fglobal-isel
ossl_blake2s_final	providers/implementations/digests/blake2s_prov.c	299	32	    int iter = (c->outlen + 3) / 4;	/	mdiv	O0-fglobal-isel
adapt	crypto/punycode.c	49	48	    delta = (firsttime) ? delta / damp : delta / 2;	/	mdiv	O0-fglobal-isel
CRYPTO_gcm128_decrypt_ctr32	crypto/modes/gcm128.c	1488	22	        size_t j = i / 16;	/	mdiv	O0-fglobal-isel
des_cfb1_cipher	crypto/evp/e_des.c	164	19	            out[n / 8] =	/	mdiv	O0-fglobal-isel
recode_wnaf	crypto/ec/curve448/curve448.c	581	36	                       >> (16 * (w % B_OVER_16))) << 16);	%	mdiv	O0-fglobal-isel
SHA3_squeeze	crypto/sha/keccak1600.c	1107	21	    size_t i, w = r / 8;	/	mdiv	O0-fglobal-isel
pqueue_force_bottom	ssl/priority_queue.c	140	34	        const size_t p = (n - 1) / 2;	/	mdiv	O0-fglobal-isel
chacha_cipher	crypto/evp/e_chacha20_poly1305.c	86	29	        size_t blocks = len / CHACHA_BLK_SIZE;	/	mdiv	O0-fglobal-isel
n_fold	providers/implementations/kdfs/krb5kdf.c	323	30	        rbyte = l - (rotbits / 8);	/	mdiv	O0-fglobal-isel
CRYPTO_cfb128_1_encrypt	crypto/modes/cfb128.c	197	29	        out[n / 8] = (out[n / 8] & ~(1 << (unsigned int)(7 - n % 8))) |	/	mdiv	O0-fglobal-isel
CRYPTO_ctr128_encrypt_ctr32	crypto/modes/ctr128.c	163	21	        n = (n + 1) % 16;	%	mdiv	O0-fglobal-isel
BN_POOL_release	crypto/bn/bn_ctx.c	353	41	    unsigned int offset = (p->used - 1) % BN_CTX_POOL_SIZE;	%	mdiv	O0-fglobal-isel
SHA3_absorb	crypto/sha/keccak1600.c	1073	21	    size_t i, w = r / 8;	/	mdiv	O0-fglobal-isel
CRYPTO_gcm128_encrypt	crypto/modes/gcm128.c	980	21	        n = (n + 1) % 16;	%	mdiv	O0-fglobal-isel
SHA512_Update	crypto/sha/sha512.c	314	26	        if ((size_t)data % sizeof(c->u.d[0]) != 0)	%	mdiv	O0-fglobal-isel
CRYPTO_ctr128_encrypt_ctr32	crypto/modes/ctr128.c	168	29	        size_t blocks = len / 16;	/	mdiv	O0-fglobal-isel
CRYPTO_ccm128_encrypt_ccm64	crypto/modes/ccm128.c	343	18	    if ((n = len / 16)) {	/	mdiv	O0-fglobal-isel
des_cfb1_cipher	crypto/evp/e_des.c	165	24	                (out[n / 8] & ~(0x80 >> (unsigned int)(n % 8))) |	/	mdiv	O0-fglobal-isel
CRYPTO_gcm128_aad	crypto/modes/gcm128.c	738	25	            n = (n + 1) % 16;	%	mdiv	O0-fglobal-isel
CRYPTO_cfb128_encrypt	crypto/modes/cfb128.c	85	25	            n = (n + 1) % 16;	%	mdiv	O0-fglobal-isel
SHA512_Update	crypto/sha/sha512.c	321	50	            sha512_block_data_order(c, data, len / sizeof(c->u)),	/	mdiv	O0-fglobal-isel
ossl_ccm_initctx	providers/implementations/ciphers/ciphercommon_ccm.c	610	27	    ctx->keylen = keybits / 8;	/	mdiv	O0-fglobal-isel
ossl_param_bytes_to_blocks	crypto/params_dup.c	31	48	    return (bytes + OSSL_PARAM_ALIGN_SIZE - 1) / OSSL_PARAM_ALIGN_SIZE;	/	mdiv	O0-fglobal-isel
des_ede3_cfb1_cipher	crypto/evp/e_des3.c	179	29	        out[n / 8] = (out[n / 8] & ~(0x80 >> (unsigned int)(n % 8)))	/	mdiv	O0-fglobal-isel
bit_get	ssl/quic/qlog.c	22	64	    return p[bit_no / BITS_PER_WORD] & (((size_t)1) << (bit_no % BITS_PER_WORD));	%	mdiv	O0-fglobal-isel
chacha_cipher	crypto/evp/e_chacha20_poly1305.c	82	30	    rem = (unsigned int)(len % CHACHA_BLK_SIZE);	%	mdiv	O0-fglobal-isel
CRYPTO_gcm128_decrypt	crypto/modes/gcm128.c	1211	21	        n = (n + 1) % 16;	%	mdiv	O0-fglobal-isel
CRYPTO_ofb128_encrypt	crypto/modes/ofb128.c	45	29	                n = (n + 1) % 16;	%	mdiv	O0-fglobal-isel
WHIRLPOOL_BitUpdate	crypto/whrlpool/wp_dgst.c	119	22	                bits %= WHIRLPOOL_BBLOCK;	%	mdiv	O0-fglobal-isel
chacha20_cipher	providers/implementations/ciphers/cipher_chacha20_hw.c	66	29	        size_t blocks = inl / CHACHA_BLK_SIZE;	/	mdiv	O0-fglobal-isel
WHIRLPOOL_BitUpdate	crypto/whrlpool/wp_dgst.c	121	47	                unsigned int byteoff = bitoff / 8;	/	mdiv	O0-fglobal-isel
ossl_cipher_hw_tdes_cfb1	providers/implementations/ciphers/cipher_tdes_default_hw.c	113	50	            | ((d[0] & 0x80) >> (unsigned int)(n % 8));	%	mdiv	O0-fglobal-isel
CRYPTO_ctr128_encrypt	crypto/modes/ctr128.c	131	21	        n = (n + 1) % 16;	%	mdiv	O0-fglobal-isel
WHIRLPOOL_BitUpdate	crypto/whrlpool/wp_dgst.c	96	63	        bitrem = bitoff % 8, inpgap = (8 - (unsigned int)bits % 8) & 7;	%	mdiv	O0-fglobal-isel
CRYPTO_gcm128_decrypt	crypto/modes/gcm128.c	1051	33	                    n = (n + 1) % 16;	%	mdiv	O0-fglobal-isel
CRYPTO_ccm128_decrypt_ccm64	crypto/modes/ccm128.c	403	18	    if ((n = len / 16)) {	/	mdiv	O0-fglobal-isel
des_ede3_cfb1_cipher	crypto/evp/e_des3.c	180	50	            | ((d[0] & 0x80) >> (unsigned int)(n % 8));	%	mdiv	O0-fglobal-isel
CRYPTO_cts128_decrypt	crypto/modes/cts128.c	261	24	    if ((residue = len % 16) == 0)	%	mdiv	O0-fglobal-isel
cipher_hw_des_cfb1_cipher	providers/implementations/ciphers/cipher_des_hw.c	151	52	                ((d[0] & 0x80) >> (unsigned int)(n % 8));	%	mdiv	O0-fglobal-isel
ossl_blake2s_update	providers/implementations/digests/blake2s_prov.c	270	39	            size_t stashlen = datalen % BLAKE2S_BLOCKBYTES;	%	mdiv	O0-fglobal-isel
ossl_blake2b_final	providers/implementations/digests/blake2b_prov.c	311	32	    int iter = (c->outlen + 7) / 8;	/	mdiv	O0-fglobal-isel
ossl_curve448_precomputed_scalarmul	crypto/ec/curve448/curve448.c	257	45	                        (scalar1x->limb[bit / WBITS] >> (bit % WBITS) & 1) << k;	/	mdiv	O0-fglobal-isel
des_cfb1_cipher	crypto/evp/e_des.c	160	46	            c[0] = (in[n / 8] & (1 << (7 - n % 8))) ? 0x80 : 0;	%	mdiv	O0-fglobal-isel
chacha20_cipher	providers/implementations/ciphers/cipher_chacha20_hw.c	62	30	    rem = (unsigned int)(inl % CHACHA_BLK_SIZE);	%	mdiv	O0-fglobal-isel
CRYPTO_cts128_encrypt	crypto/modes/cts128.c	100	24	    if ((residue = len % 16) == 0)	%	mdiv	O0-fglobal-isel
CRYPTO_nistcts128_encrypt	crypto/modes/cts128.c	136	19	    residue = len % 16;	%	mdiv	O0-fglobal-isel
SHA512_Update	crypto/sha/sha512.c	322	30	            data += len, len %= sizeof(c->u), data -= len;	%	mdiv	O0-fglobal-isel
CRYPTO_gcm128_decrypt_ctr32	crypto/modes/gcm128.c	1431	14	    n = mres % 16;	%	mdiv	O0-fglobal-isel
CRYPTO_ccm128_init	crypto/modes/ccm128.c	31	57	    ctx->nonce.c[0] = ((u8)(L - 1) & 7) | (u8)(((M - 2) / 2) & 7) << 3;	/	mdiv	O0-fglobal-isel
DES_ede3_cfb_encrypt	crypto/des/cfb64ede.c	97	72	    register unsigned long l = length, n = ((unsigned int)numbits + 7) / 8;	/	mdiv	O0-fglobal-isel
CRYPTO_gcm128_decrypt	crypto/modes/gcm128.c	1078	44	            if (((size_t)in | (size_t)out) % sizeof(size_t) != 0)	%	mdiv	O0-fglobal-isel
CRYPTO_ocb128_setiv	crypto/modes/ocb128.c	250	20	    shift = bottom % 8;	%	mdiv	O0-fglobal-isel
CRYPTO_cbc128_decrypt	crypto/modes/cbc128.c	122	55	            ((size_t)in | (size_t)out | (size_t)ivec) % sizeof(size_t) != 0) {	%	mdiv	O0-fglobal-isel
recode_wnaf	crypto/ec/curve448/curve448.c	580	51	            current += (uint32_t)((scalar->limb[w / B_OVER_16]	/	mdiv	O0-fglobal-isel
WHIRLPOOL_BitUpdate	crypto/whrlpool/wp_dgst.c	118	45	                inp += n * WHIRLPOOL_BBLOCK / 8;	/	mdiv	O0-fglobal-isel
cipher_hw_des_cfb1_cipher	providers/implementations/ciphers/cipher_des_hw.c	150	24	                (out[n / 8] & ~(0x80 >> (unsigned int)(n % 8))) |	/	mdiv	O0-fglobal-isel
CRYPTO_cfb128_encrypt	crypto/modes/cfb128.c	50	63	                if (((size_t)in | (size_t)out | (size_t)ivec) %	%	mdiv	O0-fglobal-isel
CRYPTO_gcm128_encrypt	crypto/modes/gcm128.c	826	33	                    n = (n + 1) % 16;	%	mdiv	O0-fglobal-isel
CRYPTO_gcm128_encrypt	crypto/modes/gcm128.c	817	14	    n = mres % 16;	%	mdiv	O0-fglobal-isel
drbg_ctr_init_lengths	providers/implementations/rands/drbg_ctr.c	547	55	            drbg->min_noncelen = drbg->min_entropylen / 2;	/	mdiv	O0-fglobal-isel
CRYPTO_ofb128_encrypt	crypto/modes/ofb128.c	82	21	        n = (n + 1) % 16;	%	mdiv	O0-fglobal-isel
des_ede3_cfb1_cipher	crypto/evp/e_des3.c	179	63	        out[n / 8] = (out[n / 8] & ~(0x80 >> (unsigned int)(n % 8)))	%	mdiv	O0-fglobal-isel
CRYPTO_ocb128_setiv	crypto/modes/ocb128.c	255	30	        (*(stretch + (bottom / 8) + 16) & mask) >> (8 - shift);	/	mdiv	O0-fglobal-isel
ossl_sha3_init	crypto/sha/sha3.c	35	31	        ctx->md_size = bitlen / 8;	/	mdiv	O0-fglobal-isel
cts128_cs1_decrypt	providers/implementations/ciphers/cipher_cts.c	139	19	    residue = len % CTS_BLOCK_SIZE;	%	mdiv	O0-fglobal-isel
bit_get	ssl/quic/qlog.c	22	21	    return p[bit_no / BITS_PER_WORD] & (((size_t)1) << (bit_no % BITS_PER_WORD));	/	mdiv	O0-fglobal-isel
CRYPTO_cfb128_1_encrypt	crypto/modes/cfb128.c	198	48	            ((d[0] & 0x80) >> (unsigned int)(n % 8));	%	mdiv	O0-fglobal-isel
CRYPTO_cfb128_1_encrypt	crypto/modes/cfb128.c	195	22	        c[0] = (in[n / 8] & (1 << (7 - n % 8))) ? 0x80 : 0;	/	mdiv	O0-fglobal-isel
CRYPTO_ccm128_encrypt_ccm64	crypto/modes/ccm128.c	350	39	            ctr64_add(ctx->nonce.c, n / 16);	/	mdiv	O0-fglobal-isel
des_cfb1_cipher	crypto/evp/e_des.c	165	58	                (out[n / 8] & ~(0x80 >> (unsigned int)(n % 8))) |	%	mdiv	O0-fglobal-isel
ossl_cipher_hw_tdes_cfb1	providers/implementations/ciphers/cipher_tdes_default_hw.c	112	63	        out[n / 8] = (out[n / 8] & ~(0x80 >> (unsigned int)(n % 8)))	%	mdiv	O0-fglobal-isel
CRYPTO_gcm128_decrypt	crypto/modes/gcm128.c	1042	14	    n = mres % 16;	%	mdiv	O0-fglobal-isel
bit_set	ssl/quic/qlog.c	27	43	    size_t mask = (((size_t)1) << (bit_no % BITS_PER_WORD));	%	mdiv	O0-fglobal-isel
CRYPTO_cfb128_encrypt	crypto/modes/cfb128.c	47	33	                    n = (n + 1) % 16;	%	mdiv	O0-fglobal-isel
CRYPTO_nistcts128_decrypt	crypto/modes/cts128.c	301	19	    residue = len % 16;	%	mdiv	O0-fglobal-isel
cts128_cs2_encrypt	providers/implementations/ciphers/cipher_cts.c	304	13	    if (len % CTS_BLOCK_SIZE == 0) {	%	mdiv	O0-fglobal-isel
ossl_blake2s_final	providers/implementations/digests/blake2s_prov.c	303	20	    if ((c->outlen % sizeof(c->h[0])) == 0)	%	mdiv	O0-fglobal-isel
bn2binpad	crypto/bn/bn_lib.c	618	45	        byte = (unsigned char)(l >> (8 * (i % BN_BYTES)) & mask);	%	mdiv	O0-fglobal-isel
ossl_cipher_hw_tdes_cfb1	providers/implementations/ciphers/cipher_tdes_default_hw.c	112	15	        out[n / 8] = (out[n / 8] & ~(0x80 >> (unsigned int)(n % 8)))	/	mdiv	O0-fglobal-isel
CRYPTO_cbc128_encrypt	crypto/modes/cbc128.c	36	51	        ((size_t)in | (size_t)out | (size_t)ivec) % sizeof(size_t) != 0) {	%	mdiv	O0-fglobal-isel
CRYPTO_cts128_encrypt_block	crypto/modes/cts128.c	37	24	    if ((residue = len % 16) == 0)	%	mdiv	O0-fglobal-isel
cipher_hw_des_cfb1_cipher	providers/implementations/ciphers/cipher_des_hw.c	147	46	            c[0] = (in[n / 8] & (1 << (7 - n % 8))) ? 0x80 : 0;	%	mdiv	O0-fglobal-isel
ossl_keccak_init	crypto/sha/sha3.c	48	30	        ctx->md_size = mdlen / 8;	/	mdiv	O0-fglobal-isel
des_cfb1_cipher	crypto/evp/e_des.c	160	26	            c[0] = (in[n / 8] & (1 << (7 - n % 8))) ? 0x80 : 0;	/	mdiv	O0-fglobal-isel
CRYPTO_ctr128_encrypt	crypto/modes/ctr128.c	95	17	                % sizeof(size_t) != 0)	%	mdiv	O0-fglobal-isel
WHIRLPOOL_BitUpdate	crypto/whrlpool/wp_dgst.c	126	28	                    bitrem /= 8;	/	mdiv	O0-fglobal-isel
ossl_cipher_hw_tdes_cfb1	providers/implementations/ciphers/cipher_tdes_default_hw.c	112	29	        out[n / 8] = (out[n / 8] & ~(0x80 >> (unsigned int)(n % 8)))	/	mdiv	O0-fglobal-isel
CRYPTO_ofb128_encrypt	crypto/modes/ofb128.c	48	59	            if (((size_t)in | (size_t)out | (size_t)ivec) % sizeof(size_t) !=	%	mdiv	O0-fglobal-isel
CRYPTO_gcm128_encrypt_ctr32	crypto/modes/gcm128.c	1277	14	    n = mres % 16;	%	mdiv	O0-fglobal-isel
WHIRLPOOL_BitUpdate	crypto/whrlpool/wp_dgst.c	116	42	            if (bitoff == 0 && (n = bits / WHIRLPOOL_BBLOCK)) {	/	mdiv	O0-fglobal-isel
cts128_cs1_encrypt	providers/implementations/ciphers/cipher_cts.c	105	19	    residue = len % CTS_BLOCK_SIZE;	%	mdiv	O0-fglobal-isel
cipher_hw_des_cfb1_cipher	providers/implementations/ciphers/cipher_des_hw.c	147	26	            c[0] = (in[n / 8] & (1 << (7 - n % 8))) ? 0x80 : 0;	/	mdiv	O0-fglobal-isel
CRYPTO_xts128_encrypt	crypto/modes/xts128.c	43	22	    if (!enc && (len % 16))	%	mdiv	O0-fglobal-isel
des_ede3_cfb1_cipher	crypto/evp/e_des3.c	174	42	        c[0] = (in[n / 8] & (1 << (7 - n % 8))) ? 0x80 : 0;	%	mdiv	O0-fglobal-isel
CRYPTO_cfb128_1_encrypt	crypto/modes/cfb128.c	197	64	        out[n / 8] = (out[n / 8] & ~(1 << (unsigned int)(7 - n % 8))) |	%	mdiv	O0-fglobal-isel
CRYPTO_cts128_decrypt_block	crypto/modes/cts128.c	172	24	    if ((residue = len % 16) == 0)	%	mdiv	O0-fglobal-isel
ossl_sha3_init	crypto/sha/sha3.c	30	18	    size_t bsz = SHA3_BLOCKSIZE(bitlen);	S	mdiv	O0-fglobal-isel
des_ede3_cfb1_cipher	crypto/evp/e_des3.c	179	15	        out[n / 8] = (out[n / 8] & ~(0x80 >> (unsigned int)(n % 8)))	/	mdiv	O0-fglobal-isel
CRYPTO_gcm128_decrypt_ctr32	crypto/modes/gcm128.c	1437	25	            n = (n + 1) % 16;	%	mdiv	O0-fglobal-isel
ossl_blake2b_final	providers/implementations/digests/blake2b_prov.c	315	20	    if ((c->outlen % sizeof(c->h[0])) == 0)	%	mdiv	O0-fglobal-isel
CRYPTO_cfb128_encrypt	crypto/modes/cfb128.c	100	63	                if (((size_t)in | (size_t)out | (size_t)ivec) %	%	mdiv	O0-fglobal-isel
ossl_cipher_hw_tdes_cfb1	providers/implementations/ciphers/cipher_tdes_default_hw.c	108	22	        c[0] = (in[n / 8] & (1 << (7 - n % 8))) ? 0x80 : 0;	/	mdiv	O0-fglobal-isel
pqueue_move_down	ssl/priority_queue.c	158	34	        const size_t p = (n - 1) / 2;	/	mdiv	O0-fglobal-isel
tdes_wrap_cipher_internal	providers/implementations/ciphers/cipher_tdes_wrap.c	118	36	    if (inl >= EVP_MAXCHUNK || inl % 8)	%	mdiv	O0-fglobal-isel
des_ede3_cfb1_cipher	crypto/evp/e_des3.c	174	22	        c[0] = (in[n / 8] & (1 << (7 - n % 8))) ? 0x80 : 0;	/	mdiv	O0-fglobal-isel
CRYPTO_ccm128_decrypt_ccm64	crypto/modes/ccm128.c	410	39	            ctr64_add(ctx->nonce.c, n / 16);	/	mdiv	O0-fglobal-isel
CRYPTO_cfb128_1_encrypt	crypto/modes/cfb128.c	195	42	        c[0] = (in[n / 8] & (1 << (7 - n % 8))) ? 0x80 : 0;	%	mdiv	O0-fglobal-isel
SHA512_Transform	crypto/sha/sha512.c	339	22	    if ((size_t)data % sizeof(c->u.d[0]) != 0)	%	mdiv	O0-fglobal-isel
WHIRLPOOL_BitUpdate	crypto/whrlpool/wp_dgst.c	155	43	            unsigned int byteoff = bitoff / 8;	/	mdiv	O0-fglobal-isel
CRYPTO_ocb128_setiv	crypto/modes/ocb128.c	232	30	    nonce[0] = ((taglen * 8) % 128) << 1;	%	mdiv	O0-fglobal-isel
ossl_blake2b_update	providers/implementations/digests/blake2b_prov.c	282	39	            size_t stashlen = datalen % BLAKE2B_BLOCKBYTES;	%	mdiv	O0-fglobal-isel
gf_sub	crypto/ec/curve448/f_generic.c	42	36	    uint32_t co1 = ((1 << 28) - 1) * amt, co2 = co1 - amt;	*	cjump	O0-ftrapv
ENGINE_ctrl	crypto/engine/eng_ctrl.c	115	23	        return strlen(cdp->cmd_desc == NULL ? int_no_description	c	cjump	O1-fprofile-arcs|O1-fprofile-instr-generate|O2-fprofile-arcs|O2-fprofile-instr-generate|O3-fprofile-arcs|O3-fprofile-instr-generate|Ofast-fprofile-arcs|Ofast-fprofile-instr-generate|Os-fprofile-arcs|Os-fprofile-instr-generate|Oz-fprofile-arcs|Oz-fprofile-instr-generate
ENGINE_ctrl	crypto/engine/eng_ctrl.c	118	33	        return strlen(strcpy(s, cdp->cmd_desc == NULL ? int_no_description	c	cjump	O1-fprofile-arcs|O1-fprofile-instr-generate|O2-fprofile-arcs|O2-fprofile-instr-generate|O3-fprofile-arcs|O3-fprofile-instr-generate|Ofast-fprofile-arcs|Ofast-fprofile-instr-generate|Os-fprofile-arcs|Os-fprofile-instr-generate|Oz-fprofile-arcs|Oz-fprofile-instr-generate
BN_generate_prime_ex2	crypto/bn/bn_prime.c	602	38	                 : (mods[i] + delta) % primes[i] == 0) {	%	mdiv	O1--enable-nontrivial-unswitch|O1-fcs-profile-generate|O1-fprofile-arcs|O1-fprofile-generate|O1-fprofile-instr-generate|O1-fpseudo-probe-for-profiling|O2--enable-nontrivial-unswitch|O2-fprofile-arcs|O2-fprofile-generate|O2-fprofile-instr-generate|O2-fpseudo-probe-for-profiling|Os-fprofile-arcs|Os-fprofile-generate|Os-fprofile-instr-generate|Os-fpseudo-probe-for-profiling|Oz-fprofile-arcs|Oz-fprofile-generate|Oz-fprofile-instr-generate|Oz-fpseudo-probe-for-profiling
BN_generate_prime_ex2	crypto/bn/bn_prime.c	601	38	        if (safe ? (mods[i] + delta) % primes[i] <= 1	%	mdiv	O1--enable-nontrivial-unswitch|O1-fcs-profile-generate|O1-fprofile-arcs|O1-fprofile-generate|O1-fprofile-instr-generate|O1-fpseudo-probe-for-profiling|O2--enable-nontrivial-unswitch|O2-fprofile-arcs|O2-fprofile-generate|O2-fprofile-instr-generate|O2-fpseudo-probe-for-profiling|Os-fprofile-arcs|Os-fprofile-generate|Os-fprofile-instr-generate|Os-fpseudo-probe-for-profiling|Oz-fprofile-arcs|Oz-fprofile-generate|Oz-fprofile-instr-generate|Oz-fpseudo-probe-for-profiling
BN_generate_prime_ex2	crypto/bn/bn_prime.c	522	38	                 : (mods[i] + delta) % primes[i] == 0) {	%	mdiv	O1--enable-nontrivial-unswitch|O1-fcs-profile-generate|O1-fprofile-arcs|O1-fprofile-generate|O1-fprofile-instr-generate|O1-fpseudo-probe-for-profiling|O2--enable-nontrivial-unswitch|O2-fprofile-arcs|O2-fprofile-generate|O2-fprofile-instr-generate|O2-fpseudo-probe-for-profiling|Os-fprofile-arcs|Os-fprofile-generate|Os-fprofile-instr-generate|Os-fpseudo-probe-for-profiling|Oz-fprofile-arcs|Oz-fprofile-generate|Oz-fprofile-instr-generate|Oz-fpseudo-probe-for-profiling
NAME_CONSTRAINTS_check	crypto/x509/v3_ncons.c	296	65	        || (name_count > 0 && constraint_count > NAME_CHECK_MAX / name_count))	/	mdiv	O1-fprofile-arcs|O1-fprofile-instr-generate|O2-fprofile-arcs|O2-fprofile-instr-generate|O3-fprofile-arcs|O3-fprofile-instr-generate|Ofast-fprofile-arcs|Ofast-fprofile-instr-generate|Os-fprofile-arcs|Os-fprofile-instr-generate|Oz-fprofile-arcs|Oz-fprofile-instr-generate
BN_generate_prime_ex2	crypto/bn/bn_prime.c	521	38	        if (safe ? (mods[i] + delta) % primes[i] <= 1	%	mdiv	O1--enable-nontrivial-unswitch|O1-fcs-profile-generate|O1-fprofile-arcs|O1-fprofile-generate|O1-fprofile-instr-generate|O1-fpseudo-probe-for-profiling|O2--enable-nontrivial-unswitch|O2-fprofile-arcs|O2-fprofile-generate|O2-fprofile-instr-generate|O2-fpseudo-probe-for-profiling|Os-fprofile-arcs|Os-fprofile-generate|Os-fprofile-instr-generate|Os-fpseudo-probe-for-profiling|Oz-fprofile-arcs|Oz-fprofile-generate|Oz-fprofile-instr-generate|Oz-fpseudo-probe-for-profiling
app_tminterval	apps/lib/apps.c	2909	31	        ret = (now - tmstart) / (double)tck;	/	mdiv	O1--regalloc=fast|O2--regalloc=fast|O3--regalloc=fast|Ofast--regalloc=fast|Os--regalloc=fast|Oz--regalloc=fast
ssl3_cbc_digest_record	ssl/record/methods/ssl3_cbc.c	380	31	            for (i = 1; i < k / md_block_size - 1; i++)	/	mdiv	O1-fprofile-generate|O2-fprofile-generate|O3-fprofile-generate|Ofast-fprofile-generate|Os-fprofile-generate
ssl3_cbc_digest_record	ssl/record/methods/ssl3_cbc.c	387	31	            for (i = 1; i < k / md_block_size; i++)	/	mdiv	O1-fprofile-generate|O2-fprofile-generate|O3-fprofile-generate|Ofast-fprofile-generate|Os-fprofile-generate
scalar_decode	crypto/ml_kem/ml_kem.c	710	19	            accum >>= todo;	>	mmem	O1-fno-inline|O1-fno-inline-functions|O2-fno-inline|O2-fno-inline-functions|O3-fno-inline|O3-fno-inline-functions|Ofast-fno-inline|Ofast-fno-inline-functions|Os-fno-inline|Os-fno-inline-functions|Oz-finstrument-functions|Oz-fno-inline|Oz-fno-inline-functions
scalar_decode	crypto/ml_kem/ml_kem.c	705	19	            accum >>= bits;	>	mmem	O1-fno-inline|O1-fno-inline-functions|O2-fno-inline|O2-fno-inline-functions|O3-fno-inline|O3-fno-inline-functions|Ofast-fno-inline|Ofast-fno-inline-functions|Os-fno-inline|Os-fno-inline-functions|Oz-finstrument-functions|Oz-fno-inline|Oz-fno-inline-functions
evp_mac_from_algorithm	crypto/evp/mac_meth.c	64	77	    *ret = atomic_fetch_sub_explicit(&refcnt->val, 1, memory_order_release) - 1;	-	cjump	O1-ftrapv
ossl_quic_get_peer_token	ssl/quic/quic_impl.c	41	77	    *ret = atomic_fetch_add_explicit(&refcnt->val, 1, memory_order_relaxed) + 1;	+	cjump	O1-ftrapv|O2-ftrapv|O3-ftrapv|Ofast-ftrapv|Os-ftrapv|Oz-ftrapv
evp_md_from_algorithm	crypto/evp/digest.c	64	77	    *ret = atomic_fetch_sub_explicit(&refcnt->val, 1, memory_order_release) - 1;	-	cjump	O1-ftrapv|O2-ftrapv|O3-ftrapv|Ofast-ftrapv
DSA_up_ref	crypto/dsa/dsa_lib.c	41	77	    *ret = atomic_fetch_add_explicit(&refcnt->val, 1, memory_order_relaxed) + 1;	+	cjump	O1-ftrapv|O2-ftrapv|O3-ftrapv|Ofast-ftrapv|Os-ftrapv|Oz-ftrapv
evp_md_init_internal	crypto/evp/digest.c	41	77	    *ret = atomic_fetch_add_explicit(&refcnt->val, 1, memory_order_relaxed) + 1;	+	cjump	O1-ftrapv|O2-ftrapv|O3-ftrapv|Ofast-ftrapv|Os-ftrapv|Oz-ftrapv
evp_cipher_free	crypto/evp/evp_enc.c	64	77	    *ret = atomic_fetch_sub_explicit(&refcnt->val, 1, memory_order_release) - 1;	-	cjump	O1-ftrapv|O2-ftrapv|O3-ftrapv|Ofast-ftrapv
ossl_ssl_connection_new_int	ssl/ssl_lib.c	64	77	    *ret = atomic_fetch_sub_explicit(&refcnt->val, 1, memory_order_release) - 1;	-	cjump	O1-ftrapv|O2-ftrapv|O3-ftrapv|Ofast-ftrapv
destruct_loader	crypto/store/store_meth.c	64	77	    *ret = atomic_fetch_sub_explicit(&refcnt->val, 1, memory_order_release) - 1;	-	cjump	O1-ftrapv|O2-ftrapv|O3-ftrapv|Ofast-ftrapv
EVP_MAC_free	crypto/evp/mac_meth.c	64	77	    *ret = atomic_fetch_sub_explicit(&refcnt->val, 1, memory_order_release) - 1;	-	cjump	O1-ftrapv|O2-ftrapv|O3-ftrapv|Ofast-ftrapv
ENGINE_up_ref	crypto/engine/eng_list.c	41	77	    *ret = atomic_fetch_add_explicit(&refcnt->val, 1, memory_order_relaxed) + 1;	+	cjump	O1-ftrapv|O2-ftrapv|O3-ftrapv|Ofast-ftrapv|Os-ftrapv|Oz-ftrapv
evp_rand_up_ref	crypto/evp/evp_rand.c	41	77	    *ret = atomic_fetch_add_explicit(&refcnt->val, 1, memory_order_relaxed) + 1;	+	cjump	O1-ftrapv|O2-ftrapv|O3-ftrapv|Ofast-ftrapv|Os-ftrapv|Oz-ftrapv
ossl_quic_free_token_store	ssl/quic/quic_impl.c	64	77	    *ret = atomic_fetch_sub_explicit(&refcnt->val, 1, memory_order_release) - 1;	-	cjump	O1-ftrapv|O2-ftrapv|O3-ftrapv|Ofast-ftrapv|Os-ftrapv|Oz-ftrapv
SSL_dup	ssl/ssl_lib.c	41	77	    *ret = atomic_fetch_add_explicit(&refcnt->val, 1, memory_order_relaxed) + 1;	+	cjump	O1-ftrapv|O2-ftrapv|O3-ftrapv|Ofast-ftrapv|Os-ftrapv|Oz-ftrapv
evp_md_up_ref	crypto/evp/digest.c	41	77	    *ret = atomic_fetch_add_explicit(&refcnt->val, 1, memory_order_relaxed) + 1;	+	cjump	O1-ftrapv|O2-ftrapv|O3-ftrapv|Ofast-ftrapv|Os-ftrapv|Oz-ftrapv
RSA_free	crypto/rsa/rsa_lib.c	64	77	    *ret = atomic_fetch_sub_explicit(&refcnt->val, 1, memory_order_release) - 1;	-	cjump	O1-ftrapv|O2-ftrapv|O3-ftrapv|Ofast-ftrapv|Os-ftrapv|Oz-ftrapv
ERR_new	crypto/err/err_blocks.c	16	24	    es->top = (es->top + 1) % ERR_NUM_ERRORS;	+	cjump	O1-ftrapv|O2-ftrapv|O3-ftrapv|Ofast-ftrapv|Os-ftrapv|Oz-ftrapv
evp_kdf_up_ref	crypto/evp/kdf_meth.c	41	77	    *ret = atomic_fetch_add_explicit(&refcnt->val, 1, memory_order_relaxed) + 1;	+	cjump	O1-ftrapv|O2-ftrapv|O3-ftrapv|Ofast-ftrapv|Os-ftrapv|Oz-ftrapv
ENGINE_add	crypto/engine/eng_list.c	64	77	    *ret = atomic_fetch_sub_explicit(&refcnt->val, 1, memory_order_release) - 1;	-	cjump	O1-ftrapv|O2-ftrapv|O3-ftrapv|Ofast-ftrapv|Os-ftrapv|Oz-ftrapv
EVP_SIGNATURE_free	crypto/evp/signature.c	64	77	    *ret = atomic_fetch_sub_explicit(&refcnt->val, 1, memory_order_release) - 1;	-	cjump	O1-ftrapv|O2-ftrapv|O3-ftrapv|Ofast-ftrapv|Os-ftrapv|Oz-ftrapv
SSL_CTX_add_session	ssl/ssl_sess.c	41	77	    *ret = atomic_fetch_add_explicit(&refcnt->val, 1, memory_order_relaxed) + 1;	+	cjump	O1-ftrapv|O2-ftrapv|O3-ftrapv|Ofast-ftrapv|Os-ftrapv|Oz-ftrapv
up_ref_encoder	crypto/encode_decode/encoder_meth.c	41	77	    *ret = atomic_fetch_add_explicit(&refcnt->val, 1, memory_order_relaxed) + 1;	+	cjump	O1-ftrapv|O2-ftrapv|O3-ftrapv|Ofast-ftrapv|Os-ftrapv|Oz-ftrapv
EVP_PKEY_free	crypto/evp/p_lib.c	64	77	    *ret = atomic_fetch_sub_explicit(&refcnt->val, 1, memory_order_release) - 1;	-	cjump	O1-ftrapv|O2-ftrapv|O3-ftrapv|Ofast-ftrapv|Os-ftrapv|Oz-ftrapv
ossl_provider_add_to_store	crypto/provider_core.c	41	77	    *ret = atomic_fetch_add_explicit(&refcnt->val, 1, memory_order_relaxed) + 1;	+	cjump	O1-ftrapv|O2-ftrapv|O3-ftrapv|Ofast-ftrapv
ossl_asn1_do_lock	crypto/asn1/tasn_utl.c	41	77	    *ret = atomic_fetch_add_explicit(&refcnt->val, 1, memory_order_relaxed) + 1;	+	cjump	O1-ftrapv|O2-ftrapv|O3-ftrapv|Ofast-ftrapv|Os-ftrapv|Oz-ftrapv
construct_loader	crypto/store/store_meth.c	64	77	    *ret = atomic_fetch_sub_explicit(&refcnt->val, 1, memory_order_release) - 1;	-	cjump	O1-ftrapv|O2-ftrapv|O3-ftrapv|Ofast-ftrapv
ossl_provider_up_ref	crypto/provider_core.c	41	77	    *ret = atomic_fetch_add_explicit(&refcnt->val, 1, memory_order_relaxed) + 1;	+	cjump	O1-ftrapv|O2-ftrapv|O3-ftrapv|Ofast-ftrapv|Os-ftrapv|Oz-ftrapv
ossl_encoder_up_ref	crypto/encode_decode/encoder_meth.c	41	77	    *ret = atomic_fetch_add_explicit(&refcnt->val, 1, memory_order_relaxed) + 1;	+	cjump	O1-ftrapv|O2-ftrapv|O3-ftrapv|Ofast-ftrapv|Os-ftrapv|Oz-ftrapv
X509_STORE_free	crypto/x509/x509_lu.c	64	77	    *ret = atomic_fetch_sub_explicit(&refcnt->val, 1, memory_order_release) - 1;	-	cjump	O1-ftrapv|O2-ftrapv|O3-ftrapv|Ofast-ftrapv|Os-ftrapv|Oz-ftrapv
evp_md_free	crypto/evp/digest.c	64	77	    *ret = atomic_fetch_sub_explicit(&refcnt->val, 1, memory_order_release) - 1;	-	cjump	O1-ftrapv|O2-ftrapv|O3-ftrapv|Ofast-ftrapv
evp_rand_free	crypto/evp/evp_rand.c	64	77	    *ret = atomic_fetch_sub_explicit(&refcnt->val, 1, memory_order_release) - 1;	-	cjump	O1-ftrapv|O2-ftrapv|O3-ftrapv|Ofast-ftrapv|Os-ftrapv|Oz-ftrapv
ossl_quic_attach_stream	ssl/quic/quic_impl.c	64	77	    *ret = atomic_fetch_sub_explicit(&refcnt->val, 1, memory_order_release) - 1;	-	cjump	O1-ftrapv|O2-ftrapv|O3-ftrapv|Ofast-ftrapv
ossl_ssl_connection_new_int	ssl/ssl_lib.c	41	77	    *ret = atomic_fetch_add_explicit(&refcnt->val, 1, memory_order_relaxed) + 1;	+	cjump	O1-ftrapv|O2-ftrapv|O3-ftrapv|Ofast-ftrapv|Os-ftrapv|Oz-ftrapv
ossl_provider_doall_activated	crypto/provider_core.c	64	77	    *ret = atomic_fetch_sub_explicit(&refcnt->val, 1, memory_order_release) - 1;	-	cjump	O1-ftrapv|O2-ftrapv|O3-ftrapv|Ofast-ftrapv|Os-ftrapv|Oz-ftrapv
EVP_RAND_up_ref	crypto/evp/evp_rand.c	41	77	    *ret = atomic_fetch_add_explicit(&refcnt->val, 1, memory_order_relaxed) + 1;	+	cjump	O1-ftrapv|O2-ftrapv|O3-ftrapv|Ofast-ftrapv|Os-ftrapv|Oz-ftrapv
free_loader	crypto/store/store_meth.c	64	77	    *ret = atomic_fetch_sub_explicit(&refcnt->val, 1, memory_order_release) - 1;	-	cjump	O1-ftrapv|O2-ftrapv|O3-ftrapv|Ofast-ftrapv
EVP_CipherInit_SKEY	crypto/evp/evp_enc.c	64	77	    *ret = atomic_fetch_sub_explicit(&refcnt->val, 1, memory_order_release) - 1;	-	cjump	O1-ftrapv|O2-ftrapv|O3-ftrapv|Ofast-ftrapv
SSL_get1_session	ssl/ssl_sess.c	41	77	    *ret = atomic_fetch_add_explicit(&refcnt->val, 1, memory_order_relaxed) + 1;	+	cjump	O1-ftrapv|O2-ftrapv|O3-ftrapv|Ofast-ftrapv|Os-ftrapv|Oz-ftrapv
OSSL_STORE_LOADER_up_ref	crypto/store/store_meth.c	41	77	    *ret = atomic_fetch_add_explicit(&refcnt->val, 1, memory_order_relaxed) + 1;	+	cjump	O1-ftrapv|O2-ftrapv|O3-ftrapv|Ofast-ftrapv|Os-ftrapv|Oz-ftrapv
EVP_SKEY_generate	crypto/evp/s_lib.c	64	77	    *ret = atomic_fetch_sub_explicit(&refcnt->val, 1, memory_order_release) - 1;	-	cjump	O1-ftrapv|O2-ftrapv|O3-ftrapv|Ofast-ftrapv
ossl_core_bio_up_ref	crypto/bio/ossl_core_bio.c	41	77	    *ret = atomic_fetch_add_explicit(&refcnt->val, 1, memory_order_relaxed) + 1;	+	cjump	O1-ftrapv|O2-ftrapv|O3-ftrapv|Ofast-ftrapv|Os-ftrapv|Oz-ftrapv
evp_keymgmt_up_ref	crypto/evp/keymgmt_meth.c	41	77	    *ret = atomic_fetch_add_explicit(&refcnt->val, 1, memory_order_relaxed) + 1;	+	cjump	O1-ftrapv|O2-ftrapv|O3-ftrapv|Ofast-ftrapv|Os-ftrapv|Oz-ftrapv
EVP_KDF_up_ref	crypto/evp/kdf_meth.c	41	77	    *ret = atomic_fetch_add_explicit(&refcnt->val, 1, memory_order_relaxed) + 1;	+	cjump	O1-ftrapv|O2-ftrapv|O3-ftrapv|Ofast-ftrapv|Os-ftrapv|Oz-ftrapv
EVP_MD_up_ref	crypto/evp/digest.c	41	77	    *ret = atomic_fetch_add_explicit(&refcnt->val, 1, memory_order_relaxed) + 1;	+	cjump	O1-ftrapv|O2-ftrapv|O3-ftrapv|Ofast-ftrapv|Os-ftrapv|Oz-ftrapv
EVP_Q_digest	crypto/evp/digest.c	64	77	    *ret = atomic_fetch_sub_explicit(&refcnt->val, 1, memory_order_release) - 1;	-	cjump	O1-ftrapv|O2-ftrapv|O3-ftrapv|Ofast-ftrapv
EVP_SKEYMGMT_free	crypto/evp/skeymgmt_meth.c	64	77	    *ret = atomic_fetch_sub_explicit(&refcnt->val, 1, memory_order_release) - 1;	-	cjump	O1-ftrapv|O2-ftrapv|O3-ftrapv|Ofast-ftrapv|Os-ftrapv|Oz-ftrapv
SSL_SESSION_free	ssl/ssl_sess.c	64	77	    *ret = atomic_fetch_sub_explicit(&refcnt->val, 1, memory_order_release) - 1;	-	cjump	O1-ftrapv|O2-ftrapv|O3-ftrapv|Ofast-ftrapv|Os-ftrapv|Oz-ftrapv
DH_up_ref	crypto/dh/dh_lib.c	41	77	    *ret = atomic_fetch_add_explicit(&refcnt->val, 1, memory_order_relaxed) + 1;	+	cjump	O1-ftrapv|O2-ftrapv|O3-ftrapv|Ofast-ftrapv|Os-ftrapv|Oz-ftrapv
EVP_SKEYMGMT_up_ref	crypto/evp/skeymgmt_meth.c	41	77	    *ret = atomic_fetch_add_explicit(&refcnt->val, 1, memory_order_relaxed) + 1;	+	cjump	O1-ftrapv|O2-ftrapv|O3-ftrapv|Ofast-ftrapv|Os-ftrapv|Oz-ftrapv
BIO_free	crypto/bio/bio_lib.c	64	77	    *ret = atomic_fetch_sub_explicit(&refcnt->val, 1, memory_order_release) - 1;	-	cjump	O1-ftrapv|O2-ftrapv|O3-ftrapv|Ofast-ftrapv|Os-ftrapv|Oz-ftrapv
evp_mac_up_ref	crypto/evp/mac_meth.c	41	77	    *ret = atomic_fetch_add_explicit(&refcnt->val, 1, memory_order_relaxed) + 1;	+	cjump	O1-ftrapv|O2-ftrapv|O3-ftrapv|Ofast-ftrapv|Os-ftrapv|Oz-ftrapv
ossl_provider_free	crypto/provider_core.c	64	77	    *ret = atomic_fetch_sub_explicit(&refcnt->val, 1, memory_order_release) - 1;	-	cjump	O1-ftrapv|O2-ftrapv|O3-ftrapv|Ofast-ftrapv|Os-ftrapv|Oz-ftrapv
evp_keymgmt_free	crypto/evp/keymgmt_meth.c	64	77	    *ret = atomic_fetch_sub_explicit(&refcnt->val, 1, memory_order_release) - 1;	-	cjump	O1-ftrapv|O2-ftrapv|O3-ftrapv|Ofast-ftrapv
openssl_digests	crypto/engine/eng_openssl.c	386	28	            digest_nids[pos++] = EVP_MD_get_type(md);	+	cjump	O1-ftrapv|O2-ftrapv|O3-ftrapv|Ofast-ftrapv|Os-ftrapv|Oz-ftrapv
EVP_MD_CTX_copy_ex	crypto/evp/digest.c	41	77	    *ret = atomic_fetch_add_explicit(&refcnt->val, 1, memory_order_relaxed) + 1;	+	cjump	O1-ftrapv|O2-ftrapv|O3-ftrapv|Ofast-ftrapv|Os-ftrapv|Oz-ftrapv
IDEA_set_decrypt_key	crypto/idea/i_skey.c	104	21	            r = (n1 % n2);	%	mdiv	O1--fast-isel|O1-ftrapv
evp_pkey_signature_init	crypto/evp/signature.c	64	77	    *ret = atomic_fetch_sub_explicit(&refcnt->val, 1, memory_order_release) - 1;	-	cjump	O1-ftrapv|O2-ftrapv|O3-ftrapv|Ofast-ftrapv
EC_ec_pre_comp_free	crypto/ec/ec_mult.c	64	77	    *ret = atomic_fetch_sub_explicit(&refcnt->val, 1, memory_order_release) - 1;	-	cjump	O1-ftrapv|O2-ftrapv|O3-ftrapv|Ofast-ftrapv|Os-ftrapv|Oz-ftrapv
ENGINE_get_first	crypto/engine/eng_list.c	41	77	    *ret = atomic_fetch_add_explicit(&refcnt->val, 1, memory_order_relaxed) + 1;	+	cjump	O1-ftrapv|O2-ftrapv|O3-ftrapv|Ofast-ftrapv|Os-ftrapv|Oz-ftrapv
SSL_dup	ssl/ssl_lib.c	64	77	    *ret = atomic_fetch_sub_explicit(&refcnt->val, 1, memory_order_release) - 1;	-	cjump	O1-ftrapv|O2-ftrapv|O3-ftrapv|Ofast-ftrapv
openssl_ciphers	crypto/engine/eng_openssl.c	288	28	            cipher_nids[pos++] = EVP_CIPHER_get_nid(cipher);	+	cjump	O1-ftrapv|O2-ftrapv|O3-ftrapv|Ofast-ftrapv|Os-ftrapv|Oz-ftrapv
ssl_cert_free	ssl/ssl_cert.c	64	77	    *ret = atomic_fetch_sub_explicit(&refcnt->val, 1, memory_order_release) - 1;	-	cjump	O1-ftrapv|O2-ftrapv|O3-ftrapv|Ofast-ftrapv|Os-ftrapv|Oz-ftrapv
free_this_token	ssl/quic/quic_impl.c	64	77	    *ret = atomic_fetch_sub_explicit(&refcnt->val, 1, memory_order_release) - 1;	-	cjump	O1-ftrapv|O2-ftrapv|O3-ftrapv|Ofast-ftrapv
EVP_ASYM_CIPHER_up_ref	crypto/evp/asymcipher.c	41	77	    *ret = atomic_fetch_add_explicit(&refcnt->val, 1, memory_order_relaxed) + 1;	+	cjump	O1-ftrapv|O2-ftrapv|O3-ftrapv|Ofast-ftrapv|Os-ftrapv|Oz-ftrapv
EVP_SKEY_import	crypto/evp/s_lib.c	64	77	    *ret = atomic_fetch_sub_explicit(&refcnt->val, 1, memory_order_release) - 1;	-	cjump	O1-ftrapv|O2-ftrapv|O3-ftrapv|Ofast-ftrapv
EVP_PKEY_derive_init_ex	crypto/evp/exchange.c	64	77	    *ret = atomic_fetch_sub_explicit(&refcnt->val, 1, memory_order_release) - 1;	-	cjump	O1-ftrapv|O2-ftrapv|O3-ftrapv|Ofast-ftrapv
evp_md_ctx_clear_digest	crypto/evp/digest.c	64	77	    *ret = atomic_fetch_sub_explicit(&refcnt->val, 1, memory_order_release) - 1;	-	cjump	O1-ftrapv|O2-ftrapv|O3-ftrapv|Ofast-ftrapv
ossl_core_bio_free	crypto/bio/ossl_core_bio.c	64	77	    *ret = atomic_fetch_sub_explicit(&refcnt->val, 1, memory_order_release) - 1;	-	cjump	O1-ftrapv|O2-ftrapv|O3-ftrapv|Ofast-ftrapv|Os-ftrapv|Oz-ftrapv
evp_kem_free	crypto/evp/kem.c	64	77	    *ret = atomic_fetch_sub_explicit(&refcnt->val, 1, memory_order_release) - 1;	-	cjump	O1-ftrapv|O2-ftrapv|O3-ftrapv|Ofast-ftrapv
EVP_SKEY_to_provider	crypto/evp/s_lib.c	41	77	    *ret = atomic_fetch_add_explicit(&refcnt->val, 1, memory_order_relaxed) + 1;	+	cjump	O1-ftrapv|O2-ftrapv|O3-ftrapv|Ofast-ftrapv|Os-ftrapv|Oz-ftrapv
OSSL_DECODER_up_ref	crypto/encode_decode/decoder_meth.c	41	77	    *ret = atomic_fetch_add_explicit(&refcnt->val, 1, memory_order_relaxed) + 1;	+	cjump	O1-ftrapv|O2-ftrapv|O3-ftrapv|Ofast-ftrapv|Os-ftrapv|Oz-ftrapv
EVP_KDF_free	crypto/evp/kdf_meth.c	64	77	    *ret = atomic_fetch_sub_explicit(&refcnt->val, 1, memory_order_release) - 1;	-	cjump	O1-ftrapv|O2-ftrapv|O3-ftrapv|Ofast-ftrapv
EVP_PKEY_up_ref	crypto/evp/p_lib.c	41	77	    *ret = atomic_fetch_add_explicit(&refcnt->val, 1, memory_order_relaxed) + 1;	+	cjump	O1-ftrapv|O2-ftrapv|O3-ftrapv|Ofast-ftrapv|Os-ftrapv|Oz-ftrapv
SSL_set_session	ssl/ssl_sess.c	41	77	    *ret = atomic_fetch_add_explicit(&refcnt->val, 1, memory_order_relaxed) + 1;	+	cjump	O1-ftrapv|O2-ftrapv|O3-ftrapv|Ofast-ftrapv|Os-ftrapv|Oz-ftrapv
ossl_core_bio_new_from_bio	crypto/bio/ossl_core_bio.c	64	77	    *ret = atomic_fetch_sub_explicit(&refcnt->val, 1, memory_order_release) - 1;	-	cjump	O1-ftrapv|O2-ftrapv|O3-ftrapv|Ofast-ftrapv
RSA_up_ref	crypto/rsa/rsa_lib.c	41	77	    *ret = atomic_fetch_add_explicit(&refcnt->val, 1, memory_order_relaxed) + 1;	+	cjump	O1-ftrapv|O2-ftrapv|O3-ftrapv|Ofast-ftrapv|Os-ftrapv|Oz-ftrapv
EVP_RAND_CTX_up_ref	crypto/evp/evp_rand.c	41	77	    *ret = atomic_fetch_add_explicit(&refcnt->val, 1, memory_order_relaxed) + 1;	+	cjump	O1-ftrapv|O2-ftrapv|O3-ftrapv|Ofast-ftrapv|Os-ftrapv|Oz-ftrapv
DH_free	crypto/dh/dh_lib.c	64	77	    *ret = atomic_fetch_sub_explicit(&refcnt->val, 1, memory_order_release) - 1;	-	cjump	O1-ftrapv|O2-ftrapv|O3-ftrapv|Ofast-ftrapv|Os-ftrapv|Oz-ftrapv
SSL_CTX_up_ref	ssl/ssl_lib.c	41	77	    *ret = atomic_fetch_add_explicit(&refcnt->val, 1, memory_order_relaxed) + 1;	+	cjump	O1-ftrapv|O2-ftrapv|O3-ftrapv|Ofast-ftrapv|Os-ftrapv|Oz-ftrapv
mac_gen	providers/implementations/keymgmt/mac_legacy_kmgmt.c	64	77	    *ret = atomic_fetch_sub_explicit(&refcnt->val, 1, memory_order_release) - 1;	-	cjump	O1-ftrapv|O2-ftrapv|O3-ftrapv|Ofast-ftrapv
core_provider_up_ref_intern	crypto/provider_core.c	41	77	    *ret = atomic_fetch_add_explicit(&refcnt->val, 1, memory_order_relaxed) + 1;	+	cjump	O1-ftrapv|O2-ftrapv|O3-ftrapv|Ofast-ftrapv
evp_kdf_free	crypto/evp/kdf_meth.c	64	77	    *ret = atomic_fetch_sub_explicit(&refcnt->val, 1, memory_order_release) - 1;	-	cjump	O1-ftrapv|O2-ftrapv|O3-ftrapv|Ofast-ftrapv|Os-ftrapv|Oz-ftrapv
ossl_quic_new_token_store	ssl/quic/quic_impl.c	64	77	    *ret = atomic_fetch_sub_explicit(&refcnt->val, 1, memory_order_release) - 1;	-	cjump	O1-ftrapv|O2-ftrapv|O3-ftrapv|Ofast-ftrapv
mac_free	providers/implementations/keymgmt/mac_legacy_kmgmt.c	64	77	    *ret = atomic_fetch_sub_explicit(&refcnt->val, 1, memory_order_release) - 1;	-	cjump	O1-ftrapv|O2-ftrapv|O3-ftrapv|Ofast-ftrapv
EVP_MD_CTX_copy_ex	crypto/evp/digest.c	64	77	    *ret = atomic_fetch_sub_explicit(&refcnt->val, 1, memory_order_release) - 1;	-	cjump	O1-ftrapv|O2-ftrapv|O3-ftrapv|Ofast-ftrapv
evp_kem_init	crypto/evp/kem.c	64	77	    *ret = atomic_fetch_sub_explicit(&refcnt->val, 1, memory_order_release) - 1;	-	cjump	O1-ftrapv|O2-ftrapv|O3-ftrapv|Ofast-ftrapv
DSO_free	crypto/dso/dso_lib.c	64	77	    *ret = atomic_fetch_sub_explicit(&refcnt->val, 1, memory_order_release) - 1;	-	cjump	O1-ftrapv|O2-ftrapv|O3-ftrapv|Ofast-ftrapv|Os-ftrapv|Oz-ftrapv
SSL_CTX_free	ssl/ssl_lib.c	64	77	    *ret = atomic_fetch_sub_explicit(&refcnt->val, 1, memory_order_release) - 1;	-	cjump	O1-ftrapv|O2-ftrapv|O3-ftrapv|Ofast-ftrapv|Os-ftrapv|Oz-ftrapv
up_ref_decoder	crypto/encode_decode/decoder_meth.c	41	77	    *ret = atomic_fetch_add_explicit(&refcnt->val, 1, memory_order_relaxed) + 1;	+	cjump	O1-ftrapv|O2-ftrapv|O3-ftrapv|Ofast-ftrapv|Os-ftrapv|Oz-ftrapv
EVP_RAND_CTX_new	crypto/evp/evp_rand.c	41	77	    *ret = atomic_fetch_add_explicit(&refcnt->val, 1, memory_order_relaxed) + 1;	+	cjump	O1-ftrapv|O2-ftrapv|O3-ftrapv|Ofast-ftrapv|Os-ftrapv|Oz-ftrapv
ENGINE_get_next	crypto/engine/eng_list.c	41	77	    *ret = atomic_fetch_add_explicit(&refcnt->val, 1, memory_order_relaxed) + 1;	+	cjump	O1-ftrapv|O2-ftrapv|O3-ftrapv|Ofast-ftrapv|Os-ftrapv|Oz-ftrapv
OSSL_ENCODER_up_ref	crypto/encode_decode/encoder_meth.c	41	77	    *ret = atomic_fetch_add_explicit(&refcnt->val, 1, memory_order_relaxed) + 1;	+	cjump	O1-ftrapv|O2-ftrapv|O3-ftrapv|Ofast-ftrapv|Os-ftrapv|Oz-ftrapv
ossl_ssl_init	ssl/ssl_lib.c	41	77	    *ret = atomic_fetch_add_explicit(&refcnt->val, 1, memory_order_relaxed) + 1;	+	cjump	O1-ftrapv|O2-ftrapv|O3-ftrapv|Ofast-ftrapv|Os-ftrapv|Oz-ftrapv
kdf_freedata	providers/implementations/keymgmt/kdf_legacy_kmgmt.c	64	77	    *ret = atomic_fetch_sub_explicit(&refcnt->val, 1, memory_order_release) - 1;	-	cjump	O1-ftrapv|O2-ftrapv|O3-ftrapv|Ofast-ftrapv
up_ref_loader	crypto/store/store_meth.c	41	77	    *ret = atomic_fetch_add_explicit(&refcnt->val, 1, memory_order_relaxed) + 1;	+	cjump	O1-ftrapv|O2-ftrapv|O3-ftrapv|Ofast-ftrapv|Os-ftrapv|Oz-ftrapv
ossl_kdf_data_free	providers/implementations/keymgmt/kdf_legacy_kmgmt.c	64	77	    *ret = atomic_fetch_sub_explicit(&refcnt->val, 1, memory_order_release) - 1;	-	cjump	O1-ftrapv|O2-ftrapv|O3-ftrapv|Ofast-ftrapv|Os-ftrapv|Oz-ftrapv
EVP_CIPHER_CTX_reset	crypto/evp/evp_enc.c	64	77	    *ret = atomic_fetch_sub_explicit(&refcnt->val, 1, memory_order_release) - 1;	-	cjump	O1-ftrapv|O2-ftrapv|O3-ftrapv|Ofast-ftrapv
ossl_provider_doall_activated	crypto/provider_core.c	41	77	    *ret = atomic_fetch_add_explicit(&refcnt->val, 1, memory_order_relaxed) + 1;	+	cjump	O1-ftrapv|O2-ftrapv|O3-ftrapv|Ofast-ftrapv|Os-ftrapv|Oz-ftrapv
EVP_RAND_free	crypto/evp/evp_rand.c	64	77	    *ret = atomic_fetch_sub_explicit(&refcnt->val, 1, memory_order_release) - 1;	-	cjump	O1-ftrapv|O2-ftrapv|O3-ftrapv|Ofast-ftrapv
evp_signature_from_algorithm	crypto/evp/signature.c	64	77	    *ret = atomic_fetch_sub_explicit(&refcnt->val, 1, memory_order_release) - 1;	-	cjump	O1-ftrapv|O2-ftrapv|O3-ftrapv|Ofast-ftrapv
ossl_quic_get_peer_token	ssl/quic/quic_impl.c	64	77	    *ret = atomic_fetch_sub_explicit(&refcnt->val, 1, memory_order_release) - 1;	-	cjump	O1-ftrapv|O2-ftrapv|O3-ftrapv|Ofast-ftrapv
EVP_KEM_free	crypto/evp/kem.c	64	77	    *ret = atomic_fetch_sub_explicit(&refcnt->val, 1, memory_order_release) - 1;	-	cjump	O1-ftrapv|O2-ftrapv|O3-ftrapv|Ofast-ftrapv|Os-ftrapv|Oz-ftrapv
EC_ec_pre_comp_dup	crypto/ec/ec_mult.c	41	77	    *ret = atomic_fetch_add_explicit(&refcnt->val, 1, memory_order_relaxed) + 1;	+	cjump	O1-ftrapv|O2-ftrapv|O3-ftrapv|Ofast-ftrapv|Os-ftrapv|Oz-ftrapv
EVP_SKEY_free	crypto/evp/s_lib.c	64	77	    *ret = atomic_fetch_sub_explicit(&refcnt->val, 1, memory_order_release) - 1;	-	cjump	O1-ftrapv|O2-ftrapv|O3-ftrapv|Ofast-ftrapv|Os-ftrapv|Oz-ftrapv
SSL_SESSION_up_ref	ssl/ssl_sess.c	41	77	    *ret = atomic_fetch_add_explicit(&refcnt->val, 1, memory_order_relaxed) + 1;	+	cjump	O1-ftrapv|O2-ftrapv|O3-ftrapv|Ofast-ftrapv|Os-ftrapv|Oz-ftrapv
ossl_quic_build_new_token	ssl/quic/quic_impl.c	64	77	    *ret = atomic_fetch_sub_explicit(&refcnt->val, 1, memory_order_release) - 1;	-	cjump	O1-ftrapv|O2-ftrapv|O3-ftrapv|Ofast-ftrapv
evp_signature_free	crypto/evp/signature.c	64	77	    *ret = atomic_fetch_sub_explicit(&refcnt->val, 1, memory_order_release) - 1;	-	cjump	O1-ftrapv|O2-ftrapv|O3-ftrapv|Ofast-ftrapv
ossl_ecx_key_up_ref	crypto/ec/ecx_key.c	41	77	    *ret = atomic_fetch_add_explicit(&refcnt->val, 1, memory_order_relaxed) + 1;	+	cjump	O1-ftrapv|O2-ftrapv|O3-ftrapv|Ofast-ftrapv|Os-ftrapv|Oz-ftrapv
evp_keyexch_up_ref	crypto/evp/exchange.c	41	77	    *ret = atomic_fetch_add_explicit(&refcnt->val, 1, memory_order_relaxed) + 1;	+	cjump	O1-ftrapv|O2-ftrapv|O3-ftrapv|Ofast-ftrapv|Os-ftrapv|Oz-ftrapv
evp_asym_cipher_up_ref	crypto/evp/asymcipher.c	41	77	    *ret = atomic_fetch_add_explicit(&refcnt->val, 1, memory_order_relaxed) + 1;	+	cjump	O1-ftrapv|O2-ftrapv|O3-ftrapv|Ofast-ftrapv|Os-ftrapv|Oz-ftrapv
ENGINE_get_last	crypto/engine/eng_list.c	41	77	    *ret = atomic_fetch_add_explicit(&refcnt->val, 1, memory_order_relaxed) + 1;	+	cjump	O1-ftrapv|O2-ftrapv|O3-ftrapv|Ofast-ftrapv|Os-ftrapv|Oz-ftrapv
ENGINE_by_id	crypto/engine/eng_list.c	41	77	    *ret = atomic_fetch_add_explicit(&refcnt->val, 1, memory_order_relaxed) + 1;	+	cjump	O1-ftrapv|O2-ftrapv|O3-ftrapv|Ofast-ftrapv|Os-ftrapv|Oz-ftrapv
EVP_KEYEXCH_free	crypto/evp/exchange.c	64	77	    *ret = atomic_fetch_sub_explicit(&refcnt->val, 1, memory_order_release) - 1;	-	cjump	O1-ftrapv|O2-ftrapv|O3-ftrapv|Ofast-ftrapv|Os-ftrapv|Oz-ftrapv
evp_mac_free	crypto/evp/mac_meth.c	64	77	    *ret = atomic_fetch_sub_explicit(&refcnt->val, 1, memory_order_release) - 1;	-	cjump	O1-ftrapv|O2-ftrapv|O3-ftrapv|Ofast-ftrapv|Os-ftrapv|Oz-ftrapv
evp_cipher_from_algorithm	crypto/evp/evp_enc.c	64	77	    *ret = atomic_fetch_sub_explicit(&refcnt->val, 1, memory_order_release) - 1;	-	cjump	O1-ftrapv|O2-ftrapv|O3-ftrapv|Ofast-ftrapv
SSL_up_ref	ssl/ssl_lib.c	41	77	    *ret = atomic_fetch_add_explicit(&refcnt->val, 1, memory_order_relaxed) + 1;	+	cjump	O1-ftrapv|O2-ftrapv|O3-ftrapv|Ofast-ftrapv|Os-ftrapv|Oz-ftrapv
SSL_copy_session_id	ssl/ssl_lib.c	41	77	    *ret = atomic_fetch_add_explicit(&refcnt->val, 1, memory_order_relaxed) + 1;	+	cjump	O1-ftrapv|O2-ftrapv|O3-ftrapv|Ofast-ftrapv|Os-ftrapv|Oz-ftrapv
EVP_MD_free	crypto/evp/digest.c	64	77	    *ret = atomic_fetch_sub_explicit(&refcnt->val, 1, memory_order_release) - 1;	-	cjump	O1-ftrapv|O2-ftrapv|O3-ftrapv|Ofast-ftrapv|Os-ftrapv|Oz-ftrapv
ENGINE_get_prev	crypto/engine/eng_list.c	41	77	    *ret = atomic_fetch_add_explicit(&refcnt->val, 1, memory_order_relaxed) + 1;	+	cjump	O1-ftrapv|O2-ftrapv|O3-ftrapv|Ofast-ftrapv|Os-ftrapv|Oz-ftrapv
OSSL_ERR_STATE_restore	crypto/err/err_save.c	16	24	    es->top = (es->top + 1) % ERR_NUM_ERRORS;	+	cjump	O1-ftrapv|O2-ftrapv|O3-ftrapv|Ofast-ftrapv|Os-ftrapv|Oz-ftrapv
EVP_KEYEXCH_up_ref	crypto/evp/exchange.c	41	77	    *ret = atomic_fetch_add_explicit(&refcnt->val, 1, memory_order_relaxed) + 1;	+	cjump	O1-ftrapv|O2-ftrapv|O3-ftrapv|Ofast-ftrapv|Os-ftrapv|Oz-ftrapv
ossl_mac_key_up_ref	providers/implementations/keymgmt/mac_legacy_kmgmt.c	41	77	    *ret = atomic_fetch_add_explicit(&refcnt->val, 1, memory_order_relaxed) + 1;	+	cjump	O1-ftrapv|O2-ftrapv|O3-ftrapv|Ofast-ftrapv|Os-ftrapv|Oz-ftrapv
DSO_up_ref	crypto/dso/dso_lib.c	41	77	    *ret = atomic_fetch_add_explicit(&refcnt->val, 1, memory_order_relaxed) + 1;	+	cjump	O1-ftrapv|O2-ftrapv|O3-ftrapv|Ofast-ftrapv|Os-ftrapv|Oz-ftrapv
engine_free_util	crypto/engine/eng_lib.c	64	77	    *ret = atomic_fetch_sub_explicit(&refcnt->val, 1, memory_order_release) - 1;	-	cjump	O1-ftrapv|O2-ftrapv|O3-ftrapv|Ofast-ftrapv|Os-ftrapv|Oz-ftrapv
ENGINE_pkey_asn1_find_str	crypto/engine/tb_asnmth.c	41	77	    *ret = atomic_fetch_add_explicit(&refcnt->val, 1, memory_order_relaxed) + 1;	+	cjump	O1-ftrapv|O2-ftrapv|O3-ftrapv|Ofast-ftrapv|Os-ftrapv|Oz-ftrapv
SSL_set_SSL_CTX	ssl/ssl_lib.c	41	77	    *ret = atomic_fetch_add_explicit(&refcnt->val, 1, memory_order_relaxed) + 1;	+	cjump	O1-ftrapv|O2-ftrapv|O3-ftrapv|Ofast-ftrapv|Os-ftrapv|Oz-ftrapv
X509_STORE_up_ref	crypto/x509/x509_lu.c	41	77	    *ret = atomic_fetch_add_explicit(&refcnt->val, 1, memory_order_relaxed) + 1;	+	cjump	O1-ftrapv|O2-ftrapv|O3-ftrapv|Ofast-ftrapv|Os-ftrapv|Oz-ftrapv
evp_cipher_init_internal	crypto/evp/evp_enc.c	64	77	    *ret = atomic_fetch_sub_explicit(&refcnt->val, 1, memory_order_release) - 1;	-	cjump	O1-ftrapv|O2-ftrapv|O3-ftrapv|Ofast-ftrapv
ossl_provider_find	crypto/provider_core.c	41	77	    *ret = atomic_fetch_add_explicit(&refcnt->val, 1, memory_order_relaxed) + 1;	+	cjump	O1-ftrapv|O2-ftrapv|O3-ftrapv|Ofast-ftrapv
X509_CRL_up_ref	crypto/x509/x509cset.c	41	77	    *ret = atomic_fetch_add_explicit(&refcnt->val, 1, memory_order_relaxed) + 1;	+	cjump	O1-ftrapv|O2-ftrapv|O3-ftrapv|Ofast-ftrapv|Os-ftrapv|Oz-ftrapv
ossl_quic_set_peer_token	ssl/quic/quic_impl.c	64	77	    *ret = atomic_fetch_sub_explicit(&refcnt->val, 1, memory_order_release) - 1;	-	cjump	O1-ftrapv|O2-ftrapv|O3-ftrapv|Ofast-ftrapv
EVP_MAC_up_ref	crypto/evp/mac_meth.c	41	77	    *ret = atomic_fetch_add_explicit(&refcnt->val, 1, memory_order_relaxed) + 1;	+	cjump	O1-ftrapv|O2-ftrapv|O3-ftrapv|Ofast-ftrapv|Os-ftrapv|Oz-ftrapv
OSSL_STORE_LOADER_free	crypto/store/store_meth.c	64	77	    *ret = atomic_fetch_sub_explicit(&refcnt->val, 1, memory_order_release) - 1;	-	cjump	O1-ftrapv|O2-ftrapv|O3-ftrapv|Ofast-ftrapv|Os-ftrapv|Oz-ftrapv
ENGINE_add	crypto/engine/eng_list.c	41	77	    *ret = atomic_fetch_add_explicit(&refcnt->val, 1, memory_order_relaxed) + 1;	+	cjump	O1-ftrapv|O2-ftrapv|O3-ftrapv|Ofast-ftrapv|Os-ftrapv|Oz-ftrapv
EC_KEY_up_ref	crypto/ec/ec_key.c	41	77	    *ret = atomic_fetch_add_explicit(&refcnt->val, 1, memory_order_relaxed) + 1;	+	cjump	O1-ftrapv|O2-ftrapv|O3-ftrapv|Ofast-ftrapv|Os-ftrapv|Oz-ftrapv
ossl_asn1_do_lock	crypto/asn1/tasn_utl.c	64	77	    *ret = atomic_fetch_sub_explicit(&refcnt->val, 1, memory_order_release) - 1;	-	cjump	O1-ftrapv|O2-ftrapv|O3-ftrapv|Ofast-ftrapv|Os-ftrapv|Oz-ftrapv
ossl_ec_wNAF_precompute_mult	crypto/ec/ec_mult.c	64	77	    *ret = atomic_fetch_sub_explicit(&refcnt->val, 1, memory_order_release) - 1;	-	cjump	O1-ftrapv|O2-ftrapv|O3-ftrapv|Ofast-ftrapv
ossl_quic_free_peer_token	ssl/quic/quic_impl.c	64	77	    *ret = atomic_fetch_sub_explicit(&refcnt->val, 1, memory_order_release) - 1;	-	cjump	O1-ftrapv|O2-ftrapv|O3-ftrapv|Ofast-ftrapv|Os-ftrapv|Oz-ftrapv
EVP_KEYMGMT_free	crypto/evp/keymgmt_meth.c	64	77	    *ret = atomic_fetch_sub_explicit(&refcnt->val, 1, memory_order_release) - 1;	-	cjump	O1-ftrapv|O2-ftrapv|O3-ftrapv|Ofast-ftrapv|Os-ftrapv|Oz-ftrapv
EVP_RAND_CTX_free	crypto/evp/evp_rand.c	64	77	    *ret = atomic_fetch_sub_explicit(&refcnt->val, 1, memory_order_release) - 1;	-	cjump	O1-ftrapv|O2-ftrapv|O3-ftrapv|Ofast-ftrapv|Os-ftrapv|Oz-ftrapv
lookup_sess_in_cache	ssl/ssl_sess.c	41	77	    *ret = atomic_fetch_add_explicit(&refcnt->val, 1, memory_order_relaxed) + 1;	+	cjump	O1-ftrapv|O2-ftrapv|O3-ftrapv|Ofast-ftrapv|Os-ftrapv|Oz-ftrapv
evp_rand_from_algorithm	crypto/evp/evp_rand.c	64	77	    *ret = atomic_fetch_sub_explicit(&refcnt->val, 1, memory_order_release) - 1;	-	cjump	O1-ftrapv|O2-ftrapv|O3-ftrapv|Ofast-ftrapv
openssl_ciphers	crypto/engine/eng_openssl.c	290	28	            cipher_nids[pos++] = EVP_CIPHER_get_nid(cipher);	+	cjump	O1-ftrapv|O2-ftrapv|O3-ftrapv|Ofast-ftrapv|Os-ftrapv|Oz-ftrapv
skeymgmt_from_algorithm	crypto/evp/skeymgmt_meth.c	64	77	    *ret = atomic_fetch_sub_explicit(&refcnt->val, 1, memory_order_release) - 1;	-	cjump	O1-ftrapv|O2-ftrapv|O3-ftrapv|Ofast-ftrapv
EC_KEY_free	crypto/ec/ec_key.c	64	77	    *ret = atomic_fetch_sub_explicit(&refcnt->val, 1, memory_order_release) - 1;	-	cjump	O1-ftrapv|O2-ftrapv|O3-ftrapv|Ofast-ftrapv|Os-ftrapv|Oz-ftrapv
ossl_mac_key_free	providers/implementations/keymgmt/mac_legacy_kmgmt.c	64	77	    *ret = atomic_fetch_sub_explicit(&refcnt->val, 1, memory_order_release) - 1;	-	cjump	O1-ftrapv|O2-ftrapv|O3-ftrapv|Ofast-ftrapv|Os-ftrapv|Oz-ftrapv
EVP_CIPHER_free	crypto/evp/evp_enc.c	64	77	    *ret = atomic_fetch_sub_explicit(&refcnt->val, 1, memory_order_release) - 1;	-	cjump	O1-ftrapv|O2-ftrapv|O3-ftrapv|Ofast-ftrapv|Os-ftrapv|Oz-ftrapv
evp_keyexch_free	crypto/evp/exchange.c	64	77	    *ret = atomic_fetch_sub_explicit(&refcnt->val, 1, memory_order_release) - 1;	-	cjump	O1-ftrapv|O2-ftrapv|O3-ftrapv|Ofast-ftrapv
ossl_ecx_key_free	crypto/ec/ecx_key.c	64	77	    *ret = atomic_fetch_sub_explicit(&refcnt->val, 1, memory_order_release) - 1;	-	cjump	O1-ftrapv|O2-ftrapv|O3-ftrapv|Ofast-ftrapv|Os-ftrapv|Oz-ftrapv
EVP_SKEY_up_ref	crypto/evp/s_lib.c	41	77	    *ret = atomic_fetch_add_explicit(&refcnt->val, 1, memory_order_relaxed) + 1;	+	cjump	O1-ftrapv|O2-ftrapv|O3-ftrapv|Ofast-ftrapv|Os-ftrapv|Oz-ftrapv
evp_md_init_internal	crypto/evp/digest.c	64	77	    *ret = atomic_fetch_sub_explicit(&refcnt->val, 1, memory_order_release) - 1;	-	cjump	O1-ftrapv|O2-ftrapv|O3-ftrapv|Ofast-ftrapv
keymgmt_from_algorithm	crypto/evp/keymgmt_meth.c	64	77	    *ret = atomic_fetch_sub_explicit(&refcnt->val, 1, memory_order_release) - 1;	-	cjump	O1-ftrapv|O2-ftrapv|O3-ftrapv|Ofast-ftrapv
BIO_up_ref	crypto/bio/bio_lib.c	41	77	    *ret = atomic_fetch_add_explicit(&refcnt->val, 1, memory_order_relaxed) + 1;	+	cjump	O1-ftrapv|O2-ftrapv|O3-ftrapv|Ofast-ftrapv|Os-ftrapv|Oz-ftrapv
ossl_decoder_up_ref	crypto/encode_decode/decoder_meth.c	41	77	    *ret = atomic_fetch_add_explicit(&refcnt->val, 1, memory_order_relaxed) + 1;	+	cjump	O1-ftrapv|O2-ftrapv|O3-ftrapv|Ofast-ftrapv|Os-ftrapv|Oz-ftrapv
qc_try_create_default_xso_for_write	ssl/quic/quic_impl.c	64	77	    *ret = atomic_fetch_sub_explicit(&refcnt->val, 1, memory_order_release) - 1;	-	cjump	O1-ftrapv|O2-ftrapv|O3-ftrapv|Ofast-ftrapv
qc_wait_for_default_xso_for_read	ssl/quic/quic_impl.c	64	77	    *ret = atomic_fetch_sub_explicit(&refcnt->val, 1, memory_order_release) - 1;	-	cjump	O1-ftrapv|O2-ftrapv|O3-ftrapv|Ofast-ftrapv
X509_up_ref	crypto/x509/x509_set.c	41	77	    *ret = atomic_fetch_add_explicit(&refcnt->val, 1, memory_order_relaxed) + 1;	+	cjump	O1-ftrapv|O2-ftrapv|O3-ftrapv|Ofast-ftrapv|Os-ftrapv|Oz-ftrapv
SSL_free	ssl/ssl_lib.c	64	77	    *ret = atomic_fetch_sub_explicit(&refcnt->val, 1, memory_order_release) - 1;	-	cjump	O1-ftrapv|O2-ftrapv|O3-ftrapv|Ofast-ftrapv|Os-ftrapv|Oz-ftrapv
ossl_kdf_data_up_ref	providers/implementations/keymgmt/kdf_legacy_kmgmt.c	41	77	    *ret = atomic_fetch_add_explicit(&refcnt->val, 1, memory_order_relaxed) + 1;	+	cjump	O1-ftrapv|O2-ftrapv|O3-ftrapv|Ofast-ftrapv|Os-ftrapv|Oz-ftrapv
EVP_KEYMGMT_up_ref	crypto/evp/keymgmt_meth.c	41	77	    *ret = atomic_fetch_add_explicit(&refcnt->val, 1, memory_order_relaxed) + 1;	+	cjump	O1-ftrapv|O2-ftrapv|O3-ftrapv|Ofast-ftrapv|Os-ftrapv|Oz-ftrapv
ssl3_write_bytes	ssl/record/rec_layer_s3.c	433	15	        if (n / maxpipes >= split_send_fragment) {	/	mdiv	O1--fast-isel|O1--mips-mixed-16-32|O2--fast-isel|O2--mips-mixed-16-32|O3--fast-isel|O3--mips-mixed-16-32|Ofast--fast-isel|Ofast--mips-mixed-16-32|Os--fast-isel|Os--mips-mixed-16-32|Oz--fast-isel|Oz--mips-mixed-16-32
ossl_punycode_decode	crypto/punycode.c	179	15	        if (i / (written_out + 1) > maxint - n)	/	mdiv	O1--fast-isel|O1--mips-mixed-16-32|O2--fast-isel|O2--mips-mixed-16-32|O3--fast-isel|O3--mips-mixed-16-32|Ofast--fast-isel|Ofast--mips-mixed-16-32|Os--fast-isel|Os--mips-mixed-16-32|Oz--fast-isel|Oz--mips-mixed-16-32
HKDF_Expand	providers/implementations/kdfs/hkdf.c	631	17	    n = okm_len / dig_len;	/	mdiv	O1--fast-isel|O1--mips-mixed-16-32|O2--fast-isel|O2--mips-mixed-16-32|O3--fast-isel|O3--mips-mixed-16-32|Ofast--fast-isel|Ofast--mips-mixed-16-32|Os--fast-isel|Os--mips-mixed-16-32|Oz--fast-isel|Oz--mips-mixed-16-32
OPENSSL_LH_node_usage_stats_bio	crypto/lhash/lh_stats.c	125	28	               (int)(total / n_used), (int)((total % n_used) * 100 / n_used));	/	mdiv	O1--fast-isel|O1--mips-mixed-16-32|O2--fast-isel|O2--mips-mixed-16-32|O3--fast-isel|O3--mips-mixed-16-32|Ofast--fast-isel|Ofast--mips-mixed-16-32|Os--fast-isel|Os--mips-mixed-16-32|Oz--fast-isel|Oz--mips-mixed-16-32
OPENSSL_LH_node_usage_stats_bio	crypto/lhash/lh_stats.c	123	28	               (int)(total / lh->num_nodes),	/	mdiv	O1--fast-isel|O1--mips-mixed-16-32|O2--fast-isel|O2--mips-mixed-16-32|O3--fast-isel|O3--mips-mixed-16-32|Ofast--fast-isel|Ofast--mips-mixed-16-32|Os--fast-isel|Os--mips-mixed-16-32|Oz--fast-isel|Oz--mips-mixed-16-32
_ZL13internal_findP8stack_stPKviPi.__uniq.26509064418832375349948923391114101083	crypto/stack/stack.c	365	19	            *pnum = 0;	=	cjump	O1-fpseudo-probe-for-profiling|O2-fpseudo-probe-for-profiling|Os-fpseudo-probe-for-profiling|Oz-fpseudo-probe-for-profiling
BN_sub	crypto/bn/bn_add.c	114	15	        carry &= (t2 == 0);	&	cjump	O1--disable-select-optimize=false|O2--disable-select-optimize=false|O3--disable-select-optimize=false|Ofast--disable-select-optimize=false
ssl3_cbc_copy_mac	ssl/record/methods/tls_pad.c	291	23	        rotate_offset &= constant_time_lt_s(rotate_offset, mac_size);	&	cjump	O1--disable-select-optimize=false|O2--disable-select-optimize=false|O3--disable-select-optimize=false|Ofast--disable-select-optimize=false
ssl3_cbc_copy_mac	ssl/record/methods/tls_pad.c	270	11	        j &= constant_time_lt_s(j, mac_size);	&	cjump	O1--disable-select-optimize=false|O2--disable-select-optimize=false|O3--disable-select-optimize=false|Ofast--disable-select-optimize=false
ssl3_cbc_copy_mac	ssl/record/methods/tls_pad.c	267	16	        in_mac &= mac_ended;	&	cjump	O1--disable-select-optimize=false|O2--disable-select-optimize=false|O3--disable-select-optimize=false|Ofast--disable-select-optimize=false
BN_add	crypto/bn/bn_add.c	114	15	        carry &= (t2 == 0);	&	cjump	O1--disable-select-optimize=false|O2--disable-select-optimize=false|O3--disable-select-optimize=false|Ofast--disable-select-optimize=false
dhparam_main	apps/dhparam.c	267	49	                                                (informat == FORMAT_ASN1)	(	cjump	O1--disable-select-optimize=false
BN_uadd	crypto/bn/bn_add.c	114	15	        carry &= (t2 == 0);	&	cjump	O1--disable-select-optimize=false|O2--disable-select-optimize=false|O3--disable-select-optimize=false|Ofast--disable-select-optimize=false
ssl3_cbc_copy_mac	ssl/record/methods/tls_pad.c	355	48	    return (unsigned char)constant_time_select(mask, a, b);	m	cjump	O1--disable-select-optimize=false|O2--disable-select-optimize=false|O3--disable-select-optimize=false|Ofast--disable-select-optimize=false
setup_certs	apps/cmp.c	1056	10	    ok = (*set1_fn)(ctx, certs);	(	cjump	O1--attributor-enable=all|O1--attributor-enable=cgscc|O2--attributor-enable=all|O2--attributor-enable=cgscc|O3--attributor-enable=all|O3--attributor-enable=cgscc|Ofast--attributor-enable=all|Ofast--attributor-enable=cgscc|Os--attributor-enable=all|Os--attributor-enable=cgscc|Oz--attributor-enable=all|Oz--attributor-enable=cgscc
send_receive_check	crypto/cmp/cmp_client.c	186	12	    *rep = (*transfer_cb)(ctx, req);	(	cjump	O1--attributor-enable=all|O1--attributor-enable=cgscc|O1--attributor-enable=module|O2--attributor-enable=all|O2--attributor-enable=cgscc|O2--attributor-enable=module|O3--attributor-enable=all|O3--attributor-enable=cgscc|O3--attributor-enable=module|Ofast--attributor-enable=all|Ofast--attributor-enable=cgscc|Ofast--attributor-enable=module|Os--attributor-enable=all|Os--attributor-enable=cgscc|Os--attributor-enable=module|Oz--attributor-enable=all|Oz--attributor-enable=cgscc|Oz--attributor-enable=module
setup_cert	apps/cmp.c	1040	10	    ok = (*set1_fn)(ctx, cert);	(	cjump	O1--attributor-enable=all|O1--attributor-enable=cgscc|O2--attributor-enable=all|O2--attributor-enable=cgscc|O3--attributor-enable=all|O3--attributor-enable=cgscc|Ofast--attributor-enable=all|Ofast--attributor-enable=cgscc|Os--attributor-enable=all|Os--attributor-enable=cgscc|Oz--attributor-enable=all|Oz--attributor-enable=cgscc
ossl_curve448_scalar_halve	crypto/ec/curve448/scalar.c	233	55	        chain = (chain + a->limb[i]) + (sc_p->limb[i] & mask);	&	cjump	O1--enable-nontrivial-unswitch|O2--enable-nontrivial-unswitch
sh_actual_size	crypto/mem_sec.c	365	45	    bit = (ONE << list) + ((ptr - sh.arena) / (sh.arena_size >> list));	/	mdiv	O1--inline-call-penalty=0|O2--inline-call-penalty=0
CRYPTO_secure_malloc	crypto/mem_sec.c	365	45	    bit = (ONE << list) + ((ptr - sh.arena) / (sh.arena_size >> list));	/	mdiv	O1--inline-call-penalty=0|O1--inline-instr-cost=0|O2--inline-call-penalty=0|O2--inline-instr-cost=0
sh_free	crypto/mem_sec.c	365	45	    bit = (ONE << list) + ((ptr - sh.arena) / (sh.arena_size >> list));	/	mdiv	O1--inline-call-penalty=0|O1--inline-instr-cost=0|O2--inline-call-penalty=0|O2--inline-instr-cost=0
safe_div_round_up_int	crypto/evp/evp_enc.c	31	1	OSSL_SAFE_MATH_SIGNED(int, int)	O	mdiv	O1--fast-isel|O1-finstrument-functions|O2-finstrument-functions|O3-finstrument-functions|Ofast-finstrument-functions|Os-finstrument-functions|Oz-finstrument-functions
safe_mod_int	crypto/evp/evp_enc.c	31	1	OSSL_SAFE_MATH_SIGNED(int, int)	O	mdiv	O1-finstrument-functions|O2-finstrument-functions|O3-finstrument-functions|Ofast-finstrument-functions|Os-finstrument-functions|Oz-finstrument-functions
safe_div_int	crypto/stack/stack.c	18	1	OSSL_SAFE_MATH_SIGNED(int, int)	O	mdiv	O1-finstrument-functions|O2-finstrument-functions|O3-finstrument-functions|Ofast-finstrument-functions|Os-finstrument-functions
safe_div_int	crypto/evp/evp_enc.c	31	1	OSSL_SAFE_MATH_SIGNED(int, int)	O	mdiv	O1-finstrument-functions|O2-finstrument-functions|O3-finstrument-functions|Ofast-finstrument-functions|Os-finstrument-functions|Oz-finstrument-functions
safe_muldiv_int	crypto/stack/stack.c	18	1	OSSL_SAFE_MATH_SIGNED(int, int)	O	mdiv	O1-finstrument-functions|O2-finstrument-functions|O3-finstrument-functions|Ofast-finstrument-functions|Os-finstrument-functions
safe_mod_int	crypto/stack/stack.c	18	1	OSSL_SAFE_MATH_SIGNED(int, int)	O	mdiv	O1-finstrument-functions|O2-finstrument-functions|O3-finstrument-functions|Ofast-finstrument-functions|Os-finstrument-functions
safe_muldiv_size_t	ssl/priority_queue.c	17	1	OSSL_SAFE_MATH_UNSIGNED(size_t, size_t)	O	mdiv	O1-finstrument-functions|O2-finstrument-functions|O3-finstrument-functions|Ofast-finstrument-functions|Os-finstrument-functions
safe_muldiv_size_t	crypto/bio/bss_dgram_pair.c	18	1	OSSL_SAFE_MATH_UNSIGNED(size_t, size_t)	O	mdiv	O1-finstrument-functions|O2-finstrument-functions|O3-finstrument-functions|Ofast-finstrument-functions|Os-finstrument-functions
RSA_padding_check_PKCS1_type_2	crypto/rsa/rsa_pk1.c	341	38	    return (value_barrier(mask) & a) | (value_barrier(~mask) & b);	|	mmem	O1--attributor-enable=all|O1--attributor-enable=module|O2--attributor-enable=all|O2--attributor-enable=module|O3--attributor-enable=all|O3--attributor-enable=module|Ofast--attributor-enable=all|Ofast--attributor-enable=module|Os--attributor-enable=all|Os--attributor-enable=module|Oz--attributor-enable=all|Oz--attributor-enable=module
sa_doall	crypto/sparse_array.c	93	21	                    (*leaf)(idx, p[n], arg);	(	cjump	O1--attributor-enable=all|O1--attributor-enable=module|O2--attributor-enable=all|O2--attributor-enable=module|Os--attributor-enable=all|Os--attributor-enable=module|Oz--attributor-enable=all|Oz--attributor-enable=module
dtls1_start_timer	ssl/d1_lib.c	110	43	    tv.tv_usec = (t.t % OSSL_TIME_SECOND) / OSSL_TIME_US;	/	cjump	O1--expand-div-rem-bits=0|O1--expand-div-rem-bits=50|O2--expand-div-rem-bits=0|O3--expand-div-rem-bits=0|Ofast--expand-div-rem-bits=0
SCT_print	crypto/ct/ct_prn.c	38	53	                             (timestamp % 86400000) / 1000);	/	cjump	O1--expand-div-rem-bits=0|O1--expand-div-rem-bits=50|O2--expand-div-rem-bits=0|O3--expand-div-rem-bits=0|Ofast--expand-div-rem-bits=0|Os--expand-div-rem-bits=0|Oz--expand-div-rem-bits=0
kmac_init	providers/implementations/macs/kmac_prov.c	632	28	    sz = (len + w - 1) / w * w;	*	cjump	O1--expand-div-rem-bits=0|O2--expand-div-rem-bits=0|O3--expand-div-rem-bits=0|Ofast--expand-div-rem-bits=0|Os--expand-div-rem-bits=0
sh_free	crypto/mem_sec.c	623	44	    bit = (ONE << list) + (ptr - sh.arena) / (sh.arena_size >> list);	/	cjump	O1--expand-div-rem-bits=0|O2--expand-div-rem-bits=0|O3--expand-div-rem-bits=0|Ofast--expand-div-rem-bits=0
kdf_pkcs12_derive	providers/implementations/kdfs/pkcs12kdf.c	113	25	            B[j] = Ai[j % u];	%	cjump	O1--expand-div-rem-bits=0|O2--expand-div-rem-bits=0|O3--expand-div-rem-bits=0|Ofast--expand-div-rem-bits=0|Os--expand-div-rem-bits=0|Oz--expand-div-rem-bits=0
OSSL_HTTP_proxy_connect	crypto/http/http_client.c	1406	17	    outl = (len / 3);	/	cjump	O1--expand-div-rem-bits=0|O2--expand-div-rem-bits=0|O3--expand-div-rem-bits=0|Ofast--expand-div-rem-bits=0|Os--expand-div-rem-bits=0|Oz--expand-div-rem-bits=0
dtls1_stop_timer	ssl/d1_lib.c	108	30	    tv.tv_sec = (time_t)(t.t / OSSL_TIME_SECOND);	/	cjump	O1--expand-div-rem-bits=0|O1--expand-div-rem-bits=50
CRYPTO_secure_malloc_init	crypto/mem_sec.c	473	39	    sh.bittable_size = (sh.arena_size / sh.minsize) * 2;	/	cjump	O1--expand-div-rem-bits=0|O2--expand-div-rem-bits=0|O3--expand-div-rem-bits=0|Ofast--expand-div-rem-bits=0|Os--expand-div-rem-bits=0|Oz--expand-div-rem-bits=0
SSL_SESSION_get_time_ex	ssl/ssl_sess.c	132	25	    return (time_t)(t.t / OSSL_TIME_SECOND);	/	cjump	O1--expand-div-rem-bits=0|O1--expand-div-rem-bits=50|O2--expand-div-rem-bits=0|O2--expand-div-rem-bits=50|O3--expand-div-rem-bits=0|O3--expand-div-rem-bits=50|Ofast--expand-div-rem-bits=0|Ofast--expand-div-rem-bits=50|Os--expand-div-rem-bits=0|Os--expand-div-rem-bits=50|Oz--expand-div-rem-bits=0|Oz--expand-div-rem-bits=50
OPENSSL_LH_delete	crypto/lhash/lhash.c	335	19	        nn = hash % lh->num_alloc_nodes;	%	cjump	O1--expand-div-rem-bits=0|O2--expand-div-rem-bits=0|O3--expand-div-rem-bits=0|Ofast--expand-div-rem-bits=0
kdf_pkcs12_derive	providers/implementations/kdfs/pkcs12kdf.c	90	23	        *p++ = salt[i % saltlen];	%	cjump	O1--expand-div-rem-bits=0|O2--expand-div-rem-bits=0|O3--expand-div-rem-bits=0|Ofast--expand-div-rem-bits=0|Os--expand-div-rem-bits=0|Oz--expand-div-rem-bits=0
SSL_SESSION_print	ssl/ssl_txt.c	132	25	    return (time_t)(t.t / OSSL_TIME_SECOND);	/	cjump	O1--expand-div-rem-bits=0|O1--expand-div-rem-bits=50|O2--expand-div-rem-bits=0|O2--expand-div-rem-bits=50|O3--expand-div-rem-bits=0|O3--expand-div-rem-bits=50|Ofast--expand-div-rem-bits=0|Ofast--expand-div-rem-bits=50|Os--expand-div-rem-bits=0|Os--expand-div-rem-bits=50|Oz--expand-div-rem-bits=0|Oz--expand-div-rem-bits=50
ossl_punycode_decode	crypto/punycode.c	57	45	    return k + (((base - tmin + 1) * delta) / (delta + skew));	/	cjump	O1--expand-div-rem-bits=0|O2--expand-div-rem-bits=0|O3--expand-div-rem-bits=0|Ofast--expand-div-rem-bits=0|Os--expand-div-rem-bits=0|Oz--expand-div-rem-bits=0
SCT_print	crypto/ct/ct_prn.c	44	71	                 ASN1_STRING_get0_data(gen), (unsigned int)(timestamp % 1000));	%	cjump	O1--expand-div-rem-bits=0|O1--expand-div-rem-bits=50|O2--expand-div-rem-bits=0|O2--expand-div-rem-bits=50|O3--expand-div-rem-bits=0|O3--expand-div-rem-bits=50|Ofast--expand-div-rem-bits=0|Ofast--expand-div-rem-bits=50|Os--expand-div-rem-bits=0|Os--expand-div-rem-bits=50|Oz--expand-div-rem-bits=0|Oz--expand-div-rem-bits=50
OPENSSL_gmtime_adj	crypto/o_time.c	196	25	    *d = L - (2447 * j) / 80;	/	cjump	O1--expand-div-rem-bits=0|O2--expand-div-rem-bits=0|O3--expand-div-rem-bits=0|Ofast--expand-div-rem-bits=0|Os--expand-div-rem-bits=0|Oz--expand-div-rem-bits=0
i2d_SSL_SESSION	ssl/ssl_asn1.c	132	25	    return (time_t)(t.t / OSSL_TIME_SECOND);	/	cjump	O1--expand-div-rem-bits=0|O1--expand-div-rem-bits=50|O2--expand-div-rem-bits=0|O2--expand-div-rem-bits=50|O3--expand-div-rem-bits=0|O3--expand-div-rem-bits=50|Ofast--expand-div-rem-bits=0|Ofast--expand-div-rem-bits=50|Os--expand-div-rem-bits=0|Os--expand-div-rem-bits=50|Oz--expand-div-rem-bits=0|Oz--expand-div-rem-bits=50
OPENSSL_LH_insert	crypto/lhash/lhash.c	335	19	        nn = hash % lh->num_alloc_nodes;	%	cjump	O1--expand-div-rem-bits=0|O2--expand-div-rem-bits=0|O3--expand-div-rem-bits=0|Ofast--expand-div-rem-bits=0
dgram_read	crypto/bio/bss_dgram.c	108	30	    tv.tv_sec = (time_t)(t.t / OSSL_TIME_SECOND);	/	cjump	O1--expand-div-rem-bits=0|O1--expand-div-rem-bits=50|O2--expand-div-rem-bits=0|O2--expand-div-rem-bits=50|O3--expand-div-rem-bits=0|O3--expand-div-rem-bits=50|Ofast--expand-div-rem-bits=0|Ofast--expand-div-rem-bits=50|Os--expand-div-rem-bits=0|Os--expand-div-rem-bits=50|Oz--expand-div-rem-bits=0|Oz--expand-div-rem-bits=50
OPENSSL_gmtime_diff	crypto/o_time.c	183	42	        (3 * ((y + 4900 + (m - 14) / 12) / 100)) / 4 + d - 32075;	/	cjump	O1--expand-div-rem-bits=0|O2--expand-div-rem-bits=0|O3--expand-div-rem-bits=0|Ofast--expand-div-rem-bits=0
def_time_cb	crypto/ts/ts_rsp_sign.c	110	43	    tv.tv_usec = (t.t % OSSL_TIME_SECOND) / OSSL_TIME_US;	/	cjump	O1--expand-div-rem-bits=0|O1--expand-div-rem-bits=50|O2--expand-div-rem-bits=0|O3--expand-div-rem-bits=0|Ofast--expand-div-rem-bits=0|Os--expand-div-rem-bits=0|Oz--expand-div-rem-bits=0
kmac_setkey	providers/implementations/macs/kmac_prov.c	632	28	    sz = (len + w - 1) / w * w;	*	cjump	O1--expand-div-rem-bits=0|O2--expand-div-rem-bits=0|O3--expand-div-rem-bits=0|Ofast--expand-div-rem-bits=0
IDEA_set_decrypt_key	crypto/idea/i_skey.c	104	21	            r = (n1 % n2);	%	cjump	O1--expand-div-rem-bits=0|O2--expand-div-rem-bits=0|O3--expand-div-rem-bits=0|Ofast--expand-div-rem-bits=0|Os--expand-div-rem-bits=0
SSL_SESSION_get_time	ssl/ssl_sess.c	132	25	    return (time_t)(t.t / OSSL_TIME_SECOND);	/	cjump	O1--expand-div-rem-bits=0|O1--expand-div-rem-bits=50|O2--expand-div-rem-bits=0|O2--expand-div-rem-bits=50|O3--expand-div-rem-bits=0|O3--expand-div-rem-bits=50|Ofast--expand-div-rem-bits=0|Ofast--expand-div-rem-bits=50|Os--expand-div-rem-bits=0|Os--expand-div-rem-bits=50
OPENSSL_gmtime_adj	crypto/o_time.c	182	48	        (367 * (m - 2 - 12 * ((m - 14) / 12))) / 12 -	/	cjump	O1--expand-div-rem-bits=0|O2--expand-div-rem-bits=0|O3--expand-div-rem-bits=0|Ofast--expand-div-rem-bits=0
dtls1_ctrl	ssl/d1_lib.c	110	43	    tv.tv_usec = (t.t % OSSL_TIME_SECOND) / OSSL_TIME_US;	/	cjump	O1--expand-div-rem-bits=0|O1--expand-div-rem-bits=50|O2--expand-div-rem-bits=0|O3--expand-div-rem-bits=0|Ofast--expand-div-rem-bits=0|Oz--expand-div-rem-bits=0
SCT_print	crypto/ct/ct_prn.c	37	46	                             (int)(timestamp / 86400000),	/	cjump	O1--expand-div-rem-bits=0|O1--expand-div-rem-bits=50|O2--expand-div-rem-bits=0|O2--expand-div-rem-bits=50|O3--expand-div-rem-bits=0|O3--expand-div-rem-bits=50|Ofast--expand-div-rem-bits=0|Ofast--expand-div-rem-bits=50|Os--expand-div-rem-bits=0|Os--expand-div-rem-bits=50|Oz--expand-div-rem-bits=0|Oz--expand-div-rem-bits=50
read_internal	ssl/quic/quic_rstream.c	155	26	    idx = logical_offset % r->alloc;	%	cjump	O1--expand-div-rem-bits=0|O1--expand-div-rem-bits=50|O2--expand-div-rem-bits=0|O2--expand-div-rem-bits=50|O3--expand-div-rem-bits=0|O3--expand-div-rem-bits=50|Ofast--expand-div-rem-bits=0|Ofast--expand-div-rem-bits=50|Os--expand-div-rem-bits=0|Os--expand-div-rem-bits=50
ossl_asn1_time_to_tm	crypto/asn1/a_time.c	73	33	    tm->tm_wday = (d + (13 * m) / 5 + y + y / 4 + c / 4 + 5 * c + 6) % 7;	/	cjump	O1--expand-div-rem-bits=0|O2--expand-div-rem-bits=0|O3--expand-div-rem-bits=0|Ofast--expand-div-rem-bits=0|Os--expand-div-rem-bits=0|Oz--expand-div-rem-bits=0
OPENSSL_gmtime_diff	crypto/o_time.c	181	41	    return (1461 * (y + 4800 + (m - 14) / 12)) / 4 +	/	cjump	O1--expand-div-rem-bits=0|O2--expand-div-rem-bits=0|O3--expand-div-rem-bits=0|Ofast--expand-div-rem-bits=0
ossl_asn1_time_to_tm	crypto/asn1/a_time.c	71	7	    y %= 100;	%	cjump	O1--expand-div-rem-bits=0|O2--expand-div-rem-bits=0|O3--expand-div-rem-bits=0|Ofast--expand-div-rem-bits=0|Os--expand-div-rem-bits=0|Oz--expand-div-rem-bits=0
ossl_ifc_ffc_compute_security_bits	crypto/rsa/rsa_lib.c	301	31	    r = (r * (uint64_t)scale) / log_e;	/	cjump	O1--expand-div-rem-bits=0|O1--expand-div-rem-bits=50|O2--expand-div-rem-bits=0|O2--expand-div-rem-bits=50|O3--expand-div-rem-bits=0|O3--expand-div-rem-bits=50|Ofast--expand-div-rem-bits=0|Ofast--expand-div-rem-bits=50|Os--expand-div-rem-bits=0|Os--expand-div-rem-bits=50|Oz--expand-div-rem-bits=0|Oz--expand-div-rem-bits=50
OPENSSL_gmtime_adj	crypto/o_time.c	189	22	    long n = (4 * L) / 146097;	/	cjump	O1--expand-div-rem-bits=0|O2--expand-div-rem-bits=0|O3--expand-div-rem-bits=0|Ofast--expand-div-rem-bits=0|Os--expand-div-rem-bits=0|Oz--expand-div-rem-bits=0
ossl_quic_rstream_get_record	ssl/quic/quic_rstream.c	155	26	    idx = logical_offset % r->alloc;	%	cjump	O1--expand-div-rem-bits=0|O1--expand-div-rem-bits=50|O2--expand-div-rem-bits=0|O2--expand-div-rem-bits=50|O3--expand-div-rem-bits=0|O3--expand-div-rem-bits=50|Ofast--expand-div-rem-bits=0|Ofast--expand-div-rem-bits=50|Os--expand-div-rem-bits=0|Os--expand-div-rem-bits=50
kdf_pkcs12_derive	providers/implementations/kdfs/pkcs12kdf.c	77	14	    Slen = v * ((saltlen + v - 1) / v);	*	cjump	O1--expand-div-rem-bits=0|O2--expand-div-rem-bits=0|O3--expand-div-rem-bits=0|Ofast--expand-div-rem-bits=0|Os--expand-div-rem-bits=0|Oz--expand-div-rem-bits=0
krb5kdf_derive	providers/implementations/kdfs/krb5kdf.c	307	36	    lcm = blocksize * constant_len / gcd;	/	cjump	O1--expand-div-rem-bits=0|O2--expand-div-rem-bits=0|O3--expand-div-rem-bits=0|Ofast--expand-div-rem-bits=0|Os--expand-div-rem-bits=0|Oz--expand-div-rem-bits=0
OPENSSL_gmtime_diff	crypto/o_time.c	182	48	        (367 * (m - 2 - 12 * ((m - 14) / 12))) / 12 -	/	cjump	O1--expand-div-rem-bits=0|O2--expand-div-rem-bits=0|O3--expand-div-rem-bits=0|Ofast--expand-div-rem-bits=0
OPENSSL_LH_insert	crypto/lhash/lhash.c	333	15	    nn = hash % lh->pmax;	%	cjump	O1--expand-div-rem-bits=0|O2--expand-div-rem-bits=0|O3--expand-div-rem-bits=0|Ofast--expand-div-rem-bits=0
OPENSSL_gmtime_adj	crypto/o_time.c	193	26	    i = (4000 * (L + 1)) / 1461001;	/	cjump	O1--expand-div-rem-bits=0|O2--expand-div-rem-bits=0|O3--expand-div-rem-bits=0|Ofast--expand-div-rem-bits=0|Os--expand-div-rem-bits=0|Oz--expand-div-rem-bits=0
sh_actual_size	crypto/mem_sec.c	347	51	    size_t bit = (sh.arena_size + ptr - sh.arena) / sh.minsize;	/	cjump	O1--expand-div-rem-bits=0|O2--expand-div-rem-bits=0|O3--expand-div-rem-bits=0|Ofast--expand-div-rem-bits=0
kdf_pkcs12_derive	providers/implementations/kdfs/pkcs12kdf.c	92	23	        *p++ = pass[i % passlen];	%	cjump	O1--expand-div-rem-bits=0|O2--expand-div-rem-bits=0|O3--expand-div-rem-bits=0|Ofast--expand-div-rem-bits=0|Os--expand-div-rem-bits=0|Oz--expand-div-rem-bits=0
dgram_read	crypto/bio/bss_dgram.c	110	43	    tv.tv_usec = (t.t % OSSL_TIME_SECOND) / OSSL_TIME_US;	/	cjump	O1--expand-div-rem-bits=0|O1--expand-div-rem-bits=50|O2--expand-div-rem-bits=0|O3--expand-div-rem-bits=0|Ofast--expand-div-rem-bits=0|Os--expand-div-rem-bits=0|Oz--expand-div-rem-bits=0
ossl_synchronize_rcu	crypto/threads_pthread.c	400	39	        (lock->current_alloc_idx + 1) % lock->group_count;	%	cjump	O1--expand-div-rem-bits=0|O2--expand-div-rem-bits=0|O3--expand-div-rem-bits=0|Ofast--expand-div-rem-bits=0|Os--expand-div-rem-bits=0|Oz--expand-div-rem-bits=0
CRYPTO_secure_malloc	crypto/mem_sec.c	623	44	    bit = (ONE << list) + (ptr - sh.arena) / (sh.arena_size >> list);	/	cjump	O1--expand-div-rem-bits=0|O2--expand-div-rem-bits=0|O3--expand-div-rem-bits=0|Ofast--expand-div-rem-bits=0
OPENSSL_LH_retrieve	crypto/lhash/lhash.c	335	19	        nn = hash % lh->num_alloc_nodes;	%	cjump	O1--expand-div-rem-bits=0|O2--expand-div-rem-bits=0|O3--expand-div-rem-bits=0|Ofast--expand-div-rem-bits=0
krb5kdf_derive	providers/implementations/kdfs/krb5kdf.c	302	19	        tmp = gcd % remainder;	%	cjump	O1--expand-div-rem-bits=0|O2--expand-div-rem-bits=0|O3--expand-div-rem-bits=0|Ofast--expand-div-rem-bits=0|Os--expand-div-rem-bits=0|Oz--expand-div-rem-bits=0
kmac_init	providers/implementations/macs/kmac_prov.c	612	37	        *out_len = (sz + w - 1) / w * w;	*	cjump	O1--expand-div-rem-bits=0|O2--expand-div-rem-bits=0|O3--expand-div-rem-bits=0|Ofast--expand-div-rem-bits=0|Os--expand-div-rem-bits=0|Oz--expand-div-rem-bits=0
SSL_SESSION_get_timeout	ssl/ssl_sess.c	132	25	    return (time_t)(t.t / OSSL_TIME_SECOND);	/	cjump	O1--expand-div-rem-bits=0|O1--expand-div-rem-bits=50|O2--expand-div-rem-bits=0|O2--expand-div-rem-bits=50|O3--expand-div-rem-bits=0|O3--expand-div-rem-bits=50|Ofast--expand-div-rem-bits=0|Ofast--expand-div-rem-bits=50|Os--expand-div-rem-bits=0|Os--expand-div-rem-bits=50|Oz--expand-div-rem-bits=0|Oz--expand-div-rem-bits=50
ossl_punycode_decode	crypto/punycode.c	50	27	    delta = delta + delta / numpoints;	/	cjump	O1--expand-div-rem-bits=0|O2--expand-div-rem-bits=0|O3--expand-div-rem-bits=0|Ofast--expand-div-rem-bits=0|Os--expand-div-rem-bits=0|Oz--expand-div-rem-bits=0
OPENSSL_gmtime_adj	crypto/o_time.c	183	42	        (3 * ((y + 4900 + (m - 14) / 12) / 100)) / 4 + d - 32075;	/	cjump	O1--expand-div-rem-bits=0|O2--expand-div-rem-bits=0|O3--expand-div-rem-bits=0|Ofast--expand-div-rem-bits=0
dtls1_start_timer	ssl/d1_lib.c	108	30	    tv.tv_sec = (time_t)(t.t / OSSL_TIME_SECOND);	/	cjump	O1--expand-div-rem-bits=0|O1--expand-div-rem-bits=50|O2--expand-div-rem-bits=0|O2--expand-div-rem-bits=50|O3--expand-div-rem-bits=0|O3--expand-div-rem-bits=50|Ofast--expand-div-rem-bits=0|Ofast--expand-div-rem-bits=50
kdf_pkcs12_derive	providers/implementations/kdfs/pkcs12kdf.c	79	18	        Plen = v * ((passlen + v - 1) / v);	*	cjump	O1--expand-div-rem-bits=0|O2--expand-div-rem-bits=0|O3--expand-div-rem-bits=0|Ofast--expand-div-rem-bits=0|Os--expand-div-rem-bits=0
ossl_quic_sstream_append	ssl/quic/quic_sstream.c	131	30	        idx = r->head_offset % r->alloc;	%	cjump	O1--expand-div-rem-bits=0|O1--expand-div-rem-bits=50|O2--expand-div-rem-bits=0|O2--expand-div-rem-bits=50|O3--expand-div-rem-bits=0|O3--expand-div-rem-bits=50|Ofast--expand-div-rem-bits=0|Ofast--expand-div-rem-bits=50|Os--expand-div-rem-bits=0|Os--expand-div-rem-bits=50
ossl_asn1_time_to_tm	crypto/asn1/a_time.c	73	70	    tm->tm_wday = (d + (13 * m) / 5 + y + y / 4 + c / 4 + 5 * c + 6) % 7;	%	cjump	O1--expand-div-rem-bits=0|O2--expand-div-rem-bits=0|O3--expand-div-rem-bits=0|Ofast--expand-div-rem-bits=0|Os--expand-div-rem-bits=0|Oz--expand-div-rem-bits=0
OPENSSL_LH_delete	crypto/lhash/lhash.c	333	15	    nn = hash % lh->pmax;	%	cjump	O1--expand-div-rem-bits=0|O2--expand-div-rem-bits=0|O3--expand-div-rem-bits=0|Ofast--expand-div-rem-bits=0
OPENSSL_LH_retrieve	crypto/lhash/lhash.c	333	15	    nn = hash % lh->pmax;	%	cjump	O1--expand-div-rem-bits=0|O2--expand-div-rem-bits=0|O3--expand-div-rem-bits=0|Ofast--expand-div-rem-bits=0
kmac_setkey	providers/implementations/macs/kmac_prov.c	612	37	        *out_len = (sz + w - 1) / w * w;	*	cjump	O1--expand-div-rem-bits=0|O2--expand-div-rem-bits=0|O3--expand-div-rem-bits=0|Ofast--expand-div-rem-bits=0
dtls1_stop_timer	ssl/d1_lib.c	110	43	    tv.tv_usec = (t.t % OSSL_TIME_SECOND) / OSSL_TIME_US;	/	cjump	O1--expand-div-rem-bits=0|O1--expand-div-rem-bits=50
ossl_sha3_squeeze	crypto/sha/sha3.c	192	19	        len = bsz * (outlen / bsz);	*	cjump	O1--expand-div-rem-bits=0|O2--expand-div-rem-bits=0|O3--expand-div-rem-bits=0|Ofast--expand-div-rem-bits=0|Os--expand-div-rem-bits=0|Oz--expand-div-rem-bits=0
DH_generate_parameters_ex	crypto/dh/dh_gen.c	225	31	                   + 24) / 25 * 25;	*	cjump	O1--expand-div-rem-bits=0|O2--expand-div-rem-bits=0|O3--expand-div-rem-bits=0|Ofast--expand-div-rem-bits=0|Os--expand-div-rem-bits=0|Oz--expand-div-rem-bits=0
sh_free	crypto/mem_sec.c	347	51	    size_t bit = (sh.arena_size + ptr - sh.arena) / sh.minsize;	/	cjump	O1--expand-div-rem-bits=0|O2--expand-div-rem-bits=0|O3--expand-div-rem-bits=0|Ofast--expand-div-rem-bits=0
dtls1_ctrl	ssl/d1_lib.c	108	30	    tv.tv_sec = (time_t)(t.t / OSSL_TIME_SECOND);	/	cjump	O1--expand-div-rem-bits=0|O1--expand-div-rem-bits=50|O2--expand-div-rem-bits=0|O2--expand-div-rem-bits=50|O3--expand-div-rem-bits=0|O3--expand-div-rem-bits=50|Ofast--expand-div-rem-bits=0|Ofast--expand-div-rem-bits=50|Oz--expand-div-rem-bits=0|Oz--expand-div-rem-bits=50
ossl_quic_get_event_timeout	ssl/quic/quic_impl.c	110	43	    tv.tv_usec = (t.t % OSSL_TIME_SECOND) / OSSL_TIME_US;	/	cjump	O1--expand-div-rem-bits=0|O1--expand-div-rem-bits=50|O2--expand-div-rem-bits=0|O3--expand-div-rem-bits=0|Ofast--expand-div-rem-bits=0|Os--expand-div-rem-bits=0|Oz--expand-div-rem-bits=0
ssl3_mac	ssl/record/methods/ssl3_meth.c	235	27	    npad = (48 / md_size) * md_size;	*	cjump	O1--expand-div-rem-bits=0|O2--expand-div-rem-bits=0|O3--expand-div-rem-bits=0|Ofast--expand-div-rem-bits=0|Os--expand-div-rem-bits=0|Oz--expand-div-rem-bits=0
ossl_quic_sstream_mark_acked	ssl/quic/quic_sstream.c	209	38	        size_t idx = r->ctail_offset % r->alloc;	%	cjump	O1--expand-div-rem-bits=0|O1--expand-div-rem-bits=50|O2--expand-div-rem-bits=0|O2--expand-div-rem-bits=50|O3--expand-div-rem-bits=0|O3--expand-div-rem-bits=50|Ofast--expand-div-rem-bits=0|Ofast--expand-div-rem-bits=50|Os--expand-div-rem-bits=0|Os--expand-div-rem-bits=50|Oz--expand-div-rem-bits=0|Oz--expand-div-rem-bits=50
def_time_cb	crypto/ts/ts_rsp_sign.c	108	30	    tv.tv_sec = (time_t)(t.t / OSSL_TIME_SECOND);	/	cjump	O1--expand-div-rem-bits=0|O1--expand-div-rem-bits=50|O2--expand-div-rem-bits=0|O2--expand-div-rem-bits=50|O3--expand-div-rem-bits=0|O3--expand-div-rem-bits=50|Ofast--expand-div-rem-bits=0|Ofast--expand-div-rem-bits=50|Os--expand-div-rem-bits=0|Os--expand-div-rem-bits=50|Oz--expand-div-rem-bits=0|Oz--expand-div-rem-bits=50
krb5kdf_derive	providers/implementations/kdfs/krb5kdf.c	318	15	        b = l % blocksize;	%	cjump	O1--expand-div-rem-bits=0|O2--expand-div-rem-bits=0|O3--expand-div-rem-bits=0|Ofast--expand-div-rem-bits=0|Os--expand-div-rem-bits=0|Oz--expand-div-rem-bits=0
ossl_asn1_time_to_tm	crypto/asn1/a_time.c	73	53	    tm->tm_wday = (d + (13 * m) / 5 + y + y / 4 + c / 4 + 5 * c + 6) % 7;	/	cjump	O1--expand-div-rem-bits=0|O2--expand-div-rem-bits=0|O3--expand-div-rem-bits=0|Ofast--expand-div-rem-bits=0|Os--expand-div-rem-bits=0|Oz--expand-div-rem-bits=0
fill_segment	providers/implementations/kdfs/argon2.c	461	37	    abs_pos = (start_pos + rel_pos) % ctx->lane_length;	%	cjump	O1--expand-div-rem-bits=0|O1--expand-div-rem-bits=50|O2--expand-div-rem-bits=0|O2--expand-div-rem-bits=50|O3--expand-div-rem-bits=0|O3--expand-div-rem-bits=50|Ofast--expand-div-rem-bits=0|Ofast--expand-div-rem-bits=50|Os--expand-div-rem-bits=0|Os--expand-div-rem-bits=50|Oz--expand-div-rem-bits=0|Oz--expand-div-rem-bits=50
OPENSSL_gmtime_adj	crypto/o_time.c	140	29	    offset_day = offset_sec / SECS_PER_DAY;	/	cjump	O1--expand-div-rem-bits=0|O2--expand-div-rem-bits=0|O3--expand-div-rem-bits=0|Ofast--expand-div-rem-bits=0
ossl_quic_get_event_timeout	ssl/quic/quic_impl.c	108	30	    tv.tv_sec = (time_t)(t.t / OSSL_TIME_SECOND);	/	cjump	O1--expand-div-rem-bits=0|O1--expand-div-rem-bits=50|O2--expand-div-rem-bits=0|O2--expand-div-rem-bits=50|O3--expand-div-rem-bits=0|O3--expand-div-rem-bits=50|Ofast--expand-div-rem-bits=0|Ofast--expand-div-rem-bits=50|Os--expand-div-rem-bits=0|Os--expand-div-rem-bits=50|Oz--expand-div-rem-bits=0|Oz--expand-div-rem-bits=50
ossl_punycode_decode	crypto/punycode.c	53	23	        delta = delta / (base - tmin);	/	cjump	O1--expand-div-rem-bits=0|O2--expand-div-rem-bits=0|O3--expand-div-rem-bits=0|Ofast--expand-div-rem-bits=0|Os--expand-div-rem-bits=0|Oz--expand-div-rem-bits=0
OPENSSL_gmtime_adj	crypto/o_time.c	197	11	    L = j / 11;	/	cjump	O1--expand-div-rem-bits=0|O2--expand-div-rem-bits=0|O3--expand-div-rem-bits=0|Ofast--expand-div-rem-bits=0|Os--expand-div-rem-bits=0|Oz--expand-div-rem-bits=0
OPENSSL_gmtime_adj	crypto/o_time.c	195	18	    j = (80 * L) / 2447;	/	cjump	O1--expand-div-rem-bits=0|O2--expand-div-rem-bits=0|O3--expand-div-rem-bits=0|Ofast--expand-div-rem-bits=0|Os--expand-div-rem-bits=0|Oz--expand-div-rem-bits=0
ossl_asn1_time_to_tm	crypto/asn1/a_time.c	70	11	    c = y / 100;	/	cjump	O1--expand-div-rem-bits=0|O2--expand-div-rem-bits=0|O3--expand-div-rem-bits=0|Ofast--expand-div-rem-bits=0|Os--expand-div-rem-bits=0|Oz--expand-div-rem-bits=0
OPENSSL_gmtime_adj	crypto/o_time.c	181	41	    return (1461 * (y + 4800 + (m - 14) / 12)) / 4 +	/	cjump	O1--expand-div-rem-bits=0|O2--expand-div-rem-bits=0|O3--expand-div-rem-bits=0|Ofast--expand-div-rem-bits=0
ossl_cms_RecipientInfo_pwri_crypt	crypto/cms/cms_pwri.c	271	10	    olen *= blocklen;	*	cjump	O1--expand-div-rem-bits=0|O2--expand-div-rem-bits=0|O3--expand-div-rem-bits=0|Ofast--expand-div-rem-bits=0|Os--expand-div-rem-bits=0
kek_wrap_key	crypto/cms/cms_pwri.c	271	10	    olen *= blocklen;	*	cjump	O1--expand-div-rem-bits=0|O2--expand-div-rem-bits=0|O3--expand-div-rem-bits=0|Ofast--expand-div-rem-bits=0|Os--expand-div-rem-bits=0|Oz--expand-div-rem-bits=0
IDEA_set_decrypt_key	crypto/idea/i_skey.c	105	26	            q = (n1 - r) / n2;	/	cjump	O1--expand-div-rem-bits=0|O2--expand-div-rem-bits=0|O3--expand-div-rem-bits=0|Ofast--expand-div-rem-bits=0|Os--expand-div-rem-bits=0
internal_find	crypto/stack/stack.c	365	19	            *pnum = 0;	=	cjump	O1--sroa-skip-mem2reg|O2--jump-threading-across-loop-headers|O2--sroa-skip-mem2reg|Os--jump-threading-across-loop-headers|Os--sroa-skip-mem2reg|Oz--jump-threading-across-loop-headers
dtls_get_more_records	ssl/record/methods/dtls_meth.c	72	25	            bitmap->map <<= shift, bitmap->map |= 1UL;	<	mmem	O1--sroa-skip-mem2reg
RSA_generate_multi_prime_key	crypto/rsa/rsa_gen.c	322	16	    rmd = bits % primes;	%	mdiv	O1--sroa-skip-mem2reg|O2--sroa-skip-mem2reg|O3--sroa-skip-mem2reg|Ofast--sroa-skip-mem2reg|Os--sroa-skip-mem2reg|Oz--sroa-skip-mem2reg
CRYPTO_secure_free	crypto/mem_sec.c	365	45	    bit = (ONE << list) + ((ptr - sh.arena) / (sh.arena_size >> list));	/	mdiv	O1--inline-instr-cost=0|O2--inline-instr-cost=0
CRYPTO_secure_clear_free	crypto/mem_sec.c	365	45	    bit = (ONE << list) + ((ptr - sh.arena) / (sh.arena_size >> list));	/	mdiv	O1--inline-instr-cost=0|O2--inline-instr-cost=0
CRYPTO_secure_actual_size	crypto/mem_sec.c	365	45	    bit = (ONE << list) + ((ptr - sh.arena) / (sh.arena_size >> list));	/	mdiv	O1--inline-instr-cost=0|O2--inline-instr-cost=0
ossl_pqueue_reserve	ssl/priority_queue.c	17	1	OSSL_SAFE_MATH_UNSIGNED(size_t, size_t)	O	mdiv	O1--fast-isel|O2--fast-isel|O3--fast-isel|Ofast--fast-isel|Os--fast-isel
cmd_Certificate	ssl/ssl_conf.c	460	33	        size_t fileidx = c->key - c->pkeys;	-	mdiv	O1--fast-isel|O2--fast-isel|O3--fast-isel|Ofast--fast-isel|Os--fast-isel
CONF_get_number	crypto/conf/conf_lib.c	358	34	        if (res > (LONG_MAX - d) / 10L) {	/	mdiv	O1--fast-isel|O2--fast-isel|O3--fast-isel|Ofast--fast-isel|Os--fast-isel
OPENSSL_gmtime_adj	crypto/o_time.c	194	24	    L = L - (1461 * i) / 4 + 31;	/	mdiv	O1--fast-isel|O2--fast-isel|O3--fast-isel|Ofast--fast-isel|Os--fast-isel|Oz--fast-isel
s_client_main	apps/s_client.c	2970	21	                    openssl_fdset(fileno_stdin(), &readfds);	o	mdiv	O1--fast-isel|O2--fast-isel|O3--fast-isel|Ofast--fast-isel|Os--fast-isel|Oz--fast-isel
rsa_ossl_private_decrypt	crypto/rsa/rsa_ossl.c	551	11	    num = BN_num_bytes(rsa->n);	B	mdiv	O1--fast-isel|O2--fast-isel|O3--fast-isel|Ofast--fast-isel|Os--fast-isel|Oz--fast-isel
ossl_aria_set_encrypt_key	crypto/aria/aria.c	557	31	    ck = &Key_RC[(bits - 128) / 64][0];	/	mdiv	O1--fast-isel
tls1_get_legacy_sigalg	ssl/t1_lib.c	2495	32	            idx = s->cert->key - s->cert->pkeys;	-	mdiv	O1--fast-isel|O2--fast-isel|O3--fast-isel|Ofast--fast-isel|Os--fast-isel
ec_security_bits	crypto/ec/ec_ameth.c	229	19	    return ecbits / 2;	/	mdiv	O1--fast-isel|O2--fast-isel|O3--fast-isel|Ofast--fast-isel|Os--fast-isel|Oz--fast-isel
do_i2b	crypto/pem/pvkfmt.c	664	17	            || (BN_num_bytes(p) > hnbyte)	B	mdiv	O1--fast-isel|O2--fast-isel|O3--fast-isel|Ofast--fast-isel|Os--fast-isel|Oz--fast-isel
ossl_ecdh_simple_compute_key	crypto/ec/ecdh_ossl.c	119	11	    len = BN_num_bytes(x);	B	mdiv	O1--fast-isel|O2--fast-isel|O3--fast-isel|Ofast--fast-isel|Os--fast-isel|Oz--fast-isel
ossl_ec_GF2m_simple_group_copy	crypto/ec/ec2_smpl.c	89	65	    if (bn_wexpand(dest->a, (int)(dest->poly[0] + BN_BITS2 - 1) / BN_BITS2) ==	/	mdiv	O1--fast-isel|O2--fast-isel|O3--fast-isel|Ofast--fast-isel|Os--fast-isel|Oz--fast-isel
srp_generate_client_master_secret	ssl/tls_srp.c	394	15	    tmp_len = BN_num_bytes(K);	B	mdiv	O1--fast-isel|O2--fast-isel|O3--fast-isel|Ofast--fast-isel|Os--fast-isel|Oz--fast-isel
ossl_ec_GFp_simple_point2oct	crypto/ec/ecp_oct.c	243	32	            skip = field_len - BN_num_bytes(y);	B	mdiv	O1--fast-isel|O2--fast-isel|O3--fast-isel|Ofast--fast-isel|Os--fast-isel|Oz--fast-isel
OPENSSL_gmtime_diff	crypto/o_time.c	181	41	    return (1461 * (y + 4800 + (m - 14) / 12)) / 4 +	/	mdiv	O1--fast-isel|O2--fast-isel|O3--fast-isel|Ofast--fast-isel
OPENSSL_gmtime_adj	crypto/o_time.c	140	29	    offset_day = offset_sec / SECS_PER_DAY;	/	mdiv	O1--fast-isel|O2--fast-isel|O3--fast-isel|Ofast--fast-isel
OPENSSL_gmtime_adj	crypto/o_time.c	183	50	        (3 * ((y + 4900 + (m - 14) / 12) / 100)) / 4 + d - 32075;	/	mdiv	O1--fast-isel|O2--fast-isel|O3--fast-isel|Ofast--fast-isel
md5crypt	apps/passwd.c	449	44	             dest++, source = (source + 6) % 17)	%	mdiv	O1--fast-isel|Os--fast-isel
ossl_sm2_ciphertext_size	crypto/sm2/sm2_crypt.c	54	12	    return BN_num_bytes(p);	B	mdiv	O1--fast-isel|O2--fast-isel|O3--fast-isel|Ofast--fast-isel
BN_GF2m_mod_arr	crypto/bn/bn_gf2m.c	371	22	            n = p[k] / BN_BITS2;	/	mdiv	O1--fast-isel|O2--fast-isel|O3--fast-isel|Ofast--fast-isel|Os--fast-isel|Oz--fast-isel
ossl_curve448_scalar_decode_long	crypto/ec/curve448/scalar.c	187	28	    i = ser_len - (ser_len % C448_SCALAR_BYTES);	%	mdiv	O1--fast-isel|O2--fast-isel|O3--fast-isel|Ofast--fast-isel|Os--fast-isel
ossl_asn1_time_to_tm	crypto/asn1/a_time.c	73	53	    tm->tm_wday = (d + (13 * m) / 5 + y + y / 4 + c / 4 + 5 * c + 6) % 7;	/	mdiv	O1--fast-isel|O2--fast-isel|O3--fast-isel|Ofast--fast-isel|Os--fast-isel
print_bin	crypto/ec/eck_prn.c	246	19	    for (i = 0; i < len; i++) {	<	mdiv	O1--fast-isel|O2--fast-isel|O3--fast-isel|Ofast--fast-isel|Os--fast-isel
do_i2b	crypto/pem/pvkfmt.c	667	17	            || (BN_num_bytes(dmq1) > hnbyte))	B	mdiv	O1--fast-isel|O2--fast-isel|O3--fast-isel|Ofast--fast-isel|Os--fast-isel|Oz--fast-isel
BUF_MEM_grow	crypto/buffer/buffer.c	91	19	    n = (len + 3) / 3 * 4;	/	mdiv	O1--fast-isel|O2--fast-isel|O3--fast-isel|Ofast--fast-isel|Os--fast-isel
err_string_data_hash	crypto/err/err.c	174	23	    return (ret ^ ret % 19 * 13);	%	mdiv	O1--fast-isel|O2--fast-isel|O3--fast-isel|Ofast--fast-isel|Os--fast-isel
ASN1_buf_print	crypto/asn1/t_pkey.c	26	16	        if ((i % ASN1_BUF_PRINT_WIDTH) == 0) {	%	mdiv	O1--fast-isel|O2--fast-isel|O3--fast-isel|Ofast--fast-isel|Os--fast-isel|Oz--disable-lsr
ossl_ec_GFp_simple_oct2point	crypto/ec/ecp_oct.c	312	17	    field_len = BN_num_bytes(group->field);	B	mdiv	O1--fast-isel|O2--fast-isel|O3--fast-isel|Ofast--fast-isel|Os--fast-isel|Oz--fast-isel
BN_bn2dec	crypto/bn/bn_conv.c	63	14	    num = (i / 10 + i / 1000 + 1) + 1;	/	mdiv	O1--fast-isel|O2--fast-isel|O3--fast-isel|Ofast--fast-isel|Os--fast-isel
sk_reserve	crypto/stack/stack.c	18	1	OSSL_SAFE_MATH_SIGNED(int, int)	O	mdiv	O1--fast-isel|O2--fast-isel|O3--fast-isel|Ofast--fast-isel|Os--fast-isel
OPENSSL_gmtime_adj	crypto/o_time.c	181	41	    return (1461 * (y + 4800 + (m - 14) / 12)) / 4 +	/	mdiv	O1--fast-isel|O2--fast-isel|O3--fast-isel|Ofast--fast-isel
s_client_main	apps/s_client.c	2529	17	                openssl_fdset(SSL_get_fd(con), &readfds);	o	mdiv	O1--fast-isel|O2--fast-isel|O3--fast-isel|Ofast--fast-isel|Os--fast-isel|Oz--fast-isel
BN_dec2bn	crypto/bn/bn_conv.c	236	24	    j = BN_DEC_NUM - i % BN_DEC_NUM;	%	mdiv	O1--fast-isel|Oz--disable-lsr|Oz--lsr-drop-solution|Oz--scalar-evolution-huge-expr-threshold=0
srp_generate_server_master_secret	ssl/tls_srp.c	343	15	    tmp_len = BN_num_bytes(K);	B	mdiv	O1--fast-isel|O2--fast-isel|O3--fast-isel|Ofast--fast-isel|Os--fast-isel|Oz--fast-isel
s_client_main	apps/s_client.c	3121	34	        else if (!ssl_pending && FD_ISSET(fileno_stdout(), &writefds))	F	mdiv	O1--fast-isel|O2--fast-isel|O3--fast-isel|Ofast--fast-isel|Os--fast-isel|Oz--fast-isel
s_client_main	apps/s_client.c	3142	35	                   || (!isquic && FD_ISSET(SSL_get_fd(con), &readfds))) {	F	mdiv	O1--fast-isel|O2--fast-isel|O3--fast-isel|Ofast--fast-isel|Os--fast-isel|Oz--fast-isel
default_fixup_args	crypto/evp/ctrl_params_translate.c	463	35	                    ctx->buflen = BN_num_bytes(ctx->p2);	B	mdiv	O1--fast-isel|O2--fast-isel|O3--fast-isel|Ofast--fast-isel|Os--fast-isel|Oz--fast-isel
rsa_ossl_public_decrypt	crypto/rsa/rsa_ossl.c	741	11	    num = BN_num_bytes(rsa->n);	B	mdiv	O1--fast-isel|O2--fast-isel|O3--fast-isel|Ofast--fast-isel|Os--fast-isel|Oz--fast-isel
OPENSSL_gmtime_adj	crypto/o_time.c	196	25	    *d = L - (2447 * j) / 80;	/	mdiv	O1--fast-isel|O2--fast-isel|O3--fast-isel|Ofast--fast-isel|Os--fast-isel
BN_GF2m_mod_arr	crypto/bn/bn_gf2m.c	336	15	            n /= BN_BITS2;	/	mdiv	O1--fast-isel|O2--fast-isel|O3--fast-isel|Ofast--fast-isel|Os--fast-isel|Oz--fast-isel
bn_div_fixed_top	crypto/bn/bn_div.c	148	12	    rshift %= BN_BITS2;            /* say no to undefined behaviour */	%	mdiv	O1--fast-isel|O2--fast-isel|O3--fast-isel|Ofast--fast-isel|Os--fast-isel|Oz--fast-isel
ossl_sm2_decrypt	crypto/sm2/sm2_crypt.c	54	12	    return BN_num_bytes(p);	B	mdiv	O1--fast-isel|O2--fast-isel|O3--fast-isel|Ofast--fast-isel
common_get_params	providers/implementations/keymgmt/ec_kmgmt.c	702	31	            sec_bits = ecbits / 2;	/	mdiv	O1--fast-isel|O2--fast-isel|O3--fast-isel|Ofast--fast-isel|Os--fast-isel|Oz--fast-isel
push_BN	crypto/param_build.c	210	13	        n = BN_num_bytes(bn);	B	mdiv	O1--fast-isel|O2--fast-isel|O3--fast-isel|Ofast--fast-isel|Os--fast-isel|Oz--fast-isel
do_i2b	crypto/pem/pvkfmt.c	735	13	    nbyte = BN_num_bytes(p);	B	mdiv	O1--fast-isel|O2--fast-isel|O3--fast-isel|Ofast--fast-isel|Os--fast-isel|Oz--fast-isel
ossl_dh_compute_key	crypto/dh/dh_key.c	102	32	    ret = BN_bn2binpad(z, key, BN_num_bytes(dh->params.p));	B	mdiv	O1--fast-isel|O2--fast-isel|O3--fast-isel|Ofast--fast-isel|Os--fast-isel|Oz--fast-isel
append_buf	apps/engine.c	62	37	        *size = ((len + expand - 1) / expand) * expand;	/	mdiv	O1--fast-isel|O2--fast-isel|O3--fast-isel|Ofast--fast-isel|Os--fast-isel|Oz--fast-isel
s_client_main	apps/s_client.c	3215	18	        else if (FD_ISSET(fileno_stdin(), &readfds))	F	mdiv	O1--fast-isel|O2--fast-isel|O3--fast-isel|Ofast--fast-isel|Os--fast-isel|Oz--fast-isel
ossl_dsa_do_sign_int	crypto/dsa/dsa_ossl.c	122	16	    if (dlen > BN_num_bytes(dsa->params.q))	B	mdiv	O1--fast-isel|O2--fast-isel|O3--fast-isel|Ofast--fast-isel|Os--fast-isel|Oz--fast-isel
bn_to_asn1_string	crypto/asn1/a_int.c	486	11	    len = BN_num_bytes(bn);	B	mdiv	O1--fast-isel|O2--fast-isel|O3--fast-isel|Ofast--fast-isel|Os--fast-isel|Oz--fast-isel
BN_BLINDING_invert_ex	crypto/bn/bn_blind.c	185	25	                n->d[i] &= mask;	&	mmem	O1--fast-isel|O2--fast-isel|O3--fast-isel|Ofast--fast-isel|Os--fast-isel|Oz--fast-isel
ossl_ec_GF2m_simple_oct2point	crypto/ec/ec2_oct.c	310	25	    field_len = (m + 7) / 8;	/	mdiv	O1--fast-isel|O2--fast-isel|O3--fast-isel|Ofast--fast-isel|Os--fast-isel|Oz--fast-isel
fmtfp	crypto/bio/bio_print.c	708	33	            fracpart = fracpart / 10;	/	mdiv	O1--fast-isel|O2--fast-isel|O3--fast-isel|Ofast--fast-isel|Os--fast-isel
tls_construct_cke_srp	ssl/statem/statem_clnt.c	3542	17	            || !WPACKET_sub_allocate_bytes_u16(pkt, BN_num_bytes(s->srp_ctx.A),	W	mdiv	O1--fast-isel|O2--fast-isel|O3--fast-isel|Ofast--fast-isel|Os--fast-isel
ossl_ec_GF2m_simple_point2oct	crypto/ec/ec2_oct.c	158	50	    field_len = (EC_GROUP_get_degree(group) + 7) / 8;	/	mdiv	O1--fast-isel|O2--fast-isel|O3--fast-isel|Ofast--fast-isel|Os--fast-isel|Oz--fast-isel
OSSL_PARAM_BLD_push_BN_pad	crypto/param_build.c	247	38	        return push_BN(bld, key, bn, BN_num_bytes(bn),	B	mdiv	O1--fast-isel|O2--fast-isel|O3--fast-isel|Ofast--fast-isel|Os--fast-isel|Oz--fast-isel
add_entry	apps/rehash.c	129	38	    unsigned int ndx = (type + hash) % OSSL_NELEM(hash_table);	%	mdiv	O1--fast-isel|O2--fast-isel|O3--fast-isel|Ofast--fast-isel|Os--fast-isel
s_client_main	apps/s_client.c	2985	17	                openssl_fdset(SSL_get_fd(con), &readfds);	o	mdiv	O1--fast-isel|O2--fast-isel|O3--fast-isel|Ofast--fast-isel|Os--fast-isel|Oz--fast-isel
NCONF_get_number_e	crypto/conf/conf_lib.c	358	34	        if (res > (LONG_MAX - d) / 10L) {	/	mdiv	O1--fast-isel|O2--fast-isel|O3--fast-isel|Ofast--fast-isel|Os--fast-isel
ossl_asn1_time_to_tm	crypto/asn1/a_time.c	73	70	    tm->tm_wday = (d + (13 * m) / 5 + y + y / 4 + c / 4 + 5 * c + 6) % 7;	%	mdiv	O1--fast-isel|O2--fast-isel|O3--fast-isel|Ofast--fast-isel|Os--fast-isel
BN_bn2dec	crypto/bn/bn_conv.c	65	23	    bn_data_num = num / BN_DEC_NUM + 1;	/	mdiv	O1--fast-isel|O2--fast-isel|O3--fast-isel|Ofast--fast-isel|Os--fast-isel
ossl_sm2_encrypt	crypto/sm2/sm2_crypt.c	54	12	    return BN_num_bytes(p);	B	mdiv	O1--fast-isel|O2--fast-isel|O3--fast-isel|Ofast--fast-isel
ossl_quic_txpim_pkt_append_chunk	ssl/quic/quic_txpim.c	166	79	        new_alloc_chunks = (ex->alloc_chunks == 0) ? 4 : ex->alloc_chunks * 8 / 5;	/	mdiv	O1--fast-isel|O2--fast-isel|O3--fast-isel|Ofast--fast-isel|Os--fast-isel
md5crypt	apps/passwd.c	415	37	        if (!EVP_DigestInit_ex(md2, EVP_md5(), NULL))	E	mdiv	O1--fast-isel
ASN1_UNIVERSALSTRING_to_string	crypto/asn1/a_print.c	64	15	    s->length /= 4;	/	mdiv	O1--fast-isel|O2--fast-isel|O3--fast-isel|Ofast--fast-isel|Os--fast-isel|Oz--fast-isel
append_buf	apps/engine.c	71	41	            *size = ((len + expand - 1) / expand) * expand;	/	mdiv	O1--fast-isel|O2--fast-isel|O3--fast-isel|Ofast--fast-isel|Os--fast-isel|Oz--fast-isel
bn_lshift_fixed_top	crypto/bn/bn_shift.c	116	12	    nw = n / BN_BITS2;	/	mdiv	O1--fast-isel|O2--fast-isel|O3--fast-isel|Ofast--fast-isel|Os--fast-isel|Oz--fast-isel
ossl_ec_GF2m_simple_point2oct	crypto/ec/ec2_oct.c	199	28	        skip = field_len - BN_num_bytes(x);	B	mdiv	O1--fast-isel|O2--fast-isel|O3--fast-isel|Ofast--fast-isel|Os--fast-isel|Oz--fast-isel
bn_mul_low_recursive	crypto/bn/bn_mul.c	480	16	    int n = n2 / 2;	/	mdiv	O1--fast-isel|O2--fast-isel|O3--fast-isel|Ofast--fast-isel|Os--fast-isel|Oz--fast-isel
SRP_create_verifier_ex	crypto/srp/srp_vfy.c	678	27	    if (!t_tob64(vf, tmp, BN_num_bytes(v)))	B	mdiv	O1--fast-isel|O2--fast-isel|O3--fast-isel|Ofast--fast-isel|Os--fast-isel|Oz--fast-isel
EC_POINT_bn2point	crypto/ec/ec_deprecated.c	48	20	    if ((buf_len = BN_num_bytes(bn)) == 0)	B	mdiv	O1--fast-isel|O2--fast-isel|O3--fast-isel|Ofast--fast-isel|Os--fast-isel|Oz--fast-isel
DES_cfb_encrypt	crypto/des/cfb_enc.c	37	17	        numbits % 8;	%	mdiv	O1--fast-isel|O2--fast-isel|O3--fast-isel|Ofast--fast-isel|Os--fast-isel|Oz--fast-isel
ossl_bsearch	crypto/bsearch.c	26	21	        i = (l + h) / 2;	/	mdiv	O1--fast-isel|O2--fast-isel|O3--fast-isel|Ofast--fast-isel|Os--fast-isel|Oz--fast-isel
OPENSSL_gmtime_diff	crypto/o_time.c	181	48	    return (1461 * (y + 4800 + (m - 14) / 12)) / 4 +	/	mdiv	O1--fast-isel|O2--fast-isel|O3--fast-isel|Ofast--fast-isel
tls_choose_sigalg	ssl/t1_lib.c	4685	51	                        int cc_idx = s->cert->key - s->cert->pkeys;	-	mdiv	O1--fast-isel|O2--fast-isel|O3--fast-isel|Ofast--fast-isel|Os--fast-isel
DES_cfb_encrypt	crypto/des/cfb_enc.c	36	55	    register int num = numbits / 8, n = (numbits + 7) / 8, i, rem =	/	mdiv	O1--fast-isel|O2--fast-isel|O3--fast-isel|Ofast--fast-isel|Os--fast-isel|Oz--fast-isel
tls_collect_extensions	ssl/statem/extensions.c	659	22	        idx = thisex - raw_extensions;	-	mdiv	O1--fast-isel|O2--fast-isel|O3--fast-isel|Ofast--fast-isel|Os--fast-isel
ossl_ec_GF2m_simple_group_set_curve	crypto/ec/ec2_smpl.c	127	67	    if (bn_wexpand(group->b, (int)(group->poly[0] + BN_BITS2 - 1) / BN_BITS2)	/	mdiv	O1--fast-isel|O2--fast-isel|O3--fast-isel|Ofast--fast-isel|Os--fast-isel|Oz--fast-isel
SRP_Calc_x_ex	crypto/srp/srp_lib.c	159	15	    if ((cs = OPENSSL_malloc(BN_num_bytes(s))) == NULL)	O	mdiv	O1--fast-isel|O2--fast-isel|O3--fast-isel|Ofast--fast-isel|Os--fast-isel|Oz--fast-isel
OPENSSL_gmtime_adj	crypto/o_time.c	193	26	    i = (4000 * (L + 1)) / 1461001;	/	mdiv	O1--fast-isel|O2--fast-isel|O3--fast-isel|Ofast--fast-isel|Os--fast-isel
s_client_main	apps/s_client.c	3285	9	        openssl_fdset(sock, &readfds);	o	mdiv	O1--fast-isel|O2--fast-isel|O3--fast-isel|Ofast--fast-isel|Os--fast-isel|Oz--fast-isel
bn_mul_recursive	crypto/bn/bn_mul.c	178	16	    int n = n2 / 2, c1, c2;	/	mdiv	O1--fast-isel|O2--fast-isel|O3--fast-isel|Ofast--fast-isel|Os--fast-isel|Oz--fast-isel
tls_construct_server_key_exchange	ssl/statem/statem_srvr.c	2737	26	            size_t len = BN_num_bytes(r[0]) - BN_num_bytes(r[2]);	B	mdiv	O1--fast-isel|O2--fast-isel|O3--fast-isel|Ofast--fast-isel|Os--fast-isel|Oz--fast-isel
ossl_ec_GF2m_simple_group_copy	crypto/ec/ec2_smpl.c	92	65	    if (bn_wexpand(dest->b, (int)(dest->poly[0] + BN_BITS2 - 1) / BN_BITS2) ==	/	mdiv	O1--fast-isel|O2--fast-isel|O3--fast-isel|Ofast--fast-isel|Os--fast-isel|Oz--fast-isel
OSSL_PARAM_set_BN	crypto/params.c	1130	21	    bytes = (size_t)BN_num_bytes(val);	B	mdiv	O1--fast-isel|O2--fast-isel|O3--fast-isel|Ofast--fast-isel|Os--fast-isel|Oz--fast-isel
tls1_check_chain	ssl/t1_lib.c	4027	29	            idx = (int)(cpk - c->pkeys);	-	mdiv	O1--fast-isel|O2--fast-isel|O3--fast-isel|Ofast--fast-isel|Os--fast-isel
OPENSSL_gmtime_diff	crypto/o_time.c	183	42	        (3 * ((y + 4900 + (m - 14) / 12) / 100)) / 4 + d - 32075;	/	mdiv	O1--fast-isel|O2--fast-isel|O3--fast-isel|Ofast--fast-isel
www_body	apps/s_server.c	3344	17	                openssl_fdset(s, &readfds);	o	mdiv	O1--fast-isel|O2--fast-isel|O3--fast-isel|Ofast--fast-isel|Os--fast-isel|Oz--fast-isel
ossl_ec_GFp_simple_point2oct	crypto/ec/ecp_oct.c	189	17	    field_len = BN_num_bytes(group->field);	B	mdiv	O1--fast-isel|O2--fast-isel|O3--fast-isel|Ofast--fast-isel|Os--fast-isel|Oz--fast-isel
fmtfp	crypto/bio/bio_print.c	696	51	        iconvert[iplace++] = "0123456789"[intpart % 10];	%	mdiv	O1--fast-isel|O2--fast-isel|O3--fast-isel|Ofast--fast-isel|Os--fast-isel
pkey_ec_derive	crypto/ec/ec_pmeth.c	194	52	        *keylen = (EC_GROUP_get_degree(group) + 7) / 8;	/	mdiv	O1--fast-isel|O2--fast-isel|O3--fast-isel|Ofast--fast-isel|Os--fast-isel|Oz--fast-isel
OPENSSL_gmtime_adj	crypto/o_time.c	195	18	    j = (80 * L) / 2447;	/	mdiv	O1--fast-isel|O2--fast-isel|O3--fast-isel|Ofast--fast-isel|Os--fast-isel
make_addressPrefix	crypto/x509/v3_addr.c	409	35	    int bytelen = (prefixlen + 7) / 8, bitlen = prefixlen % 8;	/	mdiv	O1--fast-isel|O2--fast-isel|O3--fast-isel|Ofast--fast-isel|Os--fast-isel|Oz--fast-isel
s_client_main	apps/s_client.c	3048	33	                && ((!isquic && FD_ISSET(SSL_get_fd(con), &writefds))	F	mdiv	O1--fast-isel|O2--fast-isel|O3--fast-isel|Ofast--fast-isel|Os--fast-isel|Oz--fast-isel
OPENSSL_gmtime_adj	crypto/o_time.c	189	22	    long n = (4 * L) / 146097;	/	mdiv	O1--fast-isel|O2--fast-isel|O3--fast-isel|Ofast--fast-isel|Os--fast-isel
BN_GF2m_mod_solve_quad_arr	crypto/bn/bn_gf2m.c	1035	37	        for (j = 1; j <= (p[0] - 1) / 2; j++) {	/	mdiv	O1--fast-isel|O2--fast-isel|O3--fast-isel|Ofast--fast-isel|Os--fast-isel|Oz--fast-isel
OPENSSL_gmtime_adj	crypto/o_time.c	95	34	    tm->tm_min = (time_sec / 60) % 60;	%	mdiv	O1--fast-isel|O2--fast-isel|O3--fast-isel|Ofast--fast-isel|Os--fast-isel
BN_GF2m_mod_arr	crypto/bn/bn_gf2m.c	334	20	            d0 = n % BN_BITS2;	%	mdiv	O1--fast-isel|O2--fast-isel|O3--fast-isel|Ofast--fast-isel|Os--fast-isel|Oz--fast-isel
ossl_ecdsa_simple_verify_sig	crypto/ec/ecdsa_ossl.c	506	28	        dgst_len = (i + 7) / 8;	/	mdiv	O1--fast-isel|O2--fast-isel|O3--fast-isel|Ofast--fast-isel|Os--fast-isel|Oz--fast-isel
aes_xts_init_key	crypto/evp/e_aes.c	3230	38	            const int bytes = keylen / 2;	/	mdiv	O1--fast-isel|O2--fast-isel|O3--fast-isel|Ofast--fast-isel|Os--fast-isel|Oz--fast-isel
OSSL_ERR_STATE_restore	crypto/err/err_save.c	18	39	        es->bottom = (es->bottom + 1) % ERR_NUM_ERRORS;	%	mdiv	O1--fast-isel
ossl_ecdsa_simple_sign_sig	crypto/ec/ecdsa_ossl.c	329	28	        dgst_len = (i + 7) / 8;	/	mdiv	O1--fast-isel|O2--fast-isel|O3--fast-isel|Ofast--fast-isel|Os--fast-isel|Oz--fast-isel
readbuffer_gets	crypto/bio/bf_readbuff.c	93	36	    sz = DEFAULT_BUFFER_SIZE * (sz / DEFAULT_BUFFER_SIZE);	/	mdiv	O1--fast-isel|O2--fast-isel|O3--fast-isel|Ofast--fast-isel
ossl_asn1_time_to_tm	crypto/asn1/a_time.c	73	45	    tm->tm_wday = (d + (13 * m) / 5 + y + y / 4 + c / 4 + 5 * c + 6) % 7;	/	mdiv	O1--fast-isel
BIO_dump_indent_cb	crypto/bio/bio_dump.c	43	18	    dump_width = DUMP_WIDTH_LESS_INDENT(indent);	D	mdiv	O1--fast-isel
BUF_MEM_grow_clean	crypto/buffer/buffer.c	128	19	    n = (len + 3) / 3 * 4;	/	mdiv	O1--fast-isel|O2--fast-isel|O3--fast-isel|Ofast--fast-isel|Os--fast-isel
ERR_new	crypto/err/err_blocks.c	16	29	    es->top = (es->top + 1) % ERR_NUM_ERRORS;	%	mdiv	O1--fast-isel|O2--fast-isel|O3--fast-isel|Ofast--fast-isel|Os--fast-isel|Oz--fast-isel
ossl_punycode_decode	crypto/punycode.c	53	23	        delta = delta / (base - tmin);	/	mdiv	O1--fast-isel|O2--fast-isel|O3--fast-isel|Ofast--fast-isel|Os--fast-isel
ossl_punycode_decode	crypto/punycode.c	49	33	    delta = (firsttime) ? delta / damp : delta / 2;	/	mdiv	O1--fast-isel|O2--fast-isel|O3--fast-isel|Ofast--fast-isel|Os--fast-isel
OSSL_HTTP_proxy_connect	crypto/http/http_client.c	1407	13	    if (len % 3 > 0)	%	mdiv	O1--fast-isel|O2--fast-isel|O3--fast-isel|Ofast--fast-isel|Os--fast-isel
ossl_ec_GF2m_simple_group_set_curve	crypto/ec/ec2_smpl.c	119	67	    if (bn_wexpand(group->a, (int)(group->poly[0] + BN_BITS2 - 1) / BN_BITS2)	/	mdiv	O1--fast-isel|O2--fast-isel|O3--fast-isel|Ofast--fast-isel|Os--fast-isel|Oz--fast-isel
ossl_dsa_do_sign_int	crypto/dsa/dsa_ossl.c	128	16	        dlen = BN_num_bytes(dsa->params.q);	B	mdiv	O1--fast-isel|O2--fast-isel|O3--fast-isel|Ofast--fast-isel|Os--fast-isel|Oz--fast-isel
OBJ_obj2txt	crypto/objects/obj_dat.c	563	29	                i = (int)(l / 40);	/	mdiv	O1--fast-isel
DH_generate_parameters_ex	crypto/dh/dh_gen.c	225	31	                   + 24) / 25 * 25;	*	mdiv	O1--fast-isel|O2--fast-isel|O3--fast-isel|Ofast--fast-isel|Os--fast-isel
get_error_values	crypto/err/err.c	462	30	        i = (es->bottom + 1) % ERR_NUM_ERRORS;	%	mdiv	O1--fast-isel|O2--fast-isel|O3--fast-isel|Ofast--fast-isel|Os--fast-isel|Oz--fast-isel
t_tob64	crypto/srp/srp_vfy.c	152	23	    leadz = 3 - (size % 3);	%	mdiv	O1--fast-isel|O2--fast-isel|O3--fast-isel|Ofast--fast-isel|Os--fast-isel
BN_GF2m_mod_arr	crypto/bn/bn_gf2m.c	372	23	            d0 = p[k] % BN_BITS2;	%	mdiv	O1--fast-isel|O2--fast-isel|O3--fast-isel|Ofast--fast-isel|Os--fast-isel|Oz--fast-isel
BN_GF2m_mod_inv	crypto/bn/bn_gf2m.c	698	40	                int utop = (ubits - 1) / BN_BITS2;	/	mdiv	O1--fast-isel|O2--fast-isel|O3--fast-isel|Ofast--fast-isel|Os--fast-isel|Oz--fast-isel
OPENSSL_gmtime_adj	crypto/o_time.c	182	48	        (367 * (m - 2 - 12 * ((m - 14) / 12))) / 12 -	/	mdiv	O1--fast-isel|O2--fast-isel|O3--fast-isel|Ofast--fast-isel
do_passwd	apps/passwd.c	676	14	        if (!EVP_DigestInit_ex(md2, sha, NULL))	E	mdiv	O1--fast-isel|O2--fast-isel|O3--fast-isel|Ofast--fast-isel|Os--fast-isel|Oz--jump-threading-across-loop-headers
EVP_PKEY_set_bn_param	crypto/evp/p_lib.c	2390	13	    bsize = BN_num_bytes(bn);	B	mdiv	O1--fast-isel|O2--fast-isel|O3--fast-isel|Ofast--fast-isel|Os--fast-isel|Oz--fast-isel
DH_compute_key_padded	crypto/dh/dh_key.c	156	11	    pad = BN_num_bytes(dh->params.p) - rv;	B	mdiv	O1--fast-isel|O2--fast-isel|O3--fast-isel|Ofast--fast-isel|Os--fast-isel|Oz--fast-isel
rsa_ossl_public_encrypt	crypto/rsa/rsa_ossl.c	130	11	    num = BN_num_bytes(rsa->n);	B	mdiv	O1--fast-isel|O2--fast-isel|O3--fast-isel|Ofast--fast-isel|Os--fast-isel|Oz--fast-isel
OPENSSL_gmtime_diff	crypto/o_time.c	183	50	        (3 * ((y + 4900 + (m - 14) / 12) / 100)) / 4 + d - 32075;	/	mdiv	O1--fast-isel|O2--fast-isel|O3--fast-isel|Ofast--fast-isel
fmtfp	crypto/bio/bio_print.c	714	30	        fracpart = (fracpart / 10);	/	mdiv	O1--fast-isel|O2--fast-isel|O3--fast-isel|Ofast--fast-isel|Os--fast-isel|Oz--fast-isel|Oz--mips-mixed-16-32
ec_guess_cofactor	crypto/ec/ec_lib.c	328	70	    if (BN_num_bits(group->order) <= (BN_num_bits(group->field) + 1) / 2 + 3) {	/	mdiv	O1--fast-isel|O2--fast-isel|O3--fast-isel|Ofast--fast-isel|Os--fast-isel
do_i2b	crypto/pem/pvkfmt.c	666	17	            || (BN_num_bytes(dmp1) > hnbyte)	B	mdiv	O1--fast-isel|O2--fast-isel|O3--fast-isel|Ofast--fast-isel|Os--fast-isel|Oz--fast-isel
make_addressPrefix	crypto/x509/v3_addr.c	409	59	    int bytelen = (prefixlen + 7) / 8, bitlen = prefixlen % 8;	%	mdiv	O1--fast-isel|O2--fast-isel|O3--fast-isel|Ofast--fast-isel|Os--fast-isel|Oz--fast-isel
ossl_bio_print_labeled_bignum	crypto/encode_decode/encoder_lib.c	759	20	        if ((bytes % 15) == 0 && bytes > 0) {	%	mdiv	O1--fast-isel|O2--fast-isel|O3--fast-isel|Ofast--fast-isel|Os--fast-isel|Oz--disable-lsr|Oz--jump-threading-across-loop-headers|Oz-fwrapv
a2d_ASN1_OBJECT	crypto/asn1/a_object.c	130	35	            blsize = (blsize + 6) / 7;	/	mdiv	O1--fast-isel|O2--fast-isel|O3--fast-isel|Ofast--fast-isel|Os--fast-isel
OPENSSL_gmtime_adj	crypto/o_time.c	95	28	    tm->tm_min = (time_sec / 60) % 60;	/	mdiv	O1--fast-isel|O2--fast-isel|O3--fast-isel|Ofast--fast-isel|Os--fast-isel|Oz--fast-isel|Oz--mips-mixed-16-32
DES_ofb_encrypt	crypto/des/ofb_enc.c	28	67	    register DES_LONG d0, d1, vv0, vv1, v0, v1, n = (numbits + 7) / 8;	/	mdiv	O1--fast-isel|O2--fast-isel|O3--fast-isel|Ofast--fast-isel|Os--fast-isel|Oz--fast-isel
bn2binpad	crypto/bn/bn_lib.c	586	22	        n = (n8 + 7) / 8;       /* This is what BN_num_bytes() does */	/	mdiv	O1--fast-isel|O2--fast-isel|O3--fast-isel|Ofast--fast-isel|Os--fast-isel|Oz--fast-isel
ossl_ecdh_simple_compute_key	crypto/ec/ecdh_ossl.c	118	47	    buflen = (EC_GROUP_get_degree(group) + 7) / 8;	/	mdiv	O1--fast-isel|O2--fast-isel|O3--fast-isel|Ofast--fast-isel|Os--fast-isel|Oz--fast-isel
OPENSSL_gmtime_diff	crypto/o_time.c	182	48	        (367 * (m - 2 - 12 * ((m - 14) / 12))) / 12 -	/	mdiv	O1--fast-isel|O2--fast-isel|O3--fast-isel|Ofast--fast-isel
tls_construct_server_key_exchange	ssl/statem/statem_srvr.c	2748	42	        if (!WPACKET_allocate_bytes(pkt, BN_num_bytes(r[i]), &binval)	B	mdiv	O1--fast-isel|O2--fast-isel|O3--fast-isel|Ofast--fast-isel|Os--fast-isel|Oz--fast-isel
fmtfp	crypto/bio/bio_print.c	697	28	        intpart = (intpart / 10);	/	mdiv	O1--fast-isel|O2--fast-isel|O3--fast-isel|Ofast--fast-isel|Os--fast-isel|Oz--fast-isel|Oz--mips-mixed-16-32
tls_choose_sigalg	ssl/t1_lib.c	4658	57	        if (!s->server && !ssl_has_cert(s, s->cert->key - s->cert->pkeys))	-	mdiv	O1--fast-isel|O2--fast-isel|O3--fast-isel|Ofast--fast-isel|Os--fast-isel
ossl_pool_acquire_entropy	providers/implementations/rands/seeding/rand_unix.c	473	21	                    FD_SET(fd, &fds);	F	mdiv	O1--fast-isel|O2--fast-isel|O3--fast-isel|Ofast--fast-isel|Os--fast-isel|Oz--fast-isel
ERR_new	crypto/err/err_blocks.c	18	39	        es->bottom = (es->bottom + 1) % ERR_NUM_ERRORS;	%	mdiv	O1--fast-isel
DES_quad_cksum	crypto/des/qud_cksm.c	69	34	                  & 0xffffffffL) % 0x7fffffffL;	%	mdiv	O1--fast-isel|O2--fast-isel|O3--fast-isel|Ofast--fast-isel|Os--fast-isel
do_i2b	crypto/pem/pvkfmt.c	663	14	        if ((BN_num_bytes(iqmp) > hnbyte)	B	mdiv	O1--fast-isel|O2--fast-isel|O3--fast-isel|Ofast--fast-isel|Os--fast-isel|Oz--fast-isel
bn_i2c	crypto/asn1/x_bignum.c	112	18	    return pad + BN_num_bytes(bn);	B	mdiv	O1--fast-isel|O2--fast-isel|O3--fast-isel|Ofast--fast-isel|Os--fast-isel|Oz--fast-isel
ossl_asn1_time_to_tm	crypto/asn1/a_time.c	39	34	    if (year % 400 == 0 || (year % 100 != 0 && year % 4 == 0))	%	mdiv	O1--fast-isel|O2--fast-isel|O3--fast-isel|Ofast--fast-isel|Os--fast-isel
s_client_main	apps/s_client.c	3043	25	                    && !FD_ISSET(SSL_get_fd(con), &writefds))	F	mdiv	O1--fast-isel|O2--fast-isel|O3--fast-isel|Ofast--fast-isel|Os--fast-isel|Oz--fast-isel
ossl_ec_GF2m_simple_point2oct	crypto/ec/ec2_oct.c	217	32	            skip = field_len - BN_num_bytes(y);	B	mdiv	O1--fast-isel|O2--fast-isel|O3--fast-isel|Ofast--fast-isel|Os--fast-isel|Oz--fast-isel
SRP_create_verifier_ex	crypto/srp/srp_vfy.c	675	14	    vfsize = BN_num_bytes(v) * 2;	B	mdiv	O1--fast-isel|O2--fast-isel|O3--fast-isel|Ofast--fast-isel|Os--fast-isel|Oz--fast-isel
ssl_cert_set_current	ssl/ssl_cert.c	400	31	        idx = (size_t)(c->key - c->pkeys + 1);	-	mdiv	O1--fast-isel|O2--fast-isel|O3--fast-isel|Ofast--fast-isel|Os--fast-isel
s_client_main	apps/s_client.c	2973	21	                    openssl_fdset(fileno_stdout(), &writefds);	o	mdiv	O1--fast-isel|O2--fast-isel|O3--fast-isel|Ofast--fast-isel|Os--fast-isel|Oz--fast-isel
SRP_Calc_x_ex	crypto/srp/srp_lib.c	175	37	    if (!EVP_DigestUpdate(ctxt, cs, BN_num_bytes(s)))	B	mdiv	O1--fast-isel|O2--fast-isel|O3--fast-isel|Ofast--fast-isel|Os--fast-isel|Oz--fast-isel
enc_main	apps/enc.c	391	23	    buff = app_malloc(EVP_ENCODE_LENGTH(bsize), "evp buffer");	E	mdiv	O1--fast-isel|O2--fast-isel|O3--fast-isel|Ofast--fast-isel|Os--fast-isel
DH_size	crypto/dh/dh_lib.c	206	16	        return BN_num_bytes(dh->params.p);	B	mdiv	O1--fast-isel|O2--fast-isel|O3--fast-isel|Ofast--fast-isel|Os--fast-isel|Oz--fast-isel
sv_body	apps/s_server.c	2677	17	            if (FD_ISSET(fileno_stdin(), &readfds))	F	mdiv	O1--fast-isel|O2--fast-isel|O3--fast-isel|Ofast--fast-isel|Os--fast-isel|Oz--fast-isel
rsa_ossl_private_encrypt	crypto/rsa/rsa_ossl.c	325	11	    num = BN_num_bytes(rsa->n);	B	mdiv	O1--fast-isel|O2--fast-isel|O3--fast-isel|Ofast--fast-isel|Os--fast-isel|Oz--fast-isel
tls_construct_server_key_exchange	ssl/statem/statem_srvr.c	2737	47	            size_t len = BN_num_bytes(r[0]) - BN_num_bytes(r[2]);	B	mdiv	O1--fast-isel|O2--fast-isel|O3--fast-isel|Ofast--fast-isel|Os--fast-isel|Oz--fast-isel
OPENSSL_gmtime_adj	crypto/o_time.c	197	11	    L = j / 11;	/	mdiv	O1--fast-isel|O2--fast-isel|O3--fast-isel|Ofast--fast-isel|Os--fast-isel
OSSL_HTTP_proxy_connect	crypto/http/http_client.c	1406	17	    outl = (len / 3);	/	mdiv	O1--fast-isel|O2--fast-isel|O3--fast-isel|Ofast--fast-isel|Os--fast-isel|Oz--fast-isel|Oz--mips-mixed-16-32
ASN1_bn_print	crypto/asn1/t_pkey.c	72	14	    buflen = BN_num_bytes(num) + 1;	B	mdiv	O1--fast-isel|O2--fast-isel|O3--fast-isel|Ofast--fast-isel|Os--fast-isel|Oz--fast-isel
ossl_ec_curve_nid_from_params	crypto/ec/ec_curve.c	3403	17	    param_len = BN_num_bytes(group->order);	B	mdiv	O1--fast-isel|O2--fast-isel|O3--fast-isel|Ofast--fast-isel|Os--fast-isel|Oz--fast-isel
ossl_ec_GFp_simple_point2oct	crypto/ec/ecp_oct.c	225	28	        skip = field_len - BN_num_bytes(x);	B	mdiv	O1--fast-isel|O2--fast-isel|O3--fast-isel|Ofast--fast-isel|Os--fast-isel|Oz--fast-isel
ossl_aria_set_encrypt_key	crypto/aria/aria.c	546	27	    int Nr = (bits + 256) / 32;	/	mdiv	O1--fast-isel|O2--fast-isel|O3--fast-isel|Ofast--fast-isel|Os--fast-isel|Oz--fast-isel
bn_from_montgomery_word	crypto/bn/bn_mont.c	113	15	        rp[i] &= v;	&	mmem	O1--fast-isel|O2--fast-isel|O3--fast-isel|Ofast--fast-isel|Os--fast-isel|Oz--fast-isel
get_error_values	crypto/err/err.c	479	30	        i = (es->bottom + 1) % ERR_NUM_ERRORS;	%	mdiv	O1--fast-isel
readbuffer_read	crypto/bio/bf_readbuff.c	93	36	    sz = DEFAULT_BUFFER_SIZE * (sz / DEFAULT_BUFFER_SIZE);	/	mdiv	O1--fast-isel|O2--fast-isel|O3--fast-isel|Ofast--fast-isel
srp_Calc_xy	crypto/srp/srp_lib.c	31	16	    int numN = BN_num_bytes(N);	B	mdiv	O1--fast-isel|O2--fast-isel|O3--fast-isel|Ofast--fast-isel|Os--fast-isel|Oz--fast-isel
ossl_asn1_time_from_tm	crypto/asn1/a_time.c	308	49	                                    ts->tm_year % 100, ts->tm_mon + 1,	%	mdiv	O1--fast-isel|O2--fast-isel|O3--fast-isel|Ofast--fast-isel|Os--fast-isel
OSSL_ERR_STATE_restore	crypto/err/err_save.c	16	29	    es->top = (es->top + 1) % ERR_NUM_ERRORS;	%	mdiv	O1--fast-isel|O2--fast-isel|O3--fast-isel|Ofast--fast-isel|Os--fast-isel|Oz--fast-isel
do_i2b	crypto/pem/pvkfmt.c	665	17	            || (BN_num_bytes(q) > hnbyte)	B	mdiv	O1--fast-isel|O2--fast-isel|O3--fast-isel|Ofast--fast-isel|Os--fast-isel|Oz--fast-isel
BN_GF2m_mod_arr	crypto/bn/bn_gf2m.c	322	15	    dN = p[0] / BN_BITS2;	/	mdiv	O1--fast-isel|O2--fast-isel|O3--fast-isel|Ofast--fast-isel|Os--fast-isel|Oz--fast-isel
ossl_ec_curve_nid_from_params	crypto/ec/ec_curve.c	3404	11	    len = BN_num_bytes(group->field);	B	mdiv	O1--fast-isel|O2--fast-isel|O3--fast-isel|Ofast--fast-isel|Os--fast-isel|Oz--fast-isel
OPENSSL_gmtime_adj	crypto/o_time.c	94	28	    tm->tm_hour = time_sec / 3600;	/	mdiv	O1--fast-isel|O2--fast-isel|O3--fast-isel|Ofast--fast-isel|Os--fast-isel
i2a_ASN1_STRING	crypto/asn1/f_string.c	30	20	            if ((i != 0) && (i % 35 == 0)) {	!	mdiv	O1--fast-isel|Os--fast-isel
ossl_dh_key2buf	crypto/dh/dh_key.c	427	26	            || (p_size = BN_num_bytes(p)) == 0	B	mdiv	O1--fast-isel|O2--fast-isel|O3--fast-isel|Ofast--fast-isel|Os--fast-isel|Oz--fast-isel
print_array	apps/lib/apps.c	1420	16	        if ((i % 10) == 0)	%	mdiv	O1--fast-isel|O2--fast-isel|O3--fast-isel|Ofast--fast-isel|Os--fast-isel|Oz--disable-lsr
ossl_gen_deterministic_nonce_rfc6979	crypto/deterministic_nonce.c	202	28	    rlen = (qlen_bits + 7) / 8;	/	mdiv	O1--fast-isel|O2--fast-isel|O3--fast-isel|Ofast--fast-isel|Os--fast-isel|Oz--fast-isel
ossl_asn1_time_to_tm	crypto/asn1/a_time.c	39	14	    if (year % 400 == 0 || (year % 100 != 0 && year % 4 == 0))	%	mdiv	O1--fast-isel|O2--fast-isel|O3--fast-isel|Ofast--fast-isel|Os--fast-isel
BN_GF2m_mod_arr	crypto/bn/bn_gf2m.c	354	19	        d0 = p[0] % BN_BITS2;	%	mdiv	O1--fast-isel|O2--fast-isel|O3--fast-isel|Ofast--fast-isel|Os--fast-isel
DES_quad_cksum	crypto/des/qud_cksm.c	70	70	            z1 = ((t0 * ((t1 + NOISE) & 0xffffffffL)) & 0xffffffffL) %	%	mdiv	O1--fast-isel|O2--fast-isel|O3--fast-isel|Ofast--fast-isel|Os--fast-isel
DH_compute_key	crypto/dh/dh_key.c	130	14	        mask &= !key[i];	&	mmem	O1--fast-isel|O2--fast-isel|O3--fast-isel|Ofast--fast-isel|Os--fast-isel|Oz--fast-isel
ossl_ec_key_simple_priv2oct	crypto/ec/ec_key.c	1012	55	    buf_len = (EC_GROUP_order_bits(eckey->group) + 7) / 8;	/	mdiv	O1--fast-isel|O2--fast-isel|O3--fast-isel|Ofast--fast-isel|Os--fast-isel|Oz--fast-isel
ossl_sm2_compute_z_digest	crypto/sm2/sm2_sign.c	112	15	    p_bytes = BN_num_bytes(p);	B	mdiv	O1--fast-isel|O2--fast-isel|O3--fast-isel|Ofast--fast-isel|Os--fast-isel|Oz--fast-isel
ossl_asn1_time_to_tm	crypto/asn1/a_time.c	71	7	    y %= 100;	%	mdiv	O1--fast-isel
NETSCAPE_SPKI_print	crypto/asn1/t_spki.c	49	16	        if ((i % 18) == 0)	%	mdiv	O1--fast-isel|O2--fast-isel|O3--fast-isel|Ofast--fast-isel|Os--fast-isel|Oz--disable-lsr
DES_cfb_encrypt	crypto/des/cfb_enc.c	36	32	    register int num = numbits / 8, n = (numbits + 7) / 8, i, rem =	/	mdiv	O1--fast-isel|O2--fast-isel|O3--fast-isel|Ofast--fast-isel|Os--fast-isel|Oz--fast-isel
OPENSSL_gmtime_adj	crypto/o_time.c	183	42	        (3 * ((y + 4900 + (m - 14) / 12) / 100)) / 4 + d - 32075;	/	mdiv	O1--fast-isel|O2--fast-isel|O3--fast-isel|Ofast--fast-isel
generate_ecdhkm	providers/implementations/kem/ec_kem.c	526	57	    size_t secretlen = (EC_GROUP_get_degree(group) + 7) / 8;	/	mdiv	O1--fast-isel|O2--fast-isel|O3--fast-isel|Ofast--fast-isel|Os--fast-isel|Oz--fast-isel
ossl_encode_der_integer	crypto/asn1_dsa.c	83	31	    cont_len = BN_num_bits(n) / 8 + 1;	/	mdiv	O1--fast-isel|O2--fast-isel|O3--fast-isel|Ofast--fast-isel|Os--fast-isel|Oz--fast-isel
do_i2b	crypto/pem/pvkfmt.c	659	13	        if (BN_num_bytes(d) > nbyte)	B	mdiv	O1--fast-isel|O2--fast-isel|O3--fast-isel|Ofast--fast-isel|Os--fast-isel|Oz--fast-isel
s_client_main	apps/s_client.c	2988	17	                openssl_fdset(SSL_get_fd(con), &writefds);	o	mdiv	O1--fast-isel|O2--fast-isel|O3--fast-isel|Ofast--fast-isel|Os--fast-isel|Oz--fast-isel
bn2binpad	crypto/bn/bn_lib.c	561	18	    n = (n8 + 7) / 8;           /* This is what BN_num_bytes() does */	/	mdiv	O1--fast-isel|O2--fast-isel|O3--fast-isel|Ofast--fast-isel|Os--fast-isel|Oz--fast-isel
OPENSSL_gmtime_adj	crypto/o_time.c	96	27	    tm->tm_sec = time_sec % 60;	%	mdiv	O1--fast-isel|O2--fast-isel|O3--fast-isel|Ofast--fast-isel|Os--fast-isel
www_body	apps/s_server.c	3415	43	                        BIO_write(io, ((i % 3) ? " " : "\n"), 1);	%	mdiv	O1--fast-isel|O2--fast-isel|O3--fast-isel|Ofast--fast-isel|Os--fast-isel
ossl_asn1_time_to_tm	crypto/asn1/a_time.c	73	33	    tm->tm_wday = (d + (13 * m) / 5 + y + y / 4 + c / 4 + 5 * c + 6) % 7;	/	mdiv	O1--fast-isel
ossl_bio_print_labeled_buf	crypto/encode_decode/encoder_lib.c	789	16	        if ((i % LABELED_BUF_PRINT_WIDTH) == 0) {	%	mdiv	O1--fast-isel|O2--fast-isel|O3--fast-isel|Ofast--fast-isel|Os--fast-isel|Oz--disable-lsr
X509_signature_dump	crypto/x509/t_x509.c	271	19	    for (i = 0; i < n; i++) {	<	mdiv	O1--fast-isel|O2--fast-isel|O3--fast-isel|Ofast--fast-isel|Os--fast-isel
ossl_bn_gen_dsa_nonce_fixed_top	crypto/bn/bn_rand.c	308	34	    const unsigned num_k_bytes = BN_num_bytes(range) + 1;	B	mdiv	O1--fast-isel|O2--fast-isel|O3--fast-isel|Ofast--fast-isel|Os--fast-isel|Oz--fast-isel
s_client_main	apps/s_client.c	3042	25	                    && !FD_ISSET(SSL_get_fd(con), &readfds)	F	mdiv	O1--fast-isel|O2--fast-isel|O3--fast-isel|Ofast--fast-isel|Os--fast-isel|Oz--fast-isel
ossl_ffc_params_print	crypto/ffc/ffc_params.c	303	30	        for (i = 0; i < ffc->seedlen; i++) {	s	mdiv	O1--fast-isel|O2--fast-isel|O3--fast-isel|Ofast--fast-isel|Os--fast-isel
i2a_ASN1_INTEGER	crypto/asn1/f_int.c	36	20	            if ((i != 0) && (i % 35 == 0)) {	!	mdiv	O1--fast-isel|Os--fast-isel
ossl_asn1_time_to_tm	crypto/asn1/a_time.c	70	11	    c = y / 100;	/	mdiv	O1--fast-isel|Oz--mips-mixed-16-32
sv_body	apps/s_server.c	2640	13	            openssl_fdset(fileno_stdin(), &readfds);	o	mdiv	O1--fast-isel|O2--fast-isel|O3--fast-isel|Ofast--fast-isel|Os--fast-isel|Oz--fast-isel
evp_EncryptDecryptUpdate	crypto/evp/evp_enc.c	31	1	OSSL_SAFE_MATH_SIGNED(int, int)	O	mdiv	O1--fast-isel
BN_bn2dec	crypto/bn/bn_conv.c	63	23	    num = (i / 10 + i / 1000 + 1) + 1;	/	mdiv	O1--fast-isel|O2--fast-isel|O3--fast-isel|Ofast--fast-isel|Os--fast-isel
RSA_size	crypto/rsa/rsa_crpt.c	30	12	    return BN_num_bytes(r->n);	B	mdiv	O1--fast-isel|O2--fast-isel|O3--fast-isel|Ofast--fast-isel|Os--fast-isel|Oz--fast-isel
BN_MONT_CTX_set	crypto/bn/bn_mont.c	292	56	        mont->ri = (BN_num_bits(mod) + (BN_BITS2 - 1)) / BN_BITS2 * BN_BITS2;	/	mdiv	O1--fast-isel|O2--fast-isel|O3--fast-isel|Ofast--fast-isel|Os--fast-isel|Oz--fast-isel
bn_rshift_fixed_top	crypto/bn/bn_shift.c	185	12	    nw = n / BN_BITS2;	/	mdiv	O1--fast-isel|O2--fast-isel|O3--fast-isel|Ofast--fast-isel|Os--fast-isel|Oz--fast-isel
OPENSSL_gmtime_adj	crypto/o_time.c	181	48	    return (1461 * (y + 4800 + (m - 14) / 12)) / 4 +	/	mdiv	O1--fast-isel|O2--fast-isel|O3--fast-isel|Ofast--fast-isel
print_bignum_var	apps/lib/apps.c	1404	32	            BIO_printf(out, (i % 10) == 0 ? "\n        " : " ");	%	mdiv	O1--fast-isel|O2--fast-isel|O3--fast-isel|Ofast--fast-isel|Os--fast-isel|Oz--disable-lsr
wait_for_async	apps/lib/apps.c	3295	9	        openssl_fdset((int)fds[i], &asyncfds);	o	mdiv	O1--fast-isel|O2--fast-isel|O3--fast-isel|Ofast--fast-isel|Os--fast-isel|Oz--fast-isel
dgram_pair_write_inner	crypto/bio/bss_dgram_pair.c	18	1	OSSL_SAFE_MATH_UNSIGNED(size_t, size_t)	O	mdiv	O1--fast-isel|O2--fast-isel|O3--fast-isel|Ofast--fast-isel|Os--fast-isel
BN_bn2mpi	crypto/bn/bn_mpi.c	22	22	    num = (bits + 7) / 8;	/	mdiv	O1--fast-isel|O2--fast-isel|O3--fast-isel|Ofast--fast-isel|Os--fast-isel|Oz--fast-isel
added_obj_hash	crypto/objects/obj_dat.c	134	20	            ret ^= p[i] << ((i * 3) % 24);	p	mdiv	O1--fast-isel|O2--fast-isel|O3--fast-isel|Ofast--fast-isel|Os--fast-isel
int_put_bytes_bn	crypto/der_writer.c	137	16	    size_t n = BN_num_bytes(v);	B	mdiv	O1--fast-isel|O2--fast-isel|O3--fast-isel|Ofast--fast-isel|Os--fast-isel|Oz--fast-isel
BN_nist_mod_384	crypto/bn/bn_nist.c	281	18	        dst[i] = src[i];	s	mmem	O2--disable-cgp|O2--disable-complex-addr-modes|O2--fast-isel|O2-fmemory-profile|O2-fwrapv|O3--disable-cgp|O3--disable-complex-addr-modes|O3--fast-isel|O3-fmemory-profile|O3-fwrapv|Ofast--disable-cgp|Ofast--disable-complex-addr-modes|Ofast--fast-isel|Ofast-fmemory-profile|Ofast-fwrapv
fmtfp	crypto/bio/bio_print.c	729	30	            tmpexp = (tmpexp / 10);	/	mdiv	O2--fast-isel|O3--fast-isel|Ofast--fast-isel|Os--fast-isel|Oz--fast-isel|Oz--mips-mixed-16-32|Oz-ftrapv|Oz-fwrapv
def_time_cb	crypto/ts/ts_rsp_sign.c	110	43	    tv.tv_usec = (t.t % OSSL_TIME_SECOND) / OSSL_TIME_US;	/	mdiv	O2--fast-isel|O3--fast-isel|Ofast--fast-isel|Os--fast-isel
dgram_read	crypto/bio/bss_dgram.c	110	43	    tv.tv_usec = (t.t % OSSL_TIME_SECOND) / OSSL_TIME_US;	/	mdiv	O2--fast-isel|O3--fast-isel|Ofast--fast-isel|Os--fast-isel
BN_nist_mod_192	crypto/bn/bn_nist.c	281	18	        dst[i] = src[i];	s	mmem	O2--disable-cgp|O2--disable-complex-addr-modes|O2--fast-isel|O2-fmemory-profile|O2-fwrapv|O3--disable-cgp|O3--disable-complex-addr-modes|O3--fast-isel|O3-fmemory-profile|O3-fwrapv|Ofast--disable-cgp|Ofast--disable-complex-addr-modes|Ofast--fast-isel|Ofast-fmemory-profile|Ofast-fwrapv
dtls1_start_timer	ssl/d1_lib.c	110	43	    tv.tv_usec = (t.t % OSSL_TIME_SECOND) / OSSL_TIME_US;	/	mdiv	O2--fast-isel|O3--fast-isel|Ofast--fast-isel
BN_nist_mod_256	crypto/bn/bn_nist.c	281	18	        dst[i] = src[i];	s	mmem	O2--disable-cgp|O2--disable-complex-addr-modes|O2--fast-isel|O2-fmemory-profile|O2-fwrapv|O3--disable-cgp|O3--disable-complex-addr-modes|O3--fast-isel|O3-fmemory-profile|O3-fwrapv|Ofast--disable-cgp|Ofast--disable-complex-addr-modes|Ofast--fast-isel|Ofast-fmemory-profile|Ofast-fwrapv
ssl_cache_cipherlist	ssl/ssl_lib.c	7079	61	        size_t numciphers = PACKET_remaining(cipher_suites) / n;	/	mdiv	O2--fast-isel|O3--fast-isel|Ofast--fast-isel|Os--fast-isel
fmtfp	crypto/bio/bio_print.c	728	54	            econvert[eplace++] = "0123456789"[tmpexp % 10];	%	mdiv	O2--fast-isel|O3--fast-isel|Ofast--fast-isel|Os--fast-isel
BN_dec2bn	crypto/bn/bn_conv.c	236	20	    j = BN_DEC_NUM - i % BN_DEC_NUM;	-	mdiv	O2--fast-isel|O3--fast-isel|Ofast--fast-isel|Os--fast-isel
evp_kem_from_algorithm	crypto/evp/kem.c	64	77	    *ret = atomic_fetch_sub_explicit(&refcnt->val, 1, memory_order_release) - 1;	-	cjump	O2-ftrapv|O3-ftrapv|Ofast-ftrapv
evp_keyexch_from_algorithm	crypto/evp/exchange.c	64	77	    *ret = atomic_fetch_sub_explicit(&refcnt->val, 1, memory_order_release) - 1;	-	cjump	O2-ftrapv|O3-ftrapv|Ofast-ftrapv
decap	crypto/ml_kem/ml_kem.c	677	12	        out++;	+	cjump	O2--mips-mixed-16-32|O3--mips-mixed-16-32|Ofast--mips-mixed-16-32
CRYPTO_gcm128_decrypt_ctr32	crypto/modes/gcm128.c	1536	13	            ++n;	+	cjump	O2--force-vector-interleave=100|O2--force-vector-interleave=50|O2--force-vector-width=100|O2--force-vector-width=50|O2--mips-mixed-16-32|O3--force-vector-interleave=100|O3--force-vector-interleave=50|O3--force-vector-width=100|O3--force-vector-width=50|O3--mips-mixed-16-32|Ofast--force-vector-interleave=100|Ofast--force-vector-interleave=50|Ofast--force-vector-width=100|Ofast--force-vector-width=50|Ofast--mips-mixed-16-32
cbd_2	crypto/ml_kem/ml_kem.c	1030	15	        b = *r++;	+	cjump	O2--force-vector-interleave=100|O2--force-vector-interleave=50|O2--force-vector-width=100|O2--force-vector-width=50|O2--mips-mixed-16-32|O3--force-vector-interleave=100|O3--force-vector-interleave=50|O3--force-vector-width=100|O3--force-vector-width=50|O3--mips-mixed-16-32|Ofast--force-vector-interleave=100|Ofast--force-vector-interleave=50|Ofast--force-vector-width=100|Ofast--force-vector-width=50|Ofast--mips-mixed-16-32|Os--force-vector-interleave=100|Os--force-vector-interleave=50|Os--force-vector-width=100|Os--force-vector-width=50|Os--mips-mixed-16-32
CRYPTO_gcm128_encrypt_ctr32	crypto/modes/gcm128.c	1375	13	            ++n;	+	cjump	O2--force-vector-interleave=100|O2--force-vector-interleave=50|O2--force-vector-width=100|O2--force-vector-width=50|O2--mips-mixed-16-32|O3--force-vector-interleave=100|O3--force-vector-interleave=50|O3--force-vector-width=100|O3--force-vector-width=50|O3--mips-mixed-16-32|Ofast--force-vector-interleave=100|Ofast--force-vector-interleave=50|Ofast--force-vector-width=100|Ofast--force-vector-width=50|Ofast--mips-mixed-16-32
CRYPTO_gcm128_encrypt	crypto/modes/gcm128.c	949	21	                    ++n;	+	cjump	O2--force-vector-interleave=100|O2--force-vector-interleave=50|O2--force-vector-width=100|O2--force-vector-width=50|O2--mips-mixed-16-32|O3--force-vector-interleave=100|O3--force-vector-interleave=50|O3--force-vector-width=100|O3--force-vector-width=50|O3--mips-mixed-16-32|Ofast--force-vector-interleave=100|Ofast--force-vector-interleave=50|Ofast--force-vector-width=100|Ofast--force-vector-width=50|Ofast--mips-mixed-16-32
CRYPTO_gcm128_decrypt	crypto/modes/gcm128.c	1177	21	                    ++n;	+	cjump	O2--force-vector-interleave=100|O2--force-vector-interleave=50|O2--force-vector-width=100|O2--force-vector-width=50|O2--mips-mixed-16-32|O3--force-vector-interleave=100|O3--force-vector-interleave=50|O3--force-vector-width=100|O3--force-vector-width=50|O3--mips-mixed-16-32|Ofast--force-vector-interleave=100|Ofast--force-vector-interleave=50|Ofast--force-vector-width=100|Ofast--force-vector-width=50|Ofast--mips-mixed-16-32
encrypt_cpa	crypto/ml_kem/ml_kem.c	1030	15	        b = *r++;	+	cjump	O2--force-vector-interleave=100|O2--force-vector-interleave=50|O2--force-vector-width=100|O2--force-vector-width=50|O2--mips-mixed-16-32|O3--force-vector-interleave=100|O3--force-vector-interleave=50|O3--force-vector-width=100|O3--force-vector-width=50|O3--mips-mixed-16-32|Ofast--force-vector-interleave=100|Ofast--force-vector-interleave=50|Ofast--force-vector-width=100|Ofast--force-vector-width=50|Ofast--mips-mixed-16-32
DES_fcrypt	crypto/des/fcrypt.c	142	15	            c <<= 1;	<	cjump	O2--disable-select-optimize=false|O3--disable-select-optimize=false|Ofast--disable-select-optimize=false
BN_nist_mod_521	crypto/bn/bn_nist.c	281	18	        dst[i] = src[i];	s	mmem	O2--disable-cgp|O2--disable-complex-addr-modes|O2-fmemory-profile|O2-fwrapv|O3--disable-cgp|O3--disable-complex-addr-modes|O3-fmemory-profile|O3-fwrapv|Ofast--disable-cgp|Ofast--disable-complex-addr-modes|Ofast-fmemory-profile|Ofast-fwrapv
ossl_gf_mul	crypto/ec/curve448/arch_32/f_impl32.c	42	42	            accum1 += widemul(aa[j - i], bb[i]);	b	cjump	O2--force-vector-interleave=100|O2--force-vector-interleave=50|O2--force-vector-width=100|O2--force-vector-width=50|O3--force-vector-interleave=100|O3--force-vector-interleave=50|O3--force-vector-width=100|O3--force-vector-width=50|Ofast--force-vector-interleave=100|Ofast--force-vector-interleave=50|Ofast--force-vector-width=100|Ofast--force-vector-width=50|Os--force-vector-interleave=100|Os--force-vector-interleave=50|Os--force-vector-width=100|Os--force-vector-width=50
bn_rshift_fixed_top	crypto/bn/bn_shift.c	205	17	        m = f[i + 1];	+	cjump	O2--force-vector-interleave=100|O2--force-vector-interleave=50|O2--force-vector-width=100|O2--force-vector-width=50|O3--force-vector-interleave=100|O3--force-vector-interleave=50|O3--force-vector-width=100|O3--force-vector-width=50|Ofast--force-vector-interleave=100|Ofast--force-vector-interleave=50|Ofast--force-vector-width=100|Ofast--force-vector-width=50
ossl_gf_mul	crypto/ec/curve448/arch_32/f_impl32.c	43	45	            accum0 += widemul(a[8 + j - i], b[8 + i]);	b	cjump	O2--force-vector-interleave=100|O2--force-vector-interleave=50|O2--force-vector-width=100|O2--force-vector-width=50|O3--force-vector-interleave=100|O3--force-vector-interleave=50|O3--force-vector-width=100|O3--force-vector-width=50|Ofast--force-vector-interleave=100|Ofast--force-vector-interleave=50|Ofast--force-vector-width=100|Ofast--force-vector-width=50|Os--force-vector-interleave=100|Os--force-vector-interleave=50|Os--force-vector-width=100|Os--force-vector-width=50
ossl_gf_mul	crypto/ec/curve448/arch_32/f_impl32.c	41	31	            accum2 += widemul(a[j - i], b[i]);	a	cjump	O2--force-vector-interleave=100|O2--force-vector-interleave=50|O2--force-vector-width=100|O2--force-vector-width=50|O3--force-vector-interleave=100|O3--force-vector-interleave=50|O3--force-vector-width=100|O3--force-vector-width=50|Ofast--force-vector-interleave=100|Ofast--force-vector-interleave=50|Ofast--force-vector-width=100|Ofast--force-vector-width=50|Os--force-vector-interleave=100|Os--force-vector-interleave=50|Os--force-vector-width=100|Os--force-vector-width=50
ossl_quic_hdr_protector_encrypt_fields	ssl/quic/quic_wire_pkt.c	179	21	        pn_bytes[i] ^= mask[i + 1];	^	cjump	O2--force-vector-interleave=100|O2--force-vector-interleave=50|O2--force-vector-width=100|O2--force-vector-width=50|O3--force-vector-interleave=100|O3--force-vector-interleave=50|O3--force-vector-width=100|O3--force-vector-width=50|Ofast--force-vector-interleave=100|Ofast--force-vector-interleave=50|Ofast--force-vector-width=100|Ofast--force-vector-width=50|Os--force-vector-interleave=100|Os--force-vector-interleave=50|Os--force-vector-width=100|Os--force-vector-width=50
ossl_quic_hdr_protector_decrypt_fields	ssl/quic/quic_wire_pkt.c	151	21	        pn_bytes[i] ^= mask[i + 1];	^	cjump	O2--force-vector-interleave=100|O2--force-vector-interleave=50|O2--force-vector-width=100|O2--force-vector-width=50|O3--force-vector-interleave=100|O3--force-vector-interleave=50|O3--force-vector-width=100|O3--force-vector-width=50|Ofast--force-vector-interleave=100|Ofast--force-vector-interleave=50|Ofast--force-vector-width=100|Ofast--force-vector-width=50|Os--force-vector-interleave=100|Os--force-vector-interleave=50|Os--force-vector-width=100|Os--force-vector-width=50
ossl_gf_mul	crypto/ec/curve448/arch_32/f_impl32.c	41	41	            accum2 += widemul(a[j - i], b[i]);	b	cjump	O2--force-vector-interleave=100|O2--force-vector-interleave=50|O2--force-vector-width=100|O2--force-vector-width=50|O3--force-vector-interleave=100|O3--force-vector-interleave=50|O3--force-vector-width=100|O3--force-vector-width=50|Ofast--force-vector-interleave=100|Ofast--force-vector-interleave=50|Ofast--force-vector-width=100|Ofast--force-vector-width=50|Os--force-vector-interleave=100|Os--force-vector-interleave=50|Os--force-vector-width=100|Os--force-vector-width=50
X509_NAME_oneline	crypto/x509/x509_obj.c	96	36	                    gs_doit[j & 3] = 1;	=	cjump	O2--force-vector-interleave=100|O2--force-vector-interleave=50|O3--force-vector-interleave=100|O3--force-vector-interleave=50|Ofast--force-vector-interleave=100|Ofast--force-vector-interleave=50|Os--force-vector-interleave=100|Os--force-vector-interleave=50|Os--force-vector-width=100|Os--force-vector-width=50
ssl_cipher_list_to_bytes	ssl/statem/statem_clnt.c	4172	13	            !maxverok	!	cjump	O2--simplifycfg-branch-fold-threshold=0|O2--sroa-skip-mem2reg|O2-fprofile-arcs|O3--simplifycfg-branch-fold-threshold=0|O3--sroa-skip-mem2reg|O3-fprofile-arcs|Ofast--simplifycfg-branch-fold-threshold=0|Ofast--sroa-skip-mem2reg|Ofast-fprofile-arcs|Os--simplifycfg-branch-fold-threshold=0|Os--sroa-skip-mem2reg|Os-fprofile-arcs
def_time_cb	crypto/ts/ts_rsp_sign.c	108	30	    tv.tv_sec = (time_t)(t.t / OSSL_TIME_SECOND);	/	mmem	O2-fprofile-generate|O3-fprofile-generate|Ofast-fprofile-generate|Os-fcs-profile-generate|Os-fprofile-generate|Oz-fcs-profile-generate|Oz-fprofile-generate
OSSL_HTTP_REQ_CTX_nbio	crypto/http/http_client.c	770	31	                rctx->state = i < HTTP_STATUS_CODES_NONFATAL_ERROR	i	cjump	O2--sroa-skip-mem2reg|O3--sroa-skip-mem2reg|Ofast--sroa-skip-mem2reg|Os--sroa-skip-mem2reg|Oz--sroa-skip-mem2reg
kdf_scrypt_derive	providers/implementations/kdfs/scrypt.c	408	33	        j = X[16 * (2 * r - 1)] % N;	%	cjump	O2--expand-div-rem-bits=0|O2--expand-div-rem-bits=50|O3--expand-div-rem-bits=0|O3--expand-div-rem-bits=50|Ofast--expand-div-rem-bits=0|Ofast--expand-div-rem-bits=50|Os--expand-div-rem-bits=0|Os--expand-div-rem-bits=50|Oz--expand-div-rem-bits=0|Oz--expand-div-rem-bits=50
bn_compute_wNAF	crypto/bn/bn_intern.c	114	23	        r[j++] = sign * digit;	*	cjump	O2--enable-nontrivial-unswitch
_ZL24ssl_cipher_list_to_bytesP17ssl_connection_stP19stack_st_SSL_CIPHERP10wpacket_st.__uniq.112902882655447609167197993620518747938	ssl/statem/statem_clnt.c	4172	13	            !maxverok	!	cjump	O2-fpseudo-probe-for-profiling|O3-fpseudo-probe-for-profiling|Ofast-fpseudo-probe-for-profiling|Os-fpseudo-probe-for-profiling
aes_gcm_siv_cipher	providers/implementations/ciphers/cipher_aes_gcm_siv_hw.c	356	17	        out_len = BLOCK_SIZE;	=	mmem	O2--pre-RA-sched=linearize|O3--pre-RA-sched=linearize|Ofast--pre-RA-sched=linearize
recode_wnaf	crypto/ec/curve448/curve448.c	558	48	    unsigned int table_size = C448_SCALAR_BITS / (table_bits + 1) + 3;	/	mdiv	O3--enable-coldcc-stress-test|O3--inline-call-penalty=0|O3--inline-instr-cost=100|O3--inline-instr-cost=50|O3--inline-memaccess-cost=100|O3--inline-memaccess-cost=50|O3--inline-threshold=-1|O3--inline-threshold=0|O3--inline-threshold=100|O3--inline-threshold=50|O3-finline-hint-functions|O3-finstrument-functions|O3-fno-inline|O3-fno-inline-functions|O3-fprofile-arcs|O3-fprofile-generate|O3-fprofile-instr-generate|O3-ftrapv|Ofast--enable-coldcc-stress-test|Ofast--inline-call-penalty=0|Ofast--inline-instr-cost=100|Ofast--inline-instr-cost=50|Ofast--inline-memaccess-cost=100|Ofast--inline-memaccess-cost=50|Ofast--inline-threshold=-1|Ofast--inline-threshold=0|Ofast--inline-threshold=100|Ofast--inline-threshold=50|Ofast-finline-hint-functions|Ofast-finstrument-functions|Ofast-fno-inline|Ofast-fno-inline-functions|Ofast-fprofile-arcs|Ofast-fprofile-generate|Ofast-fprofile-instr-generate|Ofast-ftrapv
ASN1_TIME_normalize	crypto/asn1/a_time.c	308	49	                                    ts->tm_year % 100, ts->tm_mon + 1,	%	cjump	O3--expand-div-rem-bits=0|Ofast--expand-div-rem-bits=0
BN_generate_prime_ex2	crypto/bn/bn_prime.c	522	38	                 : (mods[i] + delta) % primes[i] == 0) {	%	cjump	O3--expand-div-rem-bits=0|Ofast--expand-div-rem-bits=0
BN_generate_prime_ex2	crypto/bn/bn_prime.c	602	38	                 : (mods[i] + delta) % primes[i] == 0) {	%	cjump	O3--expand-div-rem-bits=0|Ofast--expand-div-rem-bits=0
CRYPTO_secure_malloc	crypto/mem_sec.c	365	45	    bit = (ONE << list) + ((ptr - sh.arena) / (sh.arena_size >> list));	/	cjump	O3--expand-div-rem-bits=0|Ofast--expand-div-rem-bits=0
sh_free	crypto/mem_sec.c	365	45	    bit = (ONE << list) + ((ptr - sh.arena) / (sh.arena_size >> list));	/	cjump	O3--expand-div-rem-bits=0|Ofast--expand-div-rem-bits=0
sh_actual_size	crypto/mem_sec.c	365	45	    bit = (ONE << list) + ((ptr - sh.arena) / (sh.arena_size >> list));	/	cjump	O3--expand-div-rem-bits=0|Ofast--expand-div-rem-bits=0
ossl_sa_doall_arg	crypto/sparse_array.c	93	21	                    (*leaf)(idx, p[n], arg);	(	cjump	O3--attributor-enable=all|O3--attributor-enable=module|Ofast--attributor-enable=all|Ofast--attributor-enable=module
ossl_rsa_padding_check_PKCS1_type_2	crypto/rsa/rsa_pk1.c	341	38	    return (value_barrier(mask) & a) | (value_barrier(~mask) & b);	|	cjump	O3--attributor-enable=all|O3--attributor-enable=module|Ofast--attributor-enable=all|Ofast--attributor-enable=module
BN_rshift	crypto/bn/bn_shift.c	205	17	        m = f[i + 1];	+	cjump	O3--force-vector-interleave=100|O3--force-vector-interleave=50|O3--force-vector-width=100|O3--force-vector-width=50|Ofast--force-vector-interleave=100|Ofast--force-vector-interleave=50|Ofast--force-vector-width=100|Ofast--force-vector-width=50
scalar_decode_short	crypto/ec/curve448/scalar.c	148	35	            out |= ((c448_word_t) ser[k]) << (8 * j);	s	cjump	O3--force-vector-interleave=100|O3--force-vector-interleave=50|O3--force-vector-width=100|O3--force-vector-width=50|Ofast--force-vector-interleave=100|Ofast--force-vector-interleave=50|Ofast--force-vector-width=100|Ofast--force-vector-width=50
OPENSSL_sk_find_all	crypto/stack/stack.c	365	19	            *pnum = 0;	=	cjump	O3--jump-threading-across-loop-headers|O3-fpseudo-probe-for-profiling|Ofast--jump-threading-across-loop-headers|Ofast-fpseudo-probe-for-profiling
BN_bn2bin	crypto/bn/bn_lib.c	561	18	    n = (n8 + 7) / 8;           /* This is what BN_num_bytes() does */	/	mdiv	O3--fast-isel|Ofast--fast-isel
ASN1_TIME_normalize	crypto/asn1/a_time.c	308	49	                                    ts->tm_year % 100, ts->tm_mon + 1,	%	mdiv	O3--fast-isel|Ofast--fast-isel
new_raw_key_int	crypto/evp/p_lib.c	64	77	    *ret = atomic_fetch_sub_explicit(&refcnt->val, 1, memory_order_release) - 1;	-	cjump	O3-ftrapv|Ofast-ftrapv
evp_pkey_get_legacy	crypto/evp/p_lib.c	64	77	    *ret = atomic_fetch_sub_explicit(&refcnt->val, 1, memory_order_release) - 1;	-	cjump	O3-ftrapv|Ofast-ftrapv
ENGINE_free	crypto/engine/eng_lib.c	64	77	    *ret = atomic_fetch_sub_explicit(&refcnt->val, 1, memory_order_release) - 1;	-	cjump	O3-ftrapv|Ofast-ftrapv
EVP_PKEY_copy_parameters	crypto/evp/p_lib.c	64	77	    *ret = atomic_fetch_sub_explicit(&refcnt->val, 1, memory_order_release) - 1;	-	cjump	O3-ftrapv|Ofast-ftrapv
aes_gcm_siv_ctr32	providers/implementations/ciphers/cipher_aes_gcm_siv_hw.c	356	17	        out_len = BLOCK_SIZE;	=	mmem	Os--pre-RA-sched=linearize
ossl_rsa_verify_PKCS1_PSS_mgf1	crypto/rsa/rsa_pss.c	114	15	        DB[i] ^= EM[i];	^	cjump	Os--force-vector-interleave=100|Os--force-vector-interleave=50|Os--force-vector-width=100|Os--force-vector-width=50
finalize	providers/implementations/kdfs/argon2.c	292	12	    dst[0] = (uint8_t)(w >> 0);	=	cjump	Os--force-vector-width=100|Os--force-vector-width=50
fill_block	providers/implementations/kdfs/argon2.c	328	19	        dst->v[i] ^= src->v[i];	^	cjump	Os--force-vector-interleave=50|Os--force-vector-width=100|Os--force-vector-width=50
RSA_padding_check_PKCS1_OAEP_mgf1	crypto/rsa/rsa_oaep.c	261	17	        seed[i] ^= maskedseed[i];	^	cjump	Os--force-vector-interleave=100|Os--force-vector-interleave=50|Os--force-vector-width=100|Os--force-vector-width=50
c2i_ibuf	crypto/asn1/a_int.c	188	20	            pad |= p[i];	p	cjump	Os--force-vector-interleave=100|Os--force-vector-interleave=50|Os--force-vector-width=100|Os--force-vector-width=50
ossl_slh_wots_pk_from_sig	crypto/slh_dsa/slh_wots.c	59	17	        csum += in[i];	i	cjump	Os--force-vector-interleave=100|Os--force-vector-interleave=50|Os--force-vector-width=100|Os--force-vector-width=50
finalize	providers/implementations/kdfs/argon2.c	299	12	    dst[7] = (uint8_t)(w >> 56);	=	cjump	Os--force-vector-interleave=100|Os--force-vector-interleave=50|Os--force-vector-width=100|Os--force-vector-width=50
tls1_cipher	ssl/record/methods/tls1_meth.c	318	23	            data[ctr] = recs[ctr].data;	=	cjump	Os--force-vector-interleave=100|Os--force-vector-interleave=50|Os--force-vector-width=100|Os--force-vector-width=50
dgram_sendmmsg	crypto/bio/bss_dgram.c	1402	52	        BIO_MSG_N(msg, stride, i).data_len = mh[i].msg_len;	m	cjump	Os--force-vector-width=100|Os--force-vector-width=50
ossl_sm2_encrypt	crypto/sm2/sm2_crypt.c	220	21	        msg_mask[i] ^= msg[i];	^	cjump	Os--force-vector-interleave=100|Os--force-vector-interleave=50|Os--force-vector-width=100|Os--force-vector-width=50
RSA_padding_check_PKCS1_OAEP_mgf1	crypto/rsa/rsa_oaep.c	266	15	        db[i] ^= maskeddb[i];	^	cjump	Os--force-vector-interleave=100|Os--force-vector-interleave=50|Os--force-vector-width=100|Os--force-vector-width=50
custom_ext_init	ssl/statem/extensions_cust.c	110	25	        meth->ext_flags &= ~(SSL_EXT_FLAG_SENT | SSL_EXT_FLAG_RECEIVED);	&	cjump	Os--force-vector-interleave=100|Os--force-vector-interleave=50|Os--force-vector-width=100|Os--force-vector-width=50
CRYPTO_nistcts128_decrypt_block	crypto/modes/cts128.c	243	16	        out[n] = tmp.c[n] ^ tmp.c[n - 16];	=	cjump	Os--force-vector-interleave=100|Os--force-vector-interleave=50|Os--force-vector-width=100|Os--force-vector-width=50
tls1_cipher	ssl/record/methods/tls1_meth.c	327	23	            data[ctr] = recs[ctr].input;	=	cjump	Os--force-vector-interleave=100|Os--force-vector-interleave=50|Os--force-vector-width=100|Os--force-vector-width=50
ossl_rsa_padding_add_PKCS1_OAEP_mgf1_ex	crypto/rsa/rsa_oaep.c	142	17	        seed[i] ^= seedmask[i];	^	cjump	Os--force-vector-interleave=100|Os--force-vector-interleave=50|Os--force-vector-width=100|Os--force-vector-width=50
finalize	providers/implementations/kdfs/argon2.c	293	12	    dst[1] = (uint8_t)(w >> 8);	=	cjump	Os--force-vector-width=100|Os--force-vector-width=50
ossl_cipher_generic_block_update	providers/implementations/ciphers/ciphercommon.c	627	31	                    out[loop] = padval;	=	cjump	Os--force-vector-interleave=100|Os--force-vector-interleave=50|Os--force-vector-width=100|Os--force-vector-width=50
ossl_gf_mul	crypto/ec/curve448/arch_32/f_impl32.c	50	46	            accum2 += widemul(aa[8 + j - i], bb[i]);	b	cjump	Os--force-vector-interleave=100|Os--force-vector-interleave=50|Os--force-vector-width=100|Os--force-vector-width=50
cbd_2	crypto/ml_kem/ml_kem.c	1047	17	        *curr++ = value + (kPrime & mask);	=	cjump	Os--force-vector-interleave=100|Os--force-vector-interleave=50|Os--force-vector-width=100|Os--force-vector-width=50
ossl_rsa_padding_add_PKCS1_OAEP_mgf1_ex	crypto/rsa/rsa_oaep.c	135	15	        db[i] ^= dbmask[i];	^	cjump	Os--force-vector-interleave=100|Os--force-vector-interleave=50|Os--force-vector-width=100|Os--force-vector-width=50
TXT_DB_read	crypto/txt_db/txt_db.c	49	22	        ret->qual[i] = NULL;	=	cjump	Os--force-vector-interleave=100|Os--force-vector-interleave=50|Os--force-vector-width=100|Os--force-vector-width=50
ossl_sm2_encrypt	crypto/sm2/sm2_crypt.c	63	15	        re |= msg[i];	m	cjump	Os--force-vector-interleave=100|Os--force-vector-interleave=50|Os--force-vector-width=100|Os--force-vector-width=50
ossl_curve448_precomputed_scalarmul	crypto/ec/curve448/curve448.c	257	26	                        (scalar1x->limb[bit / WBITS] >> (bit % WBITS) & 1) << k;	s	cjump	Os--force-vector-interleave=100|Os--force-vector-interleave=50|Os--force-vector-width=100|Os--force-vector-width=50
cbd_2	crypto/ml_kem/ml_kem.c	1030	13	        b = *r++;	*	cjump	Os--force-vector-width=100|Os--force-vector-width=50
scalar_compress	crypto/ml_kem/ml_kem.c	862	17	        s->c[i] = compress(s->c[i], bits);	=	cjump	Os--force-vector-interleave=100|Os--force-vector-interleave=50|Os--force-vector-width=100|Os--force-vector-width=50
finalize	providers/implementations/kdfs/argon2.c	297	12	    dst[5] = (uint8_t)(w >> 40);	=	cjump	Os--force-vector-width=100|Os--force-vector-width=50
HMAC_Init_ex	crypto/hmac/hmac.c	83	20	            pad[i] = 0x36 ^ keytmp[i];	=	cjump	Os--force-vector-interleave=50|Os--force-vector-width=100|Os--force-vector-width=50
ssl3_cbc_digest_record	ssl/record/methods/ssl3_cbc.c	452	24	            mac_out[j] |= block[j] & is_block_b;	|	cjump	Os--force-vector-interleave=100|Os--force-vector-interleave=50|Os--force-vector-width=100|Os--force-vector-width=50
OSSL_PARAM_allocate_from_text	crypto/params_from_text.c	168	25	                    *cp ^= 0xFF;	^	cjump	Os--force-vector-interleave=100|Os--force-vector-interleave=50|Os--force-vector-width=100|Os--force-vector-width=50
encrypt_cpa	crypto/ml_kem/ml_kem.c	576	19	        lhs->c[i] = reduce_once(lhs->c[i] + rhs->c[i]);	=	cjump	Os--force-vector-interleave=100|Os--force-vector-interleave=50|Os--force-vector-width=100|Os--force-vector-width=50
scalar_inverse_ntt	crypto/ml_kem/ml_kem.c	499	22	        tmp = reduce(*curr * a);	*	cjump	Os--force-vector-width=100|Os--force-vector-width=50
ossl_gf_mul	crypto/ec/curve448/arch_32/f_impl32.c	51	46	            accum1 += widemul(a[16 + j - i], b[8 + i]);	b	cjump	Os--force-vector-interleave=100|Os--force-vector-interleave=50|Os--force-vector-width=100|Os--force-vector-width=50
decap	crypto/ml_kem/ml_kem.c	874	17	        s->c[i] = decompress(s->c[i], bits);	=	cjump	Os--force-vector-interleave=100|Os--force-vector-interleave=50|Os--force-vector-width=100|Os--force-vector-width=50
ssl3_cbc_digest_record	ssl/record/methods/ssl3_cbc.c	339	25	            hmac_pad[i] ^= 0x36;	^	cjump	Os--force-vector-interleave=100|Os--force-vector-interleave=50|Os--force-vector-width=100
ossl_slh_wots_sign	crypto/slh_dsa/slh_wots.c	59	17	        csum += in[i];	i	cjump	Os--force-vector-interleave=100|Os--force-vector-interleave=50|Os--force-vector-width=100|Os--force-vector-width=50
finalize	providers/implementations/kdfs/argon2.c	296	12	    dst[4] = (uint8_t)(w >> 32);	=	cjump	Os--force-vector-width=100|Os--force-vector-width=50
RC4_set_key	crypto/rc4/rc4_skey.c	56	14	        d[i] = i;	=	cjump	Os--force-vector-interleave=100|Os--force-vector-interleave=50|Os--force-vector-width=100|Os--force-vector-width=50
ossl_ffc_params_FIPS186_2_gen_verify	crypto/ffc/ffc_params_generate.c	424	19	            md[i] ^= buf2[i];	^	cjump	Os--force-vector-interleave=100|Os--force-vector-interleave=50|Os--force-vector-width=100|Os--force-vector-width=50
ssl3_write_bytes	ssl/record/rec_layer_s3.c	442	33	                tmpls[j].buflen = split_send_fragment;	=	cjump	Os--force-vector-interleave=100|Os--force-vector-interleave=50|Os--force-vector-width=100|Os--force-vector-width=50
ossl_sm2_decrypt	crypto/sm2/sm2_crypt.c	63	15	        re |= msg[i];	m	cjump	Os--force-vector-interleave=100|Os--force-vector-interleave=50|Os--force-vector-width=100|Os--force-vector-width=50
ssl_create_cipher_list	ssl/ssl_ciph.c	701	33	                co_list[i].next = &co_list[i + 1];	=	cjump	Os--force-vector-interleave=100|Os--force-vector-interleave=50|Os--force-vector-width=100|Os--force-vector-width=50
HMAC_Init_ex	crypto/hmac/hmac.c	90	20	            pad[i] = 0x5c ^ keytmp[i];	=	cjump	Os--force-vector-interleave=50|Os--force-vector-width=100|Os--force-vector-width=50
finalize	providers/implementations/kdfs/argon2.c	344	60	        store64((uint8_t *)output + i * sizeof(src->v[i]), src->v[i]);	s	cjump	Os--force-vector-width=100|Os--force-vector-width=50
ossl_ml_dsa_sign	crypto/ml_dsa/ml_dsa_sign.c	235	22	            count += v->poly[i].coeff[j];	v	cjump	Os--force-vector-interleave=100|Os--force-vector-interleave=50|Os--force-vector-width=100|Os--force-vector-width=50
dgram_sendmmsg	crypto/bio/bss_dgram.c	1403	44	        BIO_MSG_N(msg, stride, i).flags    = 0;	=	cjump	Os--force-vector-interleave=100|Os--force-vector-interleave=50|Os--force-vector-width=100|Os--force-vector-width=50
finalize	providers/implementations/kdfs/argon2.c	294	12	    dst[2] = (uint8_t)(w >> 16);	=	cjump	Os--force-vector-width=100|Os--force-vector-width=50
OPENSSL_uni2asc	crypto/pkcs12/p12_utl.c	63	24	        asctmp[i >> 1] = uni[i];	=	cjump	Os--force-vector-interleave=100|Os--force-vector-interleave=50|Os--force-vector-width=100|Os--force-vector-width=50
scalar_compress	crypto/ml_kem/ml_kem.c	862	28	        s->c[i] = compress(s->c[i], bits);	s	cjump	Os--force-vector-width=100|Os--force-vector-width=50
decap	crypto/ml_kem/ml_kem.c	874	30	        s->c[i] = decompress(s->c[i], bits);	s	cjump	Os--force-vector-width=100|Os--force-vector-width=50
CAST_set_key	crypto/cast/c_skey.c	46	14	        x[i] = data[i];	=	cjump	Os--force-vector-interleave=100|Os--force-vector-interleave=50|Os--force-vector-width=100|Os--force-vector-width=50
CRYPTO_nistcts128_decrypt_block	crypto/modes/cts128.c	243	18	        out[n] = tmp.c[n] ^ tmp.c[n - 16];	t	cjump	Os--force-vector-width=100|Os--force-vector-width=50
ossl_rsa_padding_check_PKCS1_type_2_TLS	crypto/rsa/rsa_pk1.c	581	42	        good &= ~constant_time_is_zero_8(from[i]);	f	cjump	Os--force-vector-interleave=100|Os--force-vector-interleave=50|Os--force-vector-width=100|Os--force-vector-width=50
OPENSSL_asc2uni	crypto/pkcs12/p12_utl.c	32	19	        unitmp[i] = 0;	=	cjump	Os--force-vector-width=100|Os--force-vector-width=50
added_obj_hash	crypto/objects/obj_dat.c	134	20	            ret ^= p[i] << ((i * 3) % 24);	p	cjump	Os--force-vector-interleave=100|Os--force-vector-interleave=50|Os--force-vector-width=100|Os--force-vector-width=50
finalize	providers/implementations/kdfs/argon2.c	295	12	    dst[3] = (uint8_t)(w >> 24);	=	cjump	Os--force-vector-width=100|Os--force-vector-width=50
ssl3_write_bytes	ssl/record/rec_layer_s3.c	440	34	                tmpls[j].version = recversion;	=	cjump	Os--force-vector-width=100|Os--force-vector-width=50
gid_cb	ssl/t1_lib.c	1501	39	                    garg->ksid_arr[j] = garg->ksid_arr[j + 1]; /* shift remaining key shares */	=	cjump	Os--force-vector-interleave=100|Os--force-vector-interleave=50|Os--force-vector-width=100|Os--force-vector-width=50
ossl_gf_mul	crypto/ec/curve448/arch_32/f_impl32.c	51	31	            accum1 += widemul(a[16 + j - i], b[8 + i]);	a	cjump	Os--force-vector-width=100|Os--force-vector-width=50
cts128_cs3_decrypt	providers/implementations/ciphers/cipher_cts.c	130	16	        out[i] = in1[i] ^ in2[i];	=	cjump	Os--force-vector-interleave=100|Os--force-vector-interleave=50|Os--force-vector-width=100|Os--force-vector-width=50
BN_BLINDING_invert_ex	crypto/bn/bn_blind.c	185	25	                n->d[i] &= mask;	&	cjump	Os--force-vector-interleave=100|Os--force-vector-interleave=50|Os--force-vector-width=100|Os--force-vector-width=50
bn_from_montgomery_word	crypto/bn/bn_mont.c	113	15	        rp[i] &= v;	&	cjump	Os--force-vector-interleave=100|Os--force-vector-interleave=50|Os--force-vector-width=100|Os--force-vector-width=50
tls1_cbc_remove_padding_and_mac	ssl/record/methods/tls_pad.c	145	31	            unsigned char b = recdata[*reclen - 1 - i];	r	cjump	Os--force-vector-interleave=100|Os--force-vector-interleave=50|Os--force-vector-width=100|Os--force-vector-width=50
cbd_2	crypto/ml_kem/ml_kem.c	1042	17	        *curr++ = value + (kPrime & mask);	=	cjump	Os--force-vector-width=100|Os--force-vector-width=50
ossl_qtx_write_pkt	ssl/quic/quic_record_tx.c	346	23	        l += iovec[i].buf_len;	b	cjump	Os--force-vector-interleave=100|Os--force-vector-interleave=50|Os--force-vector-width=100|Os--force-vector-width=50
kdf_pkcs12_derive	providers/implementations/kdfs/pkcs12kdf.c	113	18	            B[j] = Ai[j % u];	=	cjump	Os--force-vector-interleave=100|Os--force-vector-interleave=50|Os--force-vector-width=100|Os--force-vector-width=50
ossl_gf_mul	crypto/ec/curve448/arch_32/f_impl32.c	49	45	            accum0 -= widemul(a[8 + j - i], b[i]);	b	cjump	Os--force-vector-interleave=100|Os--force-vector-interleave=50|Os--force-vector-width=100|Os--force-vector-width=50
i2c_ibuf	crypto/asn1/a_int.c	120	28	                    pad |= b[i];	b	cjump	Os--force-vector-interleave=100|Os--force-vector-interleave=50|Os--force-vector-width=100|Os--force-vector-width=50
kdf_pbkdf2_derive	providers/implementations/kdfs/pbkdf2.c	464	22	                p[k] ^= digtmp[k];	^	cjump	Os--force-vector-interleave=100|Os--force-vector-interleave=50|Os--force-vector-width=100|Os--force-vector-width=50
ssl3_cbc_digest_record	ssl/record/methods/ssl3_cbc.c	472	25	            hmac_pad[i] ^= 0x6a;	^	cjump	Os--force-vector-interleave=100|Os--force-vector-interleave=50|Os--force-vector-width=100|Os--force-vector-width=50
decap	crypto/ml_kem/ml_kem.c	585	45	        lhs->c[i] = reduce_once(lhs->c[i] - rhs->c[i] + kPrime);	r	cjump	Os--force-vector-width=100|Os--force-vector-width=50
EC_get_builtin_curves	crypto/ec/ec_curve.c	3351	22	        r[i].comment = curve_list[i].comment;	=	cjump	Os--force-vector-interleave=100|Os--force-vector-interleave=50|Os--force-vector-width=100|Os--force-vector-width=50
OPENSSL_asc2uni	crypto/pkcs12/p12_utl.c	33	23	        unitmp[i + 1] = asc[i >> 1];	=	cjump	Os--force-vector-interleave=100|Os--force-vector-interleave=50|Os--force-vector-width=100|Os--force-vector-width=50
scalar_inverse_ntt	crypto/ml_kem/ml_kem.c	500	17	        *curr++ = tmp;	=	cjump	Os--force-vector-interleave=100|Os--force-vector-interleave=50|Os--force-vector-width=100|Os--force-vector-width=50
kdf_tls1_prf_derive	providers/implementations/kdfs/tls1_prf.c	575	20	            out[i] ^= tmp[i];	^	cjump	Os--force-vector-interleave=100|Os--force-vector-interleave=50|Os--force-vector-width=100|Os--force-vector-width=50
encrypt_cpa	crypto/ml_kem/ml_kem.c	576	45	        lhs->c[i] = reduce_once(lhs->c[i] + rhs->c[i]);	r	cjump	Os--force-vector-width=100|Os--force-vector-width=50
speed_main	apps/speed.c	2469	29	                sigs_doit[i]--;	-	cjump	Os--force-vector-interleave=100|Os--force-vector-interleave=50|Os--force-vector-width=100|Os--force-vector-width=50
speed_main	apps/speed.c	2458	29	                kems_doit[i]--;	-	cjump	Os--force-vector-interleave=100|Os--force-vector-interleave=50|Os--force-vector-width=100|Os--force-vector-width=50
OPENSSL_asc2uni	crypto/pkcs12/p12_utl.c	33	25	        unitmp[i + 1] = asc[i >> 1];	a	cjump	Os--force-vector-width=100|Os--force-vector-width=50
cts128_cs1_decrypt	providers/implementations/ciphers/cipher_cts.c	130	16	        out[i] = in1[i] ^ in2[i];	=	cjump	Os--force-vector-interleave=100|Os--force-vector-interleave=50|Os--force-vector-width=100|Os--force-vector-width=50
decap	crypto/ml_kem/ml_kem.c	585	19	        lhs->c[i] = reduce_once(lhs->c[i] - rhs->c[i] + kPrime);	=	cjump	Os--force-vector-interleave=100|Os--force-vector-interleave=50|Os--force-vector-width=100|Os--force-vector-width=50
OPENSSL_uni2asc	crypto/pkcs12/p12_utl.c	63	26	        asctmp[i >> 1] = uni[i];	u	cjump	Os--force-vector-width=100|Os--force-vector-width=50
finalize	providers/implementations/kdfs/argon2.c	298	12	    dst[6] = (uint8_t)(w >> 48);	=	cjump	Os--force-vector-width=100|Os--force-vector-width=50
provider_activate	crypto/provider_core.c	1137	46	            prov->error_strings[cnt2].string = reasonstrings[cnt2-1].ptr;	=	cjump	Os--force-vector-interleave=100|Os--force-vector-interleave=50|Os--force-vector-width=100|Os--force-vector-width=50
cbd_3	crypto/ml_kem/ml_kem.c	1100	17	        *curr++ = value + (kPrime & mask);	=	cjump	Os--force-vector-interleave=50|Os--force-vector-width=50
dtls1_bio_set_next_timeout	ssl/d1_lib.c	108	30	    tv.tv_sec = (time_t)(t.t / OSSL_TIME_SECOND);	/	cjump	Os--expand-div-rem-bits=0|Os--expand-div-rem-bits=50|Oz--expand-div-rem-bits=0|Oz--expand-div-rem-bits=50
qc_set_default_xso_keep_ref	ssl/quic/quic_impl.c	64	77	    *ret = atomic_fetch_sub_explicit(&refcnt->val, 1, memory_order_release) - 1;	-	cjump	Os-ftrapv|Oz-ftrapv
cbd_3	crypto/ml_kem/ml_kem.c	1073	14	        b3 = *r++;	*	cjump	Os--force-vector-width=50
cipher_hw_rc4_hmac_md5_init_mackey	providers/implementations/ciphers/cipher_rc4_hmac_md5_hw.c	209	21	        hmac_key[i] ^= 0x36; /* ipad */	^	cjump	Os--force-vector-width=50
rc4_hmac_md5_ctrl	crypto/evp/e_rc4_hmac_md5.c	208	29	                hmac_key[i] ^= 0x36; /* ipad */	^	cjump	Os--force-vector-width=50
cbd_3	crypto/ml_kem/ml_kem.c	1090	17	        *curr++ = value + (kPrime & mask);	=	cjump	Os--force-vector-width=50
rc4_hmac_md5_ctrl	crypto/evp/e_rc4_hmac_md5.c	213	29	                hmac_key[i] ^= 0x36 ^ 0x5c; /* opad */	^	cjump	Os--force-vector-width=50
cbd_3	crypto/ml_kem/ml_kem.c	1095	17	        *curr++ = value + (kPrime & mask);	=	cjump	Os--force-vector-width=50
cipher_hw_rc4_hmac_md5_init_mackey	providers/implementations/ciphers/cipher_rc4_hmac_md5_hw.c	214	21	        hmac_key[i] ^= 0x36 ^ 0x5c; /* opad */	^	cjump	Os--force-vector-width=50
cbd_3	crypto/ml_kem/ml_kem.c	1085	17	        *curr++ = value + (kPrime & mask);	=	cjump	Os--force-vector-width=50
dtls1_bio_set_next_timeout	ssl/d1_lib.c	110	43	    tv.tv_usec = (t.t % OSSL_TIME_SECOND) / OSSL_TIME_US;	/	cjump	Os--expand-div-rem-bits=0|Oz--expand-div-rem-bits=0
julian_adj	crypto/o_time.c	182	48	        (367 * (m - 2 - 12 * ((m - 14) / 12))) / 12 -	/	cjump	Os--expand-div-rem-bits=0|Oz--expand-div-rem-bits=0
julian_adj	crypto/o_time.c	181	41	    return (1461 * (y + 4800 + (m - 14) / 12)) / 4 +	/	cjump	Os--expand-div-rem-bits=0|Oz--expand-div-rem-bits=0
bytepad	providers/implementations/macs/kmac_prov.c	632	28	    sz = (len + w - 1) / w * w;	*	cjump	Os--expand-div-rem-bits=0|Oz--expand-div-rem-bits=0
bytepad	providers/implementations/macs/kmac_prov.c	612	37	        *out_len = (sz + w - 1) / w * w;	*	cjump	Os--expand-div-rem-bits=0|Oz--expand-div-rem-bits=0
julian_adj	crypto/o_time.c	183	42	        (3 * ((y + 4900 + (m - 14) / 12) / 100)) / 4 + d - 32075;	/	cjump	Os--expand-div-rem-bits=0|Oz--expand-div-rem-bits=0
CRYPTO_cfb128_1_encrypt	crypto/modes/cfb128.c	180	59	            ivec[n] = ovec[n + num] << rem | ovec[n + num + 1] >> (8 - rem);	+	cjump	Os--mips-mixed-16-32
DES_ede3_cfb_encrypt	crypto/des/cfb64ede.c	142	43	                        ovec[i] |= ovec[i + 1] >> (8 - num % 8);	+	cjump	Os--mips-mixed-16-32
DES_ede3_cfb_encrypt	crypto/des/cfb64ede.c	179	43	                        ovec[i] |= ovec[i + 1] >> (8 - num % 8);	+	cjump	Os--mips-mixed-16-32
julian_adj	crypto/o_time.c	182	48	        (367 * (m - 2 - 12 * ((m - 14) / 12))) / 12 -	/	mdiv	Os--fast-isel
julian_adj	crypto/o_time.c	183	42	        (3 * ((y + 4900 + (m - 14) / 12) / 100)) / 4 + d - 32075;	/	mdiv	Os--fast-isel
readbuffer_resize	crypto/bio/bf_readbuff.c	93	36	    sz = DEFAULT_BUFFER_SIZE * (sz / DEFAULT_BUFFER_SIZE);	/	mdiv	Os--fast-isel|Oz--fast-isel
dtls1_bio_set_next_timeout	ssl/d1_lib.c	110	43	    tv.tv_usec = (t.t % OSSL_TIME_SECOND) / OSSL_TIME_US;	/	mdiv	Os--fast-isel
OPENSSL_gmtime_adj	crypto/o_time.c	192	30	    L = L - (146097 * n + 3) / 4;	/	mdiv	Os--fast-isel|Oz--fast-isel
ec_field_size	crypto/sm2/sm2_crypt.c	54	12	    return BN_num_bytes(p);	B	mdiv	Os--fast-isel|Oz--fast-isel
julian_adj	crypto/o_time.c	183	50	        (3 * ((y + 4900 + (m - 14) / 12) / 100)) / 4 + d - 32075;	/	mdiv	Os--fast-isel|Oz--fast-isel
julian_adj	crypto/o_time.c	181	41	    return (1461 * (y + 4800 + (m - 14) / 12)) / 4 +	/	mdiv	Os--fast-isel
julian_adj	crypto/o_time.c	181	48	    return (1461 * (y + 4800 + (m - 14) / 12)) / 4 +	/	mdiv	Os--fast-isel|Oz--fast-isel
julian_adj	crypto/o_time.c	140	29	    offset_day = offset_sec / SECS_PER_DAY;	/	mdiv	Os--fast-isel
ASN1_buf_print	crypto/asn1/t_pkey.c	25	17	    for (i = 0; i < buflen; i++) {	i	mdiv	Oz-fpseudo-probe-for-profiling
_ZL5fmtfpPPcS0_PjS1_diiii.__uniq.232889095221120901334565011838152153734	crypto/bio/bio_print.c	713	52	        fconvert[fplace++] = "0123456789"[fracpart % 10];	%	mdiv	Oz-fpseudo-probe-for-profiling
ossl_ffc_params_print	crypto/ffc/ffc_params.c	303	21	        for (i = 0; i < ffc->seedlen; i++) {	i	mdiv	Oz-fpseudo-probe-for-profiling
_ZL9print_binP6bio_stPKcPKhji.__uniq.202595422678337510962180091241420080633	crypto/ec/eck_prn.c	246	17	    for (i = 0; i < len; i++) {	i	mdiv	Oz-fpseudo-probe-for-profiling
print_bignum_var	apps/lib/apps.c	1403	21	        for (i = 0; i < l; i++) {	i	mdiv	Oz-fpseudo-probe-for-profiling
i2a_ASN1_STRING	crypto/asn1/f_string.c	29	21	        for (i = 0; i < a->length; i++) {	i	mdiv	Oz-fpseudo-probe-for-profiling
_ZL5fmtfpPPcS0_PjS1_diiii.__uniq.232889095221120901334565011838152153734	crypto/bio/bio_print.c	705	59	        if (style == G_FORMAT && fplace == 0 && (fracpart % 10) == 0) {	%	mdiv	Oz-fpseudo-probe-for-profiling
print_array	apps/lib/apps.c	1419	17	    for (i = 0; i < len; i++) {	i	mdiv	Oz-fpseudo-probe-for-profiling
NETSCAPE_SPKI_print	crypto/asn1/t_spki.c	48	17	    for (i = 0; i < n; i++) {	i	mdiv	Oz-fpseudo-probe-for-profiling
ossl_bio_print_labeled_buf	crypto/encode_decode/encoder_lib.c	788	17	    for (i = 0; i < buflen; i++) {	i	mdiv	Oz-fpseudo-probe-for-profiling
ossl_bio_print_labeled_bignum	crypto/encode_decode/encoder_lib.c	757	13	    while (*p != '\0') {	p	mdiv	Oz-fpseudo-probe-for-profiling
X509_signature_dump	crypto/x509/t_x509.c	271	17	    for (i = 0; i < n; i++) {	i	mdiv	Oz-fpseudo-probe-for-profiling
i2a_ASN1_INTEGER	crypto/asn1/f_int.c	35	21	        for (i = 0; i < a->length; i++) {	i	mdiv	Oz-fpseudo-probe-for-profiling
_ZL14added_obj_hashPK12added_obj_st.__uniq.165759731786213027101971633182107105984	crypto/objects/obj_dat.c	133	21	        for (i = 0; i < a->length; i++)	i	mdiv	Oz-fpseudo-probe-for-profiling
ossl_ml_dsa_poly_decode_expand_mask	crypto/ml_dsa/ml_dsa_encoders.c	516	5	    for (i = 0; i < (ML_DSA_NUM_POLY_COEFFICIENTS / 4); i++) {	f	mdiv	Oz--inline-call-penalty=-1|Oz--inline-instr-cost=-1|Oz--inline-instr-cost=0
tls_construct_client_key_exchange	ssl/statem/statem_clnt.c	3542	17	            || !WPACKET_sub_allocate_bytes_u16(pkt, BN_num_bytes(s->srp_ctx.A),	W	mdiv	Oz--fast-isel
inverse	crypto/idea/i_skey.c	104	21	            r = (n1 % n2);	%	mdiv	Oz--fast-isel|Oz-ftrapv
EC_GROUP_set_generator	crypto/ec/ec_lib.c	328	70	    if (BN_num_bits(group->order) <= (BN_num_bits(group->field) + 1) / 2 + 3) {	/	mdiv	Oz--fast-isel
X509_signature_dump	crypto/x509/t_x509.c	272	16	        if ((i % 18) == 0) {	%	mdiv	Oz--disable-lsr
print_bin	crypto/ec/eck_prn.c	247	16	        if ((i % 15) == 0) {	%	mdiv	Oz--disable-lsr
added_obj_hash	crypto/objects/obj_dat.c	134	37	            ret ^= p[i] << ((i * 3) % 24);	%	mdiv	Oz--disable-lsr|Oz--scalar-evolution-huge-expr-threshold=0|Oz-ftrapv|Oz-fwrapv
do_passwd	apps/passwd.c	682	15	        if (n % 3) {	%	mdiv	Oz--disable-lsr
do_passwd	apps/passwd.c	686	15	        if (n % 7) {	%	mdiv	Oz--disable-lsr
ossl_ffc_params_print	crypto/ffc/ffc_params.c	304	20	            if ((i % 15) == 0) {	%	mdiv	Oz--disable-lsr
i2a_ASN1_STRING	crypto/asn1/f_string.c	29	28	        for (i = 0; i < a->length; i++) {	l	mdiv	Oz--enable-gvn-memdep=false|Oz--gvn-max-num-deps=0|Oz--memdep-block-number-limit=0|Oz--unroll-threshold=100|Oz-ftrapv
i2a_ASN1_INTEGER	crypto/asn1/f_int.c	35	28	        for (i = 0; i < a->length; i++) {	l	mdiv	Oz--enable-gvn-memdep=false|Oz--gvn-max-num-deps=0|Oz--memdep-block-number-limit=0|Oz--unroll-threshold=100|Oz-ftrapv
fmtfp	crypto/bio/bio_print.c	713	52	        fconvert[fplace++] = "0123456789"[fracpart % 10];	%	mdiv	Oz--simplifycfg-branch-fold-threshold=0|Oz-fprofile-arcs|Oz-fprofile-instr-generate
fmtfp	crypto/bio/bio_print.c	705	59	        if (style == G_FORMAT && fplace == 0 && (fracpart % 10) == 0) {	%	mdiv	Oz--simplifycfg-branch-fold-threshold=0|Oz-fprofile-arcs|Oz-fprofile-instr-generate
krb5kdf_derive	providers/implementations/kdfs/krb5kdf.c	329	35	        tmp = (constant[(rbyte-1) % constant_len] << (8 - rshift)	%	cjump	Oz--expand-div-rem-bits=0
krb5kdf_derive	providers/implementations/kdfs/krb5kdf.c	321	27	        rotbits = 13 * (l / constant_len);	/	cjump	Oz--expand-div-rem-bits=0
krb5kdf_derive	providers/implementations/kdfs/krb5kdf.c	330	33	               | constant[rbyte % constant_len] >> rshift)	%	cjump	Oz--expand-div-rem-bits=0
leap_year	crypto/asn1/a_time.c	39	25	    if (year % 400 == 0 || (year % 100 != 0 && year % 4 == 0))	|	mdiv	Oz--two-entry-phi-node-folding-threshold=100|Oz--two-entry-phi-node-folding-threshold=50
ossl_punycode_decode	crypto/punycode.c	49	13	    delta = (firsttime) ? delta / damp : delta / 2;	(	mdiv	Oz--two-entry-phi-node-folding-threshold=100|Oz--two-entry-phi-node-folding-threshold=50
ossl_quic_txpim_pkt_append_chunk	ssl/quic/quic_txpim.c	166	28	        new_alloc_chunks = (ex->alloc_chunks == 0) ? 4 : ex->alloc_chunks * 8 / 5;	(	mdiv	Oz--two-entry-phi-node-folding-threshold=100|Oz--two-entry-phi-node-folding-threshold=50
evp_encodeblock_int	crypto/evp/encode.c	243	10	    for (i = dlen; i > 0; i -= 3) {	i	mdiv	Oz--scev-cheap-expansion-budget=100|Oz--scev-cheap-expansion-budget=50
asn1_print_fsname	crypto/asn1/tasn_prn.c	336	5	    while (indent > nspaces) {	w	mdiv	Oz--scev-cheap-expansion-budget=100|Oz--scev-cheap-expansion-budget=50
CRYPTO_gcm128_encrypt	crypto/modes/gcm128.c	860	13	            while (len >= GHASH_CHUNK) {	w	mdiv	Oz--scev-cheap-expansion-budget=100|Oz--scev-cheap-expansion-budget=50
CRYPTO_gcm128_encrypt_ctr32	crypto/modes/gcm128.c	1313	5	    while (len >= GHASH_CHUNK) {	w	mdiv	Oz--scev-cheap-expansion-budget=100|Oz--scev-cheap-expansion-budget=50
ossl_ml_dsa_pk_decode	crypto/ml_dsa/ml_dsa_encoders.c	168	5	    do {	d	mdiv	Oz--scev-cheap-expansion-budget=100|Oz--scev-cheap-expansion-budget=50
CRYPTO_gcm128_decrypt	crypto/modes/gcm128.c	1087	13	            while (len >= GHASH_CHUNK) {	w	mdiv	Oz--scev-cheap-expansion-budget=100|Oz--scev-cheap-expansion-budget=50
CRYPTO_gcm128_decrypt_ctr32	crypto/modes/gcm128.c	1469	5	    while (len >= GHASH_CHUNK) {	w	mdiv	Oz--scev-cheap-expansion-budget=100|Oz--scev-cheap-expansion-budget=50
