function	file	line	col	source	char	type	optimization
tls_collect_extensions	ssl/statem/extensions.c	659	22	        idx = thisex - raw_extensions;	-	cjump	O0--expand-div-rem-bits=0|O0--expand-div-rem-bits=50|O1--expand-div-rem-bits=0|O1--expand-div-rem-bits=50|O2--expand-div-rem-bits=0|O2--expand-div-rem-bits=50|O3--expand-div-rem-bits=0|O3--expand-div-rem-bits=50|Ofast--expand-div-rem-bits=0|Ofast--expand-div-rem-bits=50|Os--expand-div-rem-bits=0|Os--expand-div-rem-bits=50|Oz--expand-div-rem-bits=0|Oz--expand-div-rem-bits=50
pkcs12kdf_derive	providers/implementations/kdfs/pkcs12kdf.c	90	23	        *p++ = salt[i % saltlen];	%	cjump	O0--expand-div-rem-bits=0|O0--expand-div-rem-bits=50
base64encode	crypto/http/http_client.c	1406	17	    outl = (len / 3);	/	cjump	O0--expand-div-rem-bits=0|O0--expand-div-rem-bits=50
BN_bn2dec	crypto/bn/bn_conv.c	63	14	    num = (i / 10 + i / 1000 + 1) + 1;	/	cjump	O0--expand-div-rem-bits=0|O1--expand-div-rem-bits=0|O2--expand-div-rem-bits=0|O3--expand-div-rem-bits=0|Ofast--expand-div-rem-bits=0|Os--expand-div-rem-bits=0|Oz--expand-div-rem-bits=0
BN_bn2dec	crypto/bn/bn_conv.c	63	23	    num = (i / 10 + i / 1000 + 1) + 1;	/	cjump	O0--expand-div-rem-bits=0|O1--expand-div-rem-bits=0|O2--expand-div-rem-bits=0|O3--expand-div-rem-bits=0|Ofast--expand-div-rem-bits=0|Os--expand-div-rem-bits=0|Oz--expand-div-rem-bits=0
CMAC_Update	crypto/cmac/cmac.c	213	32	    cipher_blocks = (dlen - 1) / bl;	/	cjump	O0--expand-div-rem-bits=0|O0--expand-div-rem-bits=50|O1--expand-div-rem-bits=0|O1--expand-div-rem-bits=50|O2--expand-div-rem-bits=0|O2--expand-div-rem-bits=50|O3--expand-div-rem-bits=0|O3--expand-div-rem-bits=50|Ofast--expand-div-rem-bits=0|Ofast--expand-div-rem-bits=50|Os--expand-div-rem-bits=0|Os--expand-div-rem-bits=50|Oz--expand-div-rem-bits=0|Oz--expand-div-rem-bits=50
fmtfp	crypto/bio/bio_print.c	714	30	        fracpart = (fracpart / 10);	/	cjump	O0--expand-div-rem-bits=0|O0--expand-div-rem-bits=50|O1--expand-div-rem-bits=0|O1--expand-div-rem-bits=50|O2--expand-div-rem-bits=0|O2--expand-div-rem-bits=50|O3--expand-div-rem-bits=0|O3--expand-div-rem-bits=50|Ofast--expand-div-rem-bits=0|Ofast--expand-div-rem-bits=50|Os--expand-div-rem-bits=0|Os--expand-div-rem-bits=50|Oz--expand-div-rem-bits=0|Oz--expand-div-rem-bits=50
julian_to_date	crypto/o_time.c	197	11	    L = j / 11;	/	cjump	O0--expand-div-rem-bits=0|O0--expand-div-rem-bits=50
BN_mod_word	crypto/bn/bn_word.c	51	73	        ret = ((ret << BN_BITS4) | ((a->d[i] >> BN_BITS4) & BN_MASK2l)) % w;	%	cjump	O0--expand-div-rem-bits=0|O0--expand-div-rem-bits=50|O1--expand-div-rem-bits=0|O1--expand-div-rem-bits=50|O2--expand-div-rem-bits=0|O2--expand-div-rem-bits=50|O3--expand-div-rem-bits=0|O3--expand-div-rem-bits=50|Ofast--expand-div-rem-bits=0|Ofast--expand-div-rem-bits=50|Os--expand-div-rem-bits=0|Os--expand-div-rem-bits=50|Oz--expand-div-rem-bits=0|Oz--expand-div-rem-bits=50
ssl3_cbc_digest_record	ssl/record/methods/ssl3_cbc.c	278	13	         1) / md_block_size;	/	cjump	O0--expand-div-rem-bits=0|O0--expand-div-rem-bits=50|Oz--expand-div-rem-bits=0
OPENSSL_gmtime_adj	crypto/o_time.c	95	34	    tm->tm_min = (time_sec / 60) % 60;	%	cjump	O0--expand-div-rem-bits=0|O1--expand-div-rem-bits=0|O2--expand-div-rem-bits=0|O3--expand-div-rem-bits=0|Ofast--expand-div-rem-bits=0|Os--expand-div-rem-bits=0|Oz--expand-div-rem-bits=0
DTLS_get_data_mtu	ssl/d1_lib.c	965	21	        mtu -= (mtu % blocksize);	%	cjump	O0--expand-div-rem-bits=0|O0--expand-div-rem-bits=50|O1--expand-div-rem-bits=0|O1--expand-div-rem-bits=50|O2--expand-div-rem-bits=0|O2--expand-div-rem-bits=50|O3--expand-div-rem-bits=0|O3--expand-div-rem-bits=50|Ofast--expand-div-rem-bits=0|Ofast--expand-div-rem-bits=50|Os--expand-div-rem-bits=0|Os--expand-div-rem-bits=50|Oz--expand-div-rem-bits=0|Oz--expand-div-rem-bits=50
added_obj_hash	crypto/objects/obj_dat.c	134	37	            ret ^= p[i] << ((i * 3) % 24);	%	cjump	O0--expand-div-rem-bits=0|O1--expand-div-rem-bits=0|O2--expand-div-rem-bits=0|O3--expand-div-rem-bits=0|Ofast--expand-div-rem-bits=0|Os--expand-div-rem-bits=0|Oz--expand-div-rem-bits=0
ssl3_cbc_digest_record	ssl/record/methods/ssl3_cbc.c	301	24	    c = mac_end_offset % md_block_size;	%	cjump	O0--expand-div-rem-bits=0|O0--expand-div-rem-bits=50
json_u64	ssl/quic/json_enc.c	552	28	            *--p = '0' + v % 10;	%	cjump	O0--expand-div-rem-bits=0|O0--expand-div-rem-bits=50|O1--expand-div-rem-bits=0|O1--expand-div-rem-bits=50|O3--expand-div-rem-bits=0|O3--expand-div-rem-bits=50|Ofast--expand-div-rem-bits=0|Ofast--expand-div-rem-bits=50|Oz--expand-div-rem-bits=0|Oz--expand-div-rem-bits=50
update_qp	crypto/threads_pthread.c	400	39	        (lock->current_alloc_idx + 1) % lock->group_count;	%	cjump	O0--expand-div-rem-bits=0
ssl3_mac	ssl/record/methods/ssl3_meth.c	235	16	    npad = (48 / md_size) * md_size;	/	cjump	O0--expand-div-rem-bits=0|O0--expand-div-rem-bits=50
n_fold	providers/implementations/kdfs/krb5kdf.c	302	19	        tmp = gcd % remainder;	%	cjump	O0--expand-div-rem-bits=0
tls1_cipher	ssl/record/methods/tls1_meth.c	292	40	            padnum = bs - (reclen[ctr] % bs);	%	cjump	O0--expand-div-rem-bits=0|O0--expand-div-rem-bits=50|O1--expand-div-rem-bits=0|O1--expand-div-rem-bits=50|O2--expand-div-rem-bits=0|O2--expand-div-rem-bits=50|O3--expand-div-rem-bits=0|O3--expand-div-rem-bits=50|Ofast--expand-div-rem-bits=0|Ofast--expand-div-rem-bits=50|Os--expand-div-rem-bits=0|Os--expand-div-rem-bits=50|Oz--expand-div-rem-bits=0|Oz--expand-div-rem-bits=50
BUF_MEM_grow_clean	crypto/buffer/buffer.c	128	19	    n = (len + 3) / 3 * 4;	/	cjump	O0--expand-div-rem-bits=0|O0--expand-div-rem-bits=50|O1--expand-div-rem-bits=0|O1--expand-div-rem-bits=50|O2--expand-div-rem-bits=0|O3--expand-div-rem-bits=0|Ofast--expand-div-rem-bits=0|Os--expand-div-rem-bits=0|Oz--expand-div-rem-bits=0
sh_setbit	crypto/mem_sec.c	388	45	    bit = (ONE << list) + ((ptr - sh.arena) / (sh.arena_size >> list));	/	cjump	O0--expand-div-rem-bits=0|O0--expand-div-rem-bits=50|O1--expand-div-rem-bits=0|O1--expand-div-rem-bits=50|O2--expand-div-rem-bits=0|O2--expand-div-rem-bits=50|O3--expand-div-rem-bits=0|O3--expand-div-rem-bits=50|Ofast--expand-div-rem-bits=0|Ofast--expand-div-rem-bits=50|Os--expand-div-rem-bits=0|Os--expand-div-rem-bits=50|Oz--expand-div-rem-bits=0|Oz--expand-div-rem-bits=50
tls13_add_record_padding	ssl/record/methods/tls13_meth.c	384	38	                    remainder = rlen % bp;	%	cjump	O0--expand-div-rem-bits=0|O0--expand-div-rem-bits=50|O1--expand-div-rem-bits=0|O1--expand-div-rem-bits=50|O2--expand-div-rem-bits=0|O2--expand-div-rem-bits=50|O3--expand-div-rem-bits=0|O3--expand-div-rem-bits=50|Ofast--expand-div-rem-bits=0|Ofast--expand-div-rem-bits=50|Os--expand-div-rem-bits=0|Os--expand-div-rem-bits=50|Oz--expand-div-rem-bits=0|Oz--expand-div-rem-bits=50
BN_mod_exp_mont_word	crypto/bn/bn_exp.c	1213	11	        a %= m->d[0];           /* make sure that 'a' is reduced */	%	cjump	O0--expand-div-rem-bits=0|O0--expand-div-rem-bits=50|O1--expand-div-rem-bits=0|O1--expand-div-rem-bits=50|O2--expand-div-rem-bits=0|O2--expand-div-rem-bits=50|O3--expand-div-rem-bits=0|O3--expand-div-rem-bits=50|Ofast--expand-div-rem-bits=0|Ofast--expand-div-rem-bits=50|Os--expand-div-rem-bits=0|Os--expand-div-rem-bits=50|Oz--expand-div-rem-bits=0|Oz--expand-div-rem-bits=50
DES_quad_cksum	crypto/des/qud_cksm.c	69	34	                  & 0xffffffffL) % 0x7fffffffL;	%	cjump	O0--expand-div-rem-bits=0|O0--expand-div-rem-bits=50
ssl3_cbc_digest_record	ssl/record/methods/ssl3_cbc.c	263	36	                                   / md_block_size) + 1);	/	cjump	O0--expand-div-rem-bits=0|O0--expand-div-rem-bits=50|Oz--expand-div-rem-bits=0
s_time_main	apps/s_time.c	400	73	             nConn, (long)time(NULL) - finishtime + maxtime, bytes_read / nConn);	/	cjump	O0--expand-div-rem-bits=0|O0--expand-div-rem-bits=50|O1--expand-div-rem-bits=0|O1--expand-div-rem-bits=50|O2--expand-div-rem-bits=0|O2--expand-div-rem-bits=50|O3--expand-div-rem-bits=0|O3--expand-div-rem-bits=50|Ofast--expand-div-rem-bits=0|Ofast--expand-div-rem-bits=50|Os--expand-div-rem-bits=0|Os--expand-div-rem-bits=50|Oz--expand-div-rem-bits=0|Oz--expand-div-rem-bits=50
timestamp_print	crypto/ct/ct_prn.c	37	46	                             (int)(timestamp / 86400000),	/	cjump	O0--expand-div-rem-bits=0|O0--expand-div-rem-bits=50
BIO_dump_indent_cb	crypto/bio/bio_dump.c	44	16	    rows = len / dump_width;	/	cjump	O0--expand-div-rem-bits=0|O1--expand-div-rem-bits=0|O2--expand-div-rem-bits=0|O3--expand-div-rem-bits=0|Ofast--expand-div-rem-bits=0|Os--expand-div-rem-bits=0|Oz--expand-div-rem-bits=0
date_to_julian	crypto/o_time.c	182	40	        (367 * (m - 2 - 12 * ((m - 14) / 12))) / 12 -	/	cjump	O0--expand-div-rem-bits=0
OPENSSL_LH_node_usage_stats_bio	crypto/lhash/lh_stats.c	123	28	               (int)(total / lh->num_nodes),	/	cjump	O0--expand-div-rem-bits=0|O0--expand-div-rem-bits=50|O1--expand-div-rem-bits=0|O1--expand-div-rem-bits=50|O2--expand-div-rem-bits=0|O2--expand-div-rem-bits=50|O3--expand-div-rem-bits=0|O3--expand-div-rem-bits=50|Ofast--expand-div-rem-bits=0|Ofast--expand-div-rem-bits=50|Os--expand-div-rem-bits=0|Os--expand-div-rem-bits=50|Oz--expand-div-rem-bits=0|Oz--expand-div-rem-bits=50
rsa_multiprime_keygen	crypto/rsa/rsa_gen.c	322	16	    rmd = bits % primes;	%	cjump	O0--expand-div-rem-bits=0
recode_wnaf	crypto/ec/curve448/curve448.c	558	48	    unsigned int table_size = C448_SCALAR_BITS / (table_bits + 1) + 3;	/	cjump	O0--expand-div-rem-bits=0|O1--expand-div-rem-bits=0|O2--expand-div-rem-bits=0|O3--expand-div-rem-bits=0|Ofast--expand-div-rem-bits=0|Os--expand-div-rem-bits=0|Oz--expand-div-rem-bits=0
ilog_e	crypto/rsa/rsa_lib.c	301	31	    r = (r * (uint64_t)scale) / log_e;	/	cjump	O0--expand-div-rem-bits=0|O0--expand-div-rem-bits=50
fmtfp	crypto/bio/bio_print.c	713	52	        fconvert[fplace++] = "0123456789"[fracpart % 10];	%	cjump	O0--expand-div-rem-bits=0|O0--expand-div-rem-bits=50
determine_days	crypto/asn1/a_time.c	73	33	    tm->tm_wday = (d + (13 * m) / 5 + y + y / 4 + c / 4 + 5 * c + 6) % 7;	/	cjump	O0--expand-div-rem-bits=0
tls_get_max_records_default	ssl/record/methods/tls_common.c	1533	28	        pipes = ((len - 1) / *preffrag) + 1;	/	cjump	O0--expand-div-rem-bits=0|O0--expand-div-rem-bits=50|O1--expand-div-rem-bits=0|O1--expand-div-rem-bits=50|O2--expand-div-rem-bits=0|O2--expand-div-rem-bits=50|O3--expand-div-rem-bits=0|O3--expand-div-rem-bits=50|Ofast--expand-div-rem-bits=0|Ofast--expand-div-rem-bits=50|Os--expand-div-rem-bits=0|Os--expand-div-rem-bits=50|Oz--expand-div-rem-bits=0|Oz--expand-div-rem-bits=50
pkcs12kdf_derive	providers/implementations/kdfs/pkcs12kdf.c	77	35	    Slen = v * ((saltlen + v - 1) / v);	/	cjump	O0--expand-div-rem-bits=0|O0--expand-div-rem-bits=50
dh_builtin_genparams	crypto/dh/dh_gen.c	225	26	                   + 24) / 25 * 25;	/	cjump	O0--expand-div-rem-bits=0
date_to_julian	crypto/o_time.c	182	48	        (367 * (m - 2 - 12 * ((m - 14) / 12))) / 12 -	/	cjump	O0--expand-div-rem-bits=0
probable_prime_dh	crypto/bn/bn_prime.c	602	38	                 : (mods[i] + delta) % primes[i] == 0) {	%	cjump	O0--expand-div-rem-bits=0|O0--expand-div-rem-bits=50
tls1_get_legacy_sigalg	ssl/t1_lib.c	2495	32	            idx = s->cert->key - s->cert->pkeys;	-	cjump	O0--expand-div-rem-bits=0|O0--expand-div-rem-bits=50|O1--expand-div-rem-bits=0|O1--expand-div-rem-bits=50|O2--expand-div-rem-bits=0|O2--expand-div-rem-bits=50|O3--expand-div-rem-bits=0|O3--expand-div-rem-bits=50|Ofast--expand-div-rem-bits=0|Ofast--expand-div-rem-bits=50|Os--expand-div-rem-bits=0|Os--expand-div-rem-bits=50|Oz--expand-div-rem-bits=0|Oz--expand-div-rem-bits=50
adapt	crypto/punycode.c	50	27	    delta = delta + delta / numpoints;	/	cjump	O0--expand-div-rem-bits=0
bytepad	providers/implementations/macs/kmac_prov.c	612	33	        *out_len = (sz + w - 1) / w * w;	/	cjump	O0--expand-div-rem-bits=0|O0--expand-div-rem-bits=50
ossl_punycode_decode	crypto/punycode.c	182	11	        i %= (written_out + 1);	%	cjump	O0--expand-div-rem-bits=0|O0--expand-div-rem-bits=50|O1--expand-div-rem-bits=0|O1--expand-div-rem-bits=50|O2--expand-div-rem-bits=0|O2--expand-div-rem-bits=50|O3--expand-div-rem-bits=0|O3--expand-div-rem-bits=50|Ofast--expand-div-rem-bits=0|Ofast--expand-div-rem-bits=50|Os--expand-div-rem-bits=0|Os--expand-div-rem-bits=50|Oz--expand-div-rem-bits=0|Oz--expand-div-rem-bits=50
DES_quad_cksum	crypto/des/qud_cksm.c	70	70	            z1 = ((t0 * ((t1 + NOISE) & 0xffffffffL)) & 0xffffffffL) %	%	cjump	O0--expand-div-rem-bits=0|O0--expand-div-rem-bits=50
OPENSSL_gmtime_adj	crypto/o_time.c	96	27	    tm->tm_sec = time_sec % 60;	%	cjump	O0--expand-div-rem-bits=0|O1--expand-div-rem-bits=0|O2--expand-div-rem-bits=0|O3--expand-div-rem-bits=0|Ofast--expand-div-rem-bits=0|Os--expand-div-rem-bits=0|Oz--expand-div-rem-bits=0
ossl_crypto_condvar_wait_timeout	crypto/thread/arch/thread_posix.c	197	42	            = (ossl_time2ticks(deadline) % OSSL_TIME_SECOND) / OSSL_TIME_NS;	%	cjump	O0--expand-div-rem-bits=0|O0--expand-div-rem-bits=50|O1--expand-div-rem-bits=0|O1--expand-div-rem-bits=50|O2--expand-div-rem-bits=0|O2--expand-div-rem-bits=50|O3--expand-div-rem-bits=0|O3--expand-div-rem-bits=50|Ofast--expand-div-rem-bits=0|Ofast--expand-div-rem-bits=50|Os--expand-div-rem-bits=0|Os--expand-div-rem-bits=50|Oz--expand-div-rem-bits=0|Oz--expand-div-rem-bits=50
ossl_ec_wNAF_mul	crypto/ec/ec_mult.c	481	46	            numblocks = (BN_num_bits(scalar) / blocksize) + 1;	/	cjump	O0--expand-div-rem-bits=0|O0--expand-div-rem-bits=50|O1--expand-div-rem-bits=0|O1--expand-div-rem-bits=50|O2--expand-div-rem-bits=0|O2--expand-div-rem-bits=50|O3--expand-div-rem-bits=0|O3--expand-div-rem-bits=50|Ofast--expand-div-rem-bits=0|Ofast--expand-div-rem-bits=50|Os--expand-div-rem-bits=0|Os--expand-div-rem-bits=50|Oz--expand-div-rem-bits=0|Oz--expand-div-rem-bits=50
probable_prime	crypto/bn/bn_prime.c	522	38	                 : (mods[i] + delta) % primes[i] == 0) {	%	cjump	O0--expand-div-rem-bits=0|O0--expand-div-rem-bits=50
BN_bn2dec	crypto/bn/bn_conv.c	65	23	    bn_data_num = num / BN_DEC_NUM + 1;	/	cjump	O0--expand-div-rem-bits=0|O1--expand-div-rem-bits=0|O2--expand-div-rem-bits=0|O3--expand-div-rem-bits=0|Ofast--expand-div-rem-bits=0|Os--expand-div-rem-bits=0|Oz--expand-div-rem-bits=0
kdf_argon2_derive	providers/implementations/kdfs/argon2.c	1098	36	    segment_length = memory_blocks / (ctx->lanes * ARGON2_SYNC_POINTS);	/	cjump	O0--expand-div-rem-bits=0|O1--expand-div-rem-bits=0|O2--expand-div-rem-bits=0|O3--expand-div-rem-bits=0|Ofast--expand-div-rem-bits=0|Os--expand-div-rem-bits=0|Oz--expand-div-rem-bits=0
timestamp_print	crypto/ct/ct_prn.c	44	71	                 ASN1_STRING_get0_data(gen), (unsigned int)(timestamp % 1000));	%	cjump	O0--expand-div-rem-bits=0|O0--expand-div-rem-bits=50
getrn	crypto/lhash/lhash.c	335	19	        nn = hash % lh->num_alloc_nodes;	%	cjump	O0--expand-div-rem-bits=0|O0--expand-div-rem-bits=50|Os--expand-div-rem-bits=0|Os--expand-div-rem-bits=50|Oz--expand-div-rem-bits=0|Oz--expand-div-rem-bits=50
julian_adj	crypto/o_time.c	140	29	    offset_day = offset_sec / SECS_PER_DAY;	/	cjump	O0--expand-div-rem-bits=0|O0--expand-div-rem-bits=50|Os--expand-div-rem-bits=0|Os--expand-div-rem-bits=50|Oz--expand-div-rem-bits=0|Oz--expand-div-rem-bits=50
date_to_julian	crypto/o_time.c	181	41	    return (1461 * (y + 4800 + (m - 14) / 12)) / 4 +	/	cjump	O0--expand-div-rem-bits=0
ossl_ec_wNAF_precompute_mult	crypto/ec/ec_mult.c	876	40	    numblocks = (bits + blocksize - 1) / blocksize; /* max. number of blocks	/	cjump	O0--expand-div-rem-bits=0|O0--expand-div-rem-bits=50
ssl3_cbc_digest_record	ssl/record/methods/ssl3_cbc.c	306	30	    index_a = mac_end_offset / md_block_size;	/	cjump	O0--expand-div-rem-bits=0|O0--expand-div-rem-bits=50|Oz--expand-div-rem-bits=0
getrn	crypto/lhash/lhash.c	333	15	    nn = hash % lh->pmax;	%	cjump	O0--expand-div-rem-bits=0|O0--expand-div-rem-bits=50|Os--expand-div-rem-bits=0|Os--expand-div-rem-bits=50|Oz--expand-div-rem-bits=0|Oz--expand-div-rem-bits=50
julian_to_date	crypto/o_time.c	196	25	    *d = L - (2447 * j) / 80;	/	cjump	O0--expand-div-rem-bits=0|O0--expand-div-rem-bits=50
pkcs12kdf_derive	providers/implementations/kdfs/pkcs12kdf.c	92	23	        *p++ = pass[i % passlen];	%	cjump	O0--expand-div-rem-bits=0|O0--expand-div-rem-bits=50
n_fold	providers/implementations/kdfs/krb5kdf.c	307	36	    lcm = blocksize * constant_len / gcd;	/	cjump	O0--expand-div-rem-bits=0|O0--expand-div-rem-bits=50
ossl_cipher_generic_block_update	providers/implementations/ciphers/ciphercommon.c	608	35	            padnum = blksz - (inl % blksz);	%	cjump	O0--expand-div-rem-bits=0|O0--expand-div-rem-bits=50|O1--expand-div-rem-bits=0|O1--expand-div-rem-bits=50|O2--expand-div-rem-bits=0|O2--expand-div-rem-bits=50|O3--expand-div-rem-bits=0|O3--expand-div-rem-bits=50|Ofast--expand-div-rem-bits=0|Ofast--expand-div-rem-bits=50|Os--expand-div-rem-bits=0|Os--expand-div-rem-bits=50|Oz--expand-div-rem-bits=0|Oz--expand-div-rem-bits=50
CMAC_Update	crypto/cmac/cmac.c	212	39	    max_burst_blocks = LOCAL_BUF_SIZE / bl;	/	cjump	O0--expand-div-rem-bits=0|O1--expand-div-rem-bits=0|O2--expand-div-rem-bits=0|O3--expand-div-rem-bits=0|Ofast--expand-div-rem-bits=0|Os--expand-div-rem-bits=0|Oz--expand-div-rem-bits=0
pkcs12kdf_derive	providers/implementations/kdfs/pkcs12kdf.c	79	39	        Plen = v * ((passlen + v - 1) / v);	/	cjump	O0--expand-div-rem-bits=0|O0--expand-div-rem-bits=50
sh_init	crypto/mem_sec.c	473	39	    sh.bittable_size = (sh.arena_size / sh.minsize) * 2;	/	cjump	O0--expand-div-rem-bits=0|O0--expand-div-rem-bits=50
OPENSSL_LH_node_usage_stats_bio	crypto/lhash/lh_stats.c	125	52	               (int)(total / n_used), (int)((total % n_used) * 100 / n_used));	%	cjump	O0--expand-div-rem-bits=0|O0--expand-div-rem-bits=50|O1--expand-div-rem-bits=0|O1--expand-div-rem-bits=50|O2--expand-div-rem-bits=0|O2--expand-div-rem-bits=50|O3--expand-div-rem-bits=0|O3--expand-div-rem-bits=50|Ofast--expand-div-rem-bits=0|Ofast--expand-div-rem-bits=50|Os--expand-div-rem-bits=0|Os--expand-div-rem-bits=50|Oz--expand-div-rem-bits=0|Oz--expand-div-rem-bits=50
fill_segment	providers/implementations/kdfs/argon2.c	525	34	        ref_lane = ((rnd >> 32)) % ctx->lanes;	%	cjump	O0--expand-div-rem-bits=0|O0--expand-div-rem-bits=50|O1--expand-div-rem-bits=0|O1--expand-div-rem-bits=50|O2--expand-div-rem-bits=0|O3--expand-div-rem-bits=0|Ofast--expand-div-rem-bits=0|Os--expand-div-rem-bits=0|Oz--expand-div-rem-bits=0
BN_mod_word	crypto/bn/bn_word.c	52	59	        ret = ((ret << BN_BITS4) | (a->d[i] & BN_MASK2l)) % w;	%	cjump	O0--expand-div-rem-bits=0|O0--expand-div-rem-bits=50|O1--expand-div-rem-bits=0|O1--expand-div-rem-bits=50|O2--expand-div-rem-bits=0|O2--expand-div-rem-bits=50|O3--expand-div-rem-bits=0|O3--expand-div-rem-bits=50|Ofast--expand-div-rem-bits=0|Ofast--expand-div-rem-bits=50|Os--expand-div-rem-bits=0|Os--expand-div-rem-bits=50|Oz--expand-div-rem-bits=0|Oz--expand-div-rem-bits=50
sh_find_my_buddy	crypto/mem_sec.c	623	44	    bit = (ONE << list) + (ptr - sh.arena) / (sh.arena_size >> list);	/	cjump	O0--expand-div-rem-bits=0|O0--expand-div-rem-bits=50|Os--expand-div-rem-bits=0|Os--expand-div-rem-bits=50|Oz--expand-div-rem-bits=0|Oz--expand-div-rem-bits=50
OPENSSL_LH_node_usage_stats_bio	crypto/lhash/lh_stats.c	124	29	               (int)((total % lh->num_nodes) * 100 / lh->num_nodes),	%	cjump	O0--expand-div-rem-bits=0|O0--expand-div-rem-bits=50|O1--expand-div-rem-bits=0|O1--expand-div-rem-bits=50|O2--expand-div-rem-bits=0|O2--expand-div-rem-bits=50|O3--expand-div-rem-bits=0|O3--expand-div-rem-bits=50|Ofast--expand-div-rem-bits=0|Ofast--expand-div-rem-bits=50|Os--expand-div-rem-bits=0|Os--expand-div-rem-bits=50|Oz--expand-div-rem-bits=0|Oz--expand-div-rem-bits=50
tls_choose_sigalg	ssl/t1_lib.c	4685	51	                        int cc_idx = s->cert->key - s->cert->pkeys;	-	cjump	O0--expand-div-rem-bits=0|O0--expand-div-rem-bits=50|O1--expand-div-rem-bits=0|O1--expand-div-rem-bits=50|O2--expand-div-rem-bits=0|O2--expand-div-rem-bits=50|O3--expand-div-rem-bits=0|O3--expand-div-rem-bits=50|Ofast--expand-div-rem-bits=0|Ofast--expand-div-rem-bits=50|Os--expand-div-rem-bits=0|Os--expand-div-rem-bits=50|Oz--expand-div-rem-bits=0|Oz--expand-div-rem-bits=50
ssl3_cipher	ssl/record/methods/ssl3_meth.c	132	21	        i = bs - (l % bs);	%	cjump	O0--expand-div-rem-bits=0|O0--expand-div-rem-bits=50|O1--expand-div-rem-bits=0|O1--expand-div-rem-bits=50|O2--expand-div-rem-bits=0|O2--expand-div-rem-bits=50|O3--expand-div-rem-bits=0|O3--expand-div-rem-bits=50|Ofast--expand-div-rem-bits=0|Ofast--expand-div-rem-bits=50|Os--expand-div-rem-bits=0|Os--expand-div-rem-bits=50|Oz--expand-div-rem-bits=0|Oz--expand-div-rem-bits=50
ossl_ec_wNAF_mul	crypto/ec/ec_mult.c	596	59	                    numblocks = (tmp_len + blocksize - 1) / blocksize;	/	cjump	O0--expand-div-rem-bits=0|O0--expand-div-rem-bits=50|O1--expand-div-rem-bits=0|O1--expand-div-rem-bits=50|O2--expand-div-rem-bits=0|O2--expand-div-rem-bits=50|O3--expand-div-rem-bits=0|O3--expand-div-rem-bits=50|Ofast--expand-div-rem-bits=0|Ofast--expand-div-rem-bits=50|Os--expand-div-rem-bits=0|Os--expand-div-rem-bits=50|Oz--expand-div-rem-bits=0|Oz--expand-div-rem-bits=50
n_fold	providers/implementations/kdfs/krb5kdf.c	330	33	               | constant[rbyte % constant_len] >> rshift)	%	cjump	O0--expand-div-rem-bits=0|O0--expand-div-rem-bits=50
BN_dec2bn	crypto/bn/bn_conv.c	236	24	    j = BN_DEC_NUM - i % BN_DEC_NUM;	%	cjump	O0--expand-div-rem-bits=0|O1--expand-div-rem-bits=0|O2--expand-div-rem-bits=0|O3--expand-div-rem-bits=0|Ofast--expand-div-rem-bits=0|Os--expand-div-rem-bits=0|Oz--expand-div-rem-bits=0
BUF_MEM_grow	crypto/buffer/buffer.c	91	19	    n = (len + 3) / 3 * 4;	/	cjump	O0--expand-div-rem-bits=0|O0--expand-div-rem-bits=50|O1--expand-div-rem-bits=0|O1--expand-div-rem-bits=50|O2--expand-div-rem-bits=0|O3--expand-div-rem-bits=0|Ofast--expand-div-rem-bits=0|Os--expand-div-rem-bits=0|Oz--expand-div-rem-bits=0
adapt	crypto/punycode.c	53	23	        delta = delta / (base - tmin);	/	cjump	O0--expand-div-rem-bits=0
determine_days	crypto/asn1/a_time.c	71	7	    y %= 100;	%	cjump	O0--expand-div-rem-bits=0
inverse	crypto/idea/i_skey.c	105	26	            q = (n1 - r) / n2;	/	cjump	O0--expand-div-rem-bits=0|O0--expand-div-rem-bits=50|Os--expand-div-rem-bits=0|Os--expand-div-rem-bits=50|Oz--expand-div-rem-bits=0|Oz--expand-div-rem-bits=50
fmtfp	crypto/bio/bio_print.c	728	54	            econvert[eplace++] = "0123456789"[tmpexp % 10];	%	cjump	O0--expand-div-rem-bits=0|O1--expand-div-rem-bits=0|O2--expand-div-rem-bits=0|O3--expand-div-rem-bits=0|Ofast--expand-div-rem-bits=0|Os--expand-div-rem-bits=0|Oz--expand-div-rem-bits=0
determine_days	crypto/asn1/a_time.c	70	11	    c = y / 100;	/	cjump	O0--expand-div-rem-bits=0
fmtint	crypto/bio/bio_print.c	469	26	        uvalue = (uvalue / (unsigned)base);	/	cjump	O0--expand-div-rem-bits=0|O0--expand-div-rem-bits=50|O1--expand-div-rem-bits=0|O1--expand-div-rem-bits=50|O2--expand-div-rem-bits=0|O2--expand-div-rem-bits=50|O3--expand-div-rem-bits=0|O3--expand-div-rem-bits=50|Ofast--expand-div-rem-bits=0|Ofast--expand-div-rem-bits=50|Os--expand-div-rem-bits=0|Os--expand-div-rem-bits=50|Oz--expand-div-rem-bits=0|Oz--expand-div-rem-bits=50
julian_to_date	crypto/o_time.c	189	22	    long n = (4 * L) / 146097;	/	cjump	O0--expand-div-rem-bits=0|O0--expand-div-rem-bits=50
ossl_asn1_time_from_tm	crypto/asn1/a_time.c	308	49	                                    ts->tm_year % 100, ts->tm_mon + 1,	%	cjump	O0--expand-div-rem-bits=0|O1--expand-div-rem-bits=0|O2--expand-div-rem-bits=0|O3--expand-div-rem-bits=0|Ofast--expand-div-rem-bits=0|Os--expand-div-rem-bits=0|Oz--expand-div-rem-bits=0
date_to_julian	crypto/o_time.c	183	36	        (3 * ((y + 4900 + (m - 14) / 12) / 100)) / 4 + d - 32075;	/	cjump	O0--expand-div-rem-bits=0
cmd_Certificate	ssl/ssl_conf.c	465	60	            char **pfilename = &cctx->cert_filename[c->key - c->pkeys];	-	cjump	O0--expand-div-rem-bits=0|O0--expand-div-rem-bits=50
md5crypt	apps/passwd.c	449	44	             dest++, source = (source + 6) % 17)	%	cjump	O0--expand-div-rem-bits=0|O1--expand-div-rem-bits=0|O2--expand-div-rem-bits=0|Os--expand-div-rem-bits=0|Oz--expand-div-rem-bits=0
sh_actual_size	crypto/mem_sec.c	747	26	    return sh.arena_size / (ONE << list);	/	cjump	O0--expand-div-rem-bits=0|O0--expand-div-rem-bits=50
ossl_ffc_params_FIPS186_2_gen_verify	crypto/ffc/ffc_params_generate.c	947	21	        n = (L - 1) / 160;	/	cjump	O0--expand-div-rem-bits=0|O0--expand-div-rem-bits=50
ssl_cert_set_current	ssl/ssl_cert.c	400	31	        idx = (size_t)(c->key - c->pkeys + 1);	-	cjump	O0--expand-div-rem-bits=0|O0--expand-div-rem-bits=50|O1--expand-div-rem-bits=0|O1--expand-div-rem-bits=50|O2--expand-div-rem-bits=0|O2--expand-div-rem-bits=50|O3--expand-div-rem-bits=0|O3--expand-div-rem-bits=50|Ofast--expand-div-rem-bits=0|Ofast--expand-div-rem-bits=50|Os--expand-div-rem-bits=0|Os--expand-div-rem-bits=50|Oz--expand-div-rem-bits=0|Oz--expand-div-rem-bits=50
cmd_Certificate	ssl/ssl_conf.c	460	33	        size_t fileidx = c->key - c->pkeys;	-	cjump	O0--expand-div-rem-bits=0|O0--expand-div-rem-bits=50|O1--expand-div-rem-bits=0|O1--expand-div-rem-bits=50|O2--expand-div-rem-bits=0|O2--expand-div-rem-bits=50|O3--expand-div-rem-bits=0|O3--expand-div-rem-bits=50|Ofast--expand-div-rem-bits=0|Ofast--expand-div-rem-bits=50|Os--expand-div-rem-bits=0|Os--expand-div-rem-bits=50|Oz--expand-div-rem-bits=0|Oz--expand-div-rem-bits=50
OPENSSL_gmtime_adj	crypto/o_time.c	94	28	    tm->tm_hour = time_sec / 3600;	/	cjump	O0--expand-div-rem-bits=0|O1--expand-div-rem-bits=0|O2--expand-div-rem-bits=0|O3--expand-div-rem-bits=0|Ofast--expand-div-rem-bits=0|Os--expand-div-rem-bits=0|Oz--expand-div-rem-bits=0
pkcs12kdf_derive	providers/implementations/kdfs/pkcs12kdf.c	113	25	            B[j] = Ai[j % u];	%	cjump	O0--expand-div-rem-bits=0|O0--expand-div-rem-bits=50
timestamp_print	crypto/ct/ct_prn.c	38	53	                             (timestamp % 86400000) / 1000);	/	cjump	O0--expand-div-rem-bits=0|O0--expand-div-rem-bits=50
ssl_cert_dup	ssl/ssl_cert.c	114	38	    ret->key = &ret->pkeys[cert->key - cert->pkeys];	-	cjump	O0--expand-div-rem-bits=0|O0--expand-div-rem-bits=50
n_fold	providers/implementations/kdfs/krb5kdf.c	321	27	        rotbits = 13 * (l / constant_len);	/	cjump	O0--expand-div-rem-bits=0|O0--expand-div-rem-bits=50
tls1_check_chain	ssl/t1_lib.c	4027	29	            idx = (int)(cpk - c->pkeys);	-	cjump	O0--expand-div-rem-bits=0|O0--expand-div-rem-bits=50|O1--expand-div-rem-bits=0|O1--expand-div-rem-bits=50|O2--expand-div-rem-bits=0|O2--expand-div-rem-bits=50|O3--expand-div-rem-bits=0|O3--expand-div-rem-bits=50|Ofast--expand-div-rem-bits=0|Ofast--expand-div-rem-bits=50|Os--expand-div-rem-bits=0|Os--expand-div-rem-bits=50|Oz--expand-div-rem-bits=0|Oz--expand-div-rem-bits=50
OPENSSL_gmtime_adj	crypto/o_time.c	95	28	    tm->tm_min = (time_sec / 60) % 60;	/	cjump	O0--expand-div-rem-bits=0|O1--expand-div-rem-bits=0|O2--expand-div-rem-bits=0|O3--expand-div-rem-bits=0|Ofast--expand-div-rem-bits=0|Os--expand-div-rem-bits=0|Oz--expand-div-rem-bits=0
julian_to_date	crypto/o_time.c	195	18	    j = (80 * L) / 2447;	/	cjump	O0--expand-div-rem-bits=0|O0--expand-div-rem-bits=50
date_to_julian	crypto/o_time.c	183	42	        (3 * ((y + 4900 + (m - 14) / 12) / 100)) / 4 + d - 32075;	/	cjump	O0--expand-div-rem-bits=0
OSSL_sleep	crypto/sleep.c	62	36	    ts.tv_sec = (long int) (millis / 1000);	/	cjump	O0--expand-div-rem-bits=0|O0--expand-div-rem-bits=50|O1--expand-div-rem-bits=0|O1--expand-div-rem-bits=50|O2--expand-div-rem-bits=0|O2--expand-div-rem-bits=50|O3--expand-div-rem-bits=0|O3--expand-div-rem-bits=50|Ofast--expand-div-rem-bits=0|Ofast--expand-div-rem-bits=50|Os--expand-div-rem-bits=0|Os--expand-div-rem-bits=50|Oz--expand-div-rem-bits=0|Oz--expand-div-rem-bits=50
OPENSSL_LH_node_usage_stats_bio	crypto/lhash/lh_stats.c	125	68	               (int)(total / n_used), (int)((total % n_used) * 100 / n_used));	/	cjump	O0--expand-div-rem-bits=0|O0--expand-div-rem-bits=50|O1--expand-div-rem-bits=0|O1--expand-div-rem-bits=50|O2--expand-div-rem-bits=0|O2--expand-div-rem-bits=50|O3--expand-div-rem-bits=0|O3--expand-div-rem-bits=50|Ofast--expand-div-rem-bits=0|Ofast--expand-div-rem-bits=50|Os--expand-div-rem-bits=0|Os--expand-div-rem-bits=50|Oz--expand-div-rem-bits=0|Oz--expand-div-rem-bits=50
t_tob64	crypto/srp/srp_vfy.c	152	23	    leadz = 3 - (size % 3);	%	cjump	O0--expand-div-rem-bits=0|O1--expand-div-rem-bits=0|O2--expand-div-rem-bits=0|O3--expand-div-rem-bits=0|Ofast--expand-div-rem-bits=0|Os--expand-div-rem-bits=0|Oz--expand-div-rem-bits=0
fmtint	crypto/bio/bio_print.c	468	21	            [uvalue % (unsigned)base];	%	cjump	O0--expand-div-rem-bits=0|O0--expand-div-rem-bits=50|O1--expand-div-rem-bits=0|O1--expand-div-rem-bits=50|O2--expand-div-rem-bits=0|O2--expand-div-rem-bits=50|O3--expand-div-rem-bits=0|O3--expand-div-rem-bits=50|Ofast--expand-div-rem-bits=0|Ofast--expand-div-rem-bits=50|Os--expand-div-rem-bits=0|Os--expand-div-rem-bits=50|Oz--expand-div-rem-bits=0|Oz--expand-div-rem-bits=50
ossl_rand_pool_adin_mix_in	crypto/rand/rand_pool.c	443	28	            pool->buffer[i % pool->len] ^= adin[i];	%	cjump	O0--expand-div-rem-bits=0|O0--expand-div-rem-bits=50|O1--expand-div-rem-bits=0|O1--expand-div-rem-bits=50|O2--expand-div-rem-bits=0|O2--expand-div-rem-bits=50|O3--expand-div-rem-bits=0|O3--expand-div-rem-bits=50|Ofast--expand-div-rem-bits=0|Ofast--expand-div-rem-bits=50|Os--expand-div-rem-bits=0|Os--expand-div-rem-bits=50|Oz--expand-div-rem-bits=0|Oz--expand-div-rem-bits=50
kek_wrap_key	crypto/cms/cms_pwri.c	270	39	    olen = (inlen + 4 + blocklen - 1) / blocklen;	/	cjump	O0--expand-div-rem-bits=0|O0--expand-div-rem-bits=50
fmtfp	crypto/bio/bio_print.c	696	51	        iconvert[iplace++] = "0123456789"[intpart % 10];	%	cjump	O0--expand-div-rem-bits=0|O0--expand-div-rem-bits=50|O1--expand-div-rem-bits=0|O1--expand-div-rem-bits=50|O2--expand-div-rem-bits=0|O2--expand-div-rem-bits=50|O3--expand-div-rem-bits=0|O3--expand-div-rem-bits=50|Ofast--expand-div-rem-bits=0|Ofast--expand-div-rem-bits=50|Os--expand-div-rem-bits=0|Os--expand-div-rem-bits=50|Oz--expand-div-rem-bits=0|Oz--expand-div-rem-bits=50
bn_div_words	crypto/bn/bn_asm.c	233	19	            q = h / dh;	/	cjump	O0--expand-div-rem-bits=0|O0--expand-div-rem-bits=50|O1--expand-div-rem-bits=0|O1--expand-div-rem-bits=50|O2--expand-div-rem-bits=0|O2--expand-div-rem-bits=50|O3--expand-div-rem-bits=0|O3--expand-div-rem-bits=50|Ofast--expand-div-rem-bits=0|Ofast--expand-div-rem-bits=50|Os--expand-div-rem-bits=0|Os--expand-div-rem-bits=50|Oz--expand-div-rem-bits=0|Oz--expand-div-rem-bits=50
rcidm_roll	ssl/quic/quic_rcidm.c	484	29	        rcidm->packets_sent %= PACKETS_PER_RCID;	%	cjump	O0--expand-div-rem-bits=0|O0--expand-div-rem-bits=50
a2d_ASN1_OBJECT	crypto/asn1/a_object.c	130	35	            blsize = (blsize + 6) / 7;	/	cjump	O0--expand-div-rem-bits=0|O1--expand-div-rem-bits=0|O2--expand-div-rem-bits=0|O3--expand-div-rem-bits=0|Ofast--expand-div-rem-bits=0|Os--expand-div-rem-bits=0|Oz--expand-div-rem-bits=0
ossl_punycode_decode	crypto/punycode.c	181	19	        n = n + i / (written_out + 1);	/	cjump	O0--expand-div-rem-bits=0|O0--expand-div-rem-bits=50
OPENSSL_LH_delete	crypto/lhash/lhash.c	167	57	        (lh->down_load >= (lh->num_items * LH_LOAD_MULT / lh->num_nodes)))	/	cjump	O0--expand-div-rem-bits=0|O0--expand-div-rem-bits=50|O1--expand-div-rem-bits=0|O1--expand-div-rem-bits=50|Os--expand-div-rem-bits=0|Os--expand-div-rem-bits=50|Oz--expand-div-rem-bits=0|Oz--expand-div-rem-bits=50
sh_getlist	crypto/mem_sec.c	347	51	    size_t bit = (sh.arena_size + ptr - sh.arena) / sh.minsize;	/	cjump	O0--expand-div-rem-bits=0|O0--expand-div-rem-bits=50|Os--expand-div-rem-bits=0|Os--expand-div-rem-bits=50|Oz--expand-div-rem-bits=0|Oz--expand-div-rem-bits=50
ssl3_cbc_digest_record	ssl/record/methods/ssl3_cbc.c	311	49	    index_b = (mac_end_offset + md_length_size) / md_block_size;	/	cjump	O0--expand-div-rem-bits=0|O0--expand-div-rem-bits=50|Oz--expand-div-rem-bits=0
index_alpha	providers/implementations/kdfs/argon2.c	461	37	    abs_pos = (start_pos + rel_pos) % ctx->lane_length;	%	cjump	O0--expand-div-rem-bits=0|O0--expand-div-rem-bits=50
determine_days	crypto/asn1/a_time.c	73	70	    tm->tm_wday = (d + (13 * m) / 5 + y + y / 4 + c / 4 + 5 * c + 6) % 7;	%	cjump	O0--expand-div-rem-bits=0
sh_clearbit	crypto/mem_sec.c	376	45	    bit = (ONE << list) + ((ptr - sh.arena) / (sh.arena_size >> list));	/	cjump	O0--expand-div-rem-bits=0|O0--expand-div-rem-bits=50|O1--expand-div-rem-bits=0|O1--expand-div-rem-bits=50|O2--expand-div-rem-bits=0|O2--expand-div-rem-bits=50|O3--expand-div-rem-bits=0|O3--expand-div-rem-bits=50|Ofast--expand-div-rem-bits=0|Ofast--expand-div-rem-bits=50|Os--expand-div-rem-bits=0|Os--expand-div-rem-bits=50|Oz--expand-div-rem-bits=0|Oz--expand-div-rem-bits=50
bn_mod_exp_mont_fixed_top	crypto/bn/bn_exp.c	1086	30	        window0 = (bits - 1) % window + 1;	%	cjump	O0--expand-div-rem-bits=0|O1--expand-div-rem-bits=0|O2--expand-div-rem-bits=0|O3--expand-div-rem-bits=0|Ofast--expand-div-rem-bits=0|Os--expand-div-rem-bits=0|Oz--expand-div-rem-bits=0
HKDF_Expand	providers/implementations/kdfs/hkdf.c	631	17	    n = okm_len / dig_len;	/	cjump	O0--expand-div-rem-bits=0|O0--expand-div-rem-bits=50|O1--expand-div-rem-bits=0|O1--expand-div-rem-bits=50|O2--expand-div-rem-bits=0|O2--expand-div-rem-bits=50|O3--expand-div-rem-bits=0|O3--expand-div-rem-bits=50|Ofast--expand-div-rem-bits=0|Ofast--expand-div-rem-bits=50|Os--expand-div-rem-bits=0|Os--expand-div-rem-bits=50|Oz--expand-div-rem-bits=0|Oz--expand-div-rem-bits=50
add_entry	apps/rehash.c	129	38	    unsigned int ndx = (type + hash) % OSSL_NELEM(hash_table);	%	cjump	O0--expand-div-rem-bits=0|O0--expand-div-rem-bits=50|O1--expand-div-rem-bits=0|O2--expand-div-rem-bits=0|O3--expand-div-rem-bits=0|Ofast--expand-div-rem-bits=0|Os--expand-div-rem-bits=0|Oz--expand-div-rem-bits=0
ssl3_write_bytes	ssl/record/rec_layer_s3.c	448	28	            tmppipelen = n / maxpipes;	/	cjump	O0--expand-div-rem-bits=0|O0--expand-div-rem-bits=50
ossl_ifc_ffc_compute_security_bits	crypto/rsa/rsa_lib.c	376	20	                   / log_2);	/	cjump	O0--expand-div-rem-bits=0|O0--expand-div-rem-bits=50|O1--expand-div-rem-bits=0|O1--expand-div-rem-bits=50|O2--expand-div-rem-bits=0|O2--expand-div-rem-bits=50|O3--expand-div-rem-bits=0|O3--expand-div-rem-bits=50|Ofast--expand-div-rem-bits=0|Ofast--expand-div-rem-bits=50|Os--expand-div-rem-bits=0|Os--expand-div-rem-bits=50|Oz--expand-div-rem-bits=0|Oz--expand-div-rem-bits=50
OSSL_sleep	crypto/sleep.c	63	37	    ts.tv_nsec = (long int) (millis % 1000) * 1000000ul;	%	cjump	O0--expand-div-rem-bits=0|O0--expand-div-rem-bits=50|O1--expand-div-rem-bits=0|O1--expand-div-rem-bits=50|O2--expand-div-rem-bits=0|O2--expand-div-rem-bits=50|O3--expand-div-rem-bits=0|O3--expand-div-rem-bits=50|Ofast--expand-div-rem-bits=0|Ofast--expand-div-rem-bits=50|Os--expand-div-rem-bits=0|Os--expand-div-rem-bits=50|Oz--expand-div-rem-bits=0|Oz--expand-div-rem-bits=50
n_fold	providers/implementations/kdfs/krb5kdf.c	318	15	        b = l % blocksize;	%	cjump	O0--expand-div-rem-bits=0
fmtfp	crypto/bio/bio_print.c	708	33	            fracpart = fracpart / 10;	/	cjump	O0--expand-div-rem-bits=0|O0--expand-div-rem-bits=50|O1--expand-div-rem-bits=0|O1--expand-div-rem-bits=50|O2--expand-div-rem-bits=0|O2--expand-div-rem-bits=50|O3--expand-div-rem-bits=0|O3--expand-div-rem-bits=50|Ofast--expand-div-rem-bits=0|Ofast--expand-div-rem-bits=50|Os--expand-div-rem-bits=0|Os--expand-div-rem-bits=50|Oz--expand-div-rem-bits=0|Oz--expand-div-rem-bits=50
timestamp_print	crypto/ct/ct_prn.c	38	41	                             (timestamp % 86400000) / 1000);	%	cjump	O0--expand-div-rem-bits=0|O0--expand-div-rem-bits=50
julian_to_date	crypto/o_time.c	193	26	    i = (4000 * (L + 1)) / 1461001;	/	cjump	O0--expand-div-rem-bits=0|O0--expand-div-rem-bits=50
ssl3_write_bytes	ssl/record/rec_layer_s3.c	449	24	            remain = n % maxpipes;	%	cjump	O0--expand-div-rem-bits=0|O0--expand-div-rem-bits=50|O1--expand-div-rem-bits=0|O1--expand-div-rem-bits=50|O2--expand-div-rem-bits=0|O2--expand-div-rem-bits=50|O3--expand-div-rem-bits=0|O3--expand-div-rem-bits=50|Ofast--expand-div-rem-bits=0|Ofast--expand-div-rem-bits=50|Os--expand-div-rem-bits=0|Os--expand-div-rem-bits=50|Oz--expand-div-rem-bits=0|Oz--expand-div-rem-bits=50
n_fold	providers/implementations/kdfs/krb5kdf.c	329	35	        tmp = (constant[(rbyte-1) % constant_len] << (8 - rshift)	%	cjump	O0--expand-div-rem-bits=0|O0--expand-div-rem-bits=50
ssl_cache_cipherlist	ssl/ssl_lib.c	7079	61	        size_t numciphers = PACKET_remaining(cipher_suites) / n;	/	cjump	O0--expand-div-rem-bits=0|O0--expand-div-rem-bits=50|O1--expand-div-rem-bits=0|O1--expand-div-rem-bits=50|O2--expand-div-rem-bits=0|O2--expand-div-rem-bits=50|O3--expand-div-rem-bits=0|O3--expand-div-rem-bits=50|Ofast--expand-div-rem-bits=0|Ofast--expand-div-rem-bits=50|Os--expand-div-rem-bits=0|Os--expand-div-rem-bits=50|Oz--expand-div-rem-bits=0|Oz--expand-div-rem-bits=50
fmtfp	crypto/bio/bio_print.c	729	30	            tmpexp = (tmpexp / 10);	/	cjump	O0--expand-div-rem-bits=0|O1--expand-div-rem-bits=0|O2--expand-div-rem-bits=0|O3--expand-div-rem-bits=0|Ofast--expand-div-rem-bits=0|Os--expand-div-rem-bits=0|Oz--expand-div-rem-bits=0
rsa_multiprime_keygen	crypto/rsa/rsa_gen.c	321	16	    quo = bits / primes;	/	cjump	O0--expand-div-rem-bits=0
ossl_ffc_params_FIPS186_4_gen_verify	crypto/ffc/ffc_params_generate.c	679	17	    n = (L - 1) / (mdsize << 3);	/	cjump	O0--expand-div-rem-bits=0|O0--expand-div-rem-bits=50|O1--expand-div-rem-bits=0|O1--expand-div-rem-bits=50|O2--expand-div-rem-bits=0|O2--expand-div-rem-bits=50|O3--expand-div-rem-bits=0|O3--expand-div-rem-bits=50|Ofast--expand-div-rem-bits=0|Ofast--expand-div-rem-bits=50|Os--expand-div-rem-bits=0|Os--expand-div-rem-bits=50|Oz--expand-div-rem-bits=0|Oz--expand-div-rem-bits=50
OBJ_obj2txt	crypto/objects/obj_dat.c	563	29	                i = (int)(l / 40);	/	cjump	O0--expand-div-rem-bits=0|O0--expand-div-rem-bits=50|O1--expand-div-rem-bits=0|O1--expand-div-rem-bits=50
ossl_sha3_squeeze	crypto/sha/sha3.c	192	29	        len = bsz * (outlen / bsz);	/	cjump	O0--expand-div-rem-bits=0|O0--expand-div-rem-bits=50
bytepad	providers/implementations/macs/kmac_prov.c	632	24	    sz = (len + w - 1) / w * w;	/	cjump	O0--expand-div-rem-bits=0|O0--expand-div-rem-bits=50
calculate_columns	apps/lib/columns.c	25	28	    dc->columns = (80 - 1) / dc->width;	/	cjump	O0--expand-div-rem-bits=0|O1--expand-div-rem-bits=0|O2--expand-div-rem-bits=0|O3--expand-div-rem-bits=0|Ofast--expand-div-rem-bits=0|Os--expand-div-rem-bits=0|Oz--expand-div-rem-bits=0
b64_write	crypto/evp/bio_b64.c	424	24	                n -= n % 3;	%	cjump	O0--expand-div-rem-bits=0
adapt	crypto/punycode.c	57	45	    return k + (((base - tmin + 1) * delta) / (delta + skew));	/	cjump	O0--expand-div-rem-bits=0
inverse	crypto/idea/i_skey.c	104	21	            r = (n1 % n2);	%	cjump	O0--expand-div-rem-bits=0|O0--expand-div-rem-bits=50
OPENSSL_LH_node_usage_stats_bio	crypto/lhash/lh_stats.c	125	28	               (int)(total / n_used), (int)((total % n_used) * 100 / n_used));	/	cjump	O0--expand-div-rem-bits=0|O0--expand-div-rem-bits=50|O1--expand-div-rem-bits=0|O1--expand-div-rem-bits=50|O2--expand-div-rem-bits=0|O2--expand-div-rem-bits=50|O3--expand-div-rem-bits=0|O3--expand-div-rem-bits=50|Ofast--expand-div-rem-bits=0|Ofast--expand-div-rem-bits=50|Os--expand-div-rem-bits=0|Os--expand-div-rem-bits=50|Oz--expand-div-rem-bits=0|Oz--expand-div-rem-bits=50
fmtfp	crypto/bio/bio_print.c	697	28	        intpart = (intpart / 10);	/	cjump	O0--expand-div-rem-bits=0|O0--expand-div-rem-bits=50|O1--expand-div-rem-bits=0|O1--expand-div-rem-bits=50|O2--expand-div-rem-bits=0|O2--expand-div-rem-bits=50|O3--expand-div-rem-bits=0|O3--expand-div-rem-bits=50|Ofast--expand-div-rem-bits=0|Ofast--expand-div-rem-bits=50|Os--expand-div-rem-bits=0|Os--expand-div-rem-bits=50|Oz--expand-div-rem-bits=0|Oz--expand-div-rem-bits=50
err_string_data_hash	crypto/err/err.c	174	23	    return (ret ^ ret % 19 * 13);	%	cjump	O0--expand-div-rem-bits=0|O0--expand-div-rem-bits=50|O1--expand-div-rem-bits=0|O1--expand-div-rem-bits=50|O2--expand-div-rem-bits=0|O2--expand-div-rem-bits=50|O3--expand-div-rem-bits=0|O3--expand-div-rem-bits=50|Ofast--expand-div-rem-bits=0|Ofast--expand-div-rem-bits=50|Os--expand-div-rem-bits=0|Os--expand-div-rem-bits=50|Oz--expand-div-rem-bits=0|Oz--expand-div-rem-bits=50
OPENSSL_LH_node_usage_stats_bio	crypto/lhash/lh_stats.c	124	52	               (int)((total % lh->num_nodes) * 100 / lh->num_nodes),	/	cjump	O0--expand-div-rem-bits=0|O0--expand-div-rem-bits=50|O1--expand-div-rem-bits=0|O1--expand-div-rem-bits=50|O2--expand-div-rem-bits=0|O2--expand-div-rem-bits=50|O3--expand-div-rem-bits=0|O3--expand-div-rem-bits=50|Ofast--expand-div-rem-bits=0|Ofast--expand-div-rem-bits=50|Os--expand-div-rem-bits=0|Os--expand-div-rem-bits=50|Oz--expand-div-rem-bits=0|Oz--expand-div-rem-bits=50
scryptROMix	providers/implementations/kdfs/scrypt.c	408	33	        j = X[16 * (2 * r - 1)] % N;	%	cjump	O0--expand-div-rem-bits=0|O0--expand-div-rem-bits=50
ossl_curve448_scalar_decode_long	crypto/ec/curve448/scalar.c	187	28	    i = ser_len - (ser_len % C448_SCALAR_BYTES);	%	cjump	O0--expand-div-rem-bits=0|O0--expand-div-rem-bits=50|O1--expand-div-rem-bits=0|O1--expand-div-rem-bits=50|O2--expand-div-rem-bits=0|O2--expand-div-rem-bits=50|O3--expand-div-rem-bits=0|O3--expand-div-rem-bits=50|Ofast--expand-div-rem-bits=0|Ofast--expand-div-rem-bits=50|Os--expand-div-rem-bits=0|Os--expand-div-rem-bits=50|Oz--expand-div-rem-bits=0|Oz--expand-div-rem-bits=50
OPENSSL_LH_node_usage_stats_bio	crypto/lhash/lh_stats.c	123	28	               (int)(total / lh->num_nodes),	/	mdiv	O0-fmemory-profile|O1--mips-mixed-16-32|O2--mips-mixed-16-32|O3--mips-mixed-16-32|Ofast--mips-mixed-16-32|Os--mips-mixed-16-32|Oz--mips-mixed-16-32
fmtint	crypto/bio/bio_print.c	468	21	            [uvalue % (unsigned)base];	%	mdiv	O1-fprofile-generate|O1-fprofile-instr-generate|O2-fprofile-generate|O2-fprofile-instr-generate|O3-fprofile-generate|O3-fprofile-instr-generate|Ofast-fprofile-generate|Ofast-fprofile-instr-generate|Os-fprofile-generate|Os-fprofile-instr-generate
BN_generate_prime_ex2	crypto/bn/bn_prime.c	602	38	                 : (mods[i] + delta) % primes[i] == 0) {	%	mdiv	O1--enable-nontrivial-unswitch|O1-fcs-profile-generate|O1-fprofile-arcs|O1-fprofile-generate|O1-fprofile-instr-generate|O1-fpseudo-probe-for-profiling|O2--enable-nontrivial-unswitch|O2-fprofile-arcs|O2-fprofile-generate|O2-fprofile-instr-generate|O2-fpseudo-probe-for-profiling|Os-fprofile-arcs|Os-fprofile-generate|Os-fprofile-instr-generate|Os-fpseudo-probe-for-profiling|Oz-fprofile-arcs|Oz-fprofile-generate|Oz-fprofile-instr-generate|Oz-fpseudo-probe-for-profiling
ssl3_cbc_digest_record	ssl/record/methods/ssl3_cbc.c	387	31	            for (i = 1; i < k / md_block_size; i++)	/	mdiv	O1-fprofile-generate|O2-fprofile-generate|O3-fprofile-generate|Ofast-fprofile-generate|Os-fprofile-generate
BN_generate_prime_ex2	crypto/bn/bn_prime.c	601	38	        if (safe ? (mods[i] + delta) % primes[i] <= 1	%	mdiv	O1--enable-nontrivial-unswitch|O1-fcs-profile-generate|O1-fprofile-arcs|O1-fprofile-generate|O1-fprofile-instr-generate|O1-fpseudo-probe-for-profiling|O2--enable-nontrivial-unswitch|O2-fprofile-arcs|O2-fprofile-generate|O2-fprofile-instr-generate|O2-fpseudo-probe-for-profiling|Os-fprofile-arcs|Os-fprofile-generate|Os-fprofile-instr-generate|Os-fpseudo-probe-for-profiling|Oz-fprofile-arcs|Oz-fprofile-generate|Oz-fprofile-instr-generate|Oz-fpseudo-probe-for-profiling
BN_generate_prime_ex2	crypto/bn/bn_prime.c	522	38	                 : (mods[i] + delta) % primes[i] == 0) {	%	mdiv	O1--enable-nontrivial-unswitch|O1-fcs-profile-generate|O1-fprofile-arcs|O1-fprofile-generate|O1-fprofile-instr-generate|O1-fpseudo-probe-for-profiling|O2--enable-nontrivial-unswitch|O2-fprofile-arcs|O2-fprofile-generate|O2-fprofile-instr-generate|O2-fpseudo-probe-for-profiling|Os-fprofile-arcs|Os-fprofile-generate|Os-fprofile-instr-generate|Os-fpseudo-probe-for-profiling|Oz-fprofile-arcs|Oz-fprofile-generate|Oz-fprofile-instr-generate|Oz-fpseudo-probe-for-profiling
ssl3_cbc_digest_record	ssl/record/methods/ssl3_cbc.c	380	31	            for (i = 1; i < k / md_block_size - 1; i++)	/	mdiv	O1-fprofile-generate|O2-fprofile-generate|O3-fprofile-generate|Ofast-fprofile-generate|Os-fprofile-generate
BN_generate_prime_ex2	crypto/bn/bn_prime.c	521	38	        if (safe ? (mods[i] + delta) % primes[i] <= 1	%	mdiv	O1--enable-nontrivial-unswitch|O1-fcs-profile-generate|O1-fprofile-arcs|O1-fprofile-generate|O1-fprofile-instr-generate|O1-fpseudo-probe-for-profiling|O2--enable-nontrivial-unswitch|O2-fprofile-arcs|O2-fprofile-generate|O2-fprofile-instr-generate|O2-fpseudo-probe-for-profiling|Os-fprofile-arcs|Os-fprofile-generate|Os-fprofile-instr-generate|Os-fpseudo-probe-for-profiling|Oz-fprofile-arcs|Oz-fprofile-generate|Oz-fprofile-instr-generate|Oz-fpseudo-probe-for-profiling
safe_div_round_up_int	crypto/evp/evp_enc.c	31	1	OSSL_SAFE_MATH_SIGNED(int, int)	O	mdiv	O1-finstrument-functions|O2-finstrument-functions|O3-finstrument-functions|Ofast-finstrument-functions|Os-finstrument-functions|Oz-finstrument-functions
safe_div_int	crypto/evp/evp_enc.c	31	1	OSSL_SAFE_MATH_SIGNED(int, int)	O	mdiv	O1-finstrument-functions|O2-finstrument-functions|O3-finstrument-functions|Ofast-finstrument-functions|Os-finstrument-functions|Oz-finstrument-functions
safe_muldiv_size_t	ssl/priority_queue.c	17	1	OSSL_SAFE_MATH_UNSIGNED(size_t, size_t)	O	mdiv	O1-finstrument-functions|O2-finstrument-functions|O3-finstrument-functions|Ofast-finstrument-functions|Os-finstrument-functions
safe_muldiv_uint64_t	ssl/quic/quic_fc.c	16	1	OSSL_SAFE_MATH_UNSIGNED(uint64_t, uint64_t)	O	mdiv	O1-finstrument-functions|O2-finstrument-functions|O3-finstrument-functions|Ofast-finstrument-functions|Os-finstrument-functions|Oz-finstrument-functions
safe_div_int	crypto/stack/stack.c	18	1	OSSL_SAFE_MATH_SIGNED(int, int)	O	mdiv	O1-finstrument-functions|O2-finstrument-functions|O3-finstrument-functions|Ofast-finstrument-functions|Os-finstrument-functions
safe_muldiv_size_t	crypto/bio/bss_dgram_pair.c	18	1	OSSL_SAFE_MATH_UNSIGNED(size_t, size_t)	O	mdiv	O1-finstrument-functions|O2-finstrument-functions|O3-finstrument-functions|Ofast-finstrument-functions|Os-finstrument-functions
safe_muldiv_int	crypto/stack/stack.c	18	1	OSSL_SAFE_MATH_SIGNED(int, int)	O	mdiv	O1-finstrument-functions|O2-finstrument-functions|O3-finstrument-functions|Ofast-finstrument-functions|Os-finstrument-functions
safe_mod_int	crypto/evp/evp_enc.c	31	1	OSSL_SAFE_MATH_SIGNED(int, int)	O	mdiv	O1-finstrument-functions|O2-finstrument-functions|O3-finstrument-functions|Ofast-finstrument-functions|Os-finstrument-functions|Oz-finstrument-functions
safe_mod_int	crypto/stack/stack.c	18	1	OSSL_SAFE_MATH_SIGNED(int, int)	O	mdiv	O1-finstrument-functions|O2-finstrument-functions|O3-finstrument-functions|Ofast-finstrument-functions|Os-finstrument-functions
ossl_core_bio_up_ref	crypto/bio/ossl_core_bio.c	41	77	    *ret = atomic_fetch_add_explicit(&refcnt->val, 1, memory_order_relaxed) + 1;	+	cjump	O1-ftrapv|O2-ftrapv|O3-ftrapv|Ofast-ftrapv|Os-ftrapv|Oz-ftrapv
evp_kem_free	crypto/evp/kem.c	64	77	    *ret = atomic_fetch_sub_explicit(&refcnt->val, 1, memory_order_release) - 1;	-	cjump	O1-ftrapv|O2-ftrapv|O3-ftrapv|Ofast-ftrapv
evp_md_init_internal	crypto/evp/digest.c	41	77	    *ret = atomic_fetch_add_explicit(&refcnt->val, 1, memory_order_relaxed) + 1;	+	cjump	O1-ftrapv|O2-ftrapv|O3-ftrapv|Ofast-ftrapv|Os-ftrapv|Oz-ftrapv
ossl_quic_free_token_store	ssl/quic/quic_impl.c	64	77	    *ret = atomic_fetch_sub_explicit(&refcnt->val, 1, memory_order_release) - 1;	-	cjump	O1-ftrapv|O2-ftrapv|O3-ftrapv|Ofast-ftrapv|Os-ftrapv|Oz-ftrapv
EVP_RAND_up_ref	crypto/evp/evp_rand.c	41	77	    *ret = atomic_fetch_add_explicit(&refcnt->val, 1, memory_order_relaxed) + 1;	+	cjump	O1-ftrapv|O2-ftrapv|O3-ftrapv|Ofast-ftrapv|Os-ftrapv|Oz-ftrapv
up_ref_loader	crypto/store/store_meth.c	41	77	    *ret = atomic_fetch_add_explicit(&refcnt->val, 1, memory_order_relaxed) + 1;	+	cjump	O1-ftrapv|O2-ftrapv|O3-ftrapv|Ofast-ftrapv|Os-ftrapv|Oz-ftrapv
ossl_provider_free	crypto/provider_core.c	64	77	    *ret = atomic_fetch_sub_explicit(&refcnt->val, 1, memory_order_release) - 1;	-	cjump	O1-ftrapv|O2-ftrapv|O3-ftrapv|Ofast-ftrapv|Os-ftrapv|Oz-ftrapv
lookup_sess_in_cache	ssl/ssl_sess.c	41	77	    *ret = atomic_fetch_add_explicit(&refcnt->val, 1, memory_order_relaxed) + 1;	+	cjump	O1-ftrapv|O2-ftrapv|O3-ftrapv|Ofast-ftrapv|Os-ftrapv|Oz-ftrapv
EVP_SKEY_import	crypto/evp/s_lib.c	64	77	    *ret = atomic_fetch_sub_explicit(&refcnt->val, 1, memory_order_release) - 1;	-	cjump	O1-ftrapv|O2-ftrapv|O3-ftrapv|Ofast-ftrapv
ossl_ecx_key_up_ref	crypto/ec/ecx_key.c	41	77	    *ret = atomic_fetch_add_explicit(&refcnt->val, 1, memory_order_relaxed) + 1;	+	cjump	O1-ftrapv|O2-ftrapv|O3-ftrapv|Ofast-ftrapv|Os-ftrapv|Oz-ftrapv
evp_cipher_from_algorithm	crypto/evp/evp_enc.c	64	77	    *ret = atomic_fetch_sub_explicit(&refcnt->val, 1, memory_order_release) - 1;	-	cjump	O1-ftrapv|O2-ftrapv|O3-ftrapv|Ofast-ftrapv
ossl_provider_doall_activated	crypto/provider_core.c	41	77	    *ret = atomic_fetch_add_explicit(&refcnt->val, 1, memory_order_relaxed) + 1;	+	cjump	O1-ftrapv|O2-ftrapv|O3-ftrapv|Ofast-ftrapv|Os-ftrapv|Oz-ftrapv
free_this_token	ssl/quic/quic_impl.c	64	77	    *ret = atomic_fetch_sub_explicit(&refcnt->val, 1, memory_order_release) - 1;	-	cjump	O1-ftrapv|O2-ftrapv|O3-ftrapv|Ofast-ftrapv
ossl_provider_add_to_store	crypto/provider_core.c	41	77	    *ret = atomic_fetch_add_explicit(&refcnt->val, 1, memory_order_relaxed) + 1;	+	cjump	O1-ftrapv|O2-ftrapv|O3-ftrapv|Ofast-ftrapv
evp_pkey_signature_init	crypto/evp/signature.c	64	77	    *ret = atomic_fetch_sub_explicit(&refcnt->val, 1, memory_order_release) - 1;	-	cjump	O1-ftrapv|O2-ftrapv|O3-ftrapv|Ofast-ftrapv
EVP_SKEY_to_provider	crypto/evp/s_lib.c	41	77	    *ret = atomic_fetch_add_explicit(&refcnt->val, 1, memory_order_relaxed) + 1;	+	cjump	O1-ftrapv|O2-ftrapv|O3-ftrapv|Ofast-ftrapv|Os-ftrapv|Oz-ftrapv
EVP_SIGNATURE_free	crypto/evp/signature.c	64	77	    *ret = atomic_fetch_sub_explicit(&refcnt->val, 1, memory_order_release) - 1;	-	cjump	O1-ftrapv|O2-ftrapv|O3-ftrapv|Ofast-ftrapv|Os-ftrapv|Oz-ftrapv
EVP_MD_CTX_copy_ex	crypto/evp/digest.c	41	77	    *ret = atomic_fetch_add_explicit(&refcnt->val, 1, memory_order_relaxed) + 1;	+	cjump	O1-ftrapv|O2-ftrapv|O3-ftrapv|Ofast-ftrapv|Os-ftrapv|Oz-ftrapv
DH_up_ref	crypto/dh/dh_lib.c	41	77	    *ret = atomic_fetch_add_explicit(&refcnt->val, 1, memory_order_relaxed) + 1;	+	cjump	O1-ftrapv|O2-ftrapv|O3-ftrapv|Ofast-ftrapv|Os-ftrapv|Oz-ftrapv
evp_keyexch_free	crypto/evp/exchange.c	64	77	    *ret = atomic_fetch_sub_explicit(&refcnt->val, 1, memory_order_release) - 1;	-	cjump	O1-ftrapv|O2-ftrapv|O3-ftrapv|Ofast-ftrapv
DSO_free	crypto/dso/dso_lib.c	64	77	    *ret = atomic_fetch_sub_explicit(&refcnt->val, 1, memory_order_release) - 1;	-	cjump	O1-ftrapv|O2-ftrapv|O3-ftrapv|Ofast-ftrapv|Os-ftrapv|Oz-ftrapv
EVP_KEYEXCH_free	crypto/evp/exchange.c	64	77	    *ret = atomic_fetch_sub_explicit(&refcnt->val, 1, memory_order_release) - 1;	-	cjump	O1-ftrapv|O2-ftrapv|O3-ftrapv|Ofast-ftrapv|Os-ftrapv|Oz-ftrapv
ossl_quic_build_new_token	ssl/quic/quic_impl.c	64	77	    *ret = atomic_fetch_sub_explicit(&refcnt->val, 1, memory_order_release) - 1;	-	cjump	O1-ftrapv|O2-ftrapv|O3-ftrapv|Ofast-ftrapv
qc_wait_for_default_xso_for_read	ssl/quic/quic_impl.c	64	77	    *ret = atomic_fetch_sub_explicit(&refcnt->val, 1, memory_order_release) - 1;	-	cjump	O1-ftrapv|O2-ftrapv|O3-ftrapv|Ofast-ftrapv
evp_md_init_internal	crypto/evp/digest.c	64	77	    *ret = atomic_fetch_sub_explicit(&refcnt->val, 1, memory_order_release) - 1;	-	cjump	O1-ftrapv|O2-ftrapv|O3-ftrapv|Ofast-ftrapv
ossl_asn1_do_lock	crypto/asn1/tasn_utl.c	41	77	    *ret = atomic_fetch_add_explicit(&refcnt->val, 1, memory_order_relaxed) + 1;	+	cjump	O1-ftrapv|O2-ftrapv|O3-ftrapv|Ofast-ftrapv|Os-ftrapv|Oz-ftrapv
evp_keyexch_up_ref	crypto/evp/exchange.c	41	77	    *ret = atomic_fetch_add_explicit(&refcnt->val, 1, memory_order_relaxed) + 1;	+	cjump	O1-ftrapv|O2-ftrapv|O3-ftrapv|Ofast-ftrapv|Os-ftrapv|Oz-ftrapv
mac_free	providers/implementations/keymgmt/mac_legacy_kmgmt.c	64	77	    *ret = atomic_fetch_sub_explicit(&refcnt->val, 1, memory_order_release) - 1;	-	cjump	O1-ftrapv|O2-ftrapv|O3-ftrapv|Ofast-ftrapv
SSL_set_session	ssl/ssl_sess.c	41	77	    *ret = atomic_fetch_add_explicit(&refcnt->val, 1, memory_order_relaxed) + 1;	+	cjump	O1-ftrapv|O2-ftrapv|O3-ftrapv|Ofast-ftrapv|Os-ftrapv|Oz-ftrapv
evp_rand_from_algorithm	crypto/evp/evp_rand.c	64	77	    *ret = atomic_fetch_sub_explicit(&refcnt->val, 1, memory_order_release) - 1;	-	cjump	O1-ftrapv|O2-ftrapv|O3-ftrapv|Ofast-ftrapv
ossl_kdf_data_up_ref	providers/implementations/keymgmt/kdf_legacy_kmgmt.c	41	77	    *ret = atomic_fetch_add_explicit(&refcnt->val, 1, memory_order_relaxed) + 1;	+	cjump	O1-ftrapv|O2-ftrapv|O3-ftrapv|Ofast-ftrapv|Os-ftrapv|Oz-ftrapv
SSL_dup	ssl/ssl_lib.c	64	77	    *ret = atomic_fetch_sub_explicit(&refcnt->val, 1, memory_order_release) - 1;	-	cjump	O1-ftrapv|O2-ftrapv|O3-ftrapv|Ofast-ftrapv
ossl_asn1_do_lock	crypto/asn1/tasn_utl.c	64	77	    *ret = atomic_fetch_sub_explicit(&refcnt->val, 1, memory_order_release) - 1;	-	cjump	O1-ftrapv|O2-ftrapv|O3-ftrapv|Ofast-ftrapv|Os-ftrapv|Oz-ftrapv
SSL_CTX_up_ref	ssl/ssl_lib.c	41	77	    *ret = atomic_fetch_add_explicit(&refcnt->val, 1, memory_order_relaxed) + 1;	+	cjump	O1-ftrapv|O2-ftrapv|O3-ftrapv|Ofast-ftrapv|Os-ftrapv|Oz-ftrapv
ossl_ec_wNAF_precompute_mult	crypto/ec/ec_mult.c	64	77	    *ret = atomic_fetch_sub_explicit(&refcnt->val, 1, memory_order_release) - 1;	-	cjump	O1-ftrapv|O2-ftrapv|O3-ftrapv|Ofast-ftrapv
EVP_RAND_CTX_up_ref	crypto/evp/evp_rand.c	41	77	    *ret = atomic_fetch_add_explicit(&refcnt->val, 1, memory_order_relaxed) + 1;	+	cjump	O1-ftrapv|O2-ftrapv|O3-ftrapv|Ofast-ftrapv|Os-ftrapv|Oz-ftrapv
kdf_freedata	providers/implementations/keymgmt/kdf_legacy_kmgmt.c	64	77	    *ret = atomic_fetch_sub_explicit(&refcnt->val, 1, memory_order_release) - 1;	-	cjump	O1-ftrapv|O2-ftrapv|O3-ftrapv|Ofast-ftrapv
EVP_SKEYMGMT_free	crypto/evp/skeymgmt_meth.c	64	77	    *ret = atomic_fetch_sub_explicit(&refcnt->val, 1, memory_order_release) - 1;	-	cjump	O1-ftrapv|O2-ftrapv|O3-ftrapv|Ofast-ftrapv|Os-ftrapv|Oz-ftrapv
evp_md_up_ref	crypto/evp/digest.c	41	77	    *ret = atomic_fetch_add_explicit(&refcnt->val, 1, memory_order_relaxed) + 1;	+	cjump	O1-ftrapv|O2-ftrapv|O3-ftrapv|Ofast-ftrapv|Os-ftrapv|Oz-ftrapv
evp_mac_from_algorithm	crypto/evp/mac_meth.c	64	77	    *ret = atomic_fetch_sub_explicit(&refcnt->val, 1, memory_order_release) - 1;	-	cjump	O1-ftrapv
engine_free_util	crypto/engine/eng_lib.c	64	77	    *ret = atomic_fetch_sub_explicit(&refcnt->val, 1, memory_order_release) - 1;	-	cjump	O1-ftrapv|O2-ftrapv|O3-ftrapv|Ofast-ftrapv|Os-ftrapv|Oz-ftrapv
EVP_KEYEXCH_up_ref	crypto/evp/exchange.c	41	77	    *ret = atomic_fetch_add_explicit(&refcnt->val, 1, memory_order_relaxed) + 1;	+	cjump	O1-ftrapv|O2-ftrapv|O3-ftrapv|Ofast-ftrapv|Os-ftrapv|Oz-ftrapv
ENGINE_get_last	crypto/engine/eng_list.c	41	77	    *ret = atomic_fetch_add_explicit(&refcnt->val, 1, memory_order_relaxed) + 1;	+	cjump	O1-ftrapv|O2-ftrapv|O3-ftrapv|Ofast-ftrapv|Os-ftrapv|Oz-ftrapv
evp_kdf_free	crypto/evp/kdf_meth.c	64	77	    *ret = atomic_fetch_sub_explicit(&refcnt->val, 1, memory_order_release) - 1;	-	cjump	O1-ftrapv|O2-ftrapv|O3-ftrapv|Ofast-ftrapv|Os-ftrapv|Oz-ftrapv
ENGINE_add	crypto/engine/eng_list.c	64	77	    *ret = atomic_fetch_sub_explicit(&refcnt->val, 1, memory_order_release) - 1;	-	cjump	O1-ftrapv|O2-ftrapv|O3-ftrapv|Ofast-ftrapv|Os-ftrapv|Oz-ftrapv
EVP_SKEYMGMT_up_ref	crypto/evp/skeymgmt_meth.c	41	77	    *ret = atomic_fetch_add_explicit(&refcnt->val, 1, memory_order_relaxed) + 1;	+	cjump	O1-ftrapv|O2-ftrapv|O3-ftrapv|Ofast-ftrapv|Os-ftrapv|Oz-ftrapv
ossl_quic_get_peer_token	ssl/quic/quic_impl.c	41	77	    *ret = atomic_fetch_add_explicit(&refcnt->val, 1, memory_order_relaxed) + 1;	+	cjump	O1-ftrapv|O2-ftrapv|O3-ftrapv|Ofast-ftrapv|Os-ftrapv|Oz-ftrapv
evp_cipher_init_internal	crypto/evp/evp_enc.c	64	77	    *ret = atomic_fetch_sub_explicit(&refcnt->val, 1, memory_order_release) - 1;	-	cjump	O1-ftrapv|O2-ftrapv|O3-ftrapv|Ofast-ftrapv
keymgmt_from_algorithm	crypto/evp/keymgmt_meth.c	64	77	    *ret = atomic_fetch_sub_explicit(&refcnt->val, 1, memory_order_release) - 1;	-	cjump	O1-ftrapv|O2-ftrapv|O3-ftrapv|Ofast-ftrapv
SSL_up_ref	ssl/ssl_lib.c	41	77	    *ret = atomic_fetch_add_explicit(&refcnt->val, 1, memory_order_relaxed) + 1;	+	cjump	O1-ftrapv|O2-ftrapv|O3-ftrapv|Ofast-ftrapv|Os-ftrapv|Oz-ftrapv
EC_KEY_up_ref	crypto/ec/ec_key.c	41	77	    *ret = atomic_fetch_add_explicit(&refcnt->val, 1, memory_order_relaxed) + 1;	+	cjump	O1-ftrapv|O2-ftrapv|O3-ftrapv|Ofast-ftrapv|Os-ftrapv|Oz-ftrapv
ossl_mac_key_free	providers/implementations/keymgmt/mac_legacy_kmgmt.c	64	77	    *ret = atomic_fetch_sub_explicit(&refcnt->val, 1, memory_order_release) - 1;	-	cjump	O1-ftrapv|O2-ftrapv|O3-ftrapv|Ofast-ftrapv|Os-ftrapv|Oz-ftrapv
destruct_loader	crypto/store/store_meth.c	64	77	    *ret = atomic_fetch_sub_explicit(&refcnt->val, 1, memory_order_release) - 1;	-	cjump	O1-ftrapv|O2-ftrapv|O3-ftrapv|Ofast-ftrapv
EVP_MD_CTX_copy_ex	crypto/evp/digest.c	64	77	    *ret = atomic_fetch_sub_explicit(&refcnt->val, 1, memory_order_release) - 1;	-	cjump	O1-ftrapv|O2-ftrapv|O3-ftrapv|Ofast-ftrapv
ossl_decoder_up_ref	crypto/encode_decode/decoder_meth.c	41	77	    *ret = atomic_fetch_add_explicit(&refcnt->val, 1, memory_order_relaxed) + 1;	+	cjump	O1-ftrapv|O2-ftrapv|O3-ftrapv|Ofast-ftrapv|Os-ftrapv|Oz-ftrapv
evp_cipher_free	crypto/evp/evp_enc.c	64	77	    *ret = atomic_fetch_sub_explicit(&refcnt->val, 1, memory_order_release) - 1;	-	cjump	O1-ftrapv|O2-ftrapv|O3-ftrapv|Ofast-ftrapv
ENGINE_up_ref	crypto/engine/eng_list.c	41	77	    *ret = atomic_fetch_add_explicit(&refcnt->val, 1, memory_order_relaxed) + 1;	+	cjump	O1-ftrapv|O2-ftrapv|O3-ftrapv|Ofast-ftrapv|Os-ftrapv|Oz-ftrapv
EVP_RAND_free	crypto/evp/evp_rand.c	64	77	    *ret = atomic_fetch_sub_explicit(&refcnt->val, 1, memory_order_release) - 1;	-	cjump	O1-ftrapv|O2-ftrapv|O3-ftrapv|Ofast-ftrapv
evp_rand_up_ref	crypto/evp/evp_rand.c	41	77	    *ret = atomic_fetch_add_explicit(&refcnt->val, 1, memory_order_relaxed) + 1;	+	cjump	O1-ftrapv|O2-ftrapv|O3-ftrapv|Ofast-ftrapv|Os-ftrapv|Oz-ftrapv
ossl_core_bio_free	crypto/bio/ossl_core_bio.c	64	77	    *ret = atomic_fetch_sub_explicit(&refcnt->val, 1, memory_order_release) - 1;	-	cjump	O1-ftrapv|O2-ftrapv|O3-ftrapv|Ofast-ftrapv|Os-ftrapv|Oz-ftrapv
ENGINE_get_next	crypto/engine/eng_list.c	41	77	    *ret = atomic_fetch_add_explicit(&refcnt->val, 1, memory_order_relaxed) + 1;	+	cjump	O1-ftrapv|O2-ftrapv|O3-ftrapv|Ofast-ftrapv|Os-ftrapv|Oz-ftrapv
RSA_up_ref	crypto/rsa/rsa_lib.c	41	77	    *ret = atomic_fetch_add_explicit(&refcnt->val, 1, memory_order_relaxed) + 1;	+	cjump	O1-ftrapv|O2-ftrapv|O3-ftrapv|Ofast-ftrapv|Os-ftrapv|Oz-ftrapv
ssl_cert_free	ssl/ssl_cert.c	64	77	    *ret = atomic_fetch_sub_explicit(&refcnt->val, 1, memory_order_release) - 1;	-	cjump	O1-ftrapv|O2-ftrapv|O3-ftrapv|Ofast-ftrapv|Os-ftrapv|Oz-ftrapv
EVP_KEYMGMT_free	crypto/evp/keymgmt_meth.c	64	77	    *ret = atomic_fetch_sub_explicit(&refcnt->val, 1, memory_order_release) - 1;	-	cjump	O1-ftrapv|O2-ftrapv|O3-ftrapv|Ofast-ftrapv|Os-ftrapv|Oz-ftrapv
EVP_CipherInit_SKEY	crypto/evp/evp_enc.c	64	77	    *ret = atomic_fetch_sub_explicit(&refcnt->val, 1, memory_order_release) - 1;	-	cjump	O1-ftrapv|O2-ftrapv|O3-ftrapv|Ofast-ftrapv
ossl_ssl_init	ssl/ssl_lib.c	41	77	    *ret = atomic_fetch_add_explicit(&refcnt->val, 1, memory_order_relaxed) + 1;	+	cjump	O1-ftrapv|O2-ftrapv|O3-ftrapv|Ofast-ftrapv|Os-ftrapv|Oz-ftrapv
DSA_up_ref	crypto/dsa/dsa_lib.c	41	77	    *ret = atomic_fetch_add_explicit(&refcnt->val, 1, memory_order_relaxed) + 1;	+	cjump	O1-ftrapv|O2-ftrapv|O3-ftrapv|Ofast-ftrapv|Os-ftrapv|Oz-ftrapv
X509_STORE_up_ref	crypto/x509/x509_lu.c	41	77	    *ret = atomic_fetch_add_explicit(&refcnt->val, 1, memory_order_relaxed) + 1;	+	cjump	O1-ftrapv|O2-ftrapv|O3-ftrapv|Ofast-ftrapv|Os-ftrapv|Oz-ftrapv
ossl_quic_free_peer_token	ssl/quic/quic_impl.c	64	77	    *ret = atomic_fetch_sub_explicit(&refcnt->val, 1, memory_order_release) - 1;	-	cjump	O1-ftrapv|O2-ftrapv|O3-ftrapv|Ofast-ftrapv|Os-ftrapv|Oz-ftrapv
EC_ec_pre_comp_free	crypto/ec/ec_mult.c	64	77	    *ret = atomic_fetch_sub_explicit(&refcnt->val, 1, memory_order_release) - 1;	-	cjump	O1-ftrapv|O2-ftrapv|O3-ftrapv|Ofast-ftrapv|Os-ftrapv|Oz-ftrapv
ENGINE_by_id	crypto/engine/eng_list.c	41	77	    *ret = atomic_fetch_add_explicit(&refcnt->val, 1, memory_order_relaxed) + 1;	+	cjump	O1-ftrapv|O2-ftrapv|O3-ftrapv|Ofast-ftrapv|Os-ftrapv|Oz-ftrapv
EVP_MD_free	crypto/evp/digest.c	64	77	    *ret = atomic_fetch_sub_explicit(&refcnt->val, 1, memory_order_release) - 1;	-	cjump	O1-ftrapv|O2-ftrapv|O3-ftrapv|Ofast-ftrapv|Os-ftrapv|Oz-ftrapv
BIO_free	crypto/bio/bio_lib.c	64	77	    *ret = atomic_fetch_sub_explicit(&refcnt->val, 1, memory_order_release) - 1;	-	cjump	O1-ftrapv|O2-ftrapv|O3-ftrapv|Ofast-ftrapv|Os-ftrapv|Oz-ftrapv
ossl_provider_up_ref	crypto/provider_core.c	41	77	    *ret = atomic_fetch_add_explicit(&refcnt->val, 1, memory_order_relaxed) + 1;	+	cjump	O1-ftrapv|O2-ftrapv|O3-ftrapv|Ofast-ftrapv|Os-ftrapv|Oz-ftrapv
evp_md_from_algorithm	crypto/evp/digest.c	64	77	    *ret = atomic_fetch_sub_explicit(&refcnt->val, 1, memory_order_release) - 1;	-	cjump	O1-ftrapv|O2-ftrapv|O3-ftrapv|Ofast-ftrapv
evp_signature_from_algorithm	crypto/evp/signature.c	64	77	    *ret = atomic_fetch_sub_explicit(&refcnt->val, 1, memory_order_release) - 1;	-	cjump	O1-ftrapv|O2-ftrapv|O3-ftrapv|Ofast-ftrapv
EVP_SKEY_generate	crypto/evp/s_lib.c	64	77	    *ret = atomic_fetch_sub_explicit(&refcnt->val, 1, memory_order_release) - 1;	-	cjump	O1-ftrapv|O2-ftrapv|O3-ftrapv|Ofast-ftrapv
EVP_SKEY_up_ref	crypto/evp/s_lib.c	41	77	    *ret = atomic_fetch_add_explicit(&refcnt->val, 1, memory_order_relaxed) + 1;	+	cjump	O1-ftrapv|O2-ftrapv|O3-ftrapv|Ofast-ftrapv|Os-ftrapv|Oz-ftrapv
EVP_RAND_CTX_new	crypto/evp/evp_rand.c	41	77	    *ret = atomic_fetch_add_explicit(&refcnt->val, 1, memory_order_relaxed) + 1;	+	cjump	O1-ftrapv|O2-ftrapv|O3-ftrapv|Ofast-ftrapv|Os-ftrapv|Oz-ftrapv
EVP_SKEY_free	crypto/evp/s_lib.c	64	77	    *ret = atomic_fetch_sub_explicit(&refcnt->val, 1, memory_order_release) - 1;	-	cjump	O1-ftrapv|O2-ftrapv|O3-ftrapv|Ofast-ftrapv|Os-ftrapv|Oz-ftrapv
ENGINE_add	crypto/engine/eng_list.c	41	77	    *ret = atomic_fetch_add_explicit(&refcnt->val, 1, memory_order_relaxed) + 1;	+	cjump	O1-ftrapv|O2-ftrapv|O3-ftrapv|Ofast-ftrapv|Os-ftrapv|Oz-ftrapv
EVP_Q_digest	crypto/evp/digest.c	64	77	    *ret = atomic_fetch_sub_explicit(&refcnt->val, 1, memory_order_release) - 1;	-	cjump	O1-ftrapv|O2-ftrapv|O3-ftrapv|Ofast-ftrapv
evp_md_free	crypto/evp/digest.c	64	77	    *ret = atomic_fetch_sub_explicit(&refcnt->val, 1, memory_order_release) - 1;	-	cjump	O1-ftrapv|O2-ftrapv|O3-ftrapv|Ofast-ftrapv
DH_free	crypto/dh/dh_lib.c	64	77	    *ret = atomic_fetch_sub_explicit(&refcnt->val, 1, memory_order_release) - 1;	-	cjump	O1-ftrapv|O2-ftrapv|O3-ftrapv|Ofast-ftrapv|Os-ftrapv|Oz-ftrapv
SSL_dup	ssl/ssl_lib.c	41	77	    *ret = atomic_fetch_add_explicit(&refcnt->val, 1, memory_order_relaxed) + 1;	+	cjump	O1-ftrapv|O2-ftrapv|O3-ftrapv|Ofast-ftrapv|Os-ftrapv|Oz-ftrapv
construct_loader	crypto/store/store_meth.c	64	77	    *ret = atomic_fetch_sub_explicit(&refcnt->val, 1, memory_order_release) - 1;	-	cjump	O1-ftrapv|O2-ftrapv|O3-ftrapv|Ofast-ftrapv
ossl_quic_get_peer_token	ssl/quic/quic_impl.c	64	77	    *ret = atomic_fetch_sub_explicit(&refcnt->val, 1, memory_order_release) - 1;	-	cjump	O1-ftrapv|O2-ftrapv|O3-ftrapv|Ofast-ftrapv
EVP_KDF_free	crypto/evp/kdf_meth.c	64	77	    *ret = atomic_fetch_sub_explicit(&refcnt->val, 1, memory_order_release) - 1;	-	cjump	O1-ftrapv|O2-ftrapv|O3-ftrapv|Ofast-ftrapv
ossl_ssl_connection_new_int	ssl/ssl_lib.c	64	77	    *ret = atomic_fetch_sub_explicit(&refcnt->val, 1, memory_order_release) - 1;	-	cjump	O1-ftrapv|O2-ftrapv|O3-ftrapv|Ofast-ftrapv
up_ref_decoder	crypto/encode_decode/decoder_meth.c	41	77	    *ret = atomic_fetch_add_explicit(&refcnt->val, 1, memory_order_relaxed) + 1;	+	cjump	O1-ftrapv|O2-ftrapv|O3-ftrapv|Ofast-ftrapv|Os-ftrapv|Oz-ftrapv
ossl_provider_doall_activated	crypto/provider_core.c	64	77	    *ret = atomic_fetch_sub_explicit(&refcnt->val, 1, memory_order_release) - 1;	-	cjump	O1-ftrapv|O2-ftrapv|O3-ftrapv|Ofast-ftrapv|Os-ftrapv|Oz-ftrapv
EVP_ASYM_CIPHER_up_ref	crypto/evp/asymcipher.c	41	77	    *ret = atomic_fetch_add_explicit(&refcnt->val, 1, memory_order_relaxed) + 1;	+	cjump	O1-ftrapv|O2-ftrapv|O3-ftrapv|Ofast-ftrapv|Os-ftrapv|Oz-ftrapv
OSSL_STORE_LOADER_up_ref	crypto/store/store_meth.c	41	77	    *ret = atomic_fetch_add_explicit(&refcnt->val, 1, memory_order_relaxed) + 1;	+	cjump	O1-ftrapv|O2-ftrapv|O3-ftrapv|Ofast-ftrapv|Os-ftrapv|Oz-ftrapv
EVP_PKEY_derive_init_ex	crypto/evp/exchange.c	64	77	    *ret = atomic_fetch_sub_explicit(&refcnt->val, 1, memory_order_release) - 1;	-	cjump	O1-ftrapv|O2-ftrapv|O3-ftrapv|Ofast-ftrapv
EC_KEY_free	crypto/ec/ec_key.c	64	77	    *ret = atomic_fetch_sub_explicit(&refcnt->val, 1, memory_order_release) - 1;	-	cjump	O1-ftrapv|O2-ftrapv|O3-ftrapv|Ofast-ftrapv|Os-ftrapv|Oz-ftrapv
OSSL_DECODER_up_ref	crypto/encode_decode/decoder_meth.c	41	77	    *ret = atomic_fetch_add_explicit(&refcnt->val, 1, memory_order_relaxed) + 1;	+	cjump	O1-ftrapv|O2-ftrapv|O3-ftrapv|Ofast-ftrapv|Os-ftrapv|Oz-ftrapv
EVP_CIPHER_free	crypto/evp/evp_enc.c	64	77	    *ret = atomic_fetch_sub_explicit(&refcnt->val, 1, memory_order_release) - 1;	-	cjump	O1-ftrapv|O2-ftrapv|O3-ftrapv|Ofast-ftrapv|Os-ftrapv|Oz-ftrapv
EVP_KEM_free	crypto/evp/kem.c	64	77	    *ret = atomic_fetch_sub_explicit(&refcnt->val, 1, memory_order_release) - 1;	-	cjump	O1-ftrapv|O2-ftrapv|O3-ftrapv|Ofast-ftrapv|Os-ftrapv|Oz-ftrapv
evp_asym_cipher_up_ref	crypto/evp/asymcipher.c	41	77	    *ret = atomic_fetch_add_explicit(&refcnt->val, 1, memory_order_relaxed) + 1;	+	cjump	O1-ftrapv|O2-ftrapv|O3-ftrapv|Ofast-ftrapv|Os-ftrapv|Oz-ftrapv
X509_up_ref	crypto/x509/x509_set.c	41	77	    *ret = atomic_fetch_add_explicit(&refcnt->val, 1, memory_order_relaxed) + 1;	+	cjump	O1-ftrapv|O2-ftrapv|O3-ftrapv|Ofast-ftrapv|Os-ftrapv|Oz-ftrapv
SSL_CTX_free	ssl/ssl_lib.c	64	77	    *ret = atomic_fetch_sub_explicit(&refcnt->val, 1, memory_order_release) - 1;	-	cjump	O1-ftrapv|O2-ftrapv|O3-ftrapv|Ofast-ftrapv|Os-ftrapv|Oz-ftrapv
RSA_free	crypto/rsa/rsa_lib.c	64	77	    *ret = atomic_fetch_sub_explicit(&refcnt->val, 1, memory_order_release) - 1;	-	cjump	O1-ftrapv|O2-ftrapv|O3-ftrapv|Ofast-ftrapv|Os-ftrapv|Oz-ftrapv
evp_signature_free	crypto/evp/signature.c	64	77	    *ret = atomic_fetch_sub_explicit(&refcnt->val, 1, memory_order_release) - 1;	-	cjump	O1-ftrapv|O2-ftrapv|O3-ftrapv|Ofast-ftrapv
ossl_ecx_key_free	crypto/ec/ecx_key.c	64	77	    *ret = atomic_fetch_sub_explicit(&refcnt->val, 1, memory_order_release) - 1;	-	cjump	O1-ftrapv|O2-ftrapv|O3-ftrapv|Ofast-ftrapv|Os-ftrapv|Oz-ftrapv
OSSL_STORE_LOADER_free	crypto/store/store_meth.c	64	77	    *ret = atomic_fetch_sub_explicit(&refcnt->val, 1, memory_order_release) - 1;	-	cjump	O1-ftrapv|O2-ftrapv|O3-ftrapv|Ofast-ftrapv|Os-ftrapv|Oz-ftrapv
evp_kdf_up_ref	crypto/evp/kdf_meth.c	41	77	    *ret = atomic_fetch_add_explicit(&refcnt->val, 1, memory_order_relaxed) + 1;	+	cjump	O1-ftrapv|O2-ftrapv|O3-ftrapv|Ofast-ftrapv|Os-ftrapv|Oz-ftrapv
ossl_mac_key_up_ref	providers/implementations/keymgmt/mac_legacy_kmgmt.c	41	77	    *ret = atomic_fetch_add_explicit(&refcnt->val, 1, memory_order_relaxed) + 1;	+	cjump	O1-ftrapv|O2-ftrapv|O3-ftrapv|Ofast-ftrapv|Os-ftrapv|Oz-ftrapv
ossl_core_bio_new_from_bio	crypto/bio/ossl_core_bio.c	64	77	    *ret = atomic_fetch_sub_explicit(&refcnt->val, 1, memory_order_release) - 1;	-	cjump	O1-ftrapv|O2-ftrapv|O3-ftrapv|Ofast-ftrapv
EVP_PKEY_free	crypto/evp/p_lib.c	64	77	    *ret = atomic_fetch_sub_explicit(&refcnt->val, 1, memory_order_release) - 1;	-	cjump	O1-ftrapv|O2-ftrapv|O3-ftrapv|Ofast-ftrapv|Os-ftrapv|Oz-ftrapv
SSL_free	ssl/ssl_lib.c	64	77	    *ret = atomic_fetch_sub_explicit(&refcnt->val, 1, memory_order_release) - 1;	-	cjump	O1-ftrapv|O2-ftrapv|O3-ftrapv|Ofast-ftrapv|Os-ftrapv|Oz-ftrapv
SSL_CTX_add_session	ssl/ssl_sess.c	41	77	    *ret = atomic_fetch_add_explicit(&refcnt->val, 1, memory_order_relaxed) + 1;	+	cjump	O1-ftrapv|O2-ftrapv|O3-ftrapv|Ofast-ftrapv|Os-ftrapv|Oz-ftrapv
EVP_MAC_free	crypto/evp/mac_meth.c	64	77	    *ret = atomic_fetch_sub_explicit(&refcnt->val, 1, memory_order_release) - 1;	-	cjump	O1-ftrapv|O2-ftrapv|O3-ftrapv|Ofast-ftrapv
X509_STORE_free	crypto/x509/x509_lu.c	64	77	    *ret = atomic_fetch_sub_explicit(&refcnt->val, 1, memory_order_release) - 1;	-	cjump	O1-ftrapv|O2-ftrapv|O3-ftrapv|Ofast-ftrapv|Os-ftrapv|Oz-ftrapv
openssl_ciphers	crypto/engine/eng_openssl.c	288	28	            cipher_nids[pos++] = EVP_CIPHER_get_nid(cipher);	+	cjump	O1-ftrapv|O2-ftrapv|O3-ftrapv|Ofast-ftrapv|Os-ftrapv|Oz-ftrapv
free_loader	crypto/store/store_meth.c	64	77	    *ret = atomic_fetch_sub_explicit(&refcnt->val, 1, memory_order_release) - 1;	-	cjump	O1-ftrapv|O2-ftrapv|O3-ftrapv|Ofast-ftrapv
ENGINE_pkey_asn1_find_str	crypto/engine/tb_asnmth.c	41	77	    *ret = atomic_fetch_add_explicit(&refcnt->val, 1, memory_order_relaxed) + 1;	+	cjump	O1-ftrapv|O2-ftrapv|O3-ftrapv|Ofast-ftrapv|Os-ftrapv|Oz-ftrapv
ossl_kdf_data_free	providers/implementations/keymgmt/kdf_legacy_kmgmt.c	64	77	    *ret = atomic_fetch_sub_explicit(&refcnt->val, 1, memory_order_release) - 1;	-	cjump	O1-ftrapv|O2-ftrapv|O3-ftrapv|Ofast-ftrapv|Os-ftrapv|Oz-ftrapv
ossl_quic_new_token_store	ssl/quic/quic_impl.c	64	77	    *ret = atomic_fetch_sub_explicit(&refcnt->val, 1, memory_order_release) - 1;	-	cjump	O1-ftrapv|O2-ftrapv|O3-ftrapv|Ofast-ftrapv
ENGINE_get_prev	crypto/engine/eng_list.c	41	77	    *ret = atomic_fetch_add_explicit(&refcnt->val, 1, memory_order_relaxed) + 1;	+	cjump	O1-ftrapv|O2-ftrapv|O3-ftrapv|Ofast-ftrapv|Os-ftrapv|Oz-ftrapv
SSL_set_SSL_CTX	ssl/ssl_lib.c	41	77	    *ret = atomic_fetch_add_explicit(&refcnt->val, 1, memory_order_relaxed) + 1;	+	cjump	O1-ftrapv|O2-ftrapv|O3-ftrapv|Ofast-ftrapv|Os-ftrapv|Oz-ftrapv
X509_CRL_up_ref	crypto/x509/x509cset.c	41	77	    *ret = atomic_fetch_add_explicit(&refcnt->val, 1, memory_order_relaxed) + 1;	+	cjump	O1-ftrapv|O2-ftrapv|O3-ftrapv|Ofast-ftrapv|Os-ftrapv|Oz-ftrapv
OSSL_ENCODER_up_ref	crypto/encode_decode/encoder_meth.c	41	77	    *ret = atomic_fetch_add_explicit(&refcnt->val, 1, memory_order_relaxed) + 1;	+	cjump	O1-ftrapv|O2-ftrapv|O3-ftrapv|Ofast-ftrapv|Os-ftrapv|Oz-ftrapv
SSL_get1_session	ssl/ssl_sess.c	41	77	    *ret = atomic_fetch_add_explicit(&refcnt->val, 1, memory_order_relaxed) + 1;	+	cjump	O1-ftrapv|O2-ftrapv|O3-ftrapv|Ofast-ftrapv|Os-ftrapv|Oz-ftrapv
EC_ec_pre_comp_dup	crypto/ec/ec_mult.c	41	77	    *ret = atomic_fetch_add_explicit(&refcnt->val, 1, memory_order_relaxed) + 1;	+	cjump	O1-ftrapv|O2-ftrapv|O3-ftrapv|Ofast-ftrapv|Os-ftrapv|Oz-ftrapv
EVP_KDF_up_ref	crypto/evp/kdf_meth.c	41	77	    *ret = atomic_fetch_add_explicit(&refcnt->val, 1, memory_order_relaxed) + 1;	+	cjump	O1-ftrapv|O2-ftrapv|O3-ftrapv|Ofast-ftrapv|Os-ftrapv|Oz-ftrapv
EVP_PKEY_up_ref	crypto/evp/p_lib.c	41	77	    *ret = atomic_fetch_add_explicit(&refcnt->val, 1, memory_order_relaxed) + 1;	+	cjump	O1-ftrapv|O2-ftrapv|O3-ftrapv|Ofast-ftrapv|Os-ftrapv|Oz-ftrapv
ossl_quic_attach_stream	ssl/quic/quic_impl.c	64	77	    *ret = atomic_fetch_sub_explicit(&refcnt->val, 1, memory_order_release) - 1;	-	cjump	O1-ftrapv|O2-ftrapv|O3-ftrapv|Ofast-ftrapv
up_ref_encoder	crypto/encode_decode/encoder_meth.c	41	77	    *ret = atomic_fetch_add_explicit(&refcnt->val, 1, memory_order_relaxed) + 1;	+	cjump	O1-ftrapv|O2-ftrapv|O3-ftrapv|Ofast-ftrapv|Os-ftrapv|Oz-ftrapv
ossl_encoder_up_ref	crypto/encode_decode/encoder_meth.c	41	77	    *ret = atomic_fetch_add_explicit(&refcnt->val, 1, memory_order_relaxed) + 1;	+	cjump	O1-ftrapv|O2-ftrapv|O3-ftrapv|Ofast-ftrapv|Os-ftrapv|Oz-ftrapv
openssl_digests	crypto/engine/eng_openssl.c	386	28	            digest_nids[pos++] = EVP_MD_get_type(md);	+	cjump	O1-ftrapv|O2-ftrapv|O3-ftrapv|Ofast-ftrapv|Os-ftrapv|Oz-ftrapv
evp_mac_up_ref	crypto/evp/mac_meth.c	41	77	    *ret = atomic_fetch_add_explicit(&refcnt->val, 1, memory_order_relaxed) + 1;	+	cjump	O1-ftrapv|O2-ftrapv|O3-ftrapv|Ofast-ftrapv|Os-ftrapv|Oz-ftrapv
ossl_ssl_connection_new_int	ssl/ssl_lib.c	41	77	    *ret = atomic_fetch_add_explicit(&refcnt->val, 1, memory_order_relaxed) + 1;	+	cjump	O1-ftrapv|O2-ftrapv|O3-ftrapv|Ofast-ftrapv|Os-ftrapv|Oz-ftrapv
SSL_SESSION_free	ssl/ssl_sess.c	64	77	    *ret = atomic_fetch_sub_explicit(&refcnt->val, 1, memory_order_release) - 1;	-	cjump	O1-ftrapv|O2-ftrapv|O3-ftrapv|Ofast-ftrapv|Os-ftrapv|Oz-ftrapv
EVP_RAND_CTX_free	crypto/evp/evp_rand.c	64	77	    *ret = atomic_fetch_sub_explicit(&refcnt->val, 1, memory_order_release) - 1;	-	cjump	O1-ftrapv|O2-ftrapv|O3-ftrapv|Ofast-ftrapv|Os-ftrapv|Oz-ftrapv
qc_try_create_default_xso_for_write	ssl/quic/quic_impl.c	64	77	    *ret = atomic_fetch_sub_explicit(&refcnt->val, 1, memory_order_release) - 1;	-	cjump	O1-ftrapv|O2-ftrapv|O3-ftrapv|Ofast-ftrapv
ERR_new	crypto/err/err_blocks.c	16	24	    es->top = (es->top + 1) % ERR_NUM_ERRORS;	+	cjump	O1-ftrapv|O2-ftrapv|O3-ftrapv|Ofast-ftrapv|Os-ftrapv|Oz-ftrapv
openssl_ciphers	crypto/engine/eng_openssl.c	290	28	            cipher_nids[pos++] = EVP_CIPHER_get_nid(cipher);	+	cjump	O1-ftrapv|O2-ftrapv|O3-ftrapv|Ofast-ftrapv|Os-ftrapv|Oz-ftrapv
evp_keymgmt_free	crypto/evp/keymgmt_meth.c	64	77	    *ret = atomic_fetch_sub_explicit(&refcnt->val, 1, memory_order_release) - 1;	-	cjump	O1-ftrapv|O2-ftrapv|O3-ftrapv|Ofast-ftrapv
EVP_KEYMGMT_up_ref	crypto/evp/keymgmt_meth.c	41	77	    *ret = atomic_fetch_add_explicit(&refcnt->val, 1, memory_order_relaxed) + 1;	+	cjump	O1-ftrapv|O2-ftrapv|O3-ftrapv|Ofast-ftrapv|Os-ftrapv|Oz-ftrapv
core_provider_up_ref_intern	crypto/provider_core.c	41	77	    *ret = atomic_fetch_add_explicit(&refcnt->val, 1, memory_order_relaxed) + 1;	+	cjump	O1-ftrapv|O2-ftrapv|O3-ftrapv|Ofast-ftrapv
EVP_CIPHER_CTX_reset	crypto/evp/evp_enc.c	64	77	    *ret = atomic_fetch_sub_explicit(&refcnt->val, 1, memory_order_release) - 1;	-	cjump	O1-ftrapv|O2-ftrapv|O3-ftrapv|Ofast-ftrapv
EVP_MAC_up_ref	crypto/evp/mac_meth.c	41	77	    *ret = atomic_fetch_add_explicit(&refcnt->val, 1, memory_order_relaxed) + 1;	+	cjump	O1-ftrapv|O2-ftrapv|O3-ftrapv|Ofast-ftrapv|Os-ftrapv|Oz-ftrapv
BIO_up_ref	crypto/bio/bio_lib.c	41	77	    *ret = atomic_fetch_add_explicit(&refcnt->val, 1, memory_order_relaxed) + 1;	+	cjump	O1-ftrapv|O2-ftrapv|O3-ftrapv|Ofast-ftrapv|Os-ftrapv|Oz-ftrapv
SSL_copy_session_id	ssl/ssl_lib.c	41	77	    *ret = atomic_fetch_add_explicit(&refcnt->val, 1, memory_order_relaxed) + 1;	+	cjump	O1-ftrapv|O2-ftrapv|O3-ftrapv|Ofast-ftrapv|Os-ftrapv|Oz-ftrapv
evp_rand_free	crypto/evp/evp_rand.c	64	77	    *ret = atomic_fetch_sub_explicit(&refcnt->val, 1, memory_order_release) - 1;	-	cjump	O1-ftrapv|O2-ftrapv|O3-ftrapv|Ofast-ftrapv|Os-ftrapv|Oz-ftrapv
OSSL_ERR_STATE_restore	crypto/err/err_save.c	16	24	    es->top = (es->top + 1) % ERR_NUM_ERRORS;	+	cjump	O1-ftrapv|O2-ftrapv|O3-ftrapv|Ofast-ftrapv|Os-ftrapv|Oz-ftrapv
ossl_quic_set_peer_token	ssl/quic/quic_impl.c	64	77	    *ret = atomic_fetch_sub_explicit(&refcnt->val, 1, memory_order_release) - 1;	-	cjump	O1-ftrapv|O2-ftrapv|O3-ftrapv|Ofast-ftrapv
ossl_provider_find	crypto/provider_core.c	41	77	    *ret = atomic_fetch_add_explicit(&refcnt->val, 1, memory_order_relaxed) + 1;	+	cjump	O1-ftrapv|O2-ftrapv|O3-ftrapv|Ofast-ftrapv
evp_kem_init	crypto/evp/kem.c	64	77	    *ret = atomic_fetch_sub_explicit(&refcnt->val, 1, memory_order_release) - 1;	-	cjump	O1-ftrapv|O2-ftrapv|O3-ftrapv|Ofast-ftrapv
EVP_MD_up_ref	crypto/evp/digest.c	41	77	    *ret = atomic_fetch_add_explicit(&refcnt->val, 1, memory_order_relaxed) + 1;	+	cjump	O1-ftrapv|O2-ftrapv|O3-ftrapv|Ofast-ftrapv|Os-ftrapv|Oz-ftrapv
DSO_up_ref	crypto/dso/dso_lib.c	41	77	    *ret = atomic_fetch_add_explicit(&refcnt->val, 1, memory_order_relaxed) + 1;	+	cjump	O1-ftrapv|O2-ftrapv|O3-ftrapv|Ofast-ftrapv|Os-ftrapv|Oz-ftrapv
ENGINE_get_first	crypto/engine/eng_list.c	41	77	    *ret = atomic_fetch_add_explicit(&refcnt->val, 1, memory_order_relaxed) + 1;	+	cjump	O1-ftrapv|O2-ftrapv|O3-ftrapv|Ofast-ftrapv|Os-ftrapv|Oz-ftrapv
evp_md_ctx_clear_digest	crypto/evp/digest.c	64	77	    *ret = atomic_fetch_sub_explicit(&refcnt->val, 1, memory_order_release) - 1;	-	cjump	O1-ftrapv|O2-ftrapv|O3-ftrapv|Ofast-ftrapv
SSL_SESSION_up_ref	ssl/ssl_sess.c	41	77	    *ret = atomic_fetch_add_explicit(&refcnt->val, 1, memory_order_relaxed) + 1;	+	cjump	O1-ftrapv|O2-ftrapv|O3-ftrapv|Ofast-ftrapv|Os-ftrapv|Oz-ftrapv
mac_gen	providers/implementations/keymgmt/mac_legacy_kmgmt.c	64	77	    *ret = atomic_fetch_sub_explicit(&refcnt->val, 1, memory_order_release) - 1;	-	cjump	O1-ftrapv|O2-ftrapv|O3-ftrapv|Ofast-ftrapv
evp_mac_free	crypto/evp/mac_meth.c	64	77	    *ret = atomic_fetch_sub_explicit(&refcnt->val, 1, memory_order_release) - 1;	-	cjump	O1-ftrapv|O2-ftrapv|O3-ftrapv|Ofast-ftrapv|Os-ftrapv|Oz-ftrapv
skeymgmt_from_algorithm	crypto/evp/skeymgmt_meth.c	64	77	    *ret = atomic_fetch_sub_explicit(&refcnt->val, 1, memory_order_release) - 1;	-	cjump	O1-ftrapv|O2-ftrapv|O3-ftrapv|Ofast-ftrapv
evp_keymgmt_up_ref	crypto/evp/keymgmt_meth.c	41	77	    *ret = atomic_fetch_add_explicit(&refcnt->val, 1, memory_order_relaxed) + 1;	+	cjump	O1-ftrapv|O2-ftrapv|O3-ftrapv|Ofast-ftrapv|Os-ftrapv|Oz-ftrapv
sh_actual_size	crypto/mem_sec.c	365	45	    bit = (ONE << list) + ((ptr - sh.arena) / (sh.arena_size >> list));	/	mdiv	O1--inline-call-penalty=0|O2--inline-call-penalty=0
sh_free	crypto/mem_sec.c	365	45	    bit = (ONE << list) + ((ptr - sh.arena) / (sh.arena_size >> list));	/	mdiv	O1--inline-call-penalty=0|O1--inline-instr-cost=0|O2--inline-call-penalty=0|O2--inline-instr-cost=0
CRYPTO_secure_malloc	crypto/mem_sec.c	365	45	    bit = (ONE << list) + ((ptr - sh.arena) / (sh.arena_size >> list));	/	mdiv	O1--inline-call-penalty=0|O1--inline-instr-cost=0|O2--inline-call-penalty=0|O2--inline-instr-cost=0
ssl3_write_bytes	ssl/record/rec_layer_s3.c	433	15	        if (n / maxpipes >= split_send_fragment) {	/	mdiv	O1--mips-mixed-16-32|O2--mips-mixed-16-32|O3--mips-mixed-16-32|Ofast--mips-mixed-16-32|Os--mips-mixed-16-32|Oz--mips-mixed-16-32
ossl_punycode_decode	crypto/punycode.c	179	15	        if (i / (written_out + 1) > maxint - n)	/	mdiv	O1--mips-mixed-16-32|O2--mips-mixed-16-32|O3--mips-mixed-16-32|Ofast--mips-mixed-16-32|Os--mips-mixed-16-32|Oz--mips-mixed-16-32
HKDF_Expand	providers/implementations/kdfs/hkdf.c	631	17	    n = okm_len / dig_len;	/	mdiv	O1--mips-mixed-16-32|O2--mips-mixed-16-32|O3--mips-mixed-16-32|Ofast--mips-mixed-16-32|Os--mips-mixed-16-32|Oz--mips-mixed-16-32
OPENSSL_LH_node_usage_stats_bio	crypto/lhash/lh_stats.c	125	28	               (int)(total / n_used), (int)((total % n_used) * 100 / n_used));	/	mdiv	O1--mips-mixed-16-32|O2--mips-mixed-16-32|O3--mips-mixed-16-32|Ofast--mips-mixed-16-32|Os--mips-mixed-16-32|Oz--mips-mixed-16-32
RSA_padding_check_PKCS1_type_2	crypto/rsa/rsa_pk1.c	341	38	    return (value_barrier(mask) & a) | (value_barrier(~mask) & b);	|	mmem	O1--attributor-enable=all|O1--attributor-enable=module|O2--attributor-enable=all|O2--attributor-enable=module|O3--attributor-enable=all|O3--attributor-enable=module|Ofast--attributor-enable=all|Ofast--attributor-enable=module|Os--attributor-enable=all|Os--attributor-enable=module|Oz--attributor-enable=all|Oz--attributor-enable=module
send_receive_check	crypto/cmp/cmp_client.c	186	12	    *rep = (*transfer_cb)(ctx, req);	(	cjump	O1--attributor-enable=all|O1--attributor-enable=cgscc|O1--attributor-enable=module|O2--attributor-enable=all|O2--attributor-enable=cgscc|O2--attributor-enable=module|O3--attributor-enable=all|O3--attributor-enable=cgscc|O3--attributor-enable=module|Ofast--attributor-enable=all|Ofast--attributor-enable=cgscc|Ofast--attributor-enable=module|Os--attributor-enable=all|Os--attributor-enable=cgscc|Os--attributor-enable=module|Oz--attributor-enable=all|Oz--attributor-enable=cgscc|Oz--attributor-enable=module
sa_doall	crypto/sparse_array.c	93	21	                    (*leaf)(idx, p[n], arg);	(	cjump	O1--attributor-enable=all|O1--attributor-enable=module|O2--attributor-enable=all|O2--attributor-enable=module|Os--attributor-enable=all|Os--attributor-enable=module|Oz--attributor-enable=all|Oz--attributor-enable=module
app_tminterval	apps/lib/apps.c	2909	31	        ret = (now - tmstart) / (double)tck;	/	mdiv	O1--regalloc=fast|O2--regalloc=fast|O3--regalloc=fast|Ofast--regalloc=fast|Os--regalloc=fast|Oz--regalloc=fast
_ZL13internal_findP8stack_stPKviPi.__uniq.26509064418832375349948923391114101083	crypto/stack/stack.c	365	19	            *pnum = 0;	=	cjump	O1-fpseudo-probe-for-profiling|O2-fpseudo-probe-for-profiling|Os-fpseudo-probe-for-profiling|Oz-fpseudo-probe-for-profiling
NAME_CONSTRAINTS_check	crypto/x509/v3_ncons.c	296	65	        || (name_count > 0 && constraint_count > NAME_CHECK_MAX / name_count))	/	mdiv	O1-fprofile-arcs|O1-fprofile-instr-generate|O2-fprofile-arcs|O2-fprofile-instr-generate|O3-fprofile-arcs|O3-fprofile-instr-generate|Ofast-fprofile-arcs|Ofast-fprofile-instr-generate|Os-fprofile-arcs|Os-fprofile-instr-generate|Oz-fprofile-arcs|Oz-fprofile-instr-generate
ENGINE_ctrl	crypto/engine/eng_ctrl.c	118	33	        return strlen(strcpy(s, cdp->cmd_desc == NULL ? int_no_description	c	cjump	O1-fprofile-arcs|O1-fprofile-instr-generate|O2-fprofile-arcs|O2-fprofile-instr-generate|O3-fprofile-arcs|O3-fprofile-instr-generate|Ofast-fprofile-arcs|Ofast-fprofile-instr-generate|Os-fprofile-arcs|Os-fprofile-instr-generate|Oz-fprofile-arcs|Oz-fprofile-instr-generate
ENGINE_ctrl	crypto/engine/eng_ctrl.c	115	23	        return strlen(cdp->cmd_desc == NULL ? int_no_description	c	cjump	O1-fprofile-arcs|O1-fprofile-instr-generate|O2-fprofile-arcs|O2-fprofile-instr-generate|O3-fprofile-arcs|O3-fprofile-instr-generate|Ofast-fprofile-arcs|Ofast-fprofile-instr-generate|Os-fprofile-arcs|Os-fprofile-instr-generate|Oz-fprofile-arcs|Oz-fprofile-instr-generate
setup_cert	apps/cmp.c	1040	10	    ok = (*set1_fn)(ctx, cert);	(	cjump	O1--attributor-enable=all|O1--attributor-enable=cgscc|O2--attributor-enable=all|O2--attributor-enable=cgscc|O3--attributor-enable=all|O3--attributor-enable=cgscc|Ofast--attributor-enable=all|Ofast--attributor-enable=cgscc|Os--attributor-enable=all|Os--attributor-enable=cgscc|Oz--attributor-enable=all|Oz--attributor-enable=cgscc
setup_certs	apps/cmp.c	1056	10	    ok = (*set1_fn)(ctx, certs);	(	cjump	O1--attributor-enable=all|O1--attributor-enable=cgscc|O2--attributor-enable=all|O2--attributor-enable=cgscc|O3--attributor-enable=all|O3--attributor-enable=cgscc|Ofast--attributor-enable=all|Ofast--attributor-enable=cgscc|Os--attributor-enable=all|Os--attributor-enable=cgscc|Oz--attributor-enable=all|Oz--attributor-enable=cgscc
RSA_generate_multi_prime_key	crypto/rsa/rsa_gen.c	322	16	    rmd = bits % primes;	%	mdiv	O1--sroa-skip-mem2reg|O2--sroa-skip-mem2reg|O3--sroa-skip-mem2reg|Ofast--sroa-skip-mem2reg|Os--sroa-skip-mem2reg|Oz--sroa-skip-mem2reg
internal_find	crypto/stack/stack.c	365	19	            *pnum = 0;	=	cjump	O1--sroa-skip-mem2reg|O2--jump-threading-across-loop-headers|O2--sroa-skip-mem2reg|O3--jump-threading-across-loop-headers|Ofast--jump-threading-across-loop-headers|Os--jump-threading-across-loop-headers|Os--sroa-skip-mem2reg|Oz--jump-threading-across-loop-headers
MOD_EXP_CTIME_COPY_FROM_PREBUF	crypto/bn/bn_exp.c	579	50	                acc |= ( (table[j + 0 * xstride] & y0) |	&	cjump	O1--enable-nontrivial-unswitch|O2--enable-nontrivial-unswitch
ossl_curve448_scalar_halve	crypto/ec/curve448/scalar.c	233	55	        chain = (chain + a->limb[i]) + (sc_p->limb[i] & mask);	&	cjump	O1--enable-nontrivial-unswitch|O2--enable-nontrivial-unswitch
MOD_EXP_CTIME_COPY_FROM_PREBUF	crypto/bn/bn_exp.c	582	50	                         (table[j + 3 * xstride] & y3) )	&	cjump	O1--enable-nontrivial-unswitch|O2--enable-nontrivial-unswitch
MOD_EXP_CTIME_COPY_FROM_PREBUF	crypto/bn/bn_exp.c	581	50	                         (table[j + 2 * xstride] & y2) |	&	cjump	O1--enable-nontrivial-unswitch|O2--enable-nontrivial-unswitch
MOD_EXP_CTIME_COPY_FROM_PREBUF	crypto/bn/bn_exp.c	580	50	                         (table[j + 1 * xstride] & y1) |	&	cjump	O1--enable-nontrivial-unswitch|O2--enable-nontrivial-unswitch
ossl_synchronize_rcu	crypto/threads_pthread.c	400	39	        (lock->current_alloc_idx + 1) % lock->group_count;	%	cjump	O1--expand-div-rem-bits=0|O2--expand-div-rem-bits=0|O3--expand-div-rem-bits=0|Ofast--expand-div-rem-bits=0|Os--expand-div-rem-bits=0|Oz--expand-div-rem-bits=0
ossl_quic_rstream_get_record	ssl/quic/quic_rstream.c	155	26	    idx = logical_offset % r->alloc;	%	cjump	O1--expand-div-rem-bits=0|O1--expand-div-rem-bits=50|O2--expand-div-rem-bits=0|O2--expand-div-rem-bits=50|O3--expand-div-rem-bits=0|O3--expand-div-rem-bits=50|Ofast--expand-div-rem-bits=0|Ofast--expand-div-rem-bits=50|Os--expand-div-rem-bits=0|Os--expand-div-rem-bits=50
ossl_asn1_time_to_tm	crypto/asn1/a_time.c	73	53	    tm->tm_wday = (d + (13 * m) / 5 + y + y / 4 + c / 4 + 5 * c + 6) % 7;	/	cjump	O1--expand-div-rem-bits=0|O2--expand-div-rem-bits=0|O3--expand-div-rem-bits=0|Ofast--expand-div-rem-bits=0|Os--expand-div-rem-bits=0|Oz--expand-div-rem-bits=0
CRYPTO_secure_malloc	crypto/mem_sec.c	623	44	    bit = (ONE << list) + (ptr - sh.arena) / (sh.arena_size >> list);	/	cjump	O1--expand-div-rem-bits=0|O1--expand-div-rem-bits=50|O2--expand-div-rem-bits=0|O2--expand-div-rem-bits=50|O3--expand-div-rem-bits=0|O3--expand-div-rem-bits=50|Ofast--expand-div-rem-bits=0|Ofast--expand-div-rem-bits=50
SSL_SESSION_get_time_ex	ssl/ssl_sess.c	132	25	    return (time_t)(t.t / OSSL_TIME_SECOND);	/	cjump	O1--expand-div-rem-bits=0|O1--expand-div-rem-bits=50|O2--expand-div-rem-bits=0|O2--expand-div-rem-bits=50|O3--expand-div-rem-bits=0|O3--expand-div-rem-bits=50|Ofast--expand-div-rem-bits=0|Ofast--expand-div-rem-bits=50|Os--expand-div-rem-bits=0|Os--expand-div-rem-bits=50|Oz--expand-div-rem-bits=0|Oz--expand-div-rem-bits=50
dtls1_ctrl	ssl/d1_lib.c	110	43	    tv.tv_usec = (t.t % OSSL_TIME_SECOND) / OSSL_TIME_US;	/	cjump	O1--expand-div-rem-bits=0|O1--expand-div-rem-bits=50|O2--expand-div-rem-bits=0|O3--expand-div-rem-bits=0|Ofast--expand-div-rem-bits=0|Os--expand-div-rem-bits=0|Oz--expand-div-rem-bits=0
ossl_quic_get_event_timeout	ssl/quic/quic_impl.c	110	23	    tv.tv_usec = (t.t % OSSL_TIME_SECOND) / OSSL_TIME_US;	%	cjump	O1--expand-div-rem-bits=0|O1--expand-div-rem-bits=50|O2--expand-div-rem-bits=0|O2--expand-div-rem-bits=50|O3--expand-div-rem-bits=0|O3--expand-div-rem-bits=50|Ofast--expand-div-rem-bits=0|Ofast--expand-div-rem-bits=50|Os--expand-div-rem-bits=0|Os--expand-div-rem-bits=50|Oz--expand-div-rem-bits=0|Oz--expand-div-rem-bits=50
SSL_SESSION_get_timeout	ssl/ssl_sess.c	132	25	    return (time_t)(t.t / OSSL_TIME_SECOND);	/	cjump	O1--expand-div-rem-bits=0|O1--expand-div-rem-bits=50|O2--expand-div-rem-bits=0|O2--expand-div-rem-bits=50|O3--expand-div-rem-bits=0|O3--expand-div-rem-bits=50|Ofast--expand-div-rem-bits=0|Ofast--expand-div-rem-bits=50|Os--expand-div-rem-bits=0|Os--expand-div-rem-bits=50|Oz--expand-div-rem-bits=0|Oz--expand-div-rem-bits=50
kmac_init	providers/implementations/macs/kmac_prov.c	612	37	        *out_len = (sz + w - 1) / w * w;	*	cjump	O1--expand-div-rem-bits=0|O1--expand-div-rem-bits=50|O2--expand-div-rem-bits=0|O2--expand-div-rem-bits=50|O3--expand-div-rem-bits=0|O3--expand-div-rem-bits=50|Ofast--expand-div-rem-bits=0|Ofast--expand-div-rem-bits=50|Os--expand-div-rem-bits=0|Os--expand-div-rem-bits=50|Oz--expand-div-rem-bits=0|Oz--expand-div-rem-bits=50
SSL_SESSION_print	ssl/ssl_txt.c	132	25	    return (time_t)(t.t / OSSL_TIME_SECOND);	/	cjump	O1--expand-div-rem-bits=0|O1--expand-div-rem-bits=50|O2--expand-div-rem-bits=0|O2--expand-div-rem-bits=50|O3--expand-div-rem-bits=0|O3--expand-div-rem-bits=50|Ofast--expand-div-rem-bits=0|Ofast--expand-div-rem-bits=50|Os--expand-div-rem-bits=0|Os--expand-div-rem-bits=50|Oz--expand-div-rem-bits=0|Oz--expand-div-rem-bits=50
ossl_quic_sstream_mark_acked	ssl/quic/quic_sstream.c	209	38	        size_t idx = r->ctail_offset % r->alloc;	%	cjump	O1--expand-div-rem-bits=0|O1--expand-div-rem-bits=50|O2--expand-div-rem-bits=0|O2--expand-div-rem-bits=50|O3--expand-div-rem-bits=0|O3--expand-div-rem-bits=50|Ofast--expand-div-rem-bits=0|Ofast--expand-div-rem-bits=50|Os--expand-div-rem-bits=0|Os--expand-div-rem-bits=50|Oz--expand-div-rem-bits=0|Oz--expand-div-rem-bits=50
OSSL_HTTP_proxy_connect	crypto/http/http_client.c	1406	17	    outl = (len / 3);	/	cjump	O1--expand-div-rem-bits=0|O1--expand-div-rem-bits=50|O2--expand-div-rem-bits=0|O2--expand-div-rem-bits=50|O3--expand-div-rem-bits=0|O3--expand-div-rem-bits=50|Ofast--expand-div-rem-bits=0|Ofast--expand-div-rem-bits=50|Os--expand-div-rem-bits=0|Os--expand-div-rem-bits=50|Oz--expand-div-rem-bits=0|Oz--expand-div-rem-bits=50
def_time_cb	crypto/ts/ts_rsp_sign.c	108	30	    tv.tv_sec = (time_t)(t.t / OSSL_TIME_SECOND);	/	cjump	O1--expand-div-rem-bits=0|O1--expand-div-rem-bits=50|O2--expand-div-rem-bits=0|O2--expand-div-rem-bits=50|O3--expand-div-rem-bits=0|O3--expand-div-rem-bits=50|Ofast--expand-div-rem-bits=0|Ofast--expand-div-rem-bits=50|Os--expand-div-rem-bits=0|Os--expand-div-rem-bits=50|Oz--expand-div-rem-bits=0|Oz--expand-div-rem-bits=50
SSL_SESSION_get_time	ssl/ssl_sess.c	132	25	    return (time_t)(t.t / OSSL_TIME_SECOND);	/	cjump	O1--expand-div-rem-bits=0|O1--expand-div-rem-bits=50|O2--expand-div-rem-bits=0|O2--expand-div-rem-bits=50|O3--expand-div-rem-bits=0|O3--expand-div-rem-bits=50|Ofast--expand-div-rem-bits=0|Ofast--expand-div-rem-bits=50|Os--expand-div-rem-bits=0|Os--expand-div-rem-bits=50|Oz--expand-div-rem-bits=0|Oz--expand-div-rem-bits=50
kmac_setkey	providers/implementations/macs/kmac_prov.c	612	37	        *out_len = (sz + w - 1) / w * w;	*	cjump	O1--expand-div-rem-bits=0|O1--expand-div-rem-bits=50|O2--expand-div-rem-bits=0|O2--expand-div-rem-bits=50|O3--expand-div-rem-bits=0|O3--expand-div-rem-bits=50|Ofast--expand-div-rem-bits=0|Ofast--expand-div-rem-bits=50
ossl_asn1_time_to_tm	crypto/asn1/a_time.c	70	11	    c = y / 100;	/	cjump	O1--expand-div-rem-bits=0|O2--expand-div-rem-bits=0|O3--expand-div-rem-bits=0|Ofast--expand-div-rem-bits=0|Os--expand-div-rem-bits=0|Oz--expand-div-rem-bits=0
SCT_print	crypto/ct/ct_prn.c	38	41	                             (timestamp % 86400000) / 1000);	%	cjump	O1--expand-div-rem-bits=0|O1--expand-div-rem-bits=50|O2--expand-div-rem-bits=0|O2--expand-div-rem-bits=50|O3--expand-div-rem-bits=0|O3--expand-div-rem-bits=50|Ofast--expand-div-rem-bits=0|Ofast--expand-div-rem-bits=50|Os--expand-div-rem-bits=0|Os--expand-div-rem-bits=50|Oz--expand-div-rem-bits=0|Oz--expand-div-rem-bits=50
dgram_read	crypto/bio/bss_dgram.c	110	23	    tv.tv_usec = (t.t % OSSL_TIME_SECOND) / OSSL_TIME_US;	%	cjump	O1--expand-div-rem-bits=0|O1--expand-div-rem-bits=50|O2--expand-div-rem-bits=0|O2--expand-div-rem-bits=50|O3--expand-div-rem-bits=0|O3--expand-div-rem-bits=50|Ofast--expand-div-rem-bits=0|Ofast--expand-div-rem-bits=50|Os--expand-div-rem-bits=0|Os--expand-div-rem-bits=50|Oz--expand-div-rem-bits=0|Oz--expand-div-rem-bits=50
krb5kdf_derive	providers/implementations/kdfs/krb5kdf.c	330	33	               | constant[rbyte % constant_len] >> rshift)	%	cjump	O1--expand-div-rem-bits=0|O1--expand-div-rem-bits=50|Oz--expand-div-rem-bits=0|Oz--expand-div-rem-bits=50
OPENSSL_gmtime_adj	crypto/o_time.c	197	11	    L = j / 11;	/	cjump	O1--expand-div-rem-bits=0|O1--expand-div-rem-bits=50|O2--expand-div-rem-bits=0|O2--expand-div-rem-bits=50|O3--expand-div-rem-bits=0|O3--expand-div-rem-bits=50|Ofast--expand-div-rem-bits=0|Ofast--expand-div-rem-bits=50|Os--expand-div-rem-bits=0|Os--expand-div-rem-bits=50|Oz--expand-div-rem-bits=0|Oz--expand-div-rem-bits=50
SCT_print	crypto/ct/ct_prn.c	37	46	                             (int)(timestamp / 86400000),	/	cjump	O1--expand-div-rem-bits=0|O1--expand-div-rem-bits=50|O2--expand-div-rem-bits=0|O2--expand-div-rem-bits=50|O3--expand-div-rem-bits=0|O3--expand-div-rem-bits=50|Ofast--expand-div-rem-bits=0|Ofast--expand-div-rem-bits=50|Os--expand-div-rem-bits=0|Os--expand-div-rem-bits=50|Oz--expand-div-rem-bits=0|Oz--expand-div-rem-bits=50
ossl_punycode_decode	crypto/punycode.c	57	45	    return k + (((base - tmin + 1) * delta) / (delta + skew));	/	cjump	O1--expand-div-rem-bits=0|O2--expand-div-rem-bits=0|O3--expand-div-rem-bits=0|Ofast--expand-div-rem-bits=0|Os--expand-div-rem-bits=0|Oz--expand-div-rem-bits=0
CRYPTO_secure_malloc_init	crypto/mem_sec.c	473	39	    sh.bittable_size = (sh.arena_size / sh.minsize) * 2;	/	cjump	O1--expand-div-rem-bits=0|O1--expand-div-rem-bits=50|O2--expand-div-rem-bits=0|O2--expand-div-rem-bits=50|O3--expand-div-rem-bits=0|O3--expand-div-rem-bits=50|Ofast--expand-div-rem-bits=0|Ofast--expand-div-rem-bits=50|Os--expand-div-rem-bits=0|Os--expand-div-rem-bits=50|Oz--expand-div-rem-bits=0|Oz--expand-div-rem-bits=50
OPENSSL_LH_delete	crypto/lhash/lhash.c	333	15	    nn = hash % lh->pmax;	%	cjump	O1--expand-div-rem-bits=0|O1--expand-div-rem-bits=50|O2--expand-div-rem-bits=0|O2--expand-div-rem-bits=50|O3--expand-div-rem-bits=0|O3--expand-div-rem-bits=50|Ofast--expand-div-rem-bits=0|Ofast--expand-div-rem-bits=50
ossl_json_i64	ssl/quic/json_enc.c	552	28	            *--p = '0' + v % 10;	%	cjump	O1--expand-div-rem-bits=0|O1--expand-div-rem-bits=50
ossl_quic_get_event_timeout	ssl/quic/quic_impl.c	108	30	    tv.tv_sec = (time_t)(t.t / OSSL_TIME_SECOND);	/	cjump	O1--expand-div-rem-bits=0|O1--expand-div-rem-bits=50|O2--expand-div-rem-bits=0|O2--expand-div-rem-bits=50|O3--expand-div-rem-bits=0|O3--expand-div-rem-bits=50|Ofast--expand-div-rem-bits=0|Ofast--expand-div-rem-bits=50|Os--expand-div-rem-bits=0|Os--expand-div-rem-bits=50|Oz--expand-div-rem-bits=0|Oz--expand-div-rem-bits=50
OPENSSL_gmtime_adj	crypto/o_time.c	189	22	    long n = (4 * L) / 146097;	/	cjump	O1--expand-div-rem-bits=0|O1--expand-div-rem-bits=50|O2--expand-div-rem-bits=0|O2--expand-div-rem-bits=50|O3--expand-div-rem-bits=0|O3--expand-div-rem-bits=50|Ofast--expand-div-rem-bits=0|Ofast--expand-div-rem-bits=50|Os--expand-div-rem-bits=0|Os--expand-div-rem-bits=50|Oz--expand-div-rem-bits=0|Oz--expand-div-rem-bits=50
kdf_pkcs12_derive	providers/implementations/kdfs/pkcs12kdf.c	79	18	        Plen = v * ((passlen + v - 1) / v);	*	cjump	O1--expand-div-rem-bits=0|O1--expand-div-rem-bits=50|O2--expand-div-rem-bits=0|O2--expand-div-rem-bits=50|O3--expand-div-rem-bits=0|O3--expand-div-rem-bits=50|Ofast--expand-div-rem-bits=0|Ofast--expand-div-rem-bits=50|Os--expand-div-rem-bits=0|Os--expand-div-rem-bits=50|Oz--expand-div-rem-bits=0|Oz--expand-div-rem-bits=50
def_time_cb	crypto/ts/ts_rsp_sign.c	110	23	    tv.tv_usec = (t.t % OSSL_TIME_SECOND) / OSSL_TIME_US;	%	cjump	O1--expand-div-rem-bits=0|O1--expand-div-rem-bits=50|O2--expand-div-rem-bits=0|O2--expand-div-rem-bits=50|O3--expand-div-rem-bits=0|O3--expand-div-rem-bits=50|Ofast--expand-div-rem-bits=0|Ofast--expand-div-rem-bits=50|Os--expand-div-rem-bits=0|Os--expand-div-rem-bits=50|Oz--expand-div-rem-bits=0|Oz--expand-div-rem-bits=50
OPENSSL_gmtime_adj	crypto/o_time.c	182	48	        (367 * (m - 2 - 12 * ((m - 14) / 12))) / 12 -	/	cjump	O1--expand-div-rem-bits=0|O2--expand-div-rem-bits=0|O3--expand-div-rem-bits=0|Ofast--expand-div-rem-bits=0
kmac_setkey	providers/implementations/macs/kmac_prov.c	632	28	    sz = (len + w - 1) / w * w;	*	cjump	O1--expand-div-rem-bits=0|O1--expand-div-rem-bits=50|O2--expand-div-rem-bits=0|O2--expand-div-rem-bits=50|O3--expand-div-rem-bits=0|O3--expand-div-rem-bits=50|Ofast--expand-div-rem-bits=0|Ofast--expand-div-rem-bits=50
OPENSSL_gmtime_diff	crypto/o_time.c	181	41	    return (1461 * (y + 4800 + (m - 14) / 12)) / 4 +	/	cjump	O1--expand-div-rem-bits=0|O2--expand-div-rem-bits=0|O3--expand-div-rem-bits=0|Ofast--expand-div-rem-bits=0
SCT_print	crypto/ct/ct_prn.c	38	53	                             (timestamp % 86400000) / 1000);	/	cjump	O1--expand-div-rem-bits=0|O1--expand-div-rem-bits=50|O2--expand-div-rem-bits=0|O3--expand-div-rem-bits=0|Ofast--expand-div-rem-bits=0|Os--expand-div-rem-bits=0|Oz--expand-div-rem-bits=0
kmac_init	providers/implementations/macs/kmac_prov.c	632	28	    sz = (len + w - 1) / w * w;	*	cjump	O1--expand-div-rem-bits=0|O1--expand-div-rem-bits=50|O2--expand-div-rem-bits=0|O2--expand-div-rem-bits=50|O3--expand-div-rem-bits=0|O3--expand-div-rem-bits=50|Ofast--expand-div-rem-bits=0|Ofast--expand-div-rem-bits=50
dtls1_start_timer	ssl/d1_lib.c	110	23	    tv.tv_usec = (t.t % OSSL_TIME_SECOND) / OSSL_TIME_US;	%	cjump	O1--expand-div-rem-bits=0|O1--expand-div-rem-bits=50|O2--expand-div-rem-bits=0|O2--expand-div-rem-bits=50|O3--expand-div-rem-bits=0|O3--expand-div-rem-bits=50|Ofast--expand-div-rem-bits=0|Ofast--expand-div-rem-bits=50|Os--expand-div-rem-bits=0|Os--expand-div-rem-bits=50
kdf_pkcs12_derive	providers/implementations/kdfs/pkcs12kdf.c	77	14	    Slen = v * ((saltlen + v - 1) / v);	*	cjump	O1--expand-div-rem-bits=0|O1--expand-div-rem-bits=50|O2--expand-div-rem-bits=0|O2--expand-div-rem-bits=50|O3--expand-div-rem-bits=0|O3--expand-div-rem-bits=50|Ofast--expand-div-rem-bits=0|Ofast--expand-div-rem-bits=50|Os--expand-div-rem-bits=0|Os--expand-div-rem-bits=50|Oz--expand-div-rem-bits=0|Oz--expand-div-rem-bits=50
OPENSSL_gmtime_adj	crypto/o_time.c	193	26	    i = (4000 * (L + 1)) / 1461001;	/	cjump	O1--expand-div-rem-bits=0|O1--expand-div-rem-bits=50|O2--expand-div-rem-bits=0|O2--expand-div-rem-bits=50|O3--expand-div-rem-bits=0|O3--expand-div-rem-bits=50|Ofast--expand-div-rem-bits=0|Ofast--expand-div-rem-bits=50|Os--expand-div-rem-bits=0|Os--expand-div-rem-bits=50|Oz--expand-div-rem-bits=0|Oz--expand-div-rem-bits=50
OPENSSL_LH_retrieve	crypto/lhash/lhash.c	335	19	        nn = hash % lh->num_alloc_nodes;	%	cjump	O1--expand-div-rem-bits=0|O1--expand-div-rem-bits=50|O2--expand-div-rem-bits=0|O2--expand-div-rem-bits=50|O3--expand-div-rem-bits=0|O3--expand-div-rem-bits=50|Ofast--expand-div-rem-bits=0|Ofast--expand-div-rem-bits=50
OPENSSL_gmtime_diff	crypto/o_time.c	183	42	        (3 * ((y + 4900 + (m - 14) / 12) / 100)) / 4 + d - 32075;	/	cjump	O1--expand-div-rem-bits=0|O2--expand-div-rem-bits=0|O3--expand-div-rem-bits=0|Ofast--expand-div-rem-bits=0
krb5kdf_derive	providers/implementations/kdfs/krb5kdf.c	329	35	        tmp = (constant[(rbyte-1) % constant_len] << (8 - rshift)	%	cjump	O1--expand-div-rem-bits=0|O1--expand-div-rem-bits=50|Oz--expand-div-rem-bits=0|Oz--expand-div-rem-bits=50
OPENSSL_gmtime_adj	crypto/o_time.c	195	18	    j = (80 * L) / 2447;	/	cjump	O1--expand-div-rem-bits=0|O1--expand-div-rem-bits=50|O2--expand-div-rem-bits=0|O2--expand-div-rem-bits=50|O3--expand-div-rem-bits=0|O3--expand-div-rem-bits=50|Ofast--expand-div-rem-bits=0|Ofast--expand-div-rem-bits=50|Os--expand-div-rem-bits=0|Os--expand-div-rem-bits=50|Oz--expand-div-rem-bits=0|Oz--expand-div-rem-bits=50
OPENSSL_LH_delete	crypto/lhash/lhash.c	335	19	        nn = hash % lh->num_alloc_nodes;	%	cjump	O1--expand-div-rem-bits=0|O1--expand-div-rem-bits=50|O2--expand-div-rem-bits=0|O2--expand-div-rem-bits=50|O3--expand-div-rem-bits=0|O3--expand-div-rem-bits=50|Ofast--expand-div-rem-bits=0|Ofast--expand-div-rem-bits=50
krb5kdf_derive	providers/implementations/kdfs/krb5kdf.c	318	15	        b = l % blocksize;	%	cjump	O1--expand-div-rem-bits=0|O2--expand-div-rem-bits=0|O3--expand-div-rem-bits=0|Ofast--expand-div-rem-bits=0|Os--expand-div-rem-bits=0|Oz--expand-div-rem-bits=0
krb5kdf_derive	providers/implementations/kdfs/krb5kdf.c	307	36	    lcm = blocksize * constant_len / gcd;	/	cjump	O1--expand-div-rem-bits=0|O1--expand-div-rem-bits=50|O2--expand-div-rem-bits=0|O2--expand-div-rem-bits=50|O3--expand-div-rem-bits=0|O3--expand-div-rem-bits=50|Ofast--expand-div-rem-bits=0|Ofast--expand-div-rem-bits=50|Os--expand-div-rem-bits=0|Os--expand-div-rem-bits=50|Oz--expand-div-rem-bits=0|Oz--expand-div-rem-bits=50
dtls1_handle_timeout	ssl/d1_lib.c	110	23	    tv.tv_usec = (t.t % OSSL_TIME_SECOND) / OSSL_TIME_US;	%	cjump	O1--expand-div-rem-bits=0|O1--expand-div-rem-bits=50|O2--expand-div-rem-bits=0|O2--expand-div-rem-bits=50|O3--expand-div-rem-bits=0|O3--expand-div-rem-bits=50|Ofast--expand-div-rem-bits=0|Ofast--expand-div-rem-bits=50
dgram_read	crypto/bio/bss_dgram.c	108	30	    tv.tv_sec = (time_t)(t.t / OSSL_TIME_SECOND);	/	cjump	O1--expand-div-rem-bits=0|O1--expand-div-rem-bits=50|O2--expand-div-rem-bits=0|O2--expand-div-rem-bits=50|O3--expand-div-rem-bits=0|O3--expand-div-rem-bits=50|Ofast--expand-div-rem-bits=0|Ofast--expand-div-rem-bits=50|Os--expand-div-rem-bits=0|Os--expand-div-rem-bits=50|Oz--expand-div-rem-bits=0|Oz--expand-div-rem-bits=50
dtls1_stop_timer	ssl/d1_lib.c	110	43	    tv.tv_usec = (t.t % OSSL_TIME_SECOND) / OSSL_TIME_US;	/	cjump	O1--expand-div-rem-bits=0|O1--expand-div-rem-bits=50|O2--expand-div-rem-bits=0|O3--expand-div-rem-bits=0|Ofast--expand-div-rem-bits=0|Os--expand-div-rem-bits=0
krb5kdf_derive	providers/implementations/kdfs/krb5kdf.c	302	19	        tmp = gcd % remainder;	%	cjump	O1--expand-div-rem-bits=0|O2--expand-div-rem-bits=0|O3--expand-div-rem-bits=0|Ofast--expand-div-rem-bits=0|Os--expand-div-rem-bits=0|Oz--expand-div-rem-bits=0
ossl_sha3_squeeze	crypto/sha/sha3.c	192	19	        len = bsz * (outlen / bsz);	*	cjump	O1--expand-div-rem-bits=0|O1--expand-div-rem-bits=50|O2--expand-div-rem-bits=0|O2--expand-div-rem-bits=50|O3--expand-div-rem-bits=0|O3--expand-div-rem-bits=50|Ofast--expand-div-rem-bits=0|Ofast--expand-div-rem-bits=50|Os--expand-div-rem-bits=0|Os--expand-div-rem-bits=50|Oz--expand-div-rem-bits=0|Oz--expand-div-rem-bits=50
OPENSSL_gmtime_adj	crypto/o_time.c	181	41	    return (1461 * (y + 4800 + (m - 14) / 12)) / 4 +	/	cjump	O1--expand-div-rem-bits=0|O2--expand-div-rem-bits=0|O3--expand-div-rem-bits=0|Ofast--expand-div-rem-bits=0
OPENSSL_gmtime_adj	crypto/o_time.c	183	42	        (3 * ((y + 4900 + (m - 14) / 12) / 100)) / 4 + d - 32075;	/	cjump	O1--expand-div-rem-bits=0|O2--expand-div-rem-bits=0|O3--expand-div-rem-bits=0|Ofast--expand-div-rem-bits=0
fill_segment	providers/implementations/kdfs/argon2.c	461	37	    abs_pos = (start_pos + rel_pos) % ctx->lane_length;	%	cjump	O1--expand-div-rem-bits=0|O1--expand-div-rem-bits=50|O2--expand-div-rem-bits=0|O2--expand-div-rem-bits=50|O3--expand-div-rem-bits=0|O3--expand-div-rem-bits=50|Ofast--expand-div-rem-bits=0|Ofast--expand-div-rem-bits=50|Os--expand-div-rem-bits=0|Os--expand-div-rem-bits=50|Oz--expand-div-rem-bits=0|Oz--expand-div-rem-bits=50
SCT_print	crypto/ct/ct_prn.c	44	71	                 ASN1_STRING_get0_data(gen), (unsigned int)(timestamp % 1000));	%	cjump	O1--expand-div-rem-bits=0|O1--expand-div-rem-bits=50|O2--expand-div-rem-bits=0|O2--expand-div-rem-bits=50|O3--expand-div-rem-bits=0|O3--expand-div-rem-bits=50|Ofast--expand-div-rem-bits=0|Ofast--expand-div-rem-bits=50|Os--expand-div-rem-bits=0|Os--expand-div-rem-bits=50|Oz--expand-div-rem-bits=0|Oz--expand-div-rem-bits=50
ossl_punycode_decode	crypto/punycode.c	53	23	        delta = delta / (base - tmin);	/	cjump	O1--expand-div-rem-bits=0|O2--expand-div-rem-bits=0|O3--expand-div-rem-bits=0|Ofast--expand-div-rem-bits=0|Os--expand-div-rem-bits=0|Oz--expand-div-rem-bits=0
dgram_read	crypto/bio/bss_dgram.c	110	43	    tv.tv_usec = (t.t % OSSL_TIME_SECOND) / OSSL_TIME_US;	/	cjump	O1--expand-div-rem-bits=0|O1--expand-div-rem-bits=50|O2--expand-div-rem-bits=0|O3--expand-div-rem-bits=0|Ofast--expand-div-rem-bits=0|Os--expand-div-rem-bits=0|Oz--expand-div-rem-bits=0
i2d_SSL_SESSION	ssl/ssl_asn1.c	132	25	    return (time_t)(t.t / OSSL_TIME_SECOND);	/	cjump	O1--expand-div-rem-bits=0|O1--expand-div-rem-bits=50|O2--expand-div-rem-bits=0|O2--expand-div-rem-bits=50|O3--expand-div-rem-bits=0|O3--expand-div-rem-bits=50|Ofast--expand-div-rem-bits=0|Ofast--expand-div-rem-bits=50|Os--expand-div-rem-bits=0|Os--expand-div-rem-bits=50|Oz--expand-div-rem-bits=0|Oz--expand-div-rem-bits=50
OPENSSL_gmtime_adj	crypto/o_time.c	196	25	    *d = L - (2447 * j) / 80;	/	cjump	O1--expand-div-rem-bits=0|O1--expand-div-rem-bits=50|O2--expand-div-rem-bits=0|O2--expand-div-rem-bits=50|O3--expand-div-rem-bits=0|O3--expand-div-rem-bits=50|Ofast--expand-div-rem-bits=0|Ofast--expand-div-rem-bits=50|Os--expand-div-rem-bits=0|Os--expand-div-rem-bits=50|Oz--expand-div-rem-bits=0|Oz--expand-div-rem-bits=50
kdf_pkcs12_derive	providers/implementations/kdfs/pkcs12kdf.c	90	23	        *p++ = salt[i % saltlen];	%	cjump	O1--expand-div-rem-bits=0|O1--expand-div-rem-bits=50|O2--expand-div-rem-bits=0|O2--expand-div-rem-bits=50|O3--expand-div-rem-bits=0|O3--expand-div-rem-bits=50|Ofast--expand-div-rem-bits=0|Ofast--expand-div-rem-bits=50|Os--expand-div-rem-bits=0|Os--expand-div-rem-bits=50|Oz--expand-div-rem-bits=0|Oz--expand-div-rem-bits=50
ssl3_mac	ssl/record/methods/ssl3_meth.c	235	27	    npad = (48 / md_size) * md_size;	*	cjump	O1--expand-div-rem-bits=0|O1--expand-div-rem-bits=50|O2--expand-div-rem-bits=0|O3--expand-div-rem-bits=0|Ofast--expand-div-rem-bits=0|Os--expand-div-rem-bits=0|Oz--expand-div-rem-bits=0
def_time_cb	crypto/ts/ts_rsp_sign.c	110	43	    tv.tv_usec = (t.t % OSSL_TIME_SECOND) / OSSL_TIME_US;	/	cjump	O1--expand-div-rem-bits=0|O1--expand-div-rem-bits=50|O2--expand-div-rem-bits=0|O3--expand-div-rem-bits=0|Ofast--expand-div-rem-bits=0|Os--expand-div-rem-bits=0|Oz--expand-div-rem-bits=0
kdf_pkcs12_derive	providers/implementations/kdfs/pkcs12kdf.c	92	23	        *p++ = pass[i % passlen];	%	cjump	O1--expand-div-rem-bits=0|O1--expand-div-rem-bits=50|O2--expand-div-rem-bits=0|O2--expand-div-rem-bits=50|O3--expand-div-rem-bits=0|O3--expand-div-rem-bits=50|Ofast--expand-div-rem-bits=0|Ofast--expand-div-rem-bits=50|Os--expand-div-rem-bits=0|Os--expand-div-rem-bits=50|Oz--expand-div-rem-bits=0|Oz--expand-div-rem-bits=50
dtls1_start_timer	ssl/d1_lib.c	110	43	    tv.tv_usec = (t.t % OSSL_TIME_SECOND) / OSSL_TIME_US;	/	cjump	O1--expand-div-rem-bits=0|O1--expand-div-rem-bits=50|O2--expand-div-rem-bits=0|O3--expand-div-rem-bits=0|Ofast--expand-div-rem-bits=0|Os--expand-div-rem-bits=0
IDEA_set_decrypt_key	crypto/idea/i_skey.c	105	26	            q = (n1 - r) / n2;	/	cjump	O1--expand-div-rem-bits=0|O1--expand-div-rem-bits=50|O2--expand-div-rem-bits=0|O2--expand-div-rem-bits=50|O3--expand-div-rem-bits=0|O3--expand-div-rem-bits=50|Ofast--expand-div-rem-bits=0|Ofast--expand-div-rem-bits=50
dtls1_ctrl	ssl/d1_lib.c	108	30	    tv.tv_sec = (time_t)(t.t / OSSL_TIME_SECOND);	/	cjump	O1--expand-div-rem-bits=0|O1--expand-div-rem-bits=50|O2--expand-div-rem-bits=0|O2--expand-div-rem-bits=50|O3--expand-div-rem-bits=0|O3--expand-div-rem-bits=50|Ofast--expand-div-rem-bits=0|Ofast--expand-div-rem-bits=50|Os--expand-div-rem-bits=0|Os--expand-div-rem-bits=50|Oz--expand-div-rem-bits=0|Oz--expand-div-rem-bits=50
kek_wrap_key	crypto/cms/cms_pwri.c	271	10	    olen *= blocklen;	*	cjump	O1--expand-div-rem-bits=0|O1--expand-div-rem-bits=50|O2--expand-div-rem-bits=0|O2--expand-div-rem-bits=50|O3--expand-div-rem-bits=0|O3--expand-div-rem-bits=50|Ofast--expand-div-rem-bits=0|Ofast--expand-div-rem-bits=50|Os--expand-div-rem-bits=0|Os--expand-div-rem-bits=50|Oz--expand-div-rem-bits=0|Oz--expand-div-rem-bits=50
krb5kdf_derive	providers/implementations/kdfs/krb5kdf.c	321	27	        rotbits = 13 * (l / constant_len);	/	cjump	O1--expand-div-rem-bits=0|O1--expand-div-rem-bits=50|O2--expand-div-rem-bits=50|O3--expand-div-rem-bits=50|Ofast--expand-div-rem-bits=50|Os--expand-div-rem-bits=50|Oz--expand-div-rem-bits=0|Oz--expand-div-rem-bits=50
read_internal	ssl/quic/quic_rstream.c	155	26	    idx = logical_offset % r->alloc;	%	cjump	O1--expand-div-rem-bits=0|O1--expand-div-rem-bits=50|O2--expand-div-rem-bits=0|O2--expand-div-rem-bits=50|O3--expand-div-rem-bits=0|O3--expand-div-rem-bits=50|Ofast--expand-div-rem-bits=0|Ofast--expand-div-rem-bits=50|Os--expand-div-rem-bits=0|Os--expand-div-rem-bits=50
dtls1_ctrl	ssl/d1_lib.c	110	23	    tv.tv_usec = (t.t % OSSL_TIME_SECOND) / OSSL_TIME_US;	%	cjump	O1--expand-div-rem-bits=0|O1--expand-div-rem-bits=50|O2--expand-div-rem-bits=0|O2--expand-div-rem-bits=50|O3--expand-div-rem-bits=0|O3--expand-div-rem-bits=50|Ofast--expand-div-rem-bits=0|Ofast--expand-div-rem-bits=50|Os--expand-div-rem-bits=0|Os--expand-div-rem-bits=50|Oz--expand-div-rem-bits=0|Oz--expand-div-rem-bits=50
sh_actual_size	crypto/mem_sec.c	347	51	    size_t bit = (sh.arena_size + ptr - sh.arena) / sh.minsize;	/	cjump	O1--expand-div-rem-bits=0|O1--expand-div-rem-bits=50|O2--expand-div-rem-bits=0|O2--expand-div-rem-bits=50|O3--expand-div-rem-bits=0|O3--expand-div-rem-bits=50|Ofast--expand-div-rem-bits=0|Ofast--expand-div-rem-bits=50
ossl_asn1_time_to_tm	crypto/asn1/a_time.c	73	33	    tm->tm_wday = (d + (13 * m) / 5 + y + y / 4 + c / 4 + 5 * c + 6) % 7;	/	cjump	O1--expand-div-rem-bits=0|O2--expand-div-rem-bits=0|O3--expand-div-rem-bits=0|Ofast--expand-div-rem-bits=0|Os--expand-div-rem-bits=0|Oz--expand-div-rem-bits=0
ossl_punycode_decode	crypto/punycode.c	50	27	    delta = delta + delta / numpoints;	/	cjump	O1--expand-div-rem-bits=0|O2--expand-div-rem-bits=0|O3--expand-div-rem-bits=0|Ofast--expand-div-rem-bits=0|Os--expand-div-rem-bits=0|Oz--expand-div-rem-bits=0
dtls1_stop_timer	ssl/d1_lib.c	108	30	    tv.tv_sec = (time_t)(t.t / OSSL_TIME_SECOND);	/	cjump	O1--expand-div-rem-bits=0|O1--expand-div-rem-bits=50|O2--expand-div-rem-bits=0|O2--expand-div-rem-bits=50|O3--expand-div-rem-bits=0|O3--expand-div-rem-bits=50|Ofast--expand-div-rem-bits=0|Ofast--expand-div-rem-bits=50|Os--expand-div-rem-bits=0|Os--expand-div-rem-bits=50
dtls1_handle_timeout	ssl/d1_lib.c	108	30	    tv.tv_sec = (time_t)(t.t / OSSL_TIME_SECOND);	/	cjump	O1--expand-div-rem-bits=0|O1--expand-div-rem-bits=50|O2--expand-div-rem-bits=0|O2--expand-div-rem-bits=50|O3--expand-div-rem-bits=0|O3--expand-div-rem-bits=50|Ofast--expand-div-rem-bits=0|Ofast--expand-div-rem-bits=50
dtls1_handle_timeout	ssl/d1_lib.c	110	43	    tv.tv_usec = (t.t % OSSL_TIME_SECOND) / OSSL_TIME_US;	/	cjump	O1--expand-div-rem-bits=0|O1--expand-div-rem-bits=50|O2--expand-div-rem-bits=0|O3--expand-div-rem-bits=0|Ofast--expand-div-rem-bits=0
ossl_quic_get_event_timeout	ssl/quic/quic_impl.c	110	43	    tv.tv_usec = (t.t % OSSL_TIME_SECOND) / OSSL_TIME_US;	/	cjump	O1--expand-div-rem-bits=0|O1--expand-div-rem-bits=50|O2--expand-div-rem-bits=0|O3--expand-div-rem-bits=0|Ofast--expand-div-rem-bits=0|Os--expand-div-rem-bits=0|Oz--expand-div-rem-bits=0
ossl_quic_sstream_append	ssl/quic/quic_sstream.c	131	30	        idx = r->head_offset % r->alloc;	%	cjump	O1--expand-div-rem-bits=0|O1--expand-div-rem-bits=50|O2--expand-div-rem-bits=0|O2--expand-div-rem-bits=50|O3--expand-div-rem-bits=0|O3--expand-div-rem-bits=50|Ofast--expand-div-rem-bits=0|Ofast--expand-div-rem-bits=50|Os--expand-div-rem-bits=0|Os--expand-div-rem-bits=50
kdf_pkcs12_derive	providers/implementations/kdfs/pkcs12kdf.c	113	25	            B[j] = Ai[j % u];	%	cjump	O1--expand-div-rem-bits=0|O1--expand-div-rem-bits=50|O2--expand-div-rem-bits=0|O2--expand-div-rem-bits=50|O3--expand-div-rem-bits=0|O3--expand-div-rem-bits=50|Ofast--expand-div-rem-bits=0|Ofast--expand-div-rem-bits=50|Os--expand-div-rem-bits=0|Os--expand-div-rem-bits=50|Oz--expand-div-rem-bits=0|Oz--expand-div-rem-bits=50
ossl_ifc_ffc_compute_security_bits	crypto/rsa/rsa_lib.c	301	31	    r = (r * (uint64_t)scale) / log_e;	/	cjump	O1--expand-div-rem-bits=0|O1--expand-div-rem-bits=50|O2--expand-div-rem-bits=0|O2--expand-div-rem-bits=50|O3--expand-div-rem-bits=0|O3--expand-div-rem-bits=50|Ofast--expand-div-rem-bits=0|Ofast--expand-div-rem-bits=50|Os--expand-div-rem-bits=0|Os--expand-div-rem-bits=50|Oz--expand-div-rem-bits=0|Oz--expand-div-rem-bits=50
dtls1_stop_timer	ssl/d1_lib.c	110	23	    tv.tv_usec = (t.t % OSSL_TIME_SECOND) / OSSL_TIME_US;	%	cjump	O1--expand-div-rem-bits=0|O1--expand-div-rem-bits=50|O2--expand-div-rem-bits=0|O2--expand-div-rem-bits=50|O3--expand-div-rem-bits=0|O3--expand-div-rem-bits=50|Ofast--expand-div-rem-bits=0|Ofast--expand-div-rem-bits=50|Os--expand-div-rem-bits=0|Os--expand-div-rem-bits=50
kdf_scrypt_derive	providers/implementations/kdfs/scrypt.c	408	33	        j = X[16 * (2 * r - 1)] % N;	%	cjump	O1--expand-div-rem-bits=0|O1--expand-div-rem-bits=50|O2--expand-div-rem-bits=0|O2--expand-div-rem-bits=50|Os--expand-div-rem-bits=0|Os--expand-div-rem-bits=50|Oz--expand-div-rem-bits=0|Oz--expand-div-rem-bits=50
sh_free	crypto/mem_sec.c	347	51	    size_t bit = (sh.arena_size + ptr - sh.arena) / sh.minsize;	/	cjump	O1--expand-div-rem-bits=0|O1--expand-div-rem-bits=50|O2--expand-div-rem-bits=0|O2--expand-div-rem-bits=50|O3--expand-div-rem-bits=0|O3--expand-div-rem-bits=50|Ofast--expand-div-rem-bits=0|Ofast--expand-div-rem-bits=50
OPENSSL_gmtime_diff	crypto/o_time.c	182	48	        (367 * (m - 2 - 12 * ((m - 14) / 12))) / 12 -	/	cjump	O1--expand-div-rem-bits=0|O2--expand-div-rem-bits=0|O3--expand-div-rem-bits=0|Ofast--expand-div-rem-bits=0
OPENSSL_LH_insert	crypto/lhash/lhash.c	335	19	        nn = hash % lh->num_alloc_nodes;	%	cjump	O1--expand-div-rem-bits=0|O1--expand-div-rem-bits=50|O2--expand-div-rem-bits=0|O2--expand-div-rem-bits=50|O3--expand-div-rem-bits=0|O3--expand-div-rem-bits=50|Ofast--expand-div-rem-bits=0|Ofast--expand-div-rem-bits=50
OPENSSL_gmtime_adj	crypto/o_time.c	140	29	    offset_day = offset_sec / SECS_PER_DAY;	/	cjump	O1--expand-div-rem-bits=0|O1--expand-div-rem-bits=50|O2--expand-div-rem-bits=0|O2--expand-div-rem-bits=50|O3--expand-div-rem-bits=0|O3--expand-div-rem-bits=50|Ofast--expand-div-rem-bits=0|Ofast--expand-div-rem-bits=50
ossl_asn1_time_to_tm	crypto/asn1/a_time.c	71	7	    y %= 100;	%	cjump	O1--expand-div-rem-bits=0|O2--expand-div-rem-bits=0|O3--expand-div-rem-bits=0|Ofast--expand-div-rem-bits=0|Os--expand-div-rem-bits=0|Oz--expand-div-rem-bits=0
OPENSSL_LH_retrieve	crypto/lhash/lhash.c	333	15	    nn = hash % lh->pmax;	%	cjump	O1--expand-div-rem-bits=0|O1--expand-div-rem-bits=50|O2--expand-div-rem-bits=0|O2--expand-div-rem-bits=50|O3--expand-div-rem-bits=0|O3--expand-div-rem-bits=50|Ofast--expand-div-rem-bits=0|Ofast--expand-div-rem-bits=50
sh_free	crypto/mem_sec.c	623	44	    bit = (ONE << list) + (ptr - sh.arena) / (sh.arena_size >> list);	/	cjump	O1--expand-div-rem-bits=0|O1--expand-div-rem-bits=50|O2--expand-div-rem-bits=0|O2--expand-div-rem-bits=50|O3--expand-div-rem-bits=0|O3--expand-div-rem-bits=50|Ofast--expand-div-rem-bits=0|Ofast--expand-div-rem-bits=50
ossl_asn1_time_to_tm	crypto/asn1/a_time.c	73	70	    tm->tm_wday = (d + (13 * m) / 5 + y + y / 4 + c / 4 + 5 * c + 6) % 7;	%	cjump	O1--expand-div-rem-bits=0|O2--expand-div-rem-bits=0|O3--expand-div-rem-bits=0|Ofast--expand-div-rem-bits=0|Os--expand-div-rem-bits=0|Oz--expand-div-rem-bits=0
DH_generate_parameters_ex	crypto/dh/dh_gen.c	225	31	                   + 24) / 25 * 25;	*	cjump	O1--expand-div-rem-bits=0|O2--expand-div-rem-bits=0|O3--expand-div-rem-bits=0|Ofast--expand-div-rem-bits=0|Os--expand-div-rem-bits=0|Oz--expand-div-rem-bits=0
OPENSSL_LH_insert	crypto/lhash/lhash.c	333	15	    nn = hash % lh->pmax;	%	cjump	O1--expand-div-rem-bits=0|O1--expand-div-rem-bits=50|O2--expand-div-rem-bits=0|O2--expand-div-rem-bits=50|O3--expand-div-rem-bits=0|O3--expand-div-rem-bits=50|Ofast--expand-div-rem-bits=0|Ofast--expand-div-rem-bits=50
dtls1_start_timer	ssl/d1_lib.c	108	30	    tv.tv_sec = (time_t)(t.t / OSSL_TIME_SECOND);	/	cjump	O1--expand-div-rem-bits=0|O1--expand-div-rem-bits=50|O2--expand-div-rem-bits=0|O2--expand-div-rem-bits=50|O3--expand-div-rem-bits=0|O3--expand-div-rem-bits=50|Ofast--expand-div-rem-bits=0|Ofast--expand-div-rem-bits=50|Os--expand-div-rem-bits=0|Os--expand-div-rem-bits=50
dhparam_main	apps/dhparam.c	267	49	                                                (informat == FORMAT_ASN1)	(	cjump	O1--disable-select-optimize=false
BN_uadd	crypto/bn/bn_add.c	114	15	        carry &= (t2 == 0);	&	cjump	O1--disable-select-optimize=false|O2--disable-select-optimize=false|O3--disable-select-optimize=false|Ofast--disable-select-optimize=false
BN_sub	crypto/bn/bn_add.c	114	15	        carry &= (t2 == 0);	&	cjump	O1--disable-select-optimize=false|O2--disable-select-optimize=false|O3--disable-select-optimize=false|Ofast--disable-select-optimize=false
ssl3_cbc_copy_mac	ssl/record/methods/tls_pad.c	291	23	        rotate_offset &= constant_time_lt_s(rotate_offset, mac_size);	&	cjump	O1--disable-select-optimize=false|O2--disable-select-optimize=false|O3--disable-select-optimize=false|Ofast--disable-select-optimize=false
BN_add	crypto/bn/bn_add.c	114	15	        carry &= (t2 == 0);	&	cjump	O1--disable-select-optimize=false|O2--disable-select-optimize=false|O3--disable-select-optimize=false|Ofast--disable-select-optimize=false
ssl3_cbc_copy_mac	ssl/record/methods/tls_pad.c	355	48	    return (unsigned char)constant_time_select(mask, a, b);	m	cjump	O1--disable-select-optimize=false|O2--disable-select-optimize=false|O3--disable-select-optimize=false|Ofast--disable-select-optimize=false
CRYPTO_secure_free	crypto/mem_sec.c	365	45	    bit = (ONE << list) + ((ptr - sh.arena) / (sh.arena_size >> list));	/	mdiv	O1--inline-instr-cost=0|O2--inline-instr-cost=0
CRYPTO_secure_clear_free	crypto/mem_sec.c	365	45	    bit = (ONE << list) + ((ptr - sh.arena) / (sh.arena_size >> list));	/	mdiv	O1--inline-instr-cost=0|O2--inline-instr-cost=0
CRYPTO_secure_actual_size	crypto/mem_sec.c	365	45	    bit = (ONE << list) + ((ptr - sh.arena) / (sh.arena_size >> list));	/	mdiv	O1--inline-instr-cost=0|O2--inline-instr-cost=0
ssl_cipher_list_to_bytes	ssl/statem/statem_clnt.c	4172	13	            !maxverok	!	cjump	O2--simplifycfg-branch-fold-threshold=0|O2--sroa-skip-mem2reg|O2-fprofile-arcs|O3--simplifycfg-branch-fold-threshold=0|O3--sroa-skip-mem2reg|O3-fprofile-arcs|Ofast--simplifycfg-branch-fold-threshold=0|Ofast--sroa-skip-mem2reg|Ofast-fprofile-arcs|Os--simplifycfg-branch-fold-threshold=0|Os--sroa-skip-mem2reg|Os-fprofile-arcs
ossl_a2ulabel	crypto/punycode.c	179	15	        if (i / (written_out + 1) > maxint - n)	/	mdiv	O2--inline-call-penalty=-1|O2--inline-instr-cost=-1|O2--inline-instr-cost=0|O3--inline-call-penalty=-1|O3--inline-instr-cost=-1|O3--inline-instr-cost=0|Ofast--inline-call-penalty=-1|Ofast--inline-instr-cost=-1|Ofast--inline-instr-cost=0|Os--inline-call-penalty=-1|Os--inline-instr-cost=-1|Os--inline-instr-cost=0|Oz--inline-call-penalty=-1|Oz--inline-instr-cost=-1
ossl_gf_mul	crypto/ec/curve448/arch_64/f_impl64.c	43	37	            accum2 += widemul(a[j], b[i - j]);	b	cjump	O2--force-vector-interleave=100|O2--force-vector-interleave=50|O2--force-vector-width=100|O2--force-vector-width=50|O3--force-vector-interleave=100|O3--force-vector-interleave=50|O3--force-vector-width=100|O3--force-vector-width=50|Ofast--force-vector-interleave=100|Ofast--force-vector-interleave=50|Ofast--force-vector-width=100|Ofast--force-vector-width=50|Os--force-vector-interleave=100|Os--force-vector-interleave=50|Os--force-vector-width=100|Os--force-vector-width=50
bn_rshift_fixed_top	crypto/bn/bn_shift.c	205	17	        m = f[i + 1];	+	cjump	O2--force-vector-interleave=100|O2--force-vector-interleave=50|O2--force-vector-width=100|O2--force-vector-width=50|O3--force-vector-interleave=100|O3--force-vector-interleave=50|O3--force-vector-width=100|O3--force-vector-width=50|Ofast--force-vector-interleave=100|Ofast--force-vector-interleave=50|Ofast--force-vector-width=100|Ofast--force-vector-width=50
ossl_gf_mul	crypto/ec/curve448/arch_64/f_impl64.c	43	31	            accum2 += widemul(a[j], b[i - j]);	a	cjump	O2--force-vector-interleave=100|O2--force-vector-interleave=50|O2--force-vector-width=100|O2--force-vector-width=50|O3--force-vector-interleave=100|O3--force-vector-interleave=50|O3--force-vector-width=100|O3--force-vector-width=50|Ofast--force-vector-interleave=100|Ofast--force-vector-interleave=50|Ofast--force-vector-width=100|Ofast--force-vector-width=50|Os--force-vector-interleave=100|Os--force-vector-interleave=50|Os--force-vector-width=100|Os--force-vector-width=50
ossl_quic_hdr_protector_decrypt_fields	ssl/quic/quic_wire_pkt.c	151	21	        pn_bytes[i] ^= mask[i + 1];	^	cjump	O2--force-vector-interleave=100|O2--force-vector-interleave=50|O2--force-vector-width=100|O2--force-vector-width=50|O3--force-vector-interleave=100|O3--force-vector-interleave=50|O3--force-vector-width=100|O3--force-vector-width=50|Ofast--force-vector-interleave=100|Ofast--force-vector-interleave=50|Ofast--force-vector-width=100|Ofast--force-vector-width=50|Os--force-vector-interleave=100|Os--force-vector-interleave=50|Os--force-vector-width=100|Os--force-vector-width=50
ossl_gf_mul	crypto/ec/curve448/arch_64/f_impl64.c	44	38	            accum1 += widemul(aa[j], bb[i - j]);	b	cjump	O2--force-vector-interleave=100|O2--force-vector-interleave=50|O2--force-vector-width=100|O2--force-vector-width=50|O3--force-vector-interleave=100|O3--force-vector-interleave=50|O3--force-vector-width=100|O3--force-vector-width=50|Ofast--force-vector-interleave=100|Ofast--force-vector-interleave=50|Ofast--force-vector-width=100|Ofast--force-vector-width=50|Os--force-vector-interleave=100|Os--force-vector-interleave=50|Os--force-vector-width=100|Os--force-vector-width=50
encrypt_cpa	crypto/ml_kem/ml_kem.c	1030	15	        b = *r++;	+	cjump	O2--force-vector-interleave=100|O2--force-vector-interleave=50|O2--force-vector-width=100|O2--force-vector-width=50|O2--mips-mixed-16-32|O3--force-vector-interleave=100|O3--force-vector-interleave=50|O3--force-vector-width=100|O3--force-vector-width=50|O3--mips-mixed-16-32|Ofast--force-vector-interleave=100|Ofast--force-vector-interleave=50|Ofast--force-vector-width=100|Ofast--force-vector-width=50|Ofast--mips-mixed-16-32
ossl_gf_mul	crypto/ec/curve448/arch_64/f_impl64.c	45	41	            accum0 += widemul(a[j + 4], b[i - j + 4]);	b	cjump	O2--force-vector-interleave=100|O2--force-vector-interleave=50|O2--force-vector-width=100|O2--force-vector-width=50|O3--force-vector-interleave=100|O3--force-vector-interleave=50|O3--force-vector-width=100|O3--force-vector-width=50|Ofast--force-vector-interleave=100|Ofast--force-vector-interleave=50|Ofast--force-vector-width=100|Ofast--force-vector-width=50|Os--force-vector-interleave=100|Os--force-vector-interleave=50|Os--force-vector-width=100|Os--force-vector-width=50
scalar_decode_short	crypto/ec/curve448/scalar.c	148	35	            out |= ((c448_word_t) ser[k]) << (8 * j);	s	cjump	O2--force-vector-interleave=100|O2--force-vector-interleave=50|O2--force-vector-width=100|O2--force-vector-width=50|O3--force-vector-interleave=100|O3--force-vector-interleave=50|O3--force-vector-width=100|O3--force-vector-width=50|Ofast--force-vector-interleave=100|Ofast--force-vector-interleave=50|Ofast--force-vector-width=100|Ofast--force-vector-width=50
X509_NAME_oneline	crypto/x509/x509_obj.c	96	36	                    gs_doit[j & 3] = 1;	=	cjump	O2--force-vector-interleave=100|O2--force-vector-interleave=50|O2--force-vector-width=100|O2--force-vector-width=50|O3--force-vector-interleave=100|O3--force-vector-interleave=50|O3--force-vector-width=100|O3--force-vector-width=50|Ofast--force-vector-interleave=100|Ofast--force-vector-interleave=50|Ofast--force-vector-width=100|Ofast--force-vector-width=50|Os--force-vector-interleave=100|Os--force-vector-interleave=50|Os--force-vector-width=100|Os--force-vector-width=50
BN_GF2m_mod_inv	crypto/bn/bn_gf2m.c	658	32	                    u1 = udp[i + 1];	+	cjump	O2--force-vector-interleave=100|O2--force-vector-interleave=50|O2--force-vector-width=100|O2--force-vector-width=50|O3--force-vector-interleave=100|O3--force-vector-interleave=50|O3--force-vector-width=100|O3--force-vector-width=50|Ofast--force-vector-interleave=100|Ofast--force-vector-interleave=50|Ofast--force-vector-width=100|Ofast--force-vector-width=50
ossl_quic_hdr_protector_encrypt_fields	ssl/quic/quic_wire_pkt.c	179	21	        pn_bytes[i] ^= mask[i + 1];	^	cjump	O2--force-vector-interleave=100|O2--force-vector-interleave=50|O2--force-vector-width=100|O2--force-vector-width=50|O3--force-vector-interleave=100|O3--force-vector-interleave=50|O3--force-vector-width=100|O3--force-vector-width=50|Ofast--force-vector-interleave=100|Ofast--force-vector-interleave=50|Ofast--force-vector-width=100|Ofast--force-vector-width=50|Os--force-vector-interleave=100|Os--force-vector-interleave=50|Os--force-vector-width=100|Os--force-vector-width=50
cbd_2	crypto/ml_kem/ml_kem.c	1030	15	        b = *r++;	+	cjump	O2--force-vector-interleave=100|O2--force-vector-interleave=50|O2--force-vector-width=100|O2--force-vector-width=50|O2--mips-mixed-16-32|O3--force-vector-interleave=100|O3--force-vector-interleave=50|O3--force-vector-width=100|O3--force-vector-width=50|O3--mips-mixed-16-32|Ofast--force-vector-interleave=100|Ofast--force-vector-interleave=50|Ofast--force-vector-width=100|Ofast--force-vector-width=50|Ofast--mips-mixed-16-32|Os--force-vector-interleave=100|Os--force-vector-interleave=50|Os--force-vector-width=100|Os--force-vector-width=50|Os--mips-mixed-16-32
kdf_scrypt_derive	providers/implementations/kdfs/scrypt.c	410	9	        for (k = 0; k < 32 * r; k++)	f	mdiv	O2--force-vector-interleave=100|O2--force-vector-interleave=50|O2--force-vector-width=100|O2--force-vector-width=50|O3--force-vector-interleave=100|O3--force-vector-interleave=50|O3--force-vector-width=100|O3--force-vector-width=50|Ofast--force-vector-interleave=100|Ofast--force-vector-interleave=50|Ofast--force-vector-width=100|Ofast--force-vector-width=50
bn_compute_wNAF	crypto/bn/bn_intern.c	114	23	        r[j++] = sign * digit;	*	cjump	O2--enable-nontrivial-unswitch
BN_nist_mod_384	crypto/bn/bn_nist.c	281	18	        dst[i] = src[i];	s	mmem	O2--disable-cgp|O2--disable-complex-addr-modes|O2-fmemory-profile|O2-fwrapv|O3--disable-cgp|O3--disable-complex-addr-modes|O3-fmemory-profile|O3-fwrapv|Ofast--disable-cgp|Ofast--disable-complex-addr-modes|Ofast-fmemory-profile|Ofast-fwrapv
BN_nist_mod_256	crypto/bn/bn_nist.c	281	18	        dst[i] = src[i];	s	mmem	O2--disable-cgp|O2--disable-complex-addr-modes|O2-fwrapv|O3--disable-cgp|O3--disable-complex-addr-modes|O3-fwrapv|Ofast--disable-cgp|Ofast--disable-complex-addr-modes|Ofast-fwrapv
BN_nist_mod_521	crypto/bn/bn_nist.c	281	18	        dst[i] = src[i];	s	mmem	O2--disable-cgp|O2--disable-complex-addr-modes|O2-fmemory-profile|O2-fwrapv|O3--disable-cgp|O3--disable-complex-addr-modes|O3-fmemory-profile|O3-fwrapv|Ofast--disable-cgp|Ofast--disable-complex-addr-modes|Ofast-fmemory-profile|Ofast-fwrapv
BN_nist_mod_192	crypto/bn/bn_nist.c	281	18	        dst[i] = src[i];	s	mmem	O2--disable-cgp|O2--disable-complex-addr-modes|O2-fwrapv|O3--disable-cgp|O3--disable-complex-addr-modes|O3-fwrapv|Ofast--disable-cgp|Ofast--disable-complex-addr-modes|Ofast-fwrapv
BN_nist_mod_224	crypto/bn/bn_nist.c	281	18	        dst[i] = src[i];	s	mmem	O2--disable-cgp|O2--disable-complex-addr-modes|O2-fwrapv|O3--disable-cgp|O3--disable-complex-addr-modes|O3-fwrapv|Ofast--disable-cgp|Ofast--disable-complex-addr-modes|Ofast-fwrapv
IDEA_set_decrypt_key	crypto/idea/i_skey.c	104	21	            r = (n1 % n2);	%	mdiv	O2--sroa-skip-mem2reg|O3--sroa-skip-mem2reg|Ofast--sroa-skip-mem2reg|Os--sroa-skip-mem2reg
OSSL_HTTP_REQ_CTX_nbio	crypto/http/http_client.c	770	31	                rctx->state = i < HTTP_STATUS_CODES_NONFATAL_ERROR	i	cjump	O2--sroa-skip-mem2reg|O3--sroa-skip-mem2reg|Ofast--sroa-skip-mem2reg|Os--sroa-skip-mem2reg|Oz--sroa-skip-mem2reg
_ZL24ssl_cipher_list_to_bytesP17ssl_connection_stP19stack_st_SSL_CIPHERP10wpacket_st.__uniq.112902882655447609167197993620518747938	ssl/statem/statem_clnt.c	4172	13	            !maxverok	!	cjump	O2-fpseudo-probe-for-profiling|O3-fpseudo-probe-for-profiling|Ofast-fpseudo-probe-for-profiling|Os-fpseudo-probe-for-profiling
decap	crypto/ml_kem/ml_kem.c	677	12	        out++;	+	cjump	O2--mips-mixed-16-32|O3--mips-mixed-16-32|Ofast--mips-mixed-16-32
ossl_curve448_scalar_halve	crypto/ec/curve448/scalar.c	233	55	        chain = (chain + a->limb[i]) + (sc_p->limb[i] & mask);	&	mmem	O2-fcs-profile-generate
evp_kem_from_algorithm	crypto/evp/kem.c	64	77	    *ret = atomic_fetch_sub_explicit(&refcnt->val, 1, memory_order_release) - 1;	-	cjump	O2-ftrapv|O3-ftrapv|Ofast-ftrapv
evp_keyexch_from_algorithm	crypto/evp/exchange.c	64	77	    *ret = atomic_fetch_sub_explicit(&refcnt->val, 1, memory_order_release) - 1;	-	cjump	O2-ftrapv|O3-ftrapv|Ofast-ftrapv
DES_fcrypt	crypto/des/fcrypt.c	142	15	            c <<= 1;	<	cjump	O2--disable-select-optimize=false|O3--disable-select-optimize=false|Ofast--disable-select-optimize=false
ossl_sa_doall_arg	crypto/sparse_array.c	93	21	                    (*leaf)(idx, p[n], arg);	(	cjump	O3--attributor-enable=all|O3--attributor-enable=module|Ofast--attributor-enable=all|Ofast--attributor-enable=module
ossl_rsa_padding_check_PKCS1_type_2	crypto/rsa/rsa_pk1.c	341	38	    return (value_barrier(mask) & a) | (value_barrier(~mask) & b);	|	cjump	O3--attributor-enable=all|O3--attributor-enable=module|Ofast--attributor-enable=all|Ofast--attributor-enable=module
BN_generate_prime_ex2	crypto/bn/bn_prime.c	522	38	                 : (mods[i] + delta) % primes[i] == 0) {	%	cjump	O3--expand-div-rem-bits=0|O3--expand-div-rem-bits=50|Ofast--expand-div-rem-bits=0|Ofast--expand-div-rem-bits=50
ASN1_TIME_normalize	crypto/asn1/a_time.c	308	49	                                    ts->tm_year % 100, ts->tm_mon + 1,	%	cjump	O3--expand-div-rem-bits=0|Ofast--expand-div-rem-bits=0
sh_free	crypto/mem_sec.c	365	45	    bit = (ONE << list) + ((ptr - sh.arena) / (sh.arena_size >> list));	/	cjump	O3--expand-div-rem-bits=0|O3--expand-div-rem-bits=50|Ofast--expand-div-rem-bits=0|Ofast--expand-div-rem-bits=50
sh_actual_size	crypto/mem_sec.c	365	45	    bit = (ONE << list) + ((ptr - sh.arena) / (sh.arena_size >> list));	/	cjump	O3--expand-div-rem-bits=0|O3--expand-div-rem-bits=50|Ofast--expand-div-rem-bits=0|Ofast--expand-div-rem-bits=50
BN_generate_prime_ex2	crypto/bn/bn_prime.c	602	38	                 : (mods[i] + delta) % primes[i] == 0) {	%	cjump	O3--expand-div-rem-bits=0|O3--expand-div-rem-bits=50|Ofast--expand-div-rem-bits=0|Ofast--expand-div-rem-bits=50
CRYPTO_secure_malloc	crypto/mem_sec.c	365	45	    bit = (ONE << list) + ((ptr - sh.arena) / (sh.arena_size >> list));	/	cjump	O3--expand-div-rem-bits=0|O3--expand-div-rem-bits=50|Ofast--expand-div-rem-bits=0|Ofast--expand-div-rem-bits=50
gf_deserialize	crypto/ec/curve448/f_generic.c	80	18	            sj = serial[j];	s	cjump	O3--force-vector-interleave=100|O3--force-vector-interleave=50|O3--force-vector-width=100|O3--force-vector-width=50|Ofast--force-vector-interleave=100|Ofast--force-vector-interleave=50|Ofast--force-vector-width=100|Ofast--force-vector-width=50
new_raw_key_int	crypto/evp/p_lib.c	64	77	    *ret = atomic_fetch_sub_explicit(&refcnt->val, 1, memory_order_release) - 1;	-	cjump	O3-ftrapv|Ofast-ftrapv
evp_pkey_get_legacy	crypto/evp/p_lib.c	64	77	    *ret = atomic_fetch_sub_explicit(&refcnt->val, 1, memory_order_release) - 1;	-	cjump	O3-ftrapv|Ofast-ftrapv
ENGINE_free	crypto/engine/eng_lib.c	64	77	    *ret = atomic_fetch_sub_explicit(&refcnt->val, 1, memory_order_release) - 1;	-	cjump	O3-ftrapv|Ofast-ftrapv
EVP_PKEY_copy_parameters	crypto/evp/p_lib.c	64	77	    *ret = atomic_fetch_sub_explicit(&refcnt->val, 1, memory_order_release) - 1;	-	cjump	O3-ftrapv|Ofast-ftrapv
OPENSSL_sk_find_all	crypto/stack/stack.c	365	19	            *pnum = 0;	=	cjump	O3-fpseudo-probe-for-profiling|Ofast-fpseudo-probe-for-profiling
provider_activate	crypto/provider_core.c	1137	46	            prov->error_strings[cnt2].string = reasonstrings[cnt2-1].ptr;	=	cjump	Os--force-vector-interleave=100|Os--force-vector-interleave=50|Os--force-vector-width=100|Os--force-vector-width=50
encrypt_cpa	crypto/ml_kem/ml_kem.c	576	19	        lhs->c[i] = reduce_once(lhs->c[i] + rhs->c[i]);	=	cjump	Os--force-vector-interleave=100|Os--force-vector-interleave=50|Os--force-vector-width=100|Os--force-vector-width=50
ossl_slh_wots_pk_from_sig	crypto/slh_dsa/slh_wots.c	59	17	        csum += in[i];	i	cjump	Os--force-vector-interleave=100|Os--force-vector-interleave=50|Os--force-vector-width=100|Os--force-vector-width=50
tls1_cbc_remove_padding_and_mac	ssl/record/methods/tls_pad.c	145	31	            unsigned char b = recdata[*reclen - 1 - i];	r	cjump	Os--force-vector-interleave=100|Os--force-vector-interleave=50|Os--force-vector-width=100|Os--force-vector-width=50
ossl_sm2_encrypt	crypto/sm2/sm2_crypt.c	63	15	        re |= msg[i];	m	cjump	Os--force-vector-interleave=100|Os--force-vector-interleave=50|Os--force-vector-width=100|Os--force-vector-width=50
ssl3_cbc_digest_record	ssl/record/methods/ssl3_cbc.c	452	24	            mac_out[j] |= block[j] & is_block_b;	|	cjump	Os--force-vector-interleave=100|Os--force-vector-interleave=50|Os--force-vector-width=100|Os--force-vector-width=50
ossl_qtx_write_pkt	ssl/quic/quic_record_tx.c	346	23	        l += iovec[i].buf_len;	b	cjump	Os--force-vector-interleave=100|Os--force-vector-interleave=50|Os--force-vector-width=100|Os--force-vector-width=50
provider_activate	crypto/provider_core.c	1136	74	            prov->error_strings[cnt2].error = (int)reasonstrings[cnt2-1].id;	i	cjump	Os--force-vector-width=100|Os--force-vector-width=50
EC_get_builtin_curves	crypto/ec/ec_curve.c	3351	22	        r[i].comment = curve_list[i].comment;	=	cjump	Os--force-vector-interleave=100|Os--force-vector-interleave=50|Os--force-vector-width=100|Os--force-vector-width=50
OPENSSL_uni2asc	crypto/pkcs12/p12_utl.c	63	24	        asctmp[i >> 1] = uni[i];	=	cjump	Os--force-vector-interleave=100|Os--force-vector-interleave=50|Os--force-vector-width=100|Os--force-vector-width=50
ossl_rsa_padding_add_PKCS1_OAEP_mgf1_ex	crypto/rsa/rsa_oaep.c	135	15	        db[i] ^= dbmask[i];	^	cjump	Os--force-vector-interleave=100|Os--force-vector-interleave=50|Os--force-vector-width=100|Os--force-vector-width=50
ossl_cipher_generic_block_update	providers/implementations/ciphers/ciphercommon.c	627	31	                    out[loop] = padval;	=	cjump	Os--force-vector-interleave=100|Os--force-vector-interleave=50|Os--force-vector-width=100|Os--force-vector-width=50
RSA_padding_check_PKCS1_OAEP_mgf1	crypto/rsa/rsa_oaep.c	261	17	        seed[i] ^= maskedseed[i];	^	cjump	Os--force-vector-interleave=100|Os--force-vector-interleave=50|Os--force-vector-width=100|Os--force-vector-width=50
c2i_ibuf	crypto/asn1/a_int.c	188	20	            pad |= p[i];	p	cjump	Os--force-vector-interleave=100|Os--force-vector-interleave=50|Os--force-vector-width=100|Os--force-vector-width=50
ossl_sm2_decrypt	crypto/sm2/sm2_crypt.c	63	15	        re |= msg[i];	m	cjump	Os--force-vector-interleave=100|Os--force-vector-interleave=50|Os--force-vector-width=100|Os--force-vector-width=50
kdf_tls1_prf_derive	providers/implementations/kdfs/tls1_prf.c	575	20	            out[i] ^= tmp[i];	^	cjump	Os--force-vector-interleave=100|Os--force-vector-interleave=50|Os--force-vector-width=100|Os--force-vector-width=50
added_obj_hash	crypto/objects/obj_dat.c	134	20	            ret ^= p[i] << ((i * 3) % 24);	p	cjump	Os--force-vector-interleave=100|Os--force-vector-interleave=50|Os--force-vector-width=100|Os--force-vector-width=50
ossl_ffc_params_FIPS186_2_gen_verify	crypto/ffc/ffc_params_generate.c	424	19	            md[i] ^= buf2[i];	^	cjump	Os--force-vector-interleave=100|Os--force-vector-interleave=50|Os--force-vector-width=100|Os--force-vector-width=50
scalar_inverse_ntt	crypto/ml_kem/ml_kem.c	500	17	        *curr++ = tmp;	=	cjump	Os--force-vector-interleave=100|Os--force-vector-interleave=50|Os--force-vector-width=100|Os--force-vector-width=50
ossl_gf_mul	crypto/ec/curve448/arch_64/f_impl64.c	49	38	            accum1 += widemul(aa[j], bbb[i + 4 - j]);	b	cjump	Os--force-vector-interleave=100|Os--force-vector-interleave=50|Os--force-vector-width=100|Os--force-vector-width=50
finalize	providers/implementations/kdfs/argon2.c	296	12	    dst[4] = (uint8_t)(w >> 32);	=	cjump	Os--force-vector-width=100|Os--force-vector-width=50
finalize	providers/implementations/kdfs/argon2.c	295	12	    dst[3] = (uint8_t)(w >> 24);	=	cjump	Os--force-vector-width=100|Os--force-vector-width=50
CRYPTO_nistcts128_decrypt_block	crypto/modes/cts128.c	243	16	        out[n] = tmp.c[n] ^ tmp.c[n - 16];	=	cjump	Os--force-vector-interleave=100|Os--force-vector-interleave=50|Os--force-vector-width=100|Os--force-vector-width=50
OSSL_PARAM_allocate_from_text	crypto/params_from_text.c	168	25	                    *cp ^= 0xFF;	^	cjump	Os--force-vector-interleave=100|Os--force-vector-interleave=50|Os--force-vector-width=100|Os--force-vector-width=50
ossl_gf_mul	crypto/ec/curve448/arch_64/f_impl64.c	50	41	            accum0 += widemul(a[j + 4], bb[i + 4 - j]);	b	cjump	Os--force-vector-interleave=100|Os--force-vector-interleave=50|Os--force-vector-width=100|Os--force-vector-width=50
finalize	providers/implementations/kdfs/argon2.c	292	12	    dst[0] = (uint8_t)(w >> 0);	=	cjump	Os--force-vector-width=100|Os--force-vector-width=50
OPENSSL_uni2asc	crypto/pkcs12/p12_utl.c	63	26	        asctmp[i >> 1] = uni[i];	u	cjump	Os--force-vector-width=100|Os--force-vector-width=50
tls1_cipher	ssl/record/methods/tls1_meth.c	318	23	            data[ctr] = recs[ctr].data;	=	cjump	Os--force-vector-interleave=100|Os--force-vector-interleave=50|Os--force-vector-width=100|Os--force-vector-width=50
cts128_cs1_decrypt	providers/implementations/ciphers/cipher_cts.c	130	16	        out[i] = in1[i] ^ in2[i];	=	cjump	Os--force-vector-interleave=100|Os--force-vector-interleave=50|Os--force-vector-width=100|Os--force-vector-width=50
TXT_DB_read	crypto/txt_db/txt_db.c	49	22	        ret->qual[i] = NULL;	=	cjump	Os--force-vector-interleave=100|Os--force-vector-interleave=50|Os--force-vector-width=100|Os--force-vector-width=50
ossl_sm2_encrypt	crypto/sm2/sm2_crypt.c	220	21	        msg_mask[i] ^= msg[i];	^	cjump	Os--force-vector-interleave=100|Os--force-vector-interleave=50|Os--force-vector-width=100|Os--force-vector-width=50
ssl3_write_bytes	ssl/record/rec_layer_s3.c	440	34	                tmpls[j].version = recversion;	=	cjump	Os--force-vector-width=100|Os--force-vector-width=50
decap	crypto/ml_kem/ml_kem.c	874	30	        s->c[i] = decompress(s->c[i], bits);	s	cjump	Os--force-vector-width=100|Os--force-vector-width=50
finalize	providers/implementations/kdfs/argon2.c	298	12	    dst[6] = (uint8_t)(w >> 48);	=	cjump	Os--force-vector-width=100|Os--force-vector-width=50
scalar_compress	crypto/ml_kem/ml_kem.c	862	28	        s->c[i] = compress(s->c[i], bits);	s	cjump	Os--force-vector-width=100|Os--force-vector-width=50
cbd_2	crypto/ml_kem/ml_kem.c	1030	13	        b = *r++;	*	cjump	Os--force-vector-width=100|Os--force-vector-width=50
BN_BLINDING_invert_ex	crypto/bn/bn_blind.c	185	25	                n->d[i] &= mask;	&	cjump	Os--force-vector-interleave=100|Os--force-vector-interleave=50|Os--force-vector-width=100|Os--force-vector-width=50
kdf_pkcs12_derive	providers/implementations/kdfs/pkcs12kdf.c	113	18	            B[j] = Ai[j % u];	=	cjump	Os--force-vector-interleave=100|Os--force-vector-interleave=50|Os--force-vector-width=100|Os--force-vector-width=50
i2c_ibuf	crypto/asn1/a_int.c	120	28	                    pad |= b[i];	b	cjump	Os--force-vector-interleave=100|Os--force-vector-interleave=50|Os--force-vector-width=100|Os--force-vector-width=50
cts128_cs3_decrypt	providers/implementations/ciphers/cipher_cts.c	130	16	        out[i] = in1[i] ^ in2[i];	=	cjump	Os--force-vector-interleave=100|Os--force-vector-interleave=50|Os--force-vector-width=100|Os--force-vector-width=50
CAST_set_key	crypto/cast/c_skey.c	46	14	        x[i] = data[i];	=	cjump	Os--force-vector-interleave=100|Os--force-vector-interleave=50|Os--force-vector-width=100|Os--force-vector-width=50
ssl_create_cipher_list	ssl/ssl_ciph.c	701	33	                co_list[i].next = &co_list[i + 1];	=	cjump	Os--force-vector-interleave=100|Os--force-vector-interleave=50|Os--force-vector-width=100|Os--force-vector-width=50
dgram_sendmmsg	crypto/bio/bss_dgram.c	1403	44	        BIO_MSG_N(msg, stride, i).flags    = 0;	=	cjump	Os--force-vector-interleave=100|Os--force-vector-interleave=50|Os--force-vector-width=100|Os--force-vector-width=50
ssl3_cbc_digest_record	ssl/record/methods/ssl3_cbc.c	472	25	            hmac_pad[i] ^= 0x6a;	^	cjump	Os--force-vector-interleave=100|Os--force-vector-interleave=50|Os--force-vector-width=100|Os--force-vector-width=50
ossl_slh_wots_sign	crypto/slh_dsa/slh_wots.c	59	17	        csum += in[i];	i	cjump	Os--force-vector-interleave=100|Os--force-vector-interleave=50|Os--force-vector-width=100|Os--force-vector-width=50
ossl_gf_mul	crypto/ec/curve448/arch_64/f_impl64.c	48	37	            accum2 += widemul(a[j], b[i + 8 - j]);	b	cjump	Os--force-vector-interleave=100|Os--force-vector-interleave=50|Os--force-vector-width=100|Os--force-vector-width=50
bn_from_montgomery_word	crypto/bn/bn_mont.c	113	15	        rp[i] &= v;	&	cjump	Os--force-vector-interleave=100|Os--force-vector-interleave=50|Os--force-vector-width=100|Os--force-vector-width=50
finalize	providers/implementations/kdfs/argon2.c	344	60	        store64((uint8_t *)output + i * sizeof(src->v[i]), src->v[i]);	s	cjump	Os--force-vector-width=100|Os--force-vector-width=50
ossl_gf_mul	crypto/ec/curve448/arch_64/f_impl64.c	49	31	            accum1 += widemul(aa[j], bbb[i + 4 - j]);	a	cjump	Os--force-vector-interleave=100|Os--force-vector-interleave=50|Os--force-vector-width=100|Os--force-vector-width=50
ossl_rsa_padding_add_PKCS1_OAEP_mgf1_ex	crypto/rsa/rsa_oaep.c	142	17	        seed[i] ^= seedmask[i];	^	cjump	Os--force-vector-interleave=100|Os--force-vector-interleave=50|Os--force-vector-width=100|Os--force-vector-width=50
OPENSSL_asc2uni	crypto/pkcs12/p12_utl.c	33	25	        unitmp[i + 1] = asc[i >> 1];	a	cjump	Os--force-vector-width=100|Os--force-vector-width=50
gid_cb	ssl/t1_lib.c	1501	39	                    garg->ksid_arr[j] = garg->ksid_arr[j + 1]; /* shift remaining key shares */	=	cjump	Os--force-vector-interleave=100|Os--force-vector-interleave=50|Os--force-vector-width=100|Os--force-vector-width=50
OPENSSL_asc2uni	crypto/pkcs12/p12_utl.c	33	23	        unitmp[i + 1] = asc[i >> 1];	=	cjump	Os--force-vector-interleave=100|Os--force-vector-interleave=50|Os--force-vector-width=100|Os--force-vector-width=50
decap	crypto/ml_kem/ml_kem.c	585	19	        lhs->c[i] = reduce_once(lhs->c[i] - rhs->c[i] + kPrime);	=	cjump	Os--force-vector-interleave=100|Os--force-vector-interleave=50|Os--force-vector-width=100|Os--force-vector-width=50
ossl_ml_dsa_sign	crypto/ml_dsa/ml_dsa_sign.c	235	22	            count += v->poly[i].coeff[j];	v	cjump	Os--force-vector-interleave=100|Os--force-vector-interleave=50|Os--force-vector-width=100|Os--force-vector-width=50
RC4_set_key	crypto/rc4/rc4_skey.c	56	14	        d[i] = i;	=	cjump	Os--force-vector-interleave=100|Os--force-vector-interleave=50|Os--force-vector-width=100|Os--force-vector-width=50
finalize	providers/implementations/kdfs/argon2.c	293	12	    dst[1] = (uint8_t)(w >> 8);	=	cjump	Os--force-vector-width=100|Os--force-vector-width=50
dgram_sendmmsg	crypto/bio/bss_dgram.c	1402	52	        BIO_MSG_N(msg, stride, i).data_len = mh[i].msg_len;	m	cjump	Os--force-vector-width=100|Os--force-vector-width=50
OPENSSL_asc2uni	crypto/pkcs12/p12_utl.c	32	19	        unitmp[i] = 0;	=	cjump	Os--force-vector-width=100|Os--force-vector-width=50
scalar_inverse_ntt	crypto/ml_kem/ml_kem.c	499	22	        tmp = reduce(*curr * a);	*	cjump	Os--force-vector-width=100|Os--force-vector-width=50
ossl_gf_mul	crypto/ec/curve448/arch_64/f_impl64.c	48	31	            accum2 += widemul(a[j], b[i + 8 - j]);	a	cjump	Os--force-vector-width=100|Os--force-vector-width=50
HMAC_Init_ex	crypto/hmac/hmac.c	90	20	            pad[i] = 0x5c ^ keytmp[i];	=	cjump	Os--force-vector-interleave=50|Os--force-vector-width=100|Os--force-vector-width=50
cbd_2	crypto/ml_kem/ml_kem.c	1042	17	        *curr++ = value + (kPrime & mask);	=	cjump	Os--force-vector-width=100|Os--force-vector-width=50
finalize	providers/implementations/kdfs/argon2.c	294	12	    dst[2] = (uint8_t)(w >> 16);	=	cjump	Os--force-vector-width=100|Os--force-vector-width=50
finalize	providers/implementations/kdfs/argon2.c	299	12	    dst[7] = (uint8_t)(w >> 56);	=	cjump	Os--force-vector-interleave=100|Os--force-vector-interleave=50|Os--force-vector-width=100|Os--force-vector-width=50
scalar_compress	crypto/ml_kem/ml_kem.c	862	17	        s->c[i] = compress(s->c[i], bits);	=	cjump	Os--force-vector-interleave=100|Os--force-vector-interleave=50|Os--force-vector-width=100|Os--force-vector-width=50
decap	crypto/ml_kem/ml_kem.c	585	45	        lhs->c[i] = reduce_once(lhs->c[i] - rhs->c[i] + kPrime);	r	cjump	Os--force-vector-width=100|Os--force-vector-width=50
ssl3_cbc_digest_record	ssl/record/methods/ssl3_cbc.c	339	25	            hmac_pad[i] ^= 0x36;	^	cjump	Os--force-vector-interleave=50|Os--force-vector-width=100|Os--force-vector-width=50
ssl3_write_bytes	ssl/record/rec_layer_s3.c	442	33	                tmpls[j].buflen = split_send_fragment;	=	cjump	Os--force-vector-interleave=100|Os--force-vector-interleave=50|Os--force-vector-width=100|Os--force-vector-width=50
kdf_pbkdf2_derive	providers/implementations/kdfs/pbkdf2.c	464	22	                p[k] ^= digtmp[k];	^	cjump	Os--force-vector-interleave=100|Os--force-vector-interleave=50|Os--force-vector-width=100|Os--force-vector-width=50
ossl_curve448_precomputed_scalarmul	crypto/ec/curve448/curve448.c	257	26	                        (scalar1x->limb[bit / WBITS] >> (bit % WBITS) & 1) << k;	s	cjump	Os--force-vector-interleave=100|Os--force-vector-interleave=50|Os--force-vector-width=100|Os--force-vector-width=50
decap	crypto/ml_kem/ml_kem.c	874	17	        s->c[i] = decompress(s->c[i], bits);	=	cjump	Os--force-vector-interleave=100|Os--force-vector-interleave=50|Os--force-vector-width=100|Os--force-vector-width=50
tls1_cipher	ssl/record/methods/tls1_meth.c	327	23	            data[ctr] = recs[ctr].input;	=	cjump	Os--force-vector-interleave=100|Os--force-vector-interleave=50|Os--force-vector-width=100|Os--force-vector-width=50
CRYPTO_nistcts128_decrypt_block	crypto/modes/cts128.c	243	18	        out[n] = tmp.c[n] ^ tmp.c[n - 16];	t	cjump	Os--force-vector-width=100|Os--force-vector-width=50
custom_ext_init	ssl/statem/extensions_cust.c	110	25	        meth->ext_flags &= ~(SSL_EXT_FLAG_SENT | SSL_EXT_FLAG_RECEIVED);	&	cjump	Os--force-vector-interleave=100|Os--force-vector-interleave=50|Os--force-vector-width=100|Os--force-vector-width=50
finalize	providers/implementations/kdfs/argon2.c	297	12	    dst[5] = (uint8_t)(w >> 40);	=	cjump	Os--force-vector-width=100|Os--force-vector-width=50
fill_block	providers/implementations/kdfs/argon2.c	328	19	        dst->v[i] ^= src->v[i];	^	cjump	Os--force-vector-interleave=50|Os--force-vector-width=100|Os--force-vector-width=50
ossl_rsa_verify_PKCS1_PSS_mgf1	crypto/rsa/rsa_pss.c	114	15	        DB[i] ^= EM[i];	^	cjump	Os--force-vector-interleave=100|Os--force-vector-interleave=50|Os--force-vector-width=100|Os--force-vector-width=50
RSA_padding_check_PKCS1_OAEP_mgf1	crypto/rsa/rsa_oaep.c	266	15	        db[i] ^= maskeddb[i];	^	cjump	Os--force-vector-interleave=100|Os--force-vector-interleave=50|Os--force-vector-width=100|Os--force-vector-width=50
encrypt_cpa	crypto/ml_kem/ml_kem.c	576	45	        lhs->c[i] = reduce_once(lhs->c[i] + rhs->c[i]);	r	cjump	Os--force-vector-width=100|Os--force-vector-width=50
HMAC_Init_ex	crypto/hmac/hmac.c	83	20	            pad[i] = 0x36 ^ keytmp[i];	=	cjump	Os--force-vector-interleave=50|Os--force-vector-width=100|Os--force-vector-width=50
cbd_2	crypto/ml_kem/ml_kem.c	1047	17	        *curr++ = value + (kPrime & mask);	=	cjump	Os--force-vector-interleave=100|Os--force-vector-interleave=50|Os--force-vector-width=100|Os--force-vector-width=50
cbd_3	crypto/ml_kem/ml_kem.c	1100	17	        *curr++ = value + (kPrime & mask);	=	cjump	Os--force-vector-interleave=50|Os--force-vector-width=50
julian_adj	crypto/o_time.c	182	48	        (367 * (m - 2 - 12 * ((m - 14) / 12))) / 12 -	/	cjump	Os--expand-div-rem-bits=0|Oz--expand-div-rem-bits=0
bytepad	providers/implementations/macs/kmac_prov.c	612	37	        *out_len = (sz + w - 1) / w * w;	*	cjump	Os--expand-div-rem-bits=0|Os--expand-div-rem-bits=50|Oz--expand-div-rem-bits=0|Oz--expand-div-rem-bits=50
julian_adj	crypto/o_time.c	183	42	        (3 * ((y + 4900 + (m - 14) / 12) / 100)) / 4 + d - 32075;	/	cjump	Os--expand-div-rem-bits=0|Oz--expand-div-rem-bits=0
bytepad	providers/implementations/macs/kmac_prov.c	632	28	    sz = (len + w - 1) / w * w;	*	cjump	Os--expand-div-rem-bits=0|Os--expand-div-rem-bits=50|Oz--expand-div-rem-bits=0|Oz--expand-div-rem-bits=50
julian_adj	crypto/o_time.c	181	41	    return (1461 * (y + 4800 + (m - 14) / 12)) / 4 +	/	cjump	Os--expand-div-rem-bits=0|Oz--expand-div-rem-bits=0
DES_ede3_cfb_encrypt	crypto/des/cfb64ede.c	142	43	                        ovec[i] |= ovec[i + 1] >> (8 - num % 8);	+	cjump	Os--mips-mixed-16-32
DES_ede3_cfb_encrypt	crypto/des/cfb64ede.c	179	43	                        ovec[i] |= ovec[i + 1] >> (8 - num % 8);	+	cjump	Os--mips-mixed-16-32
CRYPTO_cfb128_1_encrypt	crypto/modes/cfb128.c	180	59	            ivec[n] = ovec[n + num] << rem | ovec[n + num + 1] >> (8 - rem);	+	cjump	Os--mips-mixed-16-32
qc_set_default_xso_keep_ref	ssl/quic/quic_impl.c	64	77	    *ret = atomic_fetch_sub_explicit(&refcnt->val, 1, memory_order_release) - 1;	-	cjump	Os-ftrapv|Oz-ftrapv
cipher_hw_rc4_hmac_md5_init_mackey	providers/implementations/ciphers/cipher_rc4_hmac_md5_hw.c	209	21	        hmac_key[i] ^= 0x36; /* ipad */	^	cjump	Os--force-vector-width=50
rc4_hmac_md5_ctrl	crypto/evp/e_rc4_hmac_md5.c	213	29	                hmac_key[i] ^= 0x36 ^ 0x5c; /* opad */	^	cjump	Os--force-vector-width=50
rc4_hmac_md5_ctrl	crypto/evp/e_rc4_hmac_md5.c	208	29	                hmac_key[i] ^= 0x36; /* ipad */	^	cjump	Os--force-vector-width=50
cbd_3	crypto/ml_kem/ml_kem.c	1090	17	        *curr++ = value + (kPrime & mask);	=	cjump	Os--force-vector-width=50
cbd_3	crypto/ml_kem/ml_kem.c	1073	14	        b3 = *r++;	*	cjump	Os--force-vector-width=50
cbd_3	crypto/ml_kem/ml_kem.c	1095	17	        *curr++ = value + (kPrime & mask);	=	cjump	Os--force-vector-width=50
cipher_hw_rc4_hmac_md5_init_mackey	providers/implementations/ciphers/cipher_rc4_hmac_md5_hw.c	214	21	        hmac_key[i] ^= 0x36 ^ 0x5c; /* opad */	^	cjump	Os--force-vector-width=50
cbd_3	crypto/ml_kem/ml_kem.c	1085	17	        *curr++ = value + (kPrime & mask);	=	cjump	Os--force-vector-width=50
BN_dec2bn	crypto/bn/bn_conv.c	236	24	    j = BN_DEC_NUM - i % BN_DEC_NUM;	%	mdiv	Oz--disable-lsr|Oz--jump-threading-threshold=0|Oz--lsr-drop-solution|Oz-fprofile-arcs|Oz-fprofile-generate|Oz-fprofile-instr-generate
fmtfp	crypto/bio/bio_print.c	705	59	        if (style == G_FORMAT && fplace == 0 && (fracpart % 10) == 0) {	%	mdiv	Oz--simplifycfg-branch-fold-threshold=0|Oz-fprofile-arcs|Oz-fprofile-instr-generate
rcidm_tick	ssl/quic/quic_rcidm.c	484	29	        rcidm->packets_sent %= PACKETS_PER_RCID;	%	mdiv	Oz-fprofile-arcs|Oz-fprofile-instr-generate
fmtfp	crypto/bio/bio_print.c	713	52	        fconvert[fplace++] = "0123456789"[fracpart % 10];	%	mdiv	Oz--simplifycfg-branch-fold-threshold=0|Oz-fprofile-arcs|Oz-fprofile-instr-generate
OSSL_sleep	crypto/sleep.c	62	36	    ts.tv_sec = (long int) (millis / 1000);	/	mdiv	Oz--mips-mixed-16-32
def_time_cb	crypto/ts/ts_rsp_sign.c	108	30	    tv.tv_sec = (time_t)(t.t / OSSL_TIME_SECOND);	/	mdiv	Oz--mips-mixed-16-32
fmtfp	crypto/bio/bio_print.c	697	28	        intpart = (intpart / 10);	/	mdiv	Oz--mips-mixed-16-32
ossl_asn1_time_to_tm	crypto/asn1/a_time.c	70	11	    c = y / 100;	/	mdiv	Oz--mips-mixed-16-32
dtls1_bio_set_next_timeout	ssl/d1_lib.c	108	30	    tv.tv_sec = (time_t)(t.t / OSSL_TIME_SECOND);	/	mdiv	Oz--mips-mixed-16-32
SCT_print	crypto/ct/ct_prn.c	37	46	                             (int)(timestamp / 86400000),	/	mdiv	Oz--mips-mixed-16-32
ossl_crypto_condvar_wait_timeout	crypto/thread/arch/thread_posix.c	195	15	            = ossl_time2seconds(deadline);	o	mdiv	Oz--mips-mixed-16-32
dgram_read	crypto/bio/bss_dgram.c	108	30	    tv.tv_sec = (time_t)(t.t / OSSL_TIME_SECOND);	/	mdiv	Oz--mips-mixed-16-32
json_u64	ssl/quic/json_enc.c	551	34	        for (*p = '\0'; v > 0; v /= 10)	/	mdiv	Oz--mips-mixed-16-32
OSSL_HTTP_proxy_connect	crypto/http/http_client.c	1406	17	    outl = (len / 3);	/	mdiv	Oz--mips-mixed-16-32
fmtfp	crypto/bio/bio_print.c	714	30	        fracpart = (fracpart / 10);	/	mdiv	Oz--mips-mixed-16-32
OPENSSL_gmtime_adj	crypto/o_time.c	95	28	    tm->tm_min = (time_sec / 60) % 60;	/	mdiv	Oz--mips-mixed-16-32
dtls1_ctrl	ssl/d1_lib.c	108	30	    tv.tv_sec = (time_t)(t.t / OSSL_TIME_SECOND);	/	mdiv	Oz--mips-mixed-16-32
ossl_quic_get_event_timeout	ssl/quic/quic_impl.c	108	30	    tv.tv_sec = (time_t)(t.t / OSSL_TIME_SECOND);	/	mdiv	Oz--mips-mixed-16-32
i2a_ASN1_STRING	crypto/asn1/f_string.c	29	28	        for (i = 0; i < a->length; i++) {	l	mdiv	Oz--enable-gvn-memdep=false|Oz--gvn-max-num-deps=0|Oz--memdep-block-number-limit=0|Oz--unroll-threshold=100|Oz-ftrapv
added_obj_hash	crypto/objects/obj_dat.c	134	37	            ret ^= p[i] << ((i * 3) % 24);	%	mdiv	Oz--disable-lsr|Oz--scalar-evolution-huge-expr-threshold=0|Oz-ftrapv|Oz-fwrapv
i2a_ASN1_INTEGER	crypto/asn1/f_int.c	35	28	        for (i = 0; i < a->length; i++) {	l	mdiv	Oz--enable-gvn-memdep=false|Oz--gvn-max-num-deps=0|Oz--memdep-block-number-limit=0|Oz--unroll-threshold=100|Oz-ftrapv
ossl_punycode_decode	crypto/punycode.c	49	13	    delta = (firsttime) ? delta / damp : delta / 2;	(	mdiv	Oz--two-entry-phi-node-folding-threshold=100|Oz--two-entry-phi-node-folding-threshold=50
leap_year	crypto/asn1/a_time.c	39	25	    if (year % 400 == 0 || (year % 100 != 0 && year % 4 == 0))	|	mdiv	Oz--two-entry-phi-node-folding-threshold=100|Oz--two-entry-phi-node-folding-threshold=50
ossl_quic_txpim_pkt_append_chunk	ssl/quic/quic_txpim.c	166	28	        new_alloc_chunks = (ex->alloc_chunks == 0) ? 4 : ex->alloc_chunks * 8 / 5;	(	mdiv	Oz--two-entry-phi-node-folding-threshold=100|Oz--two-entry-phi-node-folding-threshold=50
ossl_quic_sstream_append	ssl/quic/quic_sstream.c	131	30	        idx = r->head_offset % r->alloc;	%	mdiv	Oz--inline-call-penalty=-1|Oz--inline-call-penalty=100|Oz--inline-instr-cost=-1|Oz--inline-instr-cost=0|Oz--inline-threshold=100|Oz-fprofile-generate
read_internal	ssl/quic/quic_rstream.c	155	26	    idx = logical_offset % r->alloc;	%	mdiv	Oz--inline-call-penalty=-1|Oz--inline-call-penalty=100|Oz--inline-call-penalty=50|Oz--inline-instr-cost=-1|Oz--inline-instr-cost=0|Oz--inline-threshold=100|Oz--inline-threshold=50|Oz-fprofile-generate
ossl_quic_rstream_get_record	ssl/quic/quic_rstream.c	155	26	    idx = logical_offset % r->alloc;	%	mdiv	Oz--inline-call-penalty=-1|Oz--inline-call-penalty=100|Oz--inline-call-penalty=50|Oz--inline-instr-cost=-1|Oz--inline-instr-cost=0|Oz--inline-threshold=100|Oz--inline-threshold=50|Oz-fprofile-generate
ossl_quic_sstream_get_stream_frame	ssl/quic/quic_sstream.c	189	26	    idx = logical_offset % r->alloc;	%	mdiv	Oz--inline-call-penalty=-1|Oz--inline-call-penalty=100|Oz--inline-call-penalty=50|Oz--inline-instr-cost=-1|Oz--inline-instr-cost=0|Oz--inline-threshold=100|Oz--inline-threshold=50|Oz-fprofile-generate
ossl_bio_print_labeled_bignum	crypto/encode_decode/encoder_lib.c	759	20	        if ((bytes % 15) == 0 && bytes > 0) {	%	mdiv	Oz--disable-lsr|Oz--jump-threading-across-loop-headers|Oz-fwrapv
CRYPTO_gcm128_decrypt	crypto/modes/gcm128.c	1087	13	            while (len >= GHASH_CHUNK) {	w	mdiv	Oz--scev-cheap-expansion-budget=100|Oz--scev-cheap-expansion-budget=50
ossl_ml_dsa_pk_decode	crypto/ml_dsa/ml_dsa_encoders.c	168	5	    do {	d	mdiv	Oz--scev-cheap-expansion-budget=100|Oz--scev-cheap-expansion-budget=50
evp_encodeblock_int	crypto/evp/encode.c	243	10	    for (i = dlen; i > 0; i -= 3) {	i	mdiv	Oz--scev-cheap-expansion-budget=100|Oz--scev-cheap-expansion-budget=50
CRYPTO_gcm128_encrypt_ctr32	crypto/modes/gcm128.c	1313	5	    while (len >= GHASH_CHUNK) {	w	mdiv	Oz--scev-cheap-expansion-budget=100|Oz--scev-cheap-expansion-budget=50
asn1_print_fsname	crypto/asn1/tasn_prn.c	336	5	    while (indent > nspaces) {	w	mdiv	Oz--scev-cheap-expansion-budget=100|Oz--scev-cheap-expansion-budget=50
CRYPTO_gcm128_decrypt_ctr32	crypto/modes/gcm128.c	1469	5	    while (len >= GHASH_CHUNK) {	w	mdiv	Oz--scev-cheap-expansion-budget=100|Oz--scev-cheap-expansion-budget=50
gmac_update	providers/implementations/macs/gmac_prov.c	136	5	    while (datalen > INT_MAX) {	w	mdiv	Oz--scev-cheap-expansion-budget=100|Oz--scev-cheap-expansion-budget=50
CRYPTO_gcm128_encrypt	crypto/modes/gcm128.c	860	13	            while (len >= GHASH_CHUNK) {	w	mdiv	Oz--scev-cheap-expansion-budget=100|Oz--scev-cheap-expansion-budget=50
ossl_quic_sstream_has_pending	ssl/quic/quic_sstream.c	189	26	    idx = logical_offset % r->alloc;	%	mdiv	Oz--inline-call-penalty=-1|Oz--inline-instr-cost=-1
ossl_property_list_to_string	crypto/property/property_parse.c	680	38	    for (; tmpval > 9; len++, tmpval /= 10);	/	mdiv	Oz--sroa-skip-mem2reg
_ZL9print_binP6bio_stPKcPKhmi.__uniq.202595422678337510962180091241420080633	crypto/ec/eck_prn.c	246	17	    for (i = 0; i < len; i++) {	i	mdiv	Oz-fpseudo-probe-for-profiling
print_bignum_var	apps/lib/apps.c	1403	21	        for (i = 0; i < l; i++) {	i	mdiv	Oz-fpseudo-probe-for-profiling
X509_signature_dump	crypto/x509/t_x509.c	271	17	    for (i = 0; i < n; i++) {	i	mdiv	Oz-fpseudo-probe-for-profiling
ASN1_buf_print	crypto/asn1/t_pkey.c	25	17	    for (i = 0; i < buflen; i++) {	i	mdiv	Oz-fpseudo-probe-for-profiling
print_array	apps/lib/apps.c	1419	17	    for (i = 0; i < len; i++) {	i	mdiv	Oz-fpseudo-probe-for-profiling
_ZL14added_obj_hashPK12added_obj_st.__uniq.165759731786213027101971633182107105984	crypto/objects/obj_dat.c	133	21	        for (i = 0; i < a->length; i++)	i	mdiv	Oz-fpseudo-probe-for-profiling
i2a_ASN1_INTEGER	crypto/asn1/f_int.c	35	21	        for (i = 0; i < a->length; i++) {	i	mdiv	Oz-fpseudo-probe-for-profiling
ossl_bio_print_labeled_bignum	crypto/encode_decode/encoder_lib.c	757	13	    while (*p != '\0') {	p	mdiv	Oz-fpseudo-probe-for-profiling
ossl_bio_print_labeled_buf	crypto/encode_decode/encoder_lib.c	788	17	    for (i = 0; i < buflen; i++) {	i	mdiv	Oz-fpseudo-probe-for-profiling
ossl_ffc_params_print	crypto/ffc/ffc_params.c	303	21	        for (i = 0; i < ffc->seedlen; i++) {	i	mdiv	Oz-fpseudo-probe-for-profiling
i2a_ASN1_STRING	crypto/asn1/f_string.c	29	21	        for (i = 0; i < a->length; i++) {	i	mdiv	Oz-fpseudo-probe-for-profiling
_ZL5fmtfpPPcS0_PmS1_diiii.__uniq.232889095221120901334565011838152153734	crypto/bio/bio_print.c	705	59	        if (style == G_FORMAT && fplace == 0 && (fracpart % 10) == 0) {	%	mdiv	Oz-fpseudo-probe-for-profiling
NETSCAPE_SPKI_print	crypto/asn1/t_spki.c	48	17	    for (i = 0; i < n; i++) {	i	mdiv	Oz-fpseudo-probe-for-profiling
_ZL5fmtfpPPcS0_PmS1_diiii.__uniq.232889095221120901334565011838152153734	crypto/bio/bio_print.c	713	52	        fconvert[fplace++] = "0123456789"[fracpart % 10];	%	mdiv	Oz-fpseudo-probe-for-profiling
print_array	apps/lib/apps.c	1420	16	        if ((i % 10) == 0)	%	mdiv	Oz--disable-lsr
do_passwd	apps/passwd.c	682	15	        if (n % 3) {	%	mdiv	Oz--disable-lsr
ossl_ffc_params_print	crypto/ffc/ffc_params.c	304	20	            if ((i % 15) == 0) {	%	mdiv	Oz--disable-lsr
print_bignum_var	apps/lib/apps.c	1404	32	            BIO_printf(out, (i % 10) == 0 ? "\n        " : " ");	%	mdiv	Oz--disable-lsr
ASN1_buf_print	crypto/asn1/t_pkey.c	26	16	        if ((i % ASN1_BUF_PRINT_WIDTH) == 0) {	%	mdiv	Oz--disable-lsr
print_bin	crypto/ec/eck_prn.c	247	16	        if ((i % 15) == 0) {	%	mdiv	Oz--disable-lsr
do_passwd	apps/passwd.c	686	15	        if (n % 7) {	%	mdiv	Oz--disable-lsr
X509_signature_dump	crypto/x509/t_x509.c	272	16	        if ((i % 18) == 0) {	%	mdiv	Oz--disable-lsr
ossl_bio_print_labeled_buf	crypto/encode_decode/encoder_lib.c	789	16	        if ((i % LABELED_BUF_PRINT_WIDTH) == 0) {	%	mdiv	Oz--disable-lsr
NETSCAPE_SPKI_print	crypto/asn1/t_spki.c	49	16	        if ((i % 18) == 0)	%	mdiv	Oz--disable-lsr
dtls1_bio_set_next_timeout	ssl/d1_lib.c	108	30	    tv.tv_sec = (time_t)(t.t / OSSL_TIME_SECOND);	/	cjump	Oz--expand-div-rem-bits=0|Oz--expand-div-rem-bits=50
dtls1_bio_set_next_timeout	ssl/d1_lib.c	110	23	    tv.tv_usec = (t.t % OSSL_TIME_SECOND) / OSSL_TIME_US;	%	cjump	Oz--expand-div-rem-bits=0|Oz--expand-div-rem-bits=50
gid_cb	ssl/t1_lib.c	1472	25	            garg->gidcnt--; /* ..and update the book keeping for the number of groups */	-	mmem	Oz-fprofile-generate
dtls1_bio_set_next_timeout	ssl/d1_lib.c	110	43	    tv.tv_usec = (t.t % OSSL_TIME_SECOND) / OSSL_TIME_US;	/	cjump	Oz--expand-div-rem-bits=0
