function	file	line	col	source	char	type	optimization
cmd_Certificate	ssl/ssl_conf.c	460	33	        size_t fileidx = c->key - c->pkeys;	-	cjump	O0--expand-div-rem-bits=0|O0--expand-div-rem-bits=50|O1--expand-div-rem-bits=0|O1--expand-div-rem-bits=50|O2--expand-div-rem-bits=0|O2--expand-div-rem-bits=50|O3--expand-div-rem-bits=0|O3--expand-div-rem-bits=50|Ofast--expand-div-rem-bits=0|Ofast--expand-div-rem-bits=50|Os--expand-div-rem-bits=0|Os--expand-div-rem-bits=50|Oz--expand-div-rem-bits=0|Oz--expand-div-rem-bits=50
ossl_crypto_condvar_wait_timeout	crypto/thread/arch/thread_posix.c	197	42	            = (ossl_time2ticks(deadline) % OSSL_TIME_SECOND) / OSSL_TIME_NS;	%	cjump	O0--expand-div-rem-bits=0|O0--expand-div-rem-bits=50
s_time_main	apps/s_time.c	400	73	             nConn, (long)time(NULL) - finishtime + maxtime, bytes_read / nConn);	/	cjump	O0--expand-div-rem-bits=0|O0--expand-div-rem-bits=50|O1--expand-div-rem-bits=0|O1--expand-div-rem-bits=50|O2--expand-div-rem-bits=0|O2--expand-div-rem-bits=50|O3--expand-div-rem-bits=0|O3--expand-div-rem-bits=50|Ofast--expand-div-rem-bits=0|Ofast--expand-div-rem-bits=50|Os--expand-div-rem-bits=0|Os--expand-div-rem-bits=50|Oz--expand-div-rem-bits=0|Oz--expand-div-rem-bits=50
ossl_ec_wNAF_mul	crypto/ec/ec_mult.c	481	46	            numblocks = (BN_num_bits(scalar) / blocksize) + 1;	/	cjump	O0--expand-div-rem-bits=0|O0--expand-div-rem-bits=50|O1--expand-div-rem-bits=0|O1--expand-div-rem-bits=50|O2--expand-div-rem-bits=0|O2--expand-div-rem-bits=50|O3--expand-div-rem-bits=0|O3--expand-div-rem-bits=50|Ofast--expand-div-rem-bits=0|Ofast--expand-div-rem-bits=50|Os--expand-div-rem-bits=0|Os--expand-div-rem-bits=50|Oz--expand-div-rem-bits=0|Oz--expand-div-rem-bits=50
tls13_add_record_padding	ssl/record/methods/tls13_meth.c	384	38	                    remainder = rlen % bp;	%	cjump	O0--expand-div-rem-bits=0|O0--expand-div-rem-bits=50|O1--expand-div-rem-bits=0|O1--expand-div-rem-bits=50|O2--expand-div-rem-bits=0|O2--expand-div-rem-bits=50|O3--expand-div-rem-bits=0|O3--expand-div-rem-bits=50|Ofast--expand-div-rem-bits=0|Ofast--expand-div-rem-bits=50|Os--expand-div-rem-bits=0|Os--expand-div-rem-bits=50|Oz--expand-div-rem-bits=0|Oz--expand-div-rem-bits=50
fmtfp	crypto/bio/bio_print.c	714	30	        fracpart = (fracpart / 10);	/	cjump	O0--expand-div-rem-bits=0|O0--expand-div-rem-bits=50|O1--expand-div-rem-bits=0|O1--expand-div-rem-bits=50|O2--expand-div-rem-bits=0|O2--expand-div-rem-bits=50|O3--expand-div-rem-bits=0|O3--expand-div-rem-bits=50|Ofast--expand-div-rem-bits=0|Ofast--expand-div-rem-bits=50|Os--expand-div-rem-bits=0|Os--expand-div-rem-bits=50|Oz--expand-div-rem-bits=0|Oz--expand-div-rem-bits=50
ssl3_cbc_digest_record	ssl/record/methods/ssl3_cbc.c	311	49	    index_b = (mac_end_offset + md_length_size) / md_block_size;	/	cjump	O0--expand-div-rem-bits=0|O0--expand-div-rem-bits=50|O1--expand-div-rem-bits=0|O1--expand-div-rem-bits=50|Oz--expand-div-rem-bits=0
ssl_cert_set_current	ssl/ssl_cert.c	400	31	        idx = (size_t)(c->key - c->pkeys + 1);	-	cjump	O0--expand-div-rem-bits=0|O0--expand-div-rem-bits=50|O1--expand-div-rem-bits=0|O1--expand-div-rem-bits=50|O2--expand-div-rem-bits=0|O2--expand-div-rem-bits=50|O3--expand-div-rem-bits=0|O3--expand-div-rem-bits=50|Ofast--expand-div-rem-bits=0|Ofast--expand-div-rem-bits=50|Os--expand-div-rem-bits=0|Os--expand-div-rem-bits=50|Oz--expand-div-rem-bits=0|Oz--expand-div-rem-bits=50
cmd_Certificate	ssl/ssl_conf.c	465	60	            char **pfilename = &cctx->cert_filename[c->key - c->pkeys];	-	cjump	O0--expand-div-rem-bits=0|O0--expand-div-rem-bits=50
kek_wrap_key	crypto/cms/cms_pwri.c	270	39	    olen = (inlen + 4 + blocklen - 1) / blocklen;	/	cjump	O0--expand-div-rem-bits=0|O0--expand-div-rem-bits=50
ssl3_write_bytes	ssl/record/rec_layer_s3.c	448	28	            tmppipelen = n / maxpipes;	/	cjump	O0--expand-div-rem-bits=0|O0--expand-div-rem-bits=50
timestamp_print	crypto/ct/ct_prn.c	38	53	                             (timestamp % 86400000) / 1000);	/	cjump	O0--expand-div-rem-bits=0|O0--expand-div-rem-bits=50
DTLS_get_data_mtu	ssl/d1_lib.c	965	21	        mtu -= (mtu % blocksize);	%	cjump	O0--expand-div-rem-bits=0|O0--expand-div-rem-bits=50|O1--expand-div-rem-bits=0|O1--expand-div-rem-bits=50|O2--expand-div-rem-bits=0|O2--expand-div-rem-bits=50|O3--expand-div-rem-bits=0|O3--expand-div-rem-bits=50|Ofast--expand-div-rem-bits=0|Ofast--expand-div-rem-bits=50|Os--expand-div-rem-bits=0|Os--expand-div-rem-bits=50|Oz--expand-div-rem-bits=0|Oz--expand-div-rem-bits=50
bytepad	providers/implementations/macs/kmac_prov.c	612	33	        *out_len = (sz + w - 1) / w * w;	/	cjump	O0--expand-div-rem-bits=0|O0--expand-div-rem-bits=50
ossl_ec_wNAF_precompute_mult	crypto/ec/ec_mult.c	876	40	    numblocks = (bits + blocksize - 1) / blocksize; /* max. number of blocks	/	cjump	O0--expand-div-rem-bits=0|O0--expand-div-rem-bits=50
julian_to_date	crypto/o_time.c	193	26	    i = (4000 * (L + 1)) / 1461001;	/	cjump	O0--expand-div-rem-bits=0|O0--expand-div-rem-bits=50
ossl_ffc_params_FIPS186_4_gen_verify	crypto/ffc/ffc_params_generate.c	679	17	    n = (L - 1) / (mdsize << 3);	/	cjump	O0--expand-div-rem-bits=0|O0--expand-div-rem-bits=50|O2--expand-div-rem-bits=0|O2--expand-div-rem-bits=50|O3--expand-div-rem-bits=0|O3--expand-div-rem-bits=50|Ofast--expand-div-rem-bits=0|Ofast--expand-div-rem-bits=50|Os--expand-div-rem-bits=0|Os--expand-div-rem-bits=50|Oz--expand-div-rem-bits=0|Oz--expand-div-rem-bits=50
ossl_ffc_params_FIPS186_2_gen_verify	crypto/ffc/ffc_params_generate.c	947	21	        n = (L - 1) / 160;	/	cjump	O0--expand-div-rem-bits=0|O0--expand-div-rem-bits=50
sh_setbit	crypto/mem_sec.c	388	45	    bit = (ONE << list) + ((ptr - sh.arena) / (sh.arena_size >> list));	/	cjump	O0--expand-div-rem-bits=0|O0--expand-div-rem-bits=50|O1--expand-div-rem-bits=0|O1--expand-div-rem-bits=50|O2--expand-div-rem-bits=0|O2--expand-div-rem-bits=50|O3--expand-div-rem-bits=0|O3--expand-div-rem-bits=50|Ofast--expand-div-rem-bits=0|Ofast--expand-div-rem-bits=50|Os--expand-div-rem-bits=0|Os--expand-div-rem-bits=50|Oz--expand-div-rem-bits=0|Oz--expand-div-rem-bits=50
julian_adj	crypto/o_time.c	140	29	    offset_day = offset_sec / SECS_PER_DAY;	/	cjump	O0--expand-div-rem-bits=0|O0--expand-div-rem-bits=50|Os--expand-div-rem-bits=0|Os--expand-div-rem-bits=50|Oz--expand-div-rem-bits=0|Oz--expand-div-rem-bits=50
ssl3_write_bytes	ssl/record/rec_layer_s3.c	449	24	            remain = n % maxpipes;	%	cjump	O0--expand-div-rem-bits=0|O0--expand-div-rem-bits=50
DES_quad_cksum	crypto/des/qud_cksm.c	69	34	                  & 0xffffffffL) % 0x7fffffffL;	%	cjump	O0--expand-div-rem-bits=0|O0--expand-div-rem-bits=50
ssl3_cbc_digest_record	ssl/record/methods/ssl3_cbc.c	301	24	    c = mac_end_offset % md_block_size;	%	cjump	O0--expand-div-rem-bits=0|O0--expand-div-rem-bits=50
OBJ_obj2txt	crypto/objects/obj_dat.c	563	29	                i = (int)(l / 40);	/	cjump	O0--expand-div-rem-bits=0|O0--expand-div-rem-bits=50|O1--expand-div-rem-bits=0|O1--expand-div-rem-bits=50
bytepad	providers/implementations/macs/kmac_prov.c	632	24	    sz = (len + w - 1) / w * w;	/	cjump	O0--expand-div-rem-bits=0|O0--expand-div-rem-bits=50
OPENSSL_LH_node_usage_stats_bio	crypto/lhash/lh_stats.c	125	52	               (int)(total / n_used), (int)((total % n_used) * 100 / n_used));	%	cjump	O0--expand-div-rem-bits=0|O0--expand-div-rem-bits=50
scryptROMix	providers/implementations/kdfs/scrypt.c	408	33	        j = X[16 * (2 * r - 1)] % N;	%	cjump	O0--expand-div-rem-bits=0|O0--expand-div-rem-bits=50
tls1_get_legacy_sigalg	ssl/t1_lib.c	2495	32	            idx = s->cert->key - s->cert->pkeys;	-	cjump	O0--expand-div-rem-bits=0|O0--expand-div-rem-bits=50|O1--expand-div-rem-bits=0|O1--expand-div-rem-bits=50|O2--expand-div-rem-bits=0|O2--expand-div-rem-bits=50|O3--expand-div-rem-bits=0|O3--expand-div-rem-bits=50|Ofast--expand-div-rem-bits=0|Ofast--expand-div-rem-bits=50|Os--expand-div-rem-bits=0|Os--expand-div-rem-bits=50|Oz--expand-div-rem-bits=0|Oz--expand-div-rem-bits=50
timestamp_print	crypto/ct/ct_prn.c	37	46	                             (int)(timestamp / 86400000),	/	cjump	O0--expand-div-rem-bits=0|O0--expand-div-rem-bits=50
fmtint	crypto/bio/bio_print.c	469	26	        uvalue = (uvalue / (unsigned)base);	/	cjump	O0--expand-div-rem-bits=0|O0--expand-div-rem-bits=50|O1--expand-div-rem-bits=0|O1--expand-div-rem-bits=50|O2--expand-div-rem-bits=0|O2--expand-div-rem-bits=50|O3--expand-div-rem-bits=0|O3--expand-div-rem-bits=50|Ofast--expand-div-rem-bits=0|Ofast--expand-div-rem-bits=50|Os--expand-div-rem-bits=0|Os--expand-div-rem-bits=50|Oz--expand-div-rem-bits=0|Oz--expand-div-rem-bits=50
rcidm_roll	ssl/quic/quic_rcidm.c	484	29	        rcidm->packets_sent %= PACKETS_PER_RCID;	%	cjump	O0--expand-div-rem-bits=0|O0--expand-div-rem-bits=50
fill_segment	providers/implementations/kdfs/argon2.c	525	34	        ref_lane = ((rnd >> 32)) % ctx->lanes;	%	cjump	O0--expand-div-rem-bits=0|O0--expand-div-rem-bits=50|O1--expand-div-rem-bits=0|O1--expand-div-rem-bits=50|O2--expand-div-rem-bits=0|O3--expand-div-rem-bits=0|Ofast--expand-div-rem-bits=0|Os--expand-div-rem-bits=0|Oz--expand-div-rem-bits=0
tls_collect_extensions	ssl/statem/extensions.c	659	22	        idx = thisex - raw_extensions;	-	cjump	O0--expand-div-rem-bits=0|O0--expand-div-rem-bits=50|O1--expand-div-rem-bits=0|O1--expand-div-rem-bits=50|O2--expand-div-rem-bits=0|O2--expand-div-rem-bits=50|O3--expand-div-rem-bits=0|O3--expand-div-rem-bits=50|Ofast--expand-div-rem-bits=0|Ofast--expand-div-rem-bits=50|Os--expand-div-rem-bits=0|Os--expand-div-rem-bits=50|Oz--expand-div-rem-bits=0|Oz--expand-div-rem-bits=50
ssl3_cipher	ssl/record/methods/ssl3_meth.c	132	21	        i = bs - (l % bs);	%	cjump	O0--expand-div-rem-bits=0|O0--expand-div-rem-bits=50|O1--expand-div-rem-bits=0|O1--expand-div-rem-bits=50|O2--expand-div-rem-bits=0|O2--expand-div-rem-bits=50|O3--expand-div-rem-bits=0|O3--expand-div-rem-bits=50|Ofast--expand-div-rem-bits=0|Ofast--expand-div-rem-bits=50|Os--expand-div-rem-bits=0|Os--expand-div-rem-bits=50|Oz--expand-div-rem-bits=0|Oz--expand-div-rem-bits=50
n_fold	providers/implementations/kdfs/krb5kdf.c	329	35	        tmp = (constant[(rbyte-1) % constant_len] << (8 - rshift)	%	cjump	O0--expand-div-rem-bits=0|O0--expand-div-rem-bits=50
julian_to_date	crypto/o_time.c	197	11	    L = j / 11;	/	cjump	O0--expand-div-rem-bits=0|O0--expand-div-rem-bits=50
sh_find_my_buddy	crypto/mem_sec.c	623	44	    bit = (ONE << list) + (ptr - sh.arena) / (sh.arena_size >> list);	/	cjump	O0--expand-div-rem-bits=0|O0--expand-div-rem-bits=50|Os--expand-div-rem-bits=0|Os--expand-div-rem-bits=50|Oz--expand-div-rem-bits=0|Oz--expand-div-rem-bits=50
ssl3_cbc_digest_record	ssl/record/methods/ssl3_cbc.c	306	30	    index_a = mac_end_offset / md_block_size;	/	cjump	O0--expand-div-rem-bits=0|O0--expand-div-rem-bits=50|O1--expand-div-rem-bits=0|O1--expand-div-rem-bits=50|Oz--expand-div-rem-bits=0
getrn	crypto/lhash/lhash.c	333	15	    nn = hash % lh->pmax;	%	cjump	O0--expand-div-rem-bits=0|O0--expand-div-rem-bits=50|Os--expand-div-rem-bits=0|Os--expand-div-rem-bits=50|Oz--expand-div-rem-bits=0|Oz--expand-div-rem-bits=50
fmtfp	crypto/bio/bio_print.c	708	33	            fracpart = fracpart / 10;	/	cjump	O0--expand-div-rem-bits=0|O0--expand-div-rem-bits=50|O1--expand-div-rem-bits=0|O1--expand-div-rem-bits=50|O2--expand-div-rem-bits=0|O2--expand-div-rem-bits=50|O3--expand-div-rem-bits=0|O3--expand-div-rem-bits=50|Ofast--expand-div-rem-bits=0|Ofast--expand-div-rem-bits=50|Os--expand-div-rem-bits=0|Os--expand-div-rem-bits=50|Oz--expand-div-rem-bits=0|Oz--expand-div-rem-bits=50
fmtfp	crypto/bio/bio_print.c	696	51	        iconvert[iplace++] = "0123456789"[intpart % 10];	%	cjump	O0--expand-div-rem-bits=0|O0--expand-div-rem-bits=50
add_entry	apps/rehash.c	129	38	    unsigned int ndx = (type + hash) % OSSL_NELEM(hash_table);	%	cjump	O0--expand-div-rem-bits=0|O0--expand-div-rem-bits=50|O1--expand-div-rem-bits=0|O2--expand-div-rem-bits=0|O3--expand-div-rem-bits=0|Ofast--expand-div-rem-bits=0|Os--expand-div-rem-bits=0|Oz--expand-div-rem-bits=0
fmtfp	crypto/bio/bio_print.c	697	28	        intpart = (intpart / 10);	/	cjump	O0--expand-div-rem-bits=0|O0--expand-div-rem-bits=50|O1--expand-div-rem-bits=0|O1--expand-div-rem-bits=50|O2--expand-div-rem-bits=0|O2--expand-div-rem-bits=50|O3--expand-div-rem-bits=0|O3--expand-div-rem-bits=50|Ofast--expand-div-rem-bits=0|Ofast--expand-div-rem-bits=50|Os--expand-div-rem-bits=0|Os--expand-div-rem-bits=50|Oz--expand-div-rem-bits=0|Oz--expand-div-rem-bits=50
ssl_cert_dup	ssl/ssl_cert.c	114	38	    ret->key = &ret->pkeys[cert->key - cert->pkeys];	-	cjump	O0--expand-div-rem-bits=0|O0--expand-div-rem-bits=50
inverse	crypto/idea/i_skey.c	105	26	            q = (n1 - r) / n2;	/	cjump	O0--expand-div-rem-bits=0|O0--expand-div-rem-bits=50|Os--expand-div-rem-bits=0|Os--expand-div-rem-bits=50|Oz--expand-div-rem-bits=0|Oz--expand-div-rem-bits=50
OPENSSL_LH_node_usage_stats_bio	crypto/lhash/lh_stats.c	124	52	               (int)((total % lh->num_nodes) * 100 / lh->num_nodes),	/	cjump	O0--expand-div-rem-bits=0|O0--expand-div-rem-bits=50|O1--expand-div-rem-bits=0|O1--expand-div-rem-bits=50|O2--expand-div-rem-bits=0|O2--expand-div-rem-bits=50|O3--expand-div-rem-bits=0|O3--expand-div-rem-bits=50|Ofast--expand-div-rem-bits=0|Ofast--expand-div-rem-bits=50|Os--expand-div-rem-bits=0|Os--expand-div-rem-bits=50|Oz--expand-div-rem-bits=0|Oz--expand-div-rem-bits=50
ossl_rand_pool_adin_mix_in	crypto/rand/rand_pool.c	443	28	            pool->buffer[i % pool->len] ^= adin[i];	%	cjump	O0--expand-div-rem-bits=0|O0--expand-div-rem-bits=50|O1--expand-div-rem-bits=0|O1--expand-div-rem-bits=50|O2--expand-div-rem-bits=0|O2--expand-div-rem-bits=50|O3--expand-div-rem-bits=0|O3--expand-div-rem-bits=50|Ofast--expand-div-rem-bits=0|Ofast--expand-div-rem-bits=50|Os--expand-div-rem-bits=0|Os--expand-div-rem-bits=50|Oz--expand-div-rem-bits=0|Oz--expand-div-rem-bits=50
err_string_data_hash	crypto/err/err.c	174	23	    return (ret ^ ret % 19 * 13);	%	cjump	O0--expand-div-rem-bits=0|O0--expand-div-rem-bits=50|O1--expand-div-rem-bits=0|O1--expand-div-rem-bits=50|O2--expand-div-rem-bits=0|O2--expand-div-rem-bits=50|O3--expand-div-rem-bits=0|O3--expand-div-rem-bits=50|Ofast--expand-div-rem-bits=0|Ofast--expand-div-rem-bits=50|Os--expand-div-rem-bits=0|Os--expand-div-rem-bits=50|Oz--expand-div-rem-bits=0|Oz--expand-div-rem-bits=50
json_u64	ssl/quic/json_enc.c	552	28	            *--p = '0' + v % 10;	%	cjump	O0--expand-div-rem-bits=0|O0--expand-div-rem-bits=50
OPENSSL_LH_node_usage_stats_bio	crypto/lhash/lh_stats.c	123	28	               (int)(total / lh->num_nodes),	/	cjump	O0--expand-div-rem-bits=0|O0--expand-div-rem-bits=50|O1--expand-div-rem-bits=0|O1--expand-div-rem-bits=50|O2--expand-div-rem-bits=0|O2--expand-div-rem-bits=50|O3--expand-div-rem-bits=0|O3--expand-div-rem-bits=50|Ofast--expand-div-rem-bits=0|Ofast--expand-div-rem-bits=50|Os--expand-div-rem-bits=0|Os--expand-div-rem-bits=50|Oz--expand-div-rem-bits=0|Oz--expand-div-rem-bits=50
tls1_check_chain	ssl/t1_lib.c	4027	29	            idx = (int)(cpk - c->pkeys);	-	cjump	O0--expand-div-rem-bits=0|O0--expand-div-rem-bits=50|O1--expand-div-rem-bits=0|O1--expand-div-rem-bits=50|O2--expand-div-rem-bits=0|O2--expand-div-rem-bits=50|O3--expand-div-rem-bits=0|O3--expand-div-rem-bits=50|Ofast--expand-div-rem-bits=0|Ofast--expand-div-rem-bits=50|Os--expand-div-rem-bits=0|Os--expand-div-rem-bits=50|Oz--expand-div-rem-bits=0|Oz--expand-div-rem-bits=50
probable_prime_dh	crypto/bn/bn_prime.c	602	38	                 : (mods[i] + delta) % primes[i] == 0) {	%	cjump	O0--expand-div-rem-bits=0|O0--expand-div-rem-bits=50
tls_get_max_records_default	ssl/record/methods/tls_common.c	1533	28	        pipes = ((len - 1) / *preffrag) + 1;	/	cjump	O0--expand-div-rem-bits=0|O0--expand-div-rem-bits=50|O1--expand-div-rem-bits=0|O1--expand-div-rem-bits=50|O2--expand-div-rem-bits=0|O2--expand-div-rem-bits=50|O3--expand-div-rem-bits=0|O3--expand-div-rem-bits=50|Ofast--expand-div-rem-bits=0|Ofast--expand-div-rem-bits=50|Os--expand-div-rem-bits=0|Os--expand-div-rem-bits=50|Oz--expand-div-rem-bits=0|Oz--expand-div-rem-bits=50
ossl_curve448_scalar_decode_long	crypto/ec/curve448/scalar.c	187	28	    i = ser_len - (ser_len % C448_SCALAR_BYTES);	%	cjump	O0--expand-div-rem-bits=0|O0--expand-div-rem-bits=50|O1--expand-div-rem-bits=0|O1--expand-div-rem-bits=50|O2--expand-div-rem-bits=0|O2--expand-div-rem-bits=50|O3--expand-div-rem-bits=0|O3--expand-div-rem-bits=50|Ofast--expand-div-rem-bits=0|Ofast--expand-div-rem-bits=50|Os--expand-div-rem-bits=0|Os--expand-div-rem-bits=50|Oz--expand-div-rem-bits=0|Oz--expand-div-rem-bits=50
ossl_punycode_decode	crypto/punycode.c	181	19	        n = n + i / (written_out + 1);	/	cjump	O0--expand-div-rem-bits=0|O0--expand-div-rem-bits=50
base64encode	crypto/http/http_client.c	1406	17	    outl = (len / 3);	/	cjump	O0--expand-div-rem-bits=0|O0--expand-div-rem-bits=50
julian_to_date	crypto/o_time.c	196	25	    *d = L - (2447 * j) / 80;	/	cjump	O0--expand-div-rem-bits=0|O0--expand-div-rem-bits=50
sh_getlist	crypto/mem_sec.c	347	51	    size_t bit = (sh.arena_size + ptr - sh.arena) / sh.minsize;	/	cjump	O0--expand-div-rem-bits=0|O0--expand-div-rem-bits=50|Os--expand-div-rem-bits=0|Os--expand-div-rem-bits=50|Oz--expand-div-rem-bits=0|Oz--expand-div-rem-bits=50
timestamp_print	crypto/ct/ct_prn.c	44	71	                 ASN1_STRING_get0_data(gen), (unsigned int)(timestamp % 1000));	%	cjump	O0--expand-div-rem-bits=0|O0--expand-div-rem-bits=50
OPENSSL_LH_node_usage_stats_bio	crypto/lhash/lh_stats.c	125	28	               (int)(total / n_used), (int)((total % n_used) * 100 / n_used));	/	cjump	O0--expand-div-rem-bits=0|O0--expand-div-rem-bits=50|O1--expand-div-rem-bits=0|O1--expand-div-rem-bits=50|O2--expand-div-rem-bits=0|O2--expand-div-rem-bits=50|O3--expand-div-rem-bits=0|O3--expand-div-rem-bits=50|Ofast--expand-div-rem-bits=0|Ofast--expand-div-rem-bits=50|Os--expand-div-rem-bits=0|Os--expand-div-rem-bits=50|Oz--expand-div-rem-bits=0|Oz--expand-div-rem-bits=50
pkcs12kdf_derive	providers/implementations/kdfs/pkcs12kdf.c	92	23	        *p++ = pass[i % passlen];	%	cjump	O0--expand-div-rem-bits=0|O0--expand-div-rem-bits=50
OPENSSL_LH_node_usage_stats_bio	crypto/lhash/lh_stats.c	124	29	               (int)((total % lh->num_nodes) * 100 / lh->num_nodes),	%	cjump	O0--expand-div-rem-bits=0|O0--expand-div-rem-bits=50
ilog_e	crypto/rsa/rsa_lib.c	301	31	    r = (r * (uint64_t)scale) / log_e;	/	cjump	O0--expand-div-rem-bits=0|O0--expand-div-rem-bits=50
OSSL_sleep	crypto/sleep.c	63	37	    ts.tv_nsec = (long int) (millis % 1000) * 1000000ul;	%	cjump	O0--expand-div-rem-bits=0|O0--expand-div-rem-bits=50
julian_to_date	crypto/o_time.c	195	18	    j = (80 * L) / 2447;	/	cjump	O0--expand-div-rem-bits=0|O0--expand-div-rem-bits=50
DES_quad_cksum	crypto/des/qud_cksm.c	70	70	            z1 = ((t0 * ((t1 + NOISE) & 0xffffffffL)) & 0xffffffffL) %	%	cjump	O0--expand-div-rem-bits=0|O0--expand-div-rem-bits=50
OSSL_sleep	crypto/sleep.c	62	36	    ts.tv_sec = (long int) (millis / 1000);	/	cjump	O0--expand-div-rem-bits=0|O0--expand-div-rem-bits=50|O1--expand-div-rem-bits=0|O1--expand-div-rem-bits=50|O2--expand-div-rem-bits=0|O2--expand-div-rem-bits=50|O3--expand-div-rem-bits=0|O3--expand-div-rem-bits=50|Ofast--expand-div-rem-bits=0|Ofast--expand-div-rem-bits=50|Os--expand-div-rem-bits=0|Os--expand-div-rem-bits=50|Oz--expand-div-rem-bits=0|Oz--expand-div-rem-bits=50
bn_div_words	crypto/bn/bn_asm.c	233	19	            q = h / dh;	/	cjump	O0--expand-div-rem-bits=0|O0--expand-div-rem-bits=50|O1--expand-div-rem-bits=0|O1--expand-div-rem-bits=50|O2--expand-div-rem-bits=0|O2--expand-div-rem-bits=50|O3--expand-div-rem-bits=0|O3--expand-div-rem-bits=50|Ofast--expand-div-rem-bits=0|Ofast--expand-div-rem-bits=50|Os--expand-div-rem-bits=0|Os--expand-div-rem-bits=50|Oz--expand-div-rem-bits=0|Oz--expand-div-rem-bits=50
BN_mod_word	crypto/bn/bn_word.c	51	73	        ret = ((ret << BN_BITS4) | ((a->d[i] >> BN_BITS4) & BN_MASK2l)) % w;	%	cjump	O0--expand-div-rem-bits=0|O0--expand-div-rem-bits=50|O1--expand-div-rem-bits=0|O1--expand-div-rem-bits=50|O2--expand-div-rem-bits=0|O2--expand-div-rem-bits=50|O3--expand-div-rem-bits=0|O3--expand-div-rem-bits=50|Ofast--expand-div-rem-bits=0|Ofast--expand-div-rem-bits=50|Os--expand-div-rem-bits=0|Os--expand-div-rem-bits=50|Oz--expand-div-rem-bits=0|Oz--expand-div-rem-bits=50
n_fold	providers/implementations/kdfs/krb5kdf.c	330	33	               | constant[rbyte % constant_len] >> rshift)	%	cjump	O0--expand-div-rem-bits=0|O0--expand-div-rem-bits=50
pkcs12kdf_derive	providers/implementations/kdfs/pkcs12kdf.c	79	39	        Plen = v * ((passlen + v - 1) / v);	/	cjump	O0--expand-div-rem-bits=0|O0--expand-div-rem-bits=50
ssl3_cbc_digest_record	ssl/record/methods/ssl3_cbc.c	263	36	                                   / md_block_size) + 1);	/	cjump	O0--expand-div-rem-bits=0|O0--expand-div-rem-bits=50|O1--expand-div-rem-bits=0|O1--expand-div-rem-bits=50|O2--expand-div-rem-bits=0|O3--expand-div-rem-bits=0|Ofast--expand-div-rem-bits=0|Os--expand-div-rem-bits=0|Oz--expand-div-rem-bits=0
ossl_cipher_generic_block_update	providers/implementations/ciphers/ciphercommon.c	608	35	            padnum = blksz - (inl % blksz);	%	cjump	O0--expand-div-rem-bits=0|O0--expand-div-rem-bits=50|O1--expand-div-rem-bits=0|O1--expand-div-rem-bits=50|O2--expand-div-rem-bits=0|O2--expand-div-rem-bits=50|O3--expand-div-rem-bits=0|O3--expand-div-rem-bits=50|Ofast--expand-div-rem-bits=0|Ofast--expand-div-rem-bits=50|Os--expand-div-rem-bits=0|Os--expand-div-rem-bits=50|Oz--expand-div-rem-bits=0|Oz--expand-div-rem-bits=50
ossl_ec_wNAF_mul	crypto/ec/ec_mult.c	596	59	                    numblocks = (tmp_len + blocksize - 1) / blocksize;	/	cjump	O0--expand-div-rem-bits=0|O0--expand-div-rem-bits=50|O1--expand-div-rem-bits=0|O1--expand-div-rem-bits=50|O2--expand-div-rem-bits=0|O2--expand-div-rem-bits=50|O3--expand-div-rem-bits=0|O3--expand-div-rem-bits=50|Ofast--expand-div-rem-bits=0|Ofast--expand-div-rem-bits=50|Os--expand-div-rem-bits=0|Os--expand-div-rem-bits=50|Oz--expand-div-rem-bits=0|Oz--expand-div-rem-bits=50
sh_actual_size	crypto/mem_sec.c	747	26	    return sh.arena_size / (ONE << list);	/	cjump	O0--expand-div-rem-bits=0|O0--expand-div-rem-bits=50
ossl_sha3_squeeze	crypto/sha/sha3.c	192	29	        len = bsz * (outlen / bsz);	/	cjump	O0--expand-div-rem-bits=0|O0--expand-div-rem-bits=50
julian_to_date	crypto/o_time.c	189	22	    long n = (4 * L) / 146097;	/	cjump	O0--expand-div-rem-bits=0|O0--expand-div-rem-bits=50
BN_mod_exp_mont_word	crypto/bn/bn_exp.c	1213	11	        a %= m->d[0];           /* make sure that 'a' is reduced */	%	cjump	O0--expand-div-rem-bits=0|O0--expand-div-rem-bits=50|O1--expand-div-rem-bits=0|O1--expand-div-rem-bits=50|O2--expand-div-rem-bits=0|O2--expand-div-rem-bits=50|O3--expand-div-rem-bits=0|O3--expand-div-rem-bits=50|Ofast--expand-div-rem-bits=0|Ofast--expand-div-rem-bits=50|Os--expand-div-rem-bits=0|Os--expand-div-rem-bits=50|Oz--expand-div-rem-bits=0|Oz--expand-div-rem-bits=50
n_fold	providers/implementations/kdfs/krb5kdf.c	307	36	    lcm = blocksize * constant_len / gcd;	/	cjump	O0--expand-div-rem-bits=0|O0--expand-div-rem-bits=50
OPENSSL_LH_node_usage_stats_bio	crypto/lhash/lh_stats.c	125	68	               (int)(total / n_used), (int)((total % n_used) * 100 / n_used));	/	cjump	O0--expand-div-rem-bits=0|O0--expand-div-rem-bits=50|O1--expand-div-rem-bits=0|O1--expand-div-rem-bits=50|O2--expand-div-rem-bits=0|O2--expand-div-rem-bits=50|O3--expand-div-rem-bits=0|O3--expand-div-rem-bits=50|Ofast--expand-div-rem-bits=0|Ofast--expand-div-rem-bits=50|Os--expand-div-rem-bits=0|Os--expand-div-rem-bits=50|Oz--expand-div-rem-bits=0|Oz--expand-div-rem-bits=50
CMAC_Update	crypto/cmac/cmac.c	213	32	    cipher_blocks = (dlen - 1) / bl;	/	cjump	O0--expand-div-rem-bits=0|O0--expand-div-rem-bits=50|O1--expand-div-rem-bits=0|O1--expand-div-rem-bits=50|O2--expand-div-rem-bits=0|O2--expand-div-rem-bits=50|O3--expand-div-rem-bits=0|O3--expand-div-rem-bits=50|Ofast--expand-div-rem-bits=0|Ofast--expand-div-rem-bits=50|Os--expand-div-rem-bits=0|Os--expand-div-rem-bits=50|Oz--expand-div-rem-bits=0|Oz--expand-div-rem-bits=50
BUF_MEM_grow_clean	crypto/buffer/buffer.c	128	19	    n = (len + 3) / 3 * 4;	/	cjump	O0--expand-div-rem-bits=0|O0--expand-div-rem-bits=50|O1--expand-div-rem-bits=0|O1--expand-div-rem-bits=50|O2--expand-div-rem-bits=0|O3--expand-div-rem-bits=0|Ofast--expand-div-rem-bits=0|Os--expand-div-rem-bits=0|Oz--expand-div-rem-bits=0
ossl_ifc_ffc_compute_security_bits	crypto/rsa/rsa_lib.c	376	20	                   / log_2);	/	cjump	O0--expand-div-rem-bits=0|O0--expand-div-rem-bits=50|O1--expand-div-rem-bits=0|O1--expand-div-rem-bits=50|O2--expand-div-rem-bits=0|O2--expand-div-rem-bits=50|O3--expand-div-rem-bits=0|O3--expand-div-rem-bits=50|Ofast--expand-div-rem-bits=0|Ofast--expand-div-rem-bits=50|Os--expand-div-rem-bits=0|Os--expand-div-rem-bits=50|Oz--expand-div-rem-bits=0|Oz--expand-div-rem-bits=50
index_alpha	providers/implementations/kdfs/argon2.c	461	37	    abs_pos = (start_pos + rel_pos) % ctx->lane_length;	%	cjump	O0--expand-div-rem-bits=0|O0--expand-div-rem-bits=50
sh_init	crypto/mem_sec.c	473	39	    sh.bittable_size = (sh.arena_size / sh.minsize) * 2;	/	cjump	O0--expand-div-rem-bits=0|O0--expand-div-rem-bits=50
ossl_punycode_decode	crypto/punycode.c	182	11	        i %= (written_out + 1);	%	cjump	O0--expand-div-rem-bits=0|O0--expand-div-rem-bits=50
tls_choose_sigalg	ssl/t1_lib.c	4685	51	                        int cc_idx = s->cert->key - s->cert->pkeys;	-	cjump	O0--expand-div-rem-bits=0|O0--expand-div-rem-bits=50|O1--expand-div-rem-bits=0|O1--expand-div-rem-bits=50|O2--expand-div-rem-bits=0|O2--expand-div-rem-bits=50|O3--expand-div-rem-bits=0|O3--expand-div-rem-bits=50|Ofast--expand-div-rem-bits=0|Ofast--expand-div-rem-bits=50|Os--expand-div-rem-bits=0|Os--expand-div-rem-bits=50|Oz--expand-div-rem-bits=0|Oz--expand-div-rem-bits=50
probable_prime	crypto/bn/bn_prime.c	522	38	                 : (mods[i] + delta) % primes[i] == 0) {	%	cjump	O0--expand-div-rem-bits=0|O0--expand-div-rem-bits=50
inverse	crypto/idea/i_skey.c	104	21	            r = (n1 % n2);	%	cjump	O0--expand-div-rem-bits=0|O0--expand-div-rem-bits=50
HKDF_Expand	providers/implementations/kdfs/hkdf.c	631	17	    n = okm_len / dig_len;	/	cjump	O0--expand-div-rem-bits=0|O0--expand-div-rem-bits=50|O1--expand-div-rem-bits=0|O1--expand-div-rem-bits=50|O2--expand-div-rem-bits=0|O2--expand-div-rem-bits=50|O3--expand-div-rem-bits=0|O3--expand-div-rem-bits=50|Ofast--expand-div-rem-bits=0|Ofast--expand-div-rem-bits=50|Os--expand-div-rem-bits=0|Os--expand-div-rem-bits=50|Oz--expand-div-rem-bits=0|Oz--expand-div-rem-bits=50
n_fold	providers/implementations/kdfs/krb5kdf.c	321	27	        rotbits = 13 * (l / constant_len);	/	cjump	O0--expand-div-rem-bits=0|O0--expand-div-rem-bits=50
ssl3_mac	ssl/record/methods/ssl3_meth.c	235	16	    npad = (48 / md_size) * md_size;	/	cjump	O0--expand-div-rem-bits=0|O0--expand-div-rem-bits=50
sh_clearbit	crypto/mem_sec.c	376	45	    bit = (ONE << list) + ((ptr - sh.arena) / (sh.arena_size >> list));	/	cjump	O0--expand-div-rem-bits=0|O0--expand-div-rem-bits=50|O1--expand-div-rem-bits=0|O1--expand-div-rem-bits=50|O2--expand-div-rem-bits=0|O2--expand-div-rem-bits=50|O3--expand-div-rem-bits=0|O3--expand-div-rem-bits=50|Ofast--expand-div-rem-bits=0|Ofast--expand-div-rem-bits=50|Os--expand-div-rem-bits=0|Os--expand-div-rem-bits=50|Oz--expand-div-rem-bits=0|Oz--expand-div-rem-bits=50
OPENSSL_LH_delete	crypto/lhash/lhash.c	167	57	        (lh->down_load >= (lh->num_items * LH_LOAD_MULT / lh->num_nodes)))	/	cjump	O0--expand-div-rem-bits=0|O0--expand-div-rem-bits=50|O1--expand-div-rem-bits=0|O1--expand-div-rem-bits=50|O2--expand-div-rem-bits=0|O2--expand-div-rem-bits=50|O3--expand-div-rem-bits=0|O3--expand-div-rem-bits=50|Ofast--expand-div-rem-bits=0|Ofast--expand-div-rem-bits=50|Os--expand-div-rem-bits=0|Os--expand-div-rem-bits=50|Oz--expand-div-rem-bits=0|Oz--expand-div-rem-bits=50
pkcs12kdf_derive	providers/implementations/kdfs/pkcs12kdf.c	113	25	            B[j] = Ai[j % u];	%	cjump	O0--expand-div-rem-bits=0|O0--expand-div-rem-bits=50
tls1_cipher	ssl/record/methods/tls1_meth.c	292	40	            padnum = bs - (reclen[ctr] % bs);	%	cjump	O0--expand-div-rem-bits=0|O0--expand-div-rem-bits=50|O1--expand-div-rem-bits=0|O1--expand-div-rem-bits=50|O2--expand-div-rem-bits=0|O2--expand-div-rem-bits=50|O3--expand-div-rem-bits=0|O3--expand-div-rem-bits=50|Ofast--expand-div-rem-bits=0|Ofast--expand-div-rem-bits=50|Os--expand-div-rem-bits=0|Os--expand-div-rem-bits=50|Oz--expand-div-rem-bits=0|Oz--expand-div-rem-bits=50
ssl3_cbc_digest_record	ssl/record/methods/ssl3_cbc.c	278	13	         1) / md_block_size;	/	cjump	O0--expand-div-rem-bits=0|O0--expand-div-rem-bits=50|O1--expand-div-rem-bits=0|O1--expand-div-rem-bits=50|O2--expand-div-rem-bits=50|O3--expand-div-rem-bits=50|Ofast--expand-div-rem-bits=50|Os--expand-div-rem-bits=50|Oz--expand-div-rem-bits=0|Oz--expand-div-rem-bits=50
fmtint	crypto/bio/bio_print.c	468	21	            [uvalue % (unsigned)base];	%	cjump	O0--expand-div-rem-bits=0|O0--expand-div-rem-bits=50
pkcs12kdf_derive	providers/implementations/kdfs/pkcs12kdf.c	90	23	        *p++ = salt[i % saltlen];	%	cjump	O0--expand-div-rem-bits=0|O0--expand-div-rem-bits=50
ssl_cache_cipherlist	ssl/ssl_lib.c	7079	61	        size_t numciphers = PACKET_remaining(cipher_suites) / n;	/	cjump	O0--expand-div-rem-bits=0|O0--expand-div-rem-bits=50|O1--expand-div-rem-bits=0|O1--expand-div-rem-bits=50|O2--expand-div-rem-bits=0|O2--expand-div-rem-bits=50|O3--expand-div-rem-bits=0|O3--expand-div-rem-bits=50|Ofast--expand-div-rem-bits=0|Ofast--expand-div-rem-bits=50|Os--expand-div-rem-bits=0|Os--expand-div-rem-bits=50|Oz--expand-div-rem-bits=0|Oz--expand-div-rem-bits=50
BUF_MEM_grow	crypto/buffer/buffer.c	91	19	    n = (len + 3) / 3 * 4;	/	cjump	O0--expand-div-rem-bits=0|O0--expand-div-rem-bits=50|O1--expand-div-rem-bits=0|O1--expand-div-rem-bits=50|O2--expand-div-rem-bits=0|O3--expand-div-rem-bits=0|Ofast--expand-div-rem-bits=0|Os--expand-div-rem-bits=0|Oz--expand-div-rem-bits=0
BN_mod_word	crypto/bn/bn_word.c	52	59	        ret = ((ret << BN_BITS4) | (a->d[i] & BN_MASK2l)) % w;	%	cjump	O0--expand-div-rem-bits=0|O0--expand-div-rem-bits=50|O1--expand-div-rem-bits=0|O1--expand-div-rem-bits=50|O2--expand-div-rem-bits=0|O2--expand-div-rem-bits=50|O3--expand-div-rem-bits=0|O3--expand-div-rem-bits=50|Ofast--expand-div-rem-bits=0|Ofast--expand-div-rem-bits=50|Os--expand-div-rem-bits=0|Os--expand-div-rem-bits=50|Oz--expand-div-rem-bits=0|Oz--expand-div-rem-bits=50
getrn	crypto/lhash/lhash.c	335	19	        nn = hash % lh->num_alloc_nodes;	%	cjump	O0--expand-div-rem-bits=0|O0--expand-div-rem-bits=50|Os--expand-div-rem-bits=0|Os--expand-div-rem-bits=50|Oz--expand-div-rem-bits=0|Oz--expand-div-rem-bits=50
pkcs12kdf_derive	providers/implementations/kdfs/pkcs12kdf.c	77	35	    Slen = v * ((saltlen + v - 1) / v);	/	cjump	O0--expand-div-rem-bits=0|O0--expand-div-rem-bits=50
timestamp_print	crypto/ct/ct_prn.c	38	41	                             (timestamp % 86400000) / 1000);	%	cjump	O0--expand-div-rem-bits=0|O0--expand-div-rem-bits=50
fmtfp	crypto/bio/bio_print.c	713	52	        fconvert[fplace++] = "0123456789"[fracpart % 10];	%	cjump	O0--expand-div-rem-bits=0|O0--expand-div-rem-bits=50
n_fold	providers/implementations/kdfs/krb5kdf.c	302	19	        tmp = gcd % remainder;	%	cjump	O0--expand-div-rem-bits=0
fmtfp	crypto/bio/bio_print.c	729	30	            tmpexp = (tmpexp / 10);	/	cjump	O0--expand-div-rem-bits=0|O1--expand-div-rem-bits=0|O2--expand-div-rem-bits=0|O3--expand-div-rem-bits=0|Ofast--expand-div-rem-bits=0|Os--expand-div-rem-bits=0|Oz--expand-div-rem-bits=0
t_tob64	crypto/srp/srp_vfy.c	152	23	    leadz = 3 - (size % 3);	%	cjump	O0--expand-div-rem-bits=0|O1--expand-div-rem-bits=0|O2--expand-div-rem-bits=0|O3--expand-div-rem-bits=0|Ofast--expand-div-rem-bits=0|Os--expand-div-rem-bits=0|Oz--expand-div-rem-bits=0
BN_bn2dec	crypto/bn/bn_conv.c	65	23	    bn_data_num = num / BN_DEC_NUM + 1;	/	cjump	O0--expand-div-rem-bits=0|O1--expand-div-rem-bits=0|O2--expand-div-rem-bits=0|O3--expand-div-rem-bits=0|Ofast--expand-div-rem-bits=0|Os--expand-div-rem-bits=0|Oz--expand-div-rem-bits=0
CMAC_Update	crypto/cmac/cmac.c	212	39	    max_burst_blocks = LOCAL_BUF_SIZE / bl;	/	cjump	O0--expand-div-rem-bits=0|O1--expand-div-rem-bits=0|O2--expand-div-rem-bits=0|O3--expand-div-rem-bits=0|Ofast--expand-div-rem-bits=0|Os--expand-div-rem-bits=0|Oz--expand-div-rem-bits=0
update_qp	crypto/threads_pthread.c	400	39	        (lock->current_alloc_idx + 1) % lock->group_count;	%	cjump	O0--expand-div-rem-bits=0
OPENSSL_gmtime_adj	crypto/o_time.c	95	34	    tm->tm_min = (time_sec / 60) % 60;	%	cjump	O0--expand-div-rem-bits=0|O1--expand-div-rem-bits=0|O2--expand-div-rem-bits=0|O3--expand-div-rem-bits=0|Ofast--expand-div-rem-bits=0|Os--expand-div-rem-bits=0|Oz--expand-div-rem-bits=0
OPENSSL_gmtime_adj	crypto/o_time.c	95	28	    tm->tm_min = (time_sec / 60) % 60;	/	cjump	O0--expand-div-rem-bits=0|O1--expand-div-rem-bits=0|O2--expand-div-rem-bits=0|O3--expand-div-rem-bits=0|Ofast--expand-div-rem-bits=0|Os--expand-div-rem-bits=0|Oz--expand-div-rem-bits=0
BN_dec2bn	crypto/bn/bn_conv.c	236	24	    j = BN_DEC_NUM - i % BN_DEC_NUM;	%	cjump	O0--expand-div-rem-bits=0|O1--expand-div-rem-bits=0|O2--expand-div-rem-bits=0|O3--expand-div-rem-bits=0|Ofast--expand-div-rem-bits=0|Os--expand-div-rem-bits=0|Oz--expand-div-rem-bits=0
adapt	crypto/punycode.c	53	23	        delta = delta / (base - tmin);	/	cjump	O0--expand-div-rem-bits=0
OPENSSL_gmtime_adj	crypto/o_time.c	94	28	    tm->tm_hour = time_sec / 3600;	/	cjump	O0--expand-div-rem-bits=0|O1--expand-div-rem-bits=0|O2--expand-div-rem-bits=0|O3--expand-div-rem-bits=0|Ofast--expand-div-rem-bits=0|Os--expand-div-rem-bits=0|Oz--expand-div-rem-bits=0
adapt	crypto/punycode.c	57	45	    return k + (((base - tmin + 1) * delta) / (delta + skew));	/	cjump	O0--expand-div-rem-bits=0
md5crypt	apps/passwd.c	449	44	             dest++, source = (source + 6) % 17)	%	cjump	O0--expand-div-rem-bits=0|O1--expand-div-rem-bits=0|O2--expand-div-rem-bits=0|Os--expand-div-rem-bits=0|Oz--expand-div-rem-bits=0
date_to_julian	crypto/o_time.c	183	36	        (3 * ((y + 4900 + (m - 14) / 12) / 100)) / 4 + d - 32075;	/	cjump	O0--expand-div-rem-bits=0
rsa_multiprime_keygen	crypto/rsa/rsa_gen.c	322	16	    rmd = bits % primes;	%	cjump	O0--expand-div-rem-bits=0
OPENSSL_gmtime_adj	crypto/o_time.c	96	27	    tm->tm_sec = time_sec % 60;	%	cjump	O0--expand-div-rem-bits=0
a2d_ASN1_OBJECT	crypto/asn1/a_object.c	130	35	            blsize = (blsize + 6) / 7;	/	cjump	O0--expand-div-rem-bits=0|O1--expand-div-rem-bits=0|O2--expand-div-rem-bits=0|O3--expand-div-rem-bits=0|Ofast--expand-div-rem-bits=0|Os--expand-div-rem-bits=0|Oz--expand-div-rem-bits=0
dh_builtin_genparams	crypto/dh/dh_gen.c	225	26	                   + 24) / 25 * 25;	/	cjump	O0--expand-div-rem-bits=0
BN_bn2dec	crypto/bn/bn_conv.c	63	23	    num = (i / 10 + i / 1000 + 1) + 1;	/	cjump	O0--expand-div-rem-bits=0|O1--expand-div-rem-bits=0|O2--expand-div-rem-bits=0|O3--expand-div-rem-bits=0|Ofast--expand-div-rem-bits=0|Os--expand-div-rem-bits=0|Oz--expand-div-rem-bits=0
recode_wnaf	crypto/ec/curve448/curve448.c	558	48	    unsigned int table_size = C448_SCALAR_BITS / (table_bits + 1) + 3;	/	cjump	O0--expand-div-rem-bits=0|O1--expand-div-rem-bits=0|O2--expand-div-rem-bits=0|O3--expand-div-rem-bits=0|Ofast--expand-div-rem-bits=0|Os--expand-div-rem-bits=0|Oz--expand-div-rem-bits=0
kdf_argon2_derive	providers/implementations/kdfs/argon2.c	1098	36	    segment_length = memory_blocks / (ctx->lanes * ARGON2_SYNC_POINTS);	/	cjump	O0--expand-div-rem-bits=0|O1--expand-div-rem-bits=0|O2--expand-div-rem-bits=0|O3--expand-div-rem-bits=0|Ofast--expand-div-rem-bits=0|Os--expand-div-rem-bits=0|Oz--expand-div-rem-bits=0
BIO_dump_indent_cb	crypto/bio/bio_dump.c	44	16	    rows = len / dump_width;	/	cjump	O0--expand-div-rem-bits=0|O1--expand-div-rem-bits=0|O2--expand-div-rem-bits=0|O3--expand-div-rem-bits=0|Ofast--expand-div-rem-bits=0|Os--expand-div-rem-bits=0|Oz--expand-div-rem-bits=0
date_to_julian	crypto/o_time.c	181	41	    return (1461 * (y + 4800 + (m - 14) / 12)) / 4 +	/	cjump	O0--expand-div-rem-bits=0
b64_write	crypto/evp/bio_b64.c	424	24	                n -= n % 3;	%	cjump	O0--expand-div-rem-bits=0
determine_days	crypto/asn1/a_time.c	73	33	    tm->tm_wday = (d + (13 * m) / 5 + y + y / 4 + c / 4 + 5 * c + 6) % 7;	/	cjump	O0--expand-div-rem-bits=0
determine_days	crypto/asn1/a_time.c	73	70	    tm->tm_wday = (d + (13 * m) / 5 + y + y / 4 + c / 4 + 5 * c + 6) % 7;	%	cjump	O0--expand-div-rem-bits=0
date_to_julian	crypto/o_time.c	182	40	        (367 * (m - 2 - 12 * ((m - 14) / 12))) / 12 -	/	cjump	O0--expand-div-rem-bits=0
BN_bn2dec	crypto/bn/bn_conv.c	63	14	    num = (i / 10 + i / 1000 + 1) + 1;	/	cjump	O0--expand-div-rem-bits=0|O1--expand-div-rem-bits=0|O2--expand-div-rem-bits=0|O3--expand-div-rem-bits=0|Ofast--expand-div-rem-bits=0|Os--expand-div-rem-bits=0|Oz--expand-div-rem-bits=0
fmtfp	crypto/bio/bio_print.c	728	54	            econvert[eplace++] = "0123456789"[tmpexp % 10];	%	cjump	O0--expand-div-rem-bits=0|O2--expand-div-rem-bits=0|O3--expand-div-rem-bits=0|Ofast--expand-div-rem-bits=0|Os--expand-div-rem-bits=0|Oz--expand-div-rem-bits=0
bn_mod_exp_mont_fixed_top	crypto/bn/bn_exp.c	1086	30	        window0 = (bits - 1) % window + 1;	%	cjump	O0--expand-div-rem-bits=0|O1--expand-div-rem-bits=0|O2--expand-div-rem-bits=0|O3--expand-div-rem-bits=0|Ofast--expand-div-rem-bits=0|Os--expand-div-rem-bits=0|Oz--expand-div-rem-bits=0
date_to_julian	crypto/o_time.c	183	42	        (3 * ((y + 4900 + (m - 14) / 12) / 100)) / 4 + d - 32075;	/	cjump	O0--expand-div-rem-bits=0
adapt	crypto/punycode.c	50	27	    delta = delta + delta / numpoints;	/	cjump	O0--expand-div-rem-bits=0
rsa_multiprime_keygen	crypto/rsa/rsa_gen.c	321	16	    quo = bits / primes;	/	cjump	O0--expand-div-rem-bits=0
determine_days	crypto/asn1/a_time.c	71	7	    y %= 100;	%	cjump	O0--expand-div-rem-bits=0
added_obj_hash	crypto/objects/obj_dat.c	134	37	            ret ^= p[i] << ((i * 3) % 24);	%	cjump	O0--expand-div-rem-bits=0|O1--expand-div-rem-bits=0|O2--expand-div-rem-bits=0|O3--expand-div-rem-bits=0|Ofast--expand-div-rem-bits=0|Os--expand-div-rem-bits=0|Oz--expand-div-rem-bits=0
ossl_asn1_time_from_tm	crypto/asn1/a_time.c	308	49	                                    ts->tm_year % 100, ts->tm_mon + 1,	%	cjump	O0--expand-div-rem-bits=0|O1--expand-div-rem-bits=0|O2--expand-div-rem-bits=0|O3--expand-div-rem-bits=0|Ofast--expand-div-rem-bits=0|Os--expand-div-rem-bits=0|Oz--expand-div-rem-bits=0
date_to_julian	crypto/o_time.c	182	48	        (367 * (m - 2 - 12 * ((m - 14) / 12))) / 12 -	/	cjump	O0--expand-div-rem-bits=0
determine_days	crypto/asn1/a_time.c	70	11	    c = y / 100;	/	cjump	O0--expand-div-rem-bits=0
calculate_columns	apps/lib/columns.c	25	28	    dc->columns = (80 - 1) / dc->width;	/	cjump	O0--expand-div-rem-bits=0|O1--expand-div-rem-bits=0|O2--expand-div-rem-bits=0|O3--expand-div-rem-bits=0|Ofast--expand-div-rem-bits=0|Os--expand-div-rem-bits=0|Oz--expand-div-rem-bits=0
n_fold	providers/implementations/kdfs/krb5kdf.c	318	15	        b = l % blocksize;	%	cjump	O0--expand-div-rem-bits=0
CRYPTO_ocb128_decrypt	crypto/modes/ocb128.c	428	22	    num_blocks = len / 16;	/	mdiv	O0-fglobal-isel
tls1_set_sigalgs	ssl/t1_lib.c	3872	20	    if ((sigalgs = OPENSSL_malloc((salglen / 2) * sizeof(*sigalgs))) == NULL)	O	mdiv	O0-fglobal-isel
tls1_get_legacy_sigalg	ssl/t1_lib.c	2495	32	            idx = s->cert->key - s->cert->pkeys;	-	mdiv	O0-fglobal-isel
tls_collect_extensions	ssl/statem/extensions.c	659	22	        idx = thisex - raw_extensions;	-	mdiv	O0-fglobal-isel|Oz--bonus-inst-threshold=0|Oz--disable-cgp|Oz--disable-machine-sink|Oz--jump-is-expensive|Oz--simplifycfg-branch-fold-common-dest-vector-multiplier=0|Oz--simplifycfg-branch-fold-threshold=0|Oz-fprofile-arcs|Oz-fprofile-instr-generate|Oz-fpseudo-probe-for-profiling
AES_ige_encrypt	crypto/aes/aes_ige.c	53	25	    size_t len = length / AES_BLOCK_SIZE;	/	mdiv	O0-fglobal-isel
derive	providers/implementations/kdfs/kbkdf.c	245	41	        if (!EVP_MAC_update(ctx, 4 - (r / 8) + (unsigned char *)&i, r / 8)	/	mdiv	O0-fglobal-isel
drbg_ctr_generate	providers/implementations/rands/drbg_ctr.c	441	32	        blocks = (buflen + 15) / 16;	/	mdiv	O0-fglobal-isel
cfbr_encrypt_block	crypto/modes/cfb128.c	175	17	    num = nbits / 8;	/	mdiv	O0-fglobal-isel
chacha_init_key	crypto/evp/e_chacha20_poly1305.c	45	25	            key->key.d[i/4] = CHACHA_U8TOU32(user_key+i);	/	mdiv	O0-fglobal-isel
pqueue_force_bottom	ssl/priority_queue.c	140	34	        const size_t p = (n - 1) / 2;	/	mdiv	O0-fglobal-isel
BIO_dump_indent_cb	crypto/bio/bio_dump.c	43	18	    dump_width = DUMP_WIDTH_LESS_INDENT(indent);	D	mdiv	O0-fglobal-isel
ossl_ec_check_security_strength	providers/common/securitycheck.c	127	47	    int strength = EC_GROUP_order_bits(group) / 2;	/	mdiv	O0-fglobal-isel
ossl_aes_gcm_siv_newctx	providers/implementations/ciphers/cipher_aes_gcm_siv.c	36	32	        ctx->key_len = keybits / 8;	/	mdiv	O0-fglobal-isel
check_bitlen_rsa	crypto/pem/pvkfmt.c	667	17	            || (BN_num_bytes(dmq1) > hnbyte))	B	mdiv	O0-fglobal-isel
BUF_MEM_grow_clean	crypto/buffer/buffer.c	128	19	    n = (len + 3) / 3 * 4;	/	mdiv	O0-fglobal-isel
check_bitlen_rsa	crypto/pem/pvkfmt.c	663	14	        if ((BN_num_bytes(iqmp) > hnbyte)	B	mdiv	O0-fglobal-isel
do_server	apps/lib/s_socket.c	452	17	                openssl_fdset(sock, &readfds);	o	mdiv	O0-fglobal-isel
n_fold	providers/implementations/kdfs/krb5kdf.c	323	30	        rbyte = l - (rotbits / 8);	/	mdiv	O0-fglobal-isel
s_client_main	apps/s_client.c	3285	9	        openssl_fdset(sock, &readfds);	o	mdiv	O0-fglobal-isel
WHIRLPOOL_Final	crypto/whrlpool/wp_dgst.c	216	55	    unsigned int bitoff = c->bitoff, byteoff = bitoff / 8;	/	mdiv	O0-fglobal-isel
tls1_prf_alg	providers/implementations/kdfs/tls1_prf.c	559	34	        size_t L_S1 = (slen + 1) / 2;	/	mdiv	O0-fglobal-isel
ossl_dh_key2buf	crypto/dh/dh_key.c	427	26	            || (p_size = BN_num_bytes(p)) == 0	B	mdiv	O0-fglobal-isel|Oz--disable-machine-sink
poll_two_fds	ssl/quic/quic_reactor.c	346	27	            timeout_ms  = ossl_time2ms(timeout);	o	mdiv	O0-fglobal-isel
do_dir	apps/rehash.c	418	52	            memset(idmask, 0, (bp->num_needed + 7) / 8);	/	mdiv	O0-fglobal-isel
date_to_julian	crypto/o_time.c	182	40	        (367 * (m - 2 - 12 * ((m - 14) / 12))) / 12 -	/	mdiv	O0-fglobal-isel
rand_pool_grow	crypto/rand/rand_pool.c	203	44	        const size_t limit = pool->max_len / 2;	/	mdiv	O0-fglobal-isel
DH_compute_key_padded	crypto/dh/dh_key.c	156	11	    pad = BN_num_bytes(dh->params.p) - rv;	B	mdiv	O0-fglobal-isel|O1-fglobal-isel|O2-fglobal-isel|O3-fglobal-isel|Ofast-fglobal-isel|Os-fglobal-isel
make_addressPrefix	crypto/x509/v3_addr.c	409	35	    int bytelen = (prefixlen + 7) / 8, bitlen = prefixlen % 8;	/	mdiv	O0-fglobal-isel|Oz--disable-machine-sink
bn_mul_part_recursive	crypto/bn/bn_mul.c	409	23	                    i /= 2;	/	mdiv	O0-fglobal-isel
ossl_quic_txpim_pkt_append_chunk	ssl/quic/quic_txpim.c	166	79	        new_alloc_chunks = (ex->alloc_chunks == 0) ? 4 : ex->alloc_chunks * 8 / 5;	/	mdiv	O0-fglobal-isel
qc_wait_for_default_xso_for_read	ssl/quic/quic_impl.c	2141	17	    expect_id = qc->as_server	q	cjump	O0-fglobal-isel
check_bitlen_rsa	crypto/pem/pvkfmt.c	665	17	            || (BN_num_bytes(q) > hnbyte)	B	mdiv	O0-fglobal-isel
ct_base64_decode	crypto/ct/ct_b64.c	35	21	    outlen = (inlen / 4) * 3;	/	mdiv	O0-fglobal-isel
ossl_cipher_generic_get_params	providers/implementations/ciphers/ciphercommon.c	178	67	    if (p.ivlen != NULL && !OSSL_PARAM_set_size_t(p.ivlen, ivbits / 8)) {	/	mdiv	O0-fglobal-isel
append_buf	apps/engine.c	71	41	            *size = ((len + expand - 1) / expand) * expand;	/	mdiv	O0-fglobal-isel|O1-fglobal-isel|O2-fglobal-isel|O3-fglobal-isel|Ofast-fglobal-isel|Os-fglobal-isel
julian_to_date	crypto/o_time.c	197	11	    L = j / 11;	/	mdiv	O0-fglobal-isel
SSL_CTX_get_timeout	ssl/ssl_sess.c	1148	18	    return (long)ossl_time2seconds(s->session_timeout);	o	mdiv	O0-fglobal-isel|Oz--enable-machine-outliner=never|Oz--inline-call-penalty=0|Oz--inline-instr-cost=100|Oz--inline-instr-cost=50|Oz--inline-memaccess-cost=100|Oz--inline-memaccess-cost=50|Oz--misched=ilpmax|Oz--outliner-benefit-threshold=100|Oz--outliner-benefit-threshold=50|Oz-finline-hint-functions|Oz-finstrument-functions|Oz-fmemory-profile|Oz-fno-inline|Oz-fno-inline-functions|Oz-fprofile-arcs|Oz-fprofile-instr-generate
OPENSSL_gmtime_adj	crypto/o_time.c	94	28	    tm->tm_hour = time_sec / 3600;	/	mdiv	O0-fglobal-isel
tls13_update_key	ssl/tls13_enc.c	784	21	    int direction = sending ? OSSL_RECORD_DIRECTION_WRITE	s	cjump	O0-fglobal-isel
ossl_ffc_params_FIPS186_2_gen_verify	crypto/ffc/ffc_params_generate.c	947	21	        n = (L - 1) / 160;	/	mdiv	O0-fglobal-isel
ssl_module_init	crypto/conf/conf_ssl.c	92	17	                cmds == NULL	c	cjump	O0-fglobal-isel
drbg_hmac_set_ctx_params_locked	providers/implementations/rands/drbg_hmac.c	519	45	        ctx->min_entropylen = ctx->strength / 8;	/	mdiv	O0-fglobal-isel
parse_hex	crypto/property/property_parse.c	143	37	        if (v > ((INT64_MAX - sval) / 16)) {	/	mdiv	O0-fglobal-isel
rsa_ossl_public_encrypt	crypto/rsa/rsa_ossl.c	130	11	    num = BN_num_bytes(rsa->n);	B	mdiv	O0-fglobal-isel|O1-fglobal-isel|O2-fglobal-isel|O3-fglobal-isel|Ofast-fglobal-isel|Os-fglobal-isel
CRYPTO_cfb128_1_encrypt	crypto/modes/cfb128.c	195	22	        c[0] = (in[n / 8] & (1 << (7 - n % 8))) ? 0x80 : 0;	/	mdiv	O0-fglobal-isel
ossl_aria_set_encrypt_key	crypto/aria/aria.c	546	27	    int Nr = (bits + 256) / 32;	/	mdiv	O0-fglobal-isel|Oz--disable-machine-sink
generate_ecdhkm	providers/implementations/kem/ec_kem.c	526	57	    size_t secretlen = (EC_GROUP_get_degree(group) + 7) / 8;	/	mdiv	O0-fglobal-isel|O1-fglobal-isel|O2-fglobal-isel|O3-fglobal-isel|Ofast-fglobal-isel|Os-fglobal-isel
des_cfb1_cipher	crypto/evp/e_des.c	160	26	            c[0] = (in[n / 8] & (1 << (7 - n % 8))) ? 0x80 : 0;	/	mdiv	O0-fglobal-isel
ossl_cipher_hw_tdes_cfb1	providers/implementations/ciphers/cipher_tdes_default_hw.c	108	22	        c[0] = (in[n / 8] & (1 << (7 - n % 8))) ? 0x80 : 0;	/	mdiv	O0-fglobal-isel
ossl_ec_curve_nid_from_params	crypto/ec/ec_curve.c	3404	11	    len = BN_num_bytes(group->field);	B	mdiv	O0-fglobal-isel|O2-fglobal-isel
date_to_julian	crypto/o_time.c	183	42	        (3 * ((y + 4900 + (m - 14) / 12) / 100)) / 4 + d - 32075;	/	mdiv	O0-fglobal-isel
ASN1_UNIVERSALSTRING_to_string	crypto/asn1/a_print.c	64	15	    s->length /= 4;	/	mdiv	O0-fglobal-isel|O1-fglobal-isel|O2-fglobal-isel|O3-fglobal-isel|Ofast-fglobal-isel|Os-fglobal-isel
julian_to_date	crypto/o_time.c	195	18	    j = (80 * L) / 2447;	/	mdiv	O0-fglobal-isel
a2i_ASN1_INTEGER	crypto/asn1/f_int.c	104	11	        i /= 2;	/	mdiv	O0-fglobal-isel
DES_cfb_encrypt	crypto/des/cfb_enc.c	36	55	    register int num = numbits / 8, n = (numbits + 7) / 8, i, rem =	/	mdiv	O0-fglobal-isel|Oz--disable-machine-sink
ackm_get_pto_time_and_space	ssl/quic/quic_ackm.c	851	18	        *space = ackm->discarded[QUIC_PN_SPACE_INITIAL]	a	cjump	O0-fglobal-isel
ossl_gcm_initctx	providers/implementations/ciphers/ciphercommon_gcm.c	41	27	    ctx->keylen = keybits / 8;	/	mdiv	O0-fglobal-isel
date_to_julian	crypto/o_time.c	183	50	        (3 * ((y + 4900 + (m - 14) / 12) / 100)) / 4 + d - 32075;	/	mdiv	O0-fglobal-isel
hpke_do_middle	crypto/hpke/hpke.c	709	37	    suitebuf[2] = ctx->suite.kdf_id / 256;	/	mdiv	O0-fglobal-isel
SSL_SESSION_print	ssl/ssl_txt.c	140	35	                       (long long)ossl_time2seconds(x->timeout)) <= 0)	o	mdiv	O0-fglobal-isel
ossl_dsa_do_sign_int	crypto/dsa/dsa_ossl.c	122	16	    if (dlen > BN_num_bytes(dsa->params.q))	B	mdiv	O0-fglobal-isel
aes_wrap_cipher	crypto/evp/e_aes.c	3726	37	                inlen = (inlen + 7) / 8 * 8;	/	mdiv	O0-fglobal-isel
ASN1_BIT_STRING_get_bit	crypto/asn1/a_bitstr.c	191	11	    w = n / 8;	/	mdiv	O0-fglobal-isel
fmtfp	crypto/bio/bio_print.c	729	30	            tmpexp = (tmpexp / 10);	/	mdiv	O0-fglobal-isel|Oz--disable-machine-sink|Oz--jump-is-expensive|Oz-fcs-profile-generate|Oz-fprofile-arcs|Oz-fprofile-generate|Oz-fprofile-instr-generate
ossl_ecdsa_simple_sign_sig	crypto/ec/ecdsa_ossl.c	329	28	        dgst_len = (i + 7) / 8;	/	mdiv	O0-fglobal-isel
BN_GF2m_mod_arr	crypto/bn/bn_gf2m.c	371	22	            n = p[k] / BN_BITS2;	/	mdiv	O0-fglobal-isel
WHIRLPOOL_BitUpdate	crypto/whrlpool/wp_dgst.c	132	57	                    memcpy(c->data + byteoff, inp, bits / 8);	/	mdiv	O0-fglobal-isel
ossl_sha3_init	crypto/sha/sha3.c	30	18	    size_t bsz = SHA3_BLOCKSIZE(bitlen);	S	mdiv	O0-fglobal-isel
pqueue_move_down	ssl/priority_queue.c	158	34	        const size_t p = (n - 1) / 2;	/	mdiv	O0-fglobal-isel
SHA3_absorb	crypto/sha/keccak1600.c	1073	21	    size_t i, w = r / 8;	/	mdiv	O0-fglobal-isel
julian_adj	crypto/o_time.c	140	29	    offset_day = offset_sec / SECS_PER_DAY;	/	mdiv	O0-fglobal-isel
WHIRLPOOL_BitUpdate	crypto/whrlpool/wp_dgst.c	118	45	                inp += n * WHIRLPOOL_BBLOCK / 8;	/	mdiv	O0-fglobal-isel
dtls1_hm_fragment_new	ssl/statem/statem_dtls.c	83	19	        bitmask = OPENSSL_zalloc(RSMBLY_BITMASK_SIZE(frag_len));	O	mdiv	O0-fglobal-isel
rc2_set_ctx_params	providers/implementations/ciphers/cipher_rc2.c	218	42	        ctx->base.keylen = ctx->key_bits / 8;	/	mdiv	O0-fglobal-isel
CRYPTO_ocb128_encrypt	crypto/modes/ocb128.c	336	22	    num_blocks = len / 16;	/	mdiv	O0-fglobal-isel
int_put_bytes_bn	crypto/der_writer.c	141	36	        ((bn_get_words(v) [(n - 1) / BN_BYTES]) >> (8 * ((n - 1) % BN_BYTES)))	/	mdiv	O0-fglobal-isel
BN_STACK_push	crypto/bn/bn_ctx.c	266	38	            st->size ? (st->size * 3 / 2) : BN_CTX_START_FRAMES;	/	mdiv	O0-fglobal-isel
ASN1_bn_print	crypto/asn1/t_pkey.c	72	14	    buflen = BN_num_bytes(num) + 1;	B	mdiv	O0-fglobal-isel|O1-fglobal-isel|O2-fglobal-isel|O3-fglobal-isel|Ofast-fglobal-isel|Os-fglobal-isel
chacha20_initiv	providers/implementations/ciphers/cipher_chacha20_hw.c	35	28	            ctx->counter[i / 4] = CHACHA_U8TOU32(bctx->oiv + i);	/	mdiv	O0-fglobal-isel
ossl_curve448_precomputed_scalarmul	crypto/ec/curve448/curve448.c	257	45	                        (scalar1x->limb[bit / WBITS] >> (bit % WBITS) & 1) << k;	/	mdiv	O0-fglobal-isel
julian_to_date	crypto/o_time.c	189	22	    long n = (4 * L) / 146097;	/	mdiv	O0-fglobal-isel
BN_GF2m_mod_arr	crypto/bn/bn_gf2m.c	322	15	    dN = p[0] / BN_BITS2;	/	mdiv	O0-fglobal-isel
CRYPTO_ctr128_encrypt_ctr32	crypto/modes/ctr128.c	168	29	        size_t blocks = len / 16;	/	mdiv	O0-fglobal-isel
cipher_hw_des_cfb1_cipher	providers/implementations/ciphers/cipher_des_hw.c	149	19	            out[n / 8] =	/	mdiv	O0-fglobal-isel
pkey_ec_derive	crypto/ec/ec_pmeth.c	194	52	        *keylen = (EC_GROUP_get_degree(group) + 7) / 8;	/	mdiv	O0-fglobal-isel|O1-fglobal-isel|O2-fglobal-isel|O3-fglobal-isel|Ofast-fglobal-isel|Os-fglobal-isel
ossl_cipher_generic_initkey	providers/implementations/ciphers/ciphercommon.c	1040	28	    ctx->keylen = ((kbits) / 8);	/	mdiv	O0-fglobal-isel
ssl_cert_set_current	ssl/ssl_cert.c	400	31	        idx = (size_t)(c->key - c->pkeys + 1);	-	mdiv	O0-fglobal-isel
ossl_ec_GF2m_simple_group_copy	crypto/ec/ec2_smpl.c	92	65	    if (bn_wexpand(dest->b, (int)(dest->poly[0] + BN_BITS2 - 1) / BN_BITS2) ==	/	mdiv	O0-fglobal-isel|O1-fglobal-isel|O2-fglobal-isel|O3-fglobal-isel|Ofast-fglobal-isel|Os-fglobal-isel
DES_cfb_encrypt	crypto/des/cfb_enc.c	36	32	    register int num = numbits / 8, n = (numbits + 7) / 8, i, rem =	/	mdiv	O0-fglobal-isel
vector_encode	crypto/ml_kem/ml_kem.c	892	32	    int stride = bits * DEGREE / 8;	/	mdiv	O0-fglobal-isel
quic_read_record	ssl/quic/quic_tls.c	396	23	        dummyrec[0] = (rl->level == OSSL_RECORD_PROTECTION_LEVEL_NONE)	(	cjump	O0-fglobal-isel
s_client_main	apps/s_client.c	2985	17	                openssl_fdset(SSL_get_fd(con), &readfds);	o	mdiv	O0-fglobal-isel|Oz--disable-cgp|Oz--enable-gvn-memdep=false|Oz--enable-machine-outliner=never|Oz--fast-isel|Oz--gvn-max-num-deps=0|Oz--inline-call-penalty=-1|Oz--inline-instr-cost=-1|Oz--inline-instr-cost=100|Oz--inline-threshold=100|Oz--jump-is-expensive|Oz--jump-threading-threshold=0|Oz--jump-threading-threshold=100|Oz--jump-threading-threshold=50|Oz--memdep-block-number-limit=0|Oz--misched-topdown|Oz--outliner-benefit-threshold=100|Oz--outliner-benefit-threshold=50|Oz--pre-RA-sched=linearize|Oz--regalloc=basic|Oz--regalloc=fast|Oz--regalloc=pbqp|Oz--simplifycfg-branch-fold-threshold=0|Oz--sroa-skip-mem2reg|Oz-finline-hint-functions|Oz-finstrument-functions|Oz-fno-inline|Oz-fno-inline-functions|Oz-fpseudo-probe-for-profiling
OPENSSL_uni2asc	crypto/pkcs12/p12_utl.c	55	21	    asclen = unilen / 2;	/	mdiv	O0-fglobal-isel
julian_to_date	crypto/o_time.c	196	25	    *d = L - (2447 * j) / 80;	/	mdiv	O0-fglobal-isel
ossl_provider_set_operation_bit	crypto/provider_core.c	2016	26	    size_t byte = bitnum / 8;	/	mdiv	O0-fglobal-isel
ossl_crypto_condvar_wait_timeout	crypto/thread/arch/thread_posix.c	195	15	            = ossl_time2seconds(deadline);	o	mdiv	O0-fglobal-isel
bn2binpad	crypto/bn/bn_lib.c	586	22	        n = (n8 + 7) / 8;       /* This is what BN_num_bytes() does */	/	mdiv	O0-fglobal-isel
tls13_set_encoded_pub_key	ssl/t1_lib.c	4931	52	        if (bits <= 0 || enckeylen != (size_t)bits / 8)	/	mdiv	O0-fglobal-isel
t_fromb64	crypto/srp/srp_vfy.c	58	45	    if (size > INT_MAX || ((size + padsize) / 4) * 3 > alen)	/	mdiv	O0-fglobal-isel
ossl_bn_mask_bits_fixed_top	crypto/bn/bn_lib.c	854	11	    w = n / BN_BITS2;	/	mdiv	O0-fglobal-isel
pkeyutl_main	apps/pkeyutl.c	515	31	            for (i = 0; i < l / 2; i++) {	/	mdiv	O0-fglobal-isel
a2d_ASN1_OBJECT	crypto/asn1/a_object.c	130	35	            blsize = (blsize + 6) / 7;	/	mdiv	O0-fglobal-isel
ossl_ec_GF2m_simple_point2oct	crypto/ec/ec2_oct.c	158	50	    field_len = (EC_GROUP_get_degree(group) + 7) / 8;	/	mdiv	O0-fglobal-isel|O1-fglobal-isel|O2-fglobal-isel|O3-fglobal-isel|Ofast-fglobal-isel|Os-fglobal-isel
srp_generate_client_master_secret	ssl/tls_srp.c	394	15	    tmp_len = BN_num_bytes(K);	B	mdiv	O0-fglobal-isel|O1-fglobal-isel|O2-fglobal-isel|O3-fglobal-isel|Ofast-fglobal-isel|Os-fglobal-isel
bn2binpad	crypto/bn/bn_lib.c	616	20	        l = a->d[i / BN_BYTES];	/	mdiv	O0-fglobal-isel
readbuffer_resize	crypto/bio/bf_readbuff.c	93	36	    sz = DEFAULT_BUFFER_SIZE * (sz / DEFAULT_BUFFER_SIZE);	/	mdiv	O0-fglobal-isel|Os-fglobal-isel
tls_construct_server_key_exchange	ssl/statem/statem_srvr.c	2737	26	            size_t len = BN_num_bytes(r[0]) - BN_num_bytes(r[2]);	B	mdiv	O0-fglobal-isel
recode_wnaf	crypto/ec/curve448/curve448.c	580	51	            current += (uint32_t)((scalar->limb[w / B_OVER_16]	/	mdiv	O0-fglobal-isel
s_client_main	apps/s_client.c	3121	34	        else if (!ssl_pending && FD_ISSET(fileno_stdout(), &writefds))	F	mdiv	O0-fglobal-isel
ossl_hexstr2buf_sep	crypto/o_str.c	265	11	    buf_n /= 2;	/	mdiv	O0-fglobal-isel
ossl_ec_GFp_simple_point2oct	crypto/ec/ecp_oct.c	189	17	    field_len = BN_num_bytes(group->field);	B	mdiv	O0-fglobal-isel|O1-fglobal-isel|O2-fglobal-isel|O3-fglobal-isel|Ofast-fglobal-isel|Os-fglobal-isel
ASN1_BIT_STRING_set_bit	crypto/asn1/a_bitstr.c	156	11	    w = n / 8;	/	mdiv	O0-fglobal-isel
CRYPTO_ocb128_setiv	crypto/modes/ocb128.c	255	30	        (*(stretch + (bottom / 8) + 16) & mask) >> (8 - shift);	/	mdiv	O0-fglobal-isel
adapt	crypto/punycode.c	53	23	        delta = delta / (base - tmin);	/	mdiv	O0-fglobal-isel
push_BN	crypto/param_build.c	210	13	        n = BN_num_bytes(bn);	B	mdiv	O0-fglobal-isel|O1-fglobal-isel|O2-fglobal-isel|O3-fglobal-isel|Ofast-fglobal-isel|Os-fglobal-isel
RSA_size	crypto/rsa/rsa_crpt.c	30	12	    return BN_num_bytes(r->n);	B	mdiv	O0-fglobal-isel|O1-fglobal-isel|O2-fglobal-isel|O3-fglobal-isel|Ofast-fglobal-isel|Os-fglobal-isel
s_client_main	apps/s_client.c	2988	17	                openssl_fdset(SSL_get_fd(con), &writefds);	o	mdiv	O0-fglobal-isel
cipher_hw_camellia_initkey	providers/implementations/ciphers/cipher_camellia_hw.c	35	27	        dat->stream.cbc = mode == EVP_CIPH_CBC_MODE ?	m	cjump	O0-fglobal-isel
bn_i2c	crypto/asn1/x_bignum.c	112	18	    return pad + BN_num_bytes(bn);	B	mdiv	O0-fglobal-isel|O1-fglobal-isel|O2-fglobal-isel|O3-fglobal-isel|Ofast-fglobal-isel|Os-fglobal-isel
cert_acceptable	crypto/cmp/cmp_vfy.c	277	19	        int err = time_cmp > 0 ? X509_V_ERR_CERT_HAS_EXPIRED	t	cjump	O0-fglobal-isel
BN_bn2dec	crypto/bn/bn_conv.c	63	23	    num = (i / 10 + i / 1000 + 1) + 1;	/	mdiv	O0-fglobal-isel|O1-fglobal-isel|O2-fglobal-isel|O3-fglobal-isel|Ofast-fglobal-isel|Os-fglobal-isel
ossl_dh_key2buf	crypto/dh/dh_key.c	428	16	            || BN_num_bytes(pubkey) == 0) {	B	mdiv	O0-fglobal-isel
BN_MONT_CTX_set	crypto/bn/bn_mont.c	292	56	        mont->ri = (BN_num_bits(mod) + (BN_BITS2 - 1)) / BN_BITS2 * BN_BITS2;	/	mdiv	O0-fglobal-isel
ossl_bsearch	crypto/bsearch.c	26	21	        i = (l + h) / 2;	/	mdiv	O0-fglobal-isel|O1-fglobal-isel|O2-fglobal-isel|O3-fglobal-isel|Ofast-fglobal-isel|Os-fglobal-isel
sv_body	apps/s_server.c	2640	13	            openssl_fdset(fileno_stdin(), &readfds);	o	mdiv	O0-fglobal-isel
tls_choose_sigalg	ssl/t1_lib.c	4685	51	                        int cc_idx = s->cert->key - s->cert->pkeys;	-	mdiv	O0-fglobal-isel
aes_xts_init	providers/implementations/ciphers/cipher_aes_xts.c	93	52	        if (!aes_xts_check_keys_differ(key, keylen / 2, enc))	/	mdiv	O0-fglobal-isel
cipher_hw_camellia_initkey	providers/implementations/ciphers/cipher_camellia_hw.c	39	27	        dat->stream.cbc = mode == EVP_CIPH_CBC_MODE ?	m	cjump	O0-fglobal-isel
X509_ALGOR_set_md	crypto/asn1/x_algor.c	91	16	    int type = md->flags & EVP_MD_FLAG_DIGALGID_ABSENT ? V_ASN1_UNDEF	m	cjump	O0-fglobal-isel
i2d_SSL_SESSION	ssl/ssl_asn1.c	172	27	    as.timeout = (int64_t)ossl_time2seconds(in->timeout);	o	mdiv	O0-fglobal-isel
julian_to_date	crypto/o_time.c	194	24	    L = L - (1461 * i) / 4 + 31;	/	mdiv	O0-fglobal-isel
ssl_cipher_list_to_bytes	ssl/statem/statem_clnt.c	4172	13	            !maxverok	!	cjump	O0-fglobal-isel|O2--simplifycfg-branch-fold-threshold=0|O2--sroa-skip-mem2reg|O2-fprofile-arcs|O3--simplifycfg-branch-fold-threshold=0|O3--sroa-skip-mem2reg|O3-fprofile-arcs|Ofast--simplifycfg-branch-fold-threshold=0|Ofast--sroa-skip-mem2reg|Ofast-fprofile-arcs|Os--simplifycfg-branch-fold-threshold=0|Os--sroa-skip-mem2reg|Os-fprofile-arcs
BN_bn2dec	crypto/bn/bn_conv.c	83	20	            if (lp - bn_data >= bn_data_num)	-	mdiv	O0-fglobal-isel
bn_mul_low_recursive	crypto/bn/bn_mul.c	480	16	    int n = n2 / 2;	/	mdiv	O0-fglobal-isel|O1-fglobal-isel|O2-fglobal-isel|O3-fglobal-isel|Ofast-fglobal-isel|Os-fglobal-isel
BN_set_bit	crypto/bn/bn_lib.c	799	11	    i = n / BN_BITS2;	/	mdiv	O0-fglobal-isel
ossl_quic_conn_set_blocking_mode	ssl/quic/quic_impl.c	1270	12	    mode = (blocking != 0)	(	cjump	O0-fglobal-isel
CRYPTO_gcm128_decrypt_ctr32	crypto/modes/gcm128.c	1488	22	        size_t j = i / 16;	/	mdiv	O0-fglobal-isel
ec_pkey_export_to	crypto/ec/ec_ameth.c	571	27	        sz = (ecbits + 7) / 8;	/	mdiv	O0-fglobal-isel|Oz-fwrapv
ossl_cipher_generic_get_params	providers/implementations/ciphers/ciphercommon.c	174	68	    if (p.bsize != NULL && !OSSL_PARAM_set_size_t(p.bsize, blkbits / 8)) {	/	mdiv	O0-fglobal-isel
ec_asn1_group2curve	crypto/ec/ec_asn1.c	336	52	    len = ((size_t)EC_GROUP_get_degree(group) + 7) / 8;	/	mdiv	O0-fglobal-isel
internal_find	crypto/stack/stack.c	388	52	    return r == NULL ? -1 : (int)((const void **)r - st->data);	-	mdiv	O0-fglobal-isel
CRYPTO_cfb128_1_encrypt	crypto/modes/cfb128.c	197	15	        out[n / 8] = (out[n / 8] & ~(1 << (unsigned int)(7 - n % 8))) |	/	mdiv	O0-fglobal-isel
des_cfb1_cipher	crypto/evp/e_des.c	165	24	                (out[n / 8] & ~(0x80 >> (unsigned int)(n % 8))) |	/	mdiv	O0-fglobal-isel
cipher_hw_aes_xts_generic_initkey	providers/implementations/ciphers/cipher_aes_xts_hw.c	83	9	        XTS_SET_KEY_FN(AES_set_encrypt_key, AES_set_decrypt_key,	X	mdiv	O0-fglobal-isel
hpke_do_middle	crypto/hpke/hpke.c	711	38	    suitebuf[4] = ctx->suite.aead_id / 256;	/	mdiv	O0-fglobal-isel
crl_main	apps/crl.c	358	58	                    BIO_printf(bio_out, "%02X%c", md[j], (j + 1 == (int)n)	(	cjump	O0-fglobal-isel
tls13_change_cipher_state	ssl/tls13_enc.c	744	16	            : ((which &SSL3_CC_HANDSHAKE) != 0	(	cjump	O0-fglobal-isel
s_client_main	apps/s_client.c	2970	21	                    openssl_fdset(fileno_stdin(), &readfds);	o	mdiv	O0-fglobal-isel|Oz--disable-cgp|Oz--enable-gvn-memdep=false|Oz--enable-machine-outliner=never|Oz--fast-isel|Oz--gvn-max-num-deps=0|Oz--inline-call-penalty=-1|Oz--inline-instr-cost=-1|Oz--inline-instr-cost=100|Oz--inline-threshold=100|Oz--jump-is-expensive|Oz--jump-threading-threshold=0|Oz--jump-threading-threshold=100|Oz--jump-threading-threshold=50|Oz--memdep-block-number-limit=0|Oz--misched-topdown|Oz--outliner-benefit-threshold=100|Oz--outliner-benefit-threshold=50|Oz--pre-RA-sched=linearize|Oz--simplifycfg-branch-fold-threshold=0|Oz--sroa-skip-mem2reg|Oz-finline-hint-functions|Oz-finstrument-functions|Oz-fno-inline|Oz-fno-inline-functions|Oz-fpseudo-probe-for-profiling
tls_choose_sigalg	ssl/t1_lib.c	4658	57	        if (!s->server && !ssl_has_cert(s, s->cert->key - s->cert->pkeys))	-	mdiv	O0-fglobal-isel
ossl_blake2b_final	providers/implementations/digests/blake2b_prov.c	311	32	    int iter = (c->outlen + 7) / 8;	/	mdiv	O0-fglobal-isel
ossl_encode_der_integer	crypto/asn1_dsa.c	83	31	    cont_len = BN_num_bits(n) / 8 + 1;	/	mdiv	O0-fglobal-isel|Oz--disable-machine-sink
rxfc_cwm_bump_desired	ssl/quic/quic_fc.c	247	43	        threshold = rxfc->cur_window_size / 2;	/	mdiv	O0-fglobal-isel
ossl_ecdh_simple_compute_key	crypto/ec/ecdh_ossl.c	119	11	    len = BN_num_bytes(x);	B	mdiv	O0-fglobal-isel|O1-fglobal-isel|O2-fglobal-isel|O3-fglobal-isel|Ofast-fglobal-isel|Os-fglobal-isel
ossl_quic_wire_decode_pkt_hdr_pn	ssl/quic/quic_wire_pkt.c	755	30	    pn_hwin         = pn_win / 2;	/	mdiv	O0-fglobal-isel
scryptBlockMix	providers/implementations/kdfs/scrypt.c	381	24	        memcpy(B_ + (i / 2 + (i & 1) * r) * 16, X, sizeof(X));	/	mdiv	O0-fglobal-isel
check_bitlen_rsa	crypto/pem/pvkfmt.c	659	13	        if (BN_num_bytes(d) > nbyte)	B	mdiv	O0-fglobal-isel
sv_body	apps/s_server.c	2742	41	                    SSL_key_update(con, buf[0] == 'K' ?	b	cjump	O0-fglobal-isel
ossl_rio_poll_builder_poll	ssl/rio/poll_builder.c	171	26	            timeout_ms = ossl_time2ms(ossl_time_subtract(deadline,	o	mdiv	O0-fglobal-isel
EC_GROUP_set_curve_name	crypto/ec/ec_lib.c	488	9	        (nid != NID_undef)	(	cjump	O0-fglobal-isel
s_client_main	apps/s_client.c	2529	17	                openssl_fdset(SSL_get_fd(con), &readfds);	o	mdiv	O0-fglobal-isel
CRYPTO_ccm128_init	crypto/modes/ccm128.c	31	57	    ctx->nonce.c[0] = ((u8)(L - 1) & 7) | (u8)(((M - 2) / 2) & 7) << 3;	/	mdiv	O0-fglobal-isel
bn2binpad	crypto/bn/bn_lib.c	561	18	    n = (n8 + 7) / 8;           /* This is what BN_num_bytes() does */	/	mdiv	O0-fglobal-isel
contract	crypto/lhash/lhash.c	303	18	        lh->pmax /= 2;	/	mdiv	O0-fglobal-isel
BN_bn2dec	crypto/bn/bn_conv.c	63	14	    num = (i / 10 + i / 1000 + 1) + 1;	/	mdiv	O0-fglobal-isel|O1-fglobal-isel|O2-fglobal-isel|O3-fglobal-isel|Ofast-fglobal-isel|Os-fglobal-isel
s_client_main	apps/s_client.c	3215	18	        else if (FD_ISSET(fileno_stdin(), &readfds))	F	mdiv	O0-fglobal-isel
ossl_ec_key_simple_priv2oct	crypto/ec/ec_key.c	1012	55	    buf_len = (EC_GROUP_order_bits(eckey->group) + 7) / 8;	/	mdiv	O0-fglobal-isel|Oz--disable-machine-sink
adapt	crypto/punycode.c	49	33	    delta = (firsttime) ? delta / damp : delta / 2;	/	mdiv	O0-fglobal-isel
ASN1_bn_print	crypto/asn1/t_pkey.c	64	9	    if (BN_num_bytes(num) <= BN_BYTES) {	B	mdiv	O0-fglobal-isel
tls_parse_stoc_sct	ssl/statem/extensions_clnt.c	1566	25	        ENDPOINT role = (context & SSL_EXT_TLS1_2_SERVER_HELLO) != 0	(	cjump	O0-fglobal-isel
ossl_ec_GF2m_simple_group_set_curve	crypto/ec/ec2_smpl.c	127	67	    if (bn_wexpand(group->b, (int)(group->poly[0] + BN_BITS2 - 1) / BN_BITS2)	/	mdiv	O0-fglobal-isel|O1-fglobal-isel|O2-fglobal-isel|O3-fglobal-isel|Ofast-fglobal-isel|Os-fglobal-isel
qlog_event_epilogue	ssl/quic/qlog.c	382	36	        ossl_json_u64(&qlog->json, ossl_time2ms(qlog->event_time));	o	mdiv	O0-fglobal-isel
ossl_ifc_ffc_compute_security_bits	crypto/rsa/rsa_lib.c	376	20	                   / log_2);	/	mdiv	O0-fglobal-isel
BN_is_bit_set	crypto/bn/bn_lib.c	840	11	    i = n / BN_BITS2;	/	mdiv	O0-fglobal-isel
OSSL_HTTP_REQ_CTX_nbio	crypto/http/http_client.c	770	31	                rctx->state = i < HTTP_STATUS_CODES_NONFATAL_ERROR	i	cjump	O0-fglobal-isel|O2--sroa-skip-mem2reg|O3--sroa-skip-mem2reg|Ofast--sroa-skip-mem2reg|Os--sroa-skip-mem2reg|Oz--sroa-skip-mem2reg
default_fixup_args	crypto/evp/ctrl_params_translate.c	463	35	                    ctx->buflen = BN_num_bytes(ctx->p2);	B	mdiv	O0-fglobal-isel
x25519_scalar_mult	crypto/ec/curve25519.c	722	37	        unsigned int b = 1 & (e[pos / 8] >> (pos & 7));	/	mdiv	O0-fglobal-isel
ossl_x448_int	crypto/ec/curve448/curve448.c	403	31	        uint8_t sb = scalar[t / 8];	/	mdiv	O0-fglobal-isel
EC_POINT_bn2point	crypto/ec/ec_deprecated.c	48	20	    if ((buf_len = BN_num_bytes(bn)) == 0)	B	mdiv	O0-fglobal-isel|Oz--disable-machine-sink
drbg_hash_set_ctx_params_locked	providers/implementations/rands/drbg_hash.c	596	45	        ctx->min_entropylen = ctx->strength / 8;	/	mdiv	O0-fglobal-isel
ilog_e	crypto/rsa/rsa_lib.c	294	35	    for (i = scale / 2; i != 0; i /= 2) {	/	mdiv	O0-fglobal-isel
CT_POLICY_EVAL_CTX_new_ex	crypto/ct/ct_policy.c	48	29	    ctx->epoch_time_in_ms = ossl_time2ms(now);	o	mdiv	O0-fglobal-isel
key_to_params	providers/implementations/keymgmt/ec_kmgmt.c	228	27	        sz = (ecbits + 7) / 8;	/	mdiv	O0-fglobal-isel|Oz-fwrapv
date_to_julian	crypto/o_time.c	181	48	    return (1461 * (y + 4800 + (m - 14) / 12)) / 4 +	/	mdiv	O0-fglobal-isel
parse_number	crypto/property/property_parse.c	108	43	        if (v > ((INT64_MAX - (*s - '0')) / 10)) {	/	mdiv	O0-fglobal-isel|O1-fglobal-isel|O2-fglobal-isel|O3-fglobal-isel|Ofast-fglobal-isel|Os-fglobal-isel
OSSL_HPKE_export	crypto/hpke/hpke.c	1273	37	    suitebuf[0] = ctx->suite.kem_id / 256;	/	mdiv	O0-fglobal-isel
BN_clear_bit	crypto/bn/bn_lib.c	823	11	    i = n / BN_BITS2;	/	mdiv	O0-fglobal-isel
drbg_ctr_init_lengths	providers/implementations/rands/drbg_ctr.c	547	55	            drbg->min_noncelen = drbg->min_entropylen / 2;	/	mdiv	O0-fglobal-isel
CRYPTO_ocb128_setiv	crypto/modes/ocb128.c	251	40	    ocb_block_lshift(stretch + (bottom / 8), shift, ctx->sess.offset.c);	/	mdiv	O0-fglobal-isel
ossl_quic_channel_new_stream_remote	ssl/quic/quic_channel.c	3949	17	    peer_role = ch->is_server	c	cjump	O0-fglobal-isel
OSSL_HPKE_export	crypto/hpke/hpke.c	1277	38	    suitebuf[4] = ctx->suite.aead_id / 256;	/	mdiv	O0-fglobal-isel
SHA3_squeeze	crypto/sha/keccak1600.c	1107	21	    size_t i, w = r / 8;	/	mdiv	O0-fglobal-isel
hexdecode	apps/s_client.c	348	48	    unsigned char *ret = app_malloc(strlen(in) / 2, "hexdecode");	/	mdiv	O0-fglobal-isel
ossl_ec_GF2m_simple_point2oct	crypto/ec/ec2_oct.c	217	32	            skip = field_len - BN_num_bytes(y);	B	mdiv	O0-fglobal-isel|O1-fglobal-isel|O2-fglobal-isel|O3-fglobal-isel|Ofast-fglobal-isel|Os-fglobal-isel
des_cfb1_cipher	crypto/evp/e_des.c	164	19	            out[n / 8] =	/	mdiv	O0-fglobal-isel
build_chain	crypto/x509/x509_vfy.c	3607	35	                                  num == 1	n	cjump	O0-fglobal-isel
DH_size	crypto/dh/dh_lib.c	206	16	        return BN_num_bytes(dh->params.p);	B	mdiv	O0-fglobal-isel|O1-fglobal-isel|O2-fglobal-isel|O3-fglobal-isel|Ofast-fglobal-isel|Os-fglobal-isel
CRYPTO_ocb128_aad	crypto/modes/ocb128.c	272	22	    num_blocks = len / 16;	/	mdiv	O0-fglobal-isel
sv_body	apps/s_server.c	2680	17	            if (FD_ISSET(s, &readfds))	F	mdiv	O0-fglobal-isel
ossl_cipher_generic_initkey	providers/implementations/ciphers/ciphercommon.c	1044	30	    ctx->blocksize = blkbits / 8;	/	mdiv	O0-fglobal-isel
bit_set	ssl/quic/qlog.c	32	18	        p[bit_no / BITS_PER_WORD] &= ~mask;	/	mdiv	O0-fglobal-isel
drbg_hash_set_ctx_params_locked	providers/implementations/rands/drbg_hash.c	597	49	        ctx->min_noncelen = ctx->min_entropylen / 2;	/	mdiv	O0-fglobal-isel
ossl_ec_GFp_simple_point2oct	crypto/ec/ecp_oct.c	225	28	        skip = field_len - BN_num_bytes(x);	B	mdiv	O0-fglobal-isel|O1-fglobal-isel|O2-fglobal-isel|O3-fglobal-isel|Ofast-fglobal-isel|Os-fglobal-isel
ecdh_size	providers/implementations/exchange/ecdh_exch.c	469	25	    return (degree + 7) / 8;	/	mdiv	O0-fglobal-isel
append_buf	apps/engine.c	62	37	        *size = ((len + expand - 1) / expand) * expand;	/	mdiv	O0-fglobal-isel|O1-fglobal-isel|O2-fglobal-isel|O3-fglobal-isel|Ofast-fglobal-isel|Os-fglobal-isel
ossl_bio_print_labeled_bignum	crypto/encode_decode/encoder_lib.c	722	9	    if (BN_num_bytes(bn) <= BN_BYTES) {	B	mdiv	O0-fglobal-isel
bn_mul_recursive	crypto/bn/bn_mul.c	178	16	    int n = n2 / 2, c1, c2;	/	mdiv	O0-fglobal-isel|Oz--disable-machine-sink|Oz-ftrapv
cmd_Certificate	ssl/ssl_conf.c	460	33	        size_t fileidx = c->key - c->pkeys;	-	mdiv	O0-fglobal-isel
OSSL_HPKE_export	crypto/hpke/hpke.c	1275	37	    suitebuf[2] = ctx->suite.kdf_id / 256;	/	mdiv	O0-fglobal-isel
ossl_cipher_hw_tdes_cfb1	providers/implementations/ciphers/cipher_tdes_default_hw.c	112	29	        out[n / 8] = (out[n / 8] & ~(0x80 >> (unsigned int)(n % 8)))	/	mdiv	O0-fglobal-isel
drbg_hmac_set_ctx_params_locked	providers/implementations/rands/drbg_hmac.c	520	49	        ctx->min_noncelen = ctx->min_entropylen / 2;	/	mdiv	O0-fglobal-isel
CRYPTO_128_wrap_pad	crypto/modes/wrap128.c	194	46	    const size_t blocks_padded = (inlen + 7) / 8; /* CEILING(m/8) */	/	mdiv	O0-fglobal-isel
srp_Calc_xy	crypto/srp/srp_lib.c	31	16	    int numN = BN_num_bytes(N);	B	mdiv	O0-fglobal-isel|Oz--disable-machine-sink
CRYPTO_128_unwrap_pad	crypto/modes/wrap128.c	257	22	    size_t n = inlen / 8 - 1;	/	mdiv	O0-fglobal-isel
OBJ_obj2txt	crypto/objects/obj_dat.c	563	29	                i = (int)(l / 40);	/	mdiv	O0-fglobal-isel
base64encode	crypto/http/http_client.c	1406	17	    outl = (len / 3);	/	mdiv	O0-fglobal-isel
tls1_set_sigalgs	ssl/t1_lib.c	3895	40	        c->client_sigalgslen = salglen / 2;	/	mdiv	O0-fglobal-isel
s_client_main	apps/s_client.c	2973	21	                    openssl_fdset(fileno_stdout(), &writefds);	o	mdiv	O0-fglobal-isel
tls_construct_ctos_psk	ssl/statem/extensions_clnt.c	1149	34	        if (agesec != 0 && agems / (uint32_t)1000 != agesec) {	/	mdiv	O0-fglobal-isel
tls13_change_cipher_state	ssl/tls13_enc.c	511	21	    int direction = (which & SSL3_CC_READ) != 0 ? OSSL_RECORD_DIRECTION_READ	(	cjump	O0-fglobal-isel
julian_to_date	crypto/o_time.c	193	26	    i = (4000 * (L + 1)) / 1461001;	/	mdiv	O0-fglobal-isel
rsautl_main	apps/rsautl.c	233	35	        for (i = 0; i < rsa_inlen / 2; i++) {	/	mdiv	O0-fglobal-isel
BN_GF2m_mod_solve_quad_arr	crypto/bn/bn_gf2m.c	1035	37	        for (j = 1; j <= (p[0] - 1) / 2; j++) {	/	mdiv	O0-fglobal-isel|O1-fglobal-isel|O2-fglobal-isel|O3-fglobal-isel|Ofast-fglobal-isel|Os-fglobal-isel
determine_days	crypto/asn1/a_time.c	73	45	    tm->tm_wday = (d + (13 * m) / 5 + y + y / 4 + c / 4 + 5 * c + 6) % 7;	/	mdiv	O0-fglobal-isel
rsa_ossl_private_decrypt	crypto/rsa/rsa_ossl.c	551	11	    num = BN_num_bytes(rsa->n);	B	mdiv	O0-fglobal-isel
contract	crypto/lhash/lhash.c	302	29	        lh->num_alloc_nodes /= 2;	/	mdiv	O0-fglobal-isel
DES_ede3_cfb_encrypt	crypto/des/cfb64ede.c	174	42	                memmove(ovec, ovec + num / 8, 8 + (num % 8 ? 1 : 0));	/	mdiv	O0-fglobal-isel
qlog_event_epilogue	ssl/quic/qlog.c	389	36	        ossl_json_u64(&qlog->json, ossl_time2ms(delta));	o	mdiv	O0-fglobal-isel
ec_guess_cofactor	crypto/ec/ec_lib.c	328	70	    if (BN_num_bits(group->order) <= (BN_num_bits(group->field) + 1) / 2 + 3) {	/	mdiv	O0-fglobal-isel|O1-fglobal-isel|O2-fglobal-isel|O3-fglobal-isel|Ofast-fglobal-isel|Os-fglobal-isel
ossl_keccak_init	crypto/sha/sha3.c	48	30	        ctx->md_size = mdlen / 8;	/	mdiv	O0-fglobal-isel
ge_scalarmult_base	crypto/ec/curve25519.c	4261	28	        table_select(&t, i / 2, e[i]);	/	mdiv	O0-fglobal-isel
ge_double_scalarmult_vartime	crypto/ec/curve25519.c	4593	45	            ge_sub(&t, &u, &Ai[(-aslide[i]) / 2]);	/	mdiv	O0-fglobal-isel
ossl_quic_channel_new_stream_local	ssl/quic/quic_channel.c	3912	12	    type = ch->is_server ? QUIC_STREAM_INITIATOR_SERVER	c	cjump	O0-fglobal-isel
create_nonce	apps/ts.c	561	26	    int len = (bits - 1) / 8 + 1;	/	mdiv	O0-fglobal-isel
ossl_x448_int	crypto/ec/curve448/curve448.c	407	15	        if (t / 8 == 0)	/	mdiv	O0-fglobal-isel
WHIRLPOOL_BitUpdate	crypto/whrlpool/wp_dgst.c	116	42	            if (bitoff == 0 && (n = bits / WHIRLPOOL_BBLOCK)) {	/	mdiv	O0-fglobal-isel
create_ticket_prequel	ssl/statem/statem_srvr.c	3905	34	    uint32_t timeout = (uint32_t)ossl_time2seconds(s->session->timeout);	o	mdiv	O0-fglobal-isel
BN_GF2m_mod_arr	crypto/bn/bn_gf2m.c	336	15	            n /= BN_BITS2;	/	mdiv	O0-fglobal-isel
ossl_sm2_compute_z_digest	crypto/sm2/sm2_sign.c	112	15	    p_bytes = BN_num_bytes(p);	B	mdiv	O0-fglobal-isel
date_to_julian	crypto/o_time.c	182	48	        (367 * (m - 2 - 12 * ((m - 14) / 12))) / 12 -	/	mdiv	O0-fglobal-isel
common_get_params	providers/implementations/keymgmt/ec_kmgmt.c	702	31	            sec_bits = ecbits / 2;	/	mdiv	O0-fglobal-isel
des_ede3_cfb1_cipher	crypto/evp/e_des3.c	174	22	        c[0] = (in[n / 8] & (1 << (7 - n % 8))) ? 0x80 : 0;	/	mdiv	O0-fglobal-isel
check_bitlen_rsa	crypto/pem/pvkfmt.c	664	17	            || (BN_num_bytes(p) > hnbyte)	B	mdiv	O0-fglobal-isel
www_body	apps/s_server.c	3344	17	                openssl_fdset(s, &readfds);	o	mdiv	O0-fglobal-isel
DES_ede3_cfb_encrypt	crypto/des/cfb64ede.c	97	72	    register unsigned long l = length, n = ((unsigned int)numbits + 7) / 8;	/	mdiv	O0-fglobal-isel
ge_double_scalarmult_vartime	crypto/ec/curve25519.c	4601	46	            ge_msub(&t, &u, &Bi[(-bslide[i]) / 2]);	/	mdiv	O0-fglobal-isel
ossl_crypto_condvar_wait_timeout	crypto/thread/arch/thread_posix.c	197	62	            = (ossl_time2ticks(deadline) % OSSL_TIME_SECOND) / OSSL_TIME_NS;	/	mdiv	O0-fglobal-isel
EVP_PKEY_set_bn_param	crypto/evp/p_lib.c	2390	13	    bsize = BN_num_bytes(bn);	B	mdiv	O0-fglobal-isel|Oz--disable-machine-sink
date_to_julian	crypto/o_time.c	181	41	    return (1461 * (y + 4800 + (m - 14) / 12)) / 4 +	/	mdiv	O0-fglobal-isel
rc2_get_asn1_type_and_iv	crypto/evp/e_rc2.c	151	62	                || EVP_CIPHER_CTX_set_key_length(c, key_bits / 8) <= 0)	/	mdiv	O0-fglobal-isel
fmtfp	crypto/bio/bio_print.c	714	30	        fracpart = (fracpart / 10);	/	mdiv	O0-fglobal-isel
ossl_dsa_do_sign_int	crypto/dsa/dsa_ossl.c	128	16	        dlen = BN_num_bytes(dsa->params.q);	B	mdiv	O0-fglobal-isel
cipher_hw_aes_initkey	providers/implementations/ciphers/cipher_aes_hw.c	108	27	        dat->stream.cbc = (dat->mode == EVP_CIPH_CBC_MODE)	(	cjump	O0-fglobal-isel
json_u64	ssl/quic/json_enc.c	551	34	        for (*p = '\0'; v > 0; v /= 10)	/	mdiv	O0-fglobal-isel
determine_days	crypto/asn1/a_time.c	73	53	    tm->tm_wday = (d + (13 * m) / 5 + y + y / 4 + c / 4 + 5 * c + 6) % 7;	/	mdiv	O0-fglobal-isel
SRP_create_verifier_ex	crypto/srp/srp_vfy.c	678	27	    if (!t_tob64(vf, tmp, BN_num_bytes(v)))	B	mdiv	O0-fglobal-isel
cfbr_encrypt_block	crypto/modes/cfb128.c	166	23	    num = (nbits + 7) / 8;	/	mdiv	O0-fglobal-isel
s_client_main	apps/s_client.c	3142	35	                   || (!isquic && FD_ISSET(SSL_get_fd(con), &readfds))) {	F	mdiv	O0-fglobal-isel
txku_desirable	ssl/quic/quic_channel.c	808	38	    thresh_pkt_count = max_pkt_count / 2;	/	mdiv	O0-fglobal-isel
ossl_ec_dhkem_derive_private	providers/implementations/kem/ec_kem.c	416	31	    suiteid[0] = info->kem_id / 256;	/	mdiv	O0-fglobal-isel
WHIRLPOOL_BitUpdate	crypto/whrlpool/wp_dgst.c	121	47	                unsigned int byteoff = bitoff / 8;	/	mdiv	O0-fglobal-isel
ossl_cipher_generic_initkey	providers/implementations/ciphers/ciphercommon.c	1041	28	    ctx->ivlen = ((ivbits) / 8);	/	mdiv	O0-fglobal-isel
fmtfp	crypto/bio/bio_print.c	697	28	        intpart = (intpart / 10);	/	mdiv	O0-fglobal-isel
ossl_ffc_params_FIPS186_2_gen_verify	crypto/ffc/ffc_params_generate.c	873	18	    L = (L + 63) / 64 * 64;	/	mdiv	O0-fglobal-isel
bin2bn	crypto/bn/bn_lib.c	508	20	    n = ((len - 1) / BN_BYTES) + 1; /* Number of resulting bignum chunks */	/	mdiv	O0-fglobal-isel
OSSL_PARAM_set_BN	crypto/params.c	1130	21	    bytes = (size_t)BN_num_bytes(val);	B	mdiv	O0-fglobal-isel|O1-fglobal-isel|O2-fglobal-isel|O3-fglobal-isel|Ofast-fglobal-isel|Os-fglobal-isel
srp_generate_server_master_secret	ssl/tls_srp.c	343	15	    tmp_len = BN_num_bytes(K);	B	mdiv	O0-fglobal-isel|O1-fglobal-isel|O2-fglobal-isel|O3-fglobal-isel|Ofast-fglobal-isel|Os-fglobal-isel
CRYPTO_ccm128_encrypt_ccm64	crypto/modes/ccm128.c	343	18	    if ((n = len / 16)) {	/	mdiv	O0-fglobal-isel
cipher_hw_des_cfb1_cipher	providers/implementations/ciphers/cipher_des_hw.c	147	26	            c[0] = (in[n / 8] & (1 << (7 - n % 8))) ? 0x80 : 0;	/	mdiv	O0-fglobal-isel
WHIRLPOOL_BitUpdate	crypto/whrlpool/wp_dgst.c	126	28	                    bitrem /= 8;	/	mdiv	O0-fglobal-isel
chacha_init_key	crypto/evp/e_chacha20_poly1305.c	50	27	            key->counter[i/4] = CHACHA_U8TOU32(iv+i);	/	mdiv	O0-fglobal-isel
derive	providers/implementations/kdfs/kbkdf.c	245	71	        if (!EVP_MAC_update(ctx, 4 - (r / 8) + (unsigned char *)&i, r / 8)	/	mdiv	O0-fglobal-isel
date_to_julian	crypto/o_time.c	183	36	        (3 * ((y + 4900 + (m - 14) / 12) / 100)) / 4 + d - 32075;	/	mdiv	O0-fglobal-isel
ge_double_scalarmult_vartime	crypto/ec/curve25519.c	4590	42	            ge_add(&t, &u, &Ai[aslide[i] / 2]);	/	mdiv	O0-fglobal-isel
cmd_Certificate	ssl/ssl_conf.c	465	60	            char **pfilename = &cctx->cert_filename[c->key - c->pkeys];	-	mdiv	O0-fglobal-isel
WHIRLPOOL_BitUpdate	crypto/whrlpool/wp_dgst.c	155	43	            unsigned int byteoff = bitoff / 8;	/	mdiv	O0-fglobal-isel
tls_construct_ctos_psk	ssl/statem/extensions_clnt.c	1126	28	        agesec = (uint32_t)ossl_time2seconds(t);	o	mdiv	O0-fglobal-isel
aes_siv_newctx	providers/implementations/ciphers/cipher_aes_siv.c	42	31	        ctx->keylen = keybits / 8;	/	mdiv	O0-fglobal-isel
ossl_ec_GF2m_simple_oct2point	crypto/ec/ec2_oct.c	310	25	    field_len = (m + 7) / 8;	/	mdiv	O0-fglobal-isel|O1-fglobal-isel|O2-fglobal-isel|O3-fglobal-isel|Ofast-fglobal-isel|Os-fglobal-isel
www_body	apps/s_server.c	3346	32	                if (i <= 0 || !FD_ISSET(s, &readfds)) {	F	mdiv	O0-fglobal-isel
sv_body	apps/s_server.c	2677	17	            if (FD_ISSET(fileno_stdin(), &readfds))	F	mdiv	O0-fglobal-isel
s_client_main	apps/s_client.c	3043	25	                    && !FD_ISSET(SSL_get_fd(con), &writefds))	F	mdiv	O0-fglobal-isel
BN_GF2m_mod_inv_vartime	crypto/bn/bn_gf2m.c	698	40	                int utop = (ubits - 1) / BN_BITS2;	/	mdiv	O0-fglobal-isel
tls_construct_cke_srp	ssl/statem/statem_clnt.c	3542	17	            || !WPACKET_sub_allocate_bytes_u16(pkt, BN_num_bytes(s->srp_ctx.A),	W	mdiv	O0-fglobal-isel
bn_rshift_fixed_top	crypto/bn/bn_shift.c	185	12	    nw = n / BN_BITS2;	/	mdiv	O0-fglobal-isel|O1-fglobal-isel|O2-fglobal-isel|O3-fglobal-isel|Ofast-fglobal-isel|Os-fglobal-isel
sh_actual_size	crypto/mem_sec.c	747	26	    return sh.arena_size / (ONE << list);	/	mdiv	O0-fglobal-isel
sv_body	apps/s_server.c	2642	13	            openssl_fdset(s, &readfds);	o	mdiv	O0-fglobal-isel
bnrand	crypto/bn/bn_rand.c	39	24	    bytes = (bits + 7) / 8;	/	mdiv	O0-fglobal-isel|Oz-fwrapv
rsa_ossl_private_encrypt	crypto/rsa/rsa_ossl.c	325	11	    num = BN_num_bytes(rsa->n);	B	mdiv	O0-fglobal-isel
mul2	crypto/rsa/rsa_lib.c	245	18	    return a * b / scale;	/	mdiv	O0-fglobal-isel
BUF_reverse	crypto/buffer/buffer.c	155	30	        for (i = 0; i < size / 2; i++) {	/	mdiv	O0-fglobal-isel
ossl_cipher_hw_tdes_cfb1	providers/implementations/ciphers/cipher_tdes_default_hw.c	112	15	        out[n / 8] = (out[n / 8] & ~(0x80 >> (unsigned int)(n % 8)))	/	mdiv	O0-fglobal-isel
ossl_param_bytes_to_blocks	crypto/params_dup.c	31	48	    return (bytes + OSSL_PARAM_ALIGN_SIZE - 1) / OSSL_PARAM_ALIGN_SIZE;	/	mdiv	O0-fglobal-isel
a2i_ASN1_STRING	crypto/asn1/f_string.c	96	11	        i /= 2;	/	mdiv	O0-fglobal-isel
ossl_quic_tls_configure	ssl/quic/quic_tls.c	732	41	                                        qtls->args.is_server ? ENDPOINT_SERVER	q	cjump	O0-fglobal-isel
bit_set	ssl/quic/qlog.c	30	18	        p[bit_no / BITS_PER_WORD] |= mask;	/	mdiv	O0-fglobal-isel
OSSL_sleep	crypto/sleep.c	62	36	    ts.tv_sec = (long int) (millis / 1000);	/	mdiv	O0-fglobal-isel
SHA512_Update	crypto/sha/sha512.c	321	50	            sha512_block_data_order(c, data, len / sizeof(c->u)),	/	mdiv	O0-fglobal-isel
build_chain	crypto/x509/x509_vfy.c	3611	31	                              ctx->num_untrusted < num	c	cjump	O0-fglobal-isel|O1--inline-instr-cost=0|O1-fprofile-generate|O2--inline-instr-cost=0|O2-fprofile-generate|O3--inline-instr-cost=0|O3-fprofile-generate|Ofast--inline-instr-cost=0|Ofast-fprofile-generate|Os--inline-instr-cost=0|Os-fprofile-generate|Oz--inline-instr-cost=0|Oz--inline-threshold=100|Oz-fprofile-generate
query_cmp	crypto/property/property.c	198	15	            : b->provider < a->provider ? -1	b	cjump	O0-fglobal-isel
ctrl_switch_option	ssl/ssl_conf.c	944	22	    size_t idx = cmd - ssl_conf_cmds;	-	mdiv	O0-fglobal-isel
SRP_create_verifier_ex	crypto/srp/srp_vfy.c	675	14	    vfsize = BN_num_bytes(v) * 2;	B	mdiv	O0-fglobal-isel
check_bitlen_rsa	crypto/pem/pvkfmt.c	666	17	            || (BN_num_bytes(dmp1) > hnbyte)	B	mdiv	O0-fglobal-isel
bn_mul_part_recursive	crypto/bn/bn_mul.c	384	15	        i = n / 2;	/	mdiv	O0-fglobal-isel
ossl_quic_wire_encode_frame_ack	ssl/quic/quic_wire.c	59	27	    uint64_t frame_type = ack->ecn_present ? OSSL_QUIC_FRAME_TYPE_ACK_WITH_ECN	a	cjump	O0-fglobal-isel
adapt	crypto/punycode.c	49	48	    delta = (firsttime) ? delta / damp : delta / 2;	/	mdiv	O0-fglobal-isel
put_num	crypto/property/property_parse.c	680	38	    for (; tmpval > 9; len++, tmpval /= 10);	/	mdiv	O0-fglobal-isel
ossl_rand_pool_bytes_needed	crypto/rand/rand_pool.c	248	20	    bytes_needed = ENTROPY_TO_BYTES(entropy_needed, entropy_factor);	E	mdiv	O0-fglobal-isel
ch_start_terminating	ssl/quic/quic_channel.c	3191	44	            ch_record_state_transition(ch, tcause->remote	t	cjump	O0-fglobal-isel
OSSL_PARAM_BLD_push_BN_pad	crypto/param_build.c	247	38	        return push_BN(bld, key, bn, BN_num_bytes(bn),	B	mdiv	O0-fglobal-isel|O1-fglobal-isel|O2-fglobal-isel|O3-fglobal-isel|Ofast-fglobal-isel|Os-fglobal-isel
parse_oct	crypto/property/property_parse.c	174	43	        if (v > ((INT64_MAX - (*s - '0')) / 8)) {	/	mdiv	O0-fglobal-isel
OSSL_PARAM_BLD_push_BN	crypto/param_build.c	239	51	    return push_BN(bld, key, bn, bn == NULL ? 0 : BN_num_bytes(bn),	B	mdiv	O0-fglobal-isel|Oz-fconvergent-functions|Oz-fprofile-arcs|Oz-fprofile-generate|Oz-fprofile-instr-generate|Oz-fpseudo-probe-for-profiling|Oz-fsycl|Oz-ftrapv
initialize	providers/implementations/kdfs/argon2.c	732	44	    if (ctx->memory_blocks * sizeof(BLOCK) / sizeof(BLOCK) != ctx->memory_blocks)	/	mdiv	O0-fglobal-isel
fmtfp	crypto/bio/bio_print.c	708	33	            fracpart = fracpart / 10;	/	mdiv	O0-fglobal-isel
ossl_quic_tx_packetiser_schedule_conn_close	ssl/quic/quic_txp.c	3177	47	    size_t max_reason_len = txp_get_mdpl(txp) / 2;	/	mdiv	O0-fglobal-isel
ossl_aria_set_encrypt_key	crypto/aria/aria.c	557	31	    ck = &Key_RC[(bits - 128) / 64][0];	/	mdiv	O0-fglobal-isel
ossl_ec_GFp_simple_point2oct	crypto/ec/ecp_oct.c	243	32	            skip = field_len - BN_num_bytes(y);	B	mdiv	O0-fglobal-isel|O1-fglobal-isel|O2-fglobal-isel|O3-fglobal-isel|Ofast-fglobal-isel|Os-fglobal-isel
des_ede3_cfb1_cipher	crypto/evp/e_des3.c	179	15	        out[n / 8] = (out[n / 8] & ~(0x80 >> (unsigned int)(n % 8)))	/	mdiv	O0-fglobal-isel
ossl_gen_deterministic_nonce_rfc6979	crypto/deterministic_nonce.c	202	28	    rlen = (qlen_bits + 7) / 8;	/	mdiv	O0-fglobal-isel
SSL_CTX_set_timeout	ssl/ssl_sess.c	1139	15	    l = (long)ossl_time2seconds(s->session_timeout);	o	mdiv	O0-fglobal-isel
ossl_dh_buf2key	crypto/dh/dh_key.c	398	22	    if (p == NULL || BN_num_bytes(p) == 0) {	B	mdiv	O0-fglobal-isel
tls1_check_chain	ssl/t1_lib.c	4027	29	            idx = (int)(cpk - c->pkeys);	-	mdiv	O0-fglobal-isel
SRP_Calc_x_ex	crypto/srp/srp_lib.c	159	15	    if ((cs = OPENSSL_malloc(BN_num_bytes(s))) == NULL)	O	mdiv	O0-fglobal-isel
bit_get	ssl/quic/qlog.c	22	21	    return p[bit_no / BITS_PER_WORD] & (((size_t)1) << (bit_no % BITS_PER_WORD));	/	mdiv	O0-fglobal-isel
OSSL_PARAM_BLD_push_BN	crypto/param_build.c	237	38	        return push_BN(bld, key, bn, BN_num_bytes(bn) + 1,	B	mdiv	O0-fglobal-isel|Oz-fconvergent-functions|Oz-fprofile-arcs|Oz-fprofile-generate|Oz-fprofile-instr-generate|Oz-fpseudo-probe-for-profiling|Oz-fsycl|Oz-ftrapv
newreno_is_cong_limited	ssl/quic/cc_newreno.c	335	77	    return (nr->cong_wnd < nr->slow_start_thresh && wnd_rem <= nr->cong_wnd / 2)	/	mdiv	O0-fglobal-isel
ossl_prov_drbg_instantiate	providers/implementations/rands/drbg.c	415	43	            min_entropy += drbg->strength / 2;	/	mdiv	O0-fglobal-isel
s_client_main	apps/s_client.c	3048	33	                && ((!isquic && FD_ISSET(SSL_get_fd(con), &writefds))	F	mdiv	O0-fglobal-isel
ec_security_bits	crypto/ec/ec_ameth.c	229	19	    return ecbits / 2;	/	mdiv	O0-fglobal-isel|O1-fglobal-isel|O2-fglobal-isel|O3-fglobal-isel|Ofast-fglobal-isel|Os-fglobal-isel
s_client_main	apps/s_client.c	3042	25	                    && !FD_ISSET(SSL_get_fd(con), &readfds)	F	mdiv	O0-fglobal-isel
CRYPTO_ccm128_decrypt_ccm64	crypto/modes/ccm128.c	403	18	    if ((n = len / 16)) {	/	mdiv	O0-fglobal-isel
OPENSSL_gmtime_adj	crypto/o_time.c	95	28	    tm->tm_min = (time_sec / 60) % 60;	/	mdiv	O0-fglobal-isel
write_dsa	crypto/pem/pvkfmt.c	735	13	    nbyte = BN_num_bytes(p);	B	mdiv	O0-fglobal-isel
ossl_ccm_initctx	providers/implementations/ciphers/ciphercommon_ccm.c	610	27	    ctx->keylen = keybits / 8;	/	mdiv	O0-fglobal-isel
BN_security_bits	crypto/bn/bn_lib.c	1019	14	    bits = N / 2;	/	mdiv	O0-fglobal-isel
dh_gen_init_base	providers/implementations/keymgmt/dh_kmgmt.c	475	26	        gctx->gen_type = (type == DH_FLAG_TYPE_DHX)	(	cjump	O0-fglobal-isel
ossl_sha3_init	crypto/sha/sha3.c	35	31	        ctx->md_size = bitlen / 8;	/	mdiv	O0-fglobal-isel
SRP_Calc_x_ex	crypto/srp/srp_lib.c	175	37	    if (!EVP_DigestUpdate(ctxt, cs, BN_num_bytes(s)))	B	mdiv	O0-fglobal-isel
camellia_init_key	crypto/evp/e_camellia.c	209	27	        dat->stream.cbc = mode == EVP_CIPH_CBC_MODE ?	m	cjump	O0-fglobal-isel
tls_construct_server_key_exchange	ssl/statem/statem_srvr.c	2748	42	        if (!WPACKET_allocate_bytes(pkt, BN_num_bytes(r[i]), &binval)	B	mdiv	O0-fglobal-isel
ossl_bn_gen_dsa_nonce_fixed_top	crypto/bn/bn_rand.c	308	34	    const unsigned num_k_bytes = BN_num_bytes(range) + 1;	B	mdiv	O0-fglobal-isel
SSL_get_default_timeout	ssl/ssl_lib.c	2243	22	    return (long int)ossl_time2seconds(s->method->get_timeout());	o	mdiv	O0-fglobal-isel
hpke_do_middle	crypto/hpke/hpke.c	707	37	    suitebuf[0] = ctx->suite.kem_id / 256;	/	mdiv	O0-fglobal-isel
cipher_hw_aes_initkey	providers/implementations/ciphers/cipher_aes_hw.c	63	31	            dat->stream.cbc = (dat->mode == EVP_CIPH_CBC_MODE)	(	cjump	O0-fglobal-isel
ossl_ec_GF2m_simple_point2oct	crypto/ec/ec2_oct.c	199	28	        skip = field_len - BN_num_bytes(x);	B	mdiv	O0-fglobal-isel|O1-fglobal-isel|O2-fglobal-isel|O3-fglobal-isel|Ofast-fglobal-isel|Os-fglobal-isel
ossl_blake2s_final	providers/implementations/digests/blake2s_prov.c	299	32	    int iter = (c->outlen + 3) / 4;	/	mdiv	O0-fglobal-isel
ssl3_change_cipher_state	ssl/s3_enc.c	101	21	    int direction = (which & SSL3_CC_READ) != 0 ? OSSL_RECORD_DIRECTION_READ	(	cjump	O0-fglobal-isel
ge_scalarmult_base	crypto/ec/curve25519.c	4276	28	        table_select(&t, i / 2, e[i]);	/	mdiv	O0-fglobal-isel
cipher_hw_des_cfb1_cipher	providers/implementations/ciphers/cipher_des_hw.c	150	24	                (out[n / 8] & ~(0x80 >> (unsigned int)(n % 8))) |	/	mdiv	O0-fglobal-isel
SSL_get_handshake_rtt	ssl/ssl_lib.c	5093	12	    *rtt = ossl_time2us(ossl_time_subtract(sc->ts_msg_read, sc->ts_msg_write));	o	mdiv	O0-fglobal-isel
prepare_from_text	crypto/params_from_text.c	94	33	        *buf_n = (buf_bits + 7) / 8;	/	mdiv	O0-fglobal-isel
DES_ofb_encrypt	crypto/des/ofb_enc.c	28	67	    register DES_LONG d0, d1, vv0, vv1, v0, v1, n = (numbits + 7) / 8;	/	mdiv	O0-fglobal-isel|Oz--disable-machine-sink
aes_init_key	crypto/evp/e_aes.c	2447	31	            dat->stream.cbc = mode == EVP_CIPH_CBC_MODE ?	m	cjump	O0-fglobal-isel
determine_days	crypto/asn1/a_time.c	73	33	    tm->tm_wday = (d + (13 * m) / 5 + y + y / 4 + c / 4 + 5 * c + 6) % 7;	/	mdiv	O0-fglobal-isel
tls_construct_server_key_exchange	ssl/statem/statem_srvr.c	2737	47	            size_t len = BN_num_bytes(r[0]) - BN_num_bytes(r[2]);	B	mdiv	O0-fglobal-isel
ilog_e	crypto/rsa/rsa_lib.c	301	31	    r = (r * (uint64_t)scale) / log_e;	/	mdiv	O0-fglobal-isel
dh_builtin_genparams	crypto/dh/dh_gen.c	225	26	                   + 24) / 25 * 25;	/	mdiv	O0-fglobal-isel
aes_wrap_cipher_internal	providers/implementations/ciphers/cipher_aes_wrp.c	199	37	                inlen = (inlen + 7) / 8 * 8;	/	mdiv	O0-fglobal-isel
aes_siv_initkey	providers/implementations/ciphers/cipher_aes_siv_hw.c	24	27	    size_t klen  = keylen / 2;	/	mdiv	O0-fglobal-isel
ec_field_size	crypto/sm2/sm2_crypt.c	54	12	    return BN_num_bytes(p);	B	mdiv	O0-fglobal-isel|Os-fglobal-isel
ossl_cipher_generic_get_params	providers/implementations/ciphers/ciphercommon.c	170	68	    if (p.keylen != NULL && !OSSL_PARAM_set_size_t(p.keylen, kbits / 8)) {	/	mdiv	O0-fglobal-isel
determine_days	crypto/asn1/a_time.c	70	11	    c = y / 100;	/	mdiv	O0-fglobal-isel
ssl_srp_server_param_with_username_intern	ssl/tls_srp.c	223	12	    return ((s->srp_ctx.B =	(	cjump	O0-fglobal-isel
timestamp_print	crypto/ct/ct_prn.c	37	46	                             (int)(timestamp / 86400000),	/	mdiv	O0-fglobal-isel
ossl_ecx_dhkem_derive_private	providers/implementations/kem/ecx_kem.c	360	31	    suiteid[0] = info->kem_id / 256;	/	mdiv	O0-fglobal-isel
BN_bn2mpi	crypto/bn/bn_mpi.c	22	22	    num = (bits + 7) / 8;	/	mdiv	O0-fglobal-isel|O1-fglobal-isel|O2-fglobal-isel|O3-fglobal-isel|Ofast-fglobal-isel|Os-fglobal-isel
ossl_qtx_flush_net	ssl/quic/quic_record_tx.c	1000	12	    return total_written > 0	t	cjump	O0-fglobal-isel
wait_random_seeded	providers/implementations/rands/seeding/rand_unix.c	473	21	                    FD_SET(fd, &fds);	F	mdiv	O0-fglobal-isel
vector_decode_decompress_ntt	crypto/ml_kem/ml_kem.c	910	32	    int stride = bits * DEGREE / 8;	/	mdiv	O0-fglobal-isel
int_put_bytes_bn	crypto/der_writer.c	137	16	    size_t n = BN_num_bytes(v);	B	mdiv	O0-fglobal-isel
CRYPTO_ccm128_decrypt_ccm64	crypto/modes/ccm128.c	410	39	            ctr64_add(ctx->nonce.c, n / 16);	/	mdiv	O0-fglobal-isel
ossl_ec_GF2m_simple_group_set_curve	crypto/ec/ec2_smpl.c	119	67	    if (bn_wexpand(group->a, (int)(group->poly[0] + BN_BITS2 - 1) / BN_BITS2)	/	mdiv	O0-fglobal-isel|O1-fglobal-isel|O2-fglobal-isel|O3-fglobal-isel|Ofast-fglobal-isel|Os-fglobal-isel
ossl_ec_curve_nid_from_params	crypto/ec/ec_curve.c	3403	17	    param_len = BN_num_bytes(group->order);	B	mdiv	O0-fglobal-isel|O2-fglobal-isel
cipher_hw_sm4_xts_generic_initkey	providers/implementations/ciphers/cipher_sm4_xts_hw.c	68	9	        XTS_SET_KEY_FN(ossl_sm4_set_key, ossl_sm4_set_key, ossl_sm4_encrypt,	X	mdiv	O0-fglobal-isel
tls1_set_sigalgs	ssl/t1_lib.c	3899	38	        c->conf_sigalgslen = salglen / 2;	/	mdiv	O0-fglobal-isel
enc_main	apps/enc.c	391	23	    buff = app_malloc(EVP_ENCODE_LENGTH(bsize), "evp buffer");	E	mdiv	O0-fglobal-isel
camellia_init_key	crypto/evp/e_camellia.c	213	27	        dat->stream.cbc = mode == EVP_CIPH_CBC_MODE ?	m	cjump	O0-fglobal-isel
ssl_cert_dup	ssl/ssl_cert.c	114	38	    ret->key = &ret->pkeys[cert->key - cert->pkeys];	-	mdiv	O0-fglobal-isel
BN_bn2dec	crypto/bn/bn_conv.c	65	23	    bn_data_num = num / BN_DEC_NUM + 1;	/	mdiv	O0-fglobal-isel|O1-fglobal-isel|O2-fglobal-isel|O3-fglobal-isel|Ofast-fglobal-isel|Os-fglobal-isel
des_ede3_cfb1_cipher	crypto/evp/e_des3.c	179	29	        out[n / 8] = (out[n / 8] & ~(0x80 >> (unsigned int)(n % 8)))	/	mdiv	O0-fglobal-isel
aes_xts_init_key	crypto/evp/e_aes.c	3230	38	            const int bytes = keylen / 2;	/	mdiv	O0-fglobal-isel|Oz--disable-machine-sink|Oz-ftrapv
dtls1_retransmit_message	ssl/statem/statem_dtls.c	1237	29	    ret = dtls1_do_write(s, frag->msg_header.is_ccs ?	f	cjump	O0-fglobal-isel
ossl_ecdsa_simple_verify_sig	crypto/ec/ecdsa_ossl.c	506	28	        dgst_len = (i + 7) / 8;	/	mdiv	O0-fglobal-isel|O1-fglobal-isel|O2-fglobal-isel|O3-fglobal-isel|Ofast-fglobal-isel|Os-fglobal-isel
ossl_ec_GFp_simple_oct2point	crypto/ec/ecp_oct.c	312	17	    field_len = BN_num_bytes(group->field);	B	mdiv	O0-fglobal-isel|O1-fglobal-isel|O2-fglobal-isel|O3-fglobal-isel|Ofast-fglobal-isel|Os-fglobal-isel
CRYPTO_cfb128_1_encrypt	crypto/modes/cfb128.c	197	29	        out[n / 8] = (out[n / 8] & ~(1 << (unsigned int)(7 - n % 8))) |	/	mdiv	O0-fglobal-isel
bn_lshift_fixed_top	crypto/bn/bn_shift.c	116	12	    nw = n / BN_BITS2;	/	mdiv	O0-fglobal-isel|O1-fglobal-isel|O2-fglobal-isel|O3-fglobal-isel|Ofast-fglobal-isel|Os-fglobal-isel
chacha20_initkey	providers/implementations/ciphers/cipher_chacha20_hw.c	22	26	            ctx->key.d[i / 4] = CHACHA_U8TOU32(key + i);	/	mdiv	O0-fglobal-isel
julian_to_date	crypto/o_time.c	192	30	    L = L - (146097 * n + 3) / 4;	/	mdiv	O0-fglobal-isel
DES_ede3_cfb_encrypt	crypto/des/cfb64ede.c	137	42	                memmove(ovec, ovec + num / 8, 8 + (num % 8 ? 1 : 0));	/	mdiv	O0-fglobal-isel
ossl_ecdh_simple_compute_key	crypto/ec/ecdh_ossl.c	118	47	    buflen = (EC_GROUP_get_degree(group) + 7) / 8;	/	mdiv	O0-fglobal-isel|O1-fglobal-isel|O2-fglobal-isel|O3-fglobal-isel|Ofast-fglobal-isel|Os-fglobal-isel
wait_for_async	apps/lib/apps.c	3295	9	        openssl_fdset((int)fds[i], &asyncfds);	o	mdiv	O0-fglobal-isel
BUF_MEM_grow	crypto/buffer/buffer.c	91	19	    n = (len + 3) / 3 * 4;	/	mdiv	O0-fglobal-isel
depack_do_implicit_stream_create	ssl/quic/quic_rx_depack.c	401	17	    peer_role = ch->is_server	c	cjump	O0-fglobal-isel
set_hex	apps/enc.c	847	19	            out[i / 2] = (j << 4);	/	mdiv	O0-fglobal-isel
bn_get_bits	crypto/bn/bn_exp.c	494	22	    wordpos = bitpos / BN_BITS2;	/	mdiv	O0-fglobal-isel|Oz--disable-machine-sink
ossl_drbg_get_seed	providers/implementations/rands/drbg.c	154	49	    bytes_needed = entropy >= 0 ? (entropy + 7) / 8 : 0;	/	mdiv	O0-fglobal-isel|Oz-fwrapv
set_hex	apps/enc.c	845	19	            out[i / 2] |= j;	/	mdiv	O0-fglobal-isel
aes_init_key	crypto/evp/e_aes.c	2487	27	        dat->stream.cbc = mode == EVP_CIPH_CBC_MODE ?	m	cjump	O0-fglobal-isel
SSL_read_early_data	ssl/ssl_lib.c	2450	24	                return ret > 0 ? SSL_READ_EARLY_DATA_SUCCESS	r	cjump	O0-fglobal-isel
load_iv	crypto/pem/pem_lib.c	609	14	        to[i / 2] |= v << (long)((!(i & 1)) * 4);	/	mdiv	O0-fglobal-isel
ASN1_item_sign_ctx	crypto/asn1/a_sign.c	246	21	        paramtype = pkey->ameth->pkey_flags & ASN1_PKEY_SIGPARAM_NULL ?	p	cjump	O0-fglobal-isel
NCONF_get_number_e	crypto/conf/conf_lib.c	358	34	        if (res > (LONG_MAX - d) / 10L) {	/	mdiv	O0-fglobal-isel|O1-fglobal-isel
bn_sqr_recursive	crypto/bn/bn_sqr.c	158	16	    int n = n2 / 2;	/	mdiv	O0-fglobal-isel|Oz--disable-machine-sink
chacha20_cipher	providers/implementations/ciphers/cipher_chacha20_hw.c	66	29	        size_t blocks = inl / CHACHA_BLK_SIZE;	/	mdiv	O0-fglobal-isel
port_validate_token	ssl/quic/quic_port.c	1359	17	    time_diff = ossl_time2seconds(ossl_time_abs_difference(token.timestamp,	o	mdiv	O0-fglobal-isel
bn_to_asn1_string	crypto/asn1/a_int.c	486	11	    len = BN_num_bytes(bn);	B	mdiv	O0-fglobal-isel|Oz--disable-machine-sink
rsa_ossl_public_decrypt	crypto/rsa/rsa_ossl.c	741	11	    num = BN_num_bytes(rsa->n);	B	mdiv	O0-fglobal-isel|O1-fglobal-isel|O2-fglobal-isel|O3-fglobal-isel|Ofast-fglobal-isel|Os-fglobal-isel
ossl_ec_GF2m_simple_group_copy	crypto/ec/ec2_smpl.c	89	65	    if (bn_wexpand(dest->a, (int)(dest->poly[0] + BN_BITS2 - 1) / BN_BITS2) ==	/	mdiv	O0-fglobal-isel|O1-fglobal-isel|O2-fglobal-isel|O3-fglobal-isel|Ofast-fglobal-isel|Os-fglobal-isel
timestamp_print	crypto/ct/ct_prn.c	38	53	                             (timestamp % 86400000) / 1000);	/	mdiv	O0-fglobal-isel
ssl_module_init	crypto/conf/conf_ssl.c	72	13	            cmd_lists == NULL	c	cjump	O0-fglobal-isel
ge_double_scalarmult_vartime	crypto/ec/curve25519.c	4598	43	            ge_madd(&t, &u, &Bi[bslide[i] / 2]);	/	mdiv	O0-fglobal-isel
chacha_cipher	crypto/evp/e_chacha20_poly1305.c	86	29	        size_t blocks = len / CHACHA_BLK_SIZE;	/	mdiv	O0-fglobal-isel
CRYPTO_gcm128_encrypt_ctr32	crypto/modes/gcm128.c	1332	22	        size_t j = i / 16;	/	mdiv	O0-fglobal-isel
BIO_lookup_ex	crypto/bio/bio_addr.c	941	40	            for (addresses = addrlistp - he->h_addr_list;	-	mdiv	O0-fglobal-isel
ossl_dh_compute_key	crypto/dh/dh_key.c	102	32	    ret = BN_bn2binpad(z, key, BN_num_bytes(dh->params.p));	B	mdiv	O0-fglobal-isel|O1-fglobal-isel|O2-fglobal-isel|O3-fglobal-isel|Ofast-fglobal-isel|Os-fglobal-isel
EC_POINT_hex2point	crypto/ec/ec_print.c	62	23	    len = strlen(hex) / 2;	/	mdiv	O0-fglobal-isel
CRYPTO_ccm128_encrypt_ccm64	crypto/modes/ccm128.c	350	39	            ctr64_add(ctx->nonce.c, n / 16);	/	mdiv	O0-fglobal-isel
ssl3_cbc_digest_record	ssl/record/methods/ssl3_cbc.c	311	49	    index_b = (mac_end_offset + md_length_size) / md_block_size;	/	mdiv	O1--disable-machine-sink|O2--disable-machine-sink|O3--disable-machine-sink|Ofast--disable-machine-sink|Os--disable-machine-sink|Oz--disable-machine-sink
ssl3_cbc_digest_record	ssl/record/methods/ssl3_cbc.c	306	30	    index_a = mac_end_offset / md_block_size;	/	mdiv	O1--disable-machine-sink|O2--disable-machine-sink|O3--disable-machine-sink|Ofast--disable-machine-sink|Os--disable-machine-sink|Oz--disable-machine-sink
ssl3_cbc_digest_record	ssl/record/methods/ssl3_cbc.c	278	13	         1) / md_block_size;	/	mdiv	O1--disable-machine-sink|O1-fcs-profile-generate|O1-fprofile-arcs|O1-fprofile-generate|O1-fprofile-instr-generate|O2--disable-machine-sink|O2--jump-threading-threshold=100|O2--jump-threading-threshold=50|O2-fcs-profile-generate|O2-fprofile-arcs|O2-fprofile-generate|O2-fprofile-instr-generate|O3--disable-machine-sink|O3--jump-threading-threshold=100|O3--jump-threading-threshold=50|O3-fcs-profile-generate|O3-fprofile-arcs|O3-fprofile-generate|O3-fprofile-instr-generate|Ofast--disable-machine-sink|Ofast--jump-threading-threshold=100|Ofast--jump-threading-threshold=50|Ofast-fcs-profile-generate|Ofast-fprofile-arcs|Ofast-fprofile-generate|Ofast-fprofile-instr-generate|Os--disable-machine-sink|Os--jump-threading-threshold=100|Os--jump-threading-threshold=50|Os-fcs-profile-generate|Os-fprofile-arcs|Os-fprofile-generate|Os-fprofile-instr-generate|Oz--disable-machine-sink|Oz--jump-threading-threshold=100|Oz--jump-threading-threshold=50|Oz-fcs-profile-generate|Oz-fprofile-arcs|Oz-fprofile-generate|Oz-fprofile-instr-generate
tls1_set_groups	ssl/t1_lib.c	1118	19	        *dup_list |= idmask;	|	cjump	O1--disable-branch-fold|O1--disable-lsr|O1--disable-machine-sink|O1--enable-tail-merge=false|O1--inline-instr-cost=100|O1--inline-instr-cost=50|O1--inline-threshold=-1|O1--inline-threshold=0|O1--inlinedefault-threshold=-1|O1--inlinedefault-threshold=0|O1--lsr-complexity-limit=50|O1--lsr-drop-solution|O1--pre-RA-sched=linearize|O1--regalloc=fast|O1--rotation-max-header-size=0|O1--scalar-evolution-huge-expr-threshold=0|O1--sroa-skip-mem2reg|O1--tail-merge-size=0|O1--tail-merge-threshold=0|O1-fglobal-isel|O1-finline-hint-functions|O1-finstrument-functions|O1-fmemory-profile|O1-fno-inline|O1-fno-inline-functions|O1-fpseudo-probe-for-profiling
HKDF_Expand	providers/implementations/kdfs/hkdf.c	631	17	    n = okm_len / dig_len;	/	mdiv	O1--disable-machine-sink|O1--jump-is-expensive|O1--simplifycfg-branch-fold-threshold=0|O1-fprofile-arcs|O1-fprofile-instr-generate|O2--disable-machine-sink|O2--jump-is-expensive|O2--simplifycfg-branch-fold-threshold=0|O2-fprofile-arcs|O2-fprofile-instr-generate|O3--disable-machine-sink|O3--jump-is-expensive|O3--simplifycfg-branch-fold-threshold=0|O3-fprofile-arcs|O3-fprofile-instr-generate|Ofast--disable-machine-sink|Ofast--jump-is-expensive|Ofast--simplifycfg-branch-fold-threshold=0|Ofast-fprofile-arcs|Ofast-fprofile-instr-generate|Os--disable-machine-sink|Os--jump-is-expensive|Os--simplifycfg-branch-fold-threshold=0|Os-fprofile-arcs|Os-fprofile-instr-generate|Oz--disable-machine-sink|Oz--jump-is-expensive|Oz--simplifycfg-branch-fold-threshold=0|Oz-fprofile-arcs|Oz-fprofile-instr-generate
ossl_ffc_params_FIPS186_4_gen_verify	crypto/ffc/ffc_params_generate.c	679	17	    n = (L - 1) / (mdsize << 3);	/	mdiv	O1--disable-machine-sink|O2--disable-machine-sink|O3--disable-machine-sink|Ofast--disable-machine-sink|Os--disable-machine-sink|Oz--disable-machine-sink
CMAC_Update	crypto/cmac/cmac.c	213	32	    cipher_blocks = (dlen - 1) / bl;	/	mdiv	O1--disable-machine-sink|O1--rotation-max-header-size=0|O1-fprofile-generate|O2--disable-machine-sink|O2--rotation-max-header-size=0|O2-fprofile-generate|O3--disable-machine-sink|O3--rotation-max-header-size=0|O3-fprofile-generate|Ofast--disable-machine-sink|Ofast--rotation-max-header-size=0|Ofast-fprofile-generate|Os--disable-machine-sink|Os--rotation-max-header-size=0|Os-fprofile-generate
internal_find	crypto/stack/stack.c	345	15	        *pnum = 0;	=	cjump	O1--enable-tail-merge=false|O1--misched=ilpmax|O1--regalloc=fast|O1--sroa-skip-mem2reg|O1--tail-merge-size=0|O1--tail-merge-threshold=0|O1-fcs-profile-generate|O1-fmemory-profile|O1-fprofile-generate
tls1_cbc_remove_padding_and_mac	ssl/record/methods/tls_pad.c	150	21	            good &= ~(mask & (padding_length ^ b));	~	cjump	O1-fglobal-isel|O2-fglobal-isel|O3-fglobal-isel|Ofast-fglobal-isel|Os-fglobal-isel|Oz-fglobal-isel
BN_num_bits_word	crypto/bn/bn_lib.c	118	7	    l ^= (x ^ l) & mask;	^	cjump	O1-fglobal-isel|O2-fglobal-isel|O3-fglobal-isel|Ofast-fglobal-isel|Os-fglobal-isel|Oz-fglobal-isel
safe_div_round_up_int	crypto/evp/evp_enc.c	31	1	OSSL_SAFE_MATH_SIGNED(int, int)	O	mdiv	O1-fglobal-isel|O1-finstrument-functions|O2-finstrument-functions|O3-finstrument-functions|Ofast-finstrument-functions|Os-finstrument-functions|Oz-finstrument-functions
ossl_quic_channel_set_incoming_stream_auto_reject	ssl/quic/quic_channel.c	3983	41	    ch->incoming_stream_auto_reject     = (enable != 0);	=	cjump	O1-fglobal-isel|O2-fglobal-isel|O3-fglobal-isel|Ofast-fglobal-isel|Os-fglobal-isel|Oz-fglobal-isel
BN_BLINDING_invert_ex	crypto/bn/bn_blind.c	185	25	                n->d[i] &= mask;	&	cjump	O1-fglobal-isel|O2-fglobal-isel|O3-fglobal-isel|Ofast-fglobal-isel|Os-fglobal-isel|Oz-fglobal-isel
DES_set_key	crypto/des/set_key.c	81	13	        res &= constant_time_eq_8(b & 1, 1);	&	cjump	O1-fglobal-isel|Os-fglobal-isel
DES_key_sched	crypto/des/set_key.c	81	13	        res &= constant_time_eq_8(b & 1, 1);	&	cjump	O1-fglobal-isel
BN_num_bits	crypto/bn/bn_lib.c	130	7	    l ^= (x ^ l) & mask;	^	cjump	O1-fglobal-isel|O2-fglobal-isel|O3-fglobal-isel|Ofast-fglobal-isel
readbuffer_read	crypto/bio/bf_readbuff.c	93	36	    sz = DEFAULT_BUFFER_SIZE * (sz / DEFAULT_BUFFER_SIZE);	/	mdiv	O1-fglobal-isel|O2-fglobal-isel|O3-fglobal-isel|Ofast-fglobal-isel
ossl_ml_dsa_key_compress_high_bits	crypto/ml_dsa/ml_dsa_key_compress.c	72	12	        r1 ^= ((43 - r1) >> 31) & r1;	^	cjump	O1-fglobal-isel|O2-fglobal-isel|O3-fglobal-isel|Ofast-fglobal-isel|Os-fglobal-isel|Oz-fglobal-isel
bn_mod_sub_fixed_top	crypto/bn/bn_mod.c	152	21	        ta = ap[ai] & mask;	&	cjump	O1-fglobal-isel|O2-fglobal-isel|O3-fglobal-isel|Ofast-fglobal-isel|Os-fglobal-isel|Oz-fglobal-isel
BN_num_bits	crypto/bn/bn_lib.c	118	7	    l ^= (x ^ l) & mask;	^	cjump	O1-fglobal-isel|O2-fglobal-isel|O3-fglobal-isel|Ofast-fglobal-isel
readbuffer_gets	crypto/bio/bf_readbuff.c	93	36	    sz = DEFAULT_BUFFER_SIZE * (sz / DEFAULT_BUFFER_SIZE);	/	mdiv	O1-fglobal-isel|O2-fglobal-isel|O3-fglobal-isel|Ofast-fglobal-isel
ossl_quic_obj_init	ssl/quic/quic_obj.c	40	29	    obj->is_port_leader     = is_port_leader;	=	cjump	O1-fglobal-isel|O2-fglobal-isel|O3-fglobal-isel|Ofast-fglobal-isel|Os-fglobal-isel|Oz-fglobal-isel
BN_num_bits	crypto/bn/bn_lib.c	176	16	    return ret & mask;	&	cjump	O1-fglobal-isel|O2-fglobal-isel|O3-fglobal-isel|Ofast-fglobal-isel|Os-fglobal-isel|Oz-fglobal-isel
ossl_ml_dsa_key_compress_decompose	crypto/ml_dsa/ml_dsa_key_compress.c	92	58	    *r0 -= (((int32_t)ML_DSA_Q_MINUS1_DIV2 - *r0) >> 31) & (int32_t)ML_DSA_Q;	&	cjump	O1-fglobal-isel|O2-fglobal-isel|O3-fglobal-isel|Ofast-fglobal-isel|Os-fglobal-isel|Oz-fglobal-isel
gf_deserialize	crypto/ec/curve448/f_generic.c	96	17	    return succ & word_is_zero((word_t)buffer) & ~word_is_zero((word_t)scarry);	&	cjump	O1-fglobal-isel|O2-fglobal-isel|Oz-fglobal-isel
BN_num_bits	crypto/bn/bn_lib.c	124	7	    l ^= (x ^ l) & mask;	^	cjump	O1-fglobal-isel|O2-fglobal-isel|O3-fglobal-isel|Ofast-fglobal-isel
BN_GF2m_mod_inv	crypto/bn/bn_gf2m.c	698	40	                int utop = (ubits - 1) / BN_BITS2;	/	mdiv	O1-fglobal-isel|O2-fglobal-isel|O3-fglobal-isel|Ofast-fglobal-isel|Os-fglobal-isel
BN_bn2bin	crypto/bn/bn_lib.c	619	22	        byte_xored = byte ^ xor;	b	cjump	O1-fglobal-isel|O2-fglobal-isel|O3-fglobal-isel|Ofast-fglobal-isel
bn_from_montgomery_word	crypto/bn/bn_mont.c	113	15	        rp[i] &= v;	&	cjump	O1-fglobal-isel|O2-fglobal-isel|O3-fglobal-isel|Ofast-fglobal-isel|Os-fglobal-isel|Oz-fglobal-isel
MOD_EXP_CTIME_COPY_FROM_PREBUF	crypto/bn/bn_exp.c	580	50	                         (table[j + 1 * xstride] & y1) |	&	cjump	O1--enable-nontrivial-unswitch|O1-fglobal-isel|O2--enable-nontrivial-unswitch|O2-fglobal-isel|Os-fglobal-isel|Oz-fglobal-isel
BN_num_bits_word	crypto/bn/bn_lib.c	136	7	    l ^= (x ^ l) & mask;	^	cjump	O1-fglobal-isel|O2-fglobal-isel|O3-fglobal-isel|Ofast-fglobal-isel|Os-fglobal-isel|Oz-fglobal-isel
ossl_ml_dsa_key_compress_low_bits	crypto/ml_dsa/ml_dsa_key_compress.c	72	12	        r1 ^= ((43 - r1) >> 31) & r1;	^	cjump	O1-fglobal-isel|O2-fglobal-isel|O3-fglobal-isel|Ofast-fglobal-isel|Os-fglobal-isel
BN_sub	crypto/bn/bn_add.c	114	15	        carry &= (t2 == 0);	&	cjump	O1--disable-select-optimize=false|O1-fglobal-isel|O2--disable-select-optimize=false|O2-fglobal-isel|O3--disable-select-optimize=false|O3-fglobal-isel|Ofast--disable-select-optimize=false|Ofast-fglobal-isel
MOD_EXP_CTIME_COPY_FROM_PREBUF	crypto/bn/bn_exp.c	557	33	                acc |= table[j] &	&	cjump	O1-fglobal-isel|O2-fglobal-isel|Os-fglobal-isel|Oz-fglobal-isel
BN_bn2bin	crypto/bn/bn_lib.c	561	18	    n = (n8 + 7) / 8;           /* This is what BN_num_bytes() does */	/	mdiv	O1-fglobal-isel|O2-fglobal-isel|O3-fglobal-isel|Ofast-fglobal-isel
ossl_ml_dsa_key_compress_use_hint	crypto/ml_dsa/ml_dsa_key_compress.c	72	12	        r1 ^= ((43 - r1) >> 31) & r1;	^	cjump	O1-fglobal-isel|O2-fglobal-isel|O3-fglobal-isel|Ofast-fglobal-isel|Os-fglobal-isel
BN_num_bits	crypto/bn/bn_lib.c	111	7	    l ^= (x ^ l) & mask;	^	cjump	O1-fglobal-isel|O2-fglobal-isel|O3-fglobal-isel|Ofast-fglobal-isel
BN_num_bits_word	crypto/bn/bn_lib.c	130	7	    l ^= (x ^ l) & mask;	^	cjump	O1-fglobal-isel|O2-fglobal-isel|O3-fglobal-isel|Ofast-fglobal-isel|Os-fglobal-isel|Oz-fglobal-isel
BN_num_bits_word	crypto/bn/bn_lib.c	111	7	    l ^= (x ^ l) & mask;	^	cjump	O1-fglobal-isel|O2-fglobal-isel|O3-fglobal-isel|Ofast-fglobal-isel|Os-fglobal-isel|Oz-fglobal-isel
ossl_ml_dsa_key_compress_decompose	crypto/ml_dsa/ml_dsa_key_compress.c	72	12	        r1 ^= ((43 - r1) >> 31) & r1;	^	cjump	O1-fglobal-isel|O2-fglobal-isel|O3-fglobal-isel|Ofast-fglobal-isel|Os-fglobal-isel
CRYPTO_ocb128_init	crypto/modes/ocb128.c	68	23	    mask = (0 - mask) & 0x87;	&	cjump	O1-fglobal-isel|O2-fglobal-isel|O3-fglobal-isel|Ofast-fglobal-isel|Os-fglobal-isel
MOD_EXP_CTIME_COPY_FROM_PREBUF	crypto/bn/bn_exp.c	579	50	                acc |= ( (table[j + 0 * xstride] & y0) |	&	cjump	O1--enable-nontrivial-unswitch|O1-fglobal-isel|O2--enable-nontrivial-unswitch|O2-fglobal-isel|Os-fglobal-isel|Oz-fglobal-isel
MOD_EXP_CTIME_COPY_FROM_PREBUF	crypto/bn/bn_exp.c	583	24	                       & ((BN_ULONG)0 - (constant_time_eq_int(j,idx)&1));	&	cjump	O1-fglobal-isel|O2-fglobal-isel|Os-fglobal-isel|Oz-fglobal-isel
BN_uadd	crypto/bn/bn_add.c	114	15	        carry &= (t2 == 0);	&	cjump	O1--disable-select-optimize=false|O1-fglobal-isel|O2--disable-select-optimize=false|O2-fglobal-isel|O3--disable-select-optimize=false|O3-fglobal-isel|Ofast--disable-select-optimize=false|Ofast-fglobal-isel|Os-fglobal-isel|Oz-fglobal-isel
tls_valid_group	ssl/t1_lib.c	885	13	        ret &= (ssl_version_cmp(s, maxversion, group_minversion) >= 0);	&	cjump	O1-fglobal-isel|O2-fglobal-isel|O3-fglobal-isel|Ofast-fglobal-isel|Os-fglobal-isel|Oz-fglobal-isel
gf_deserialize	crypto/ec/curve448/f_generic.c	96	48	    return succ & word_is_zero((word_t)buffer) & ~word_is_zero((word_t)scarry);	&	cjump	O1-fglobal-isel|O2-fglobal-isel|Oz-fglobal-isel
ocb_lookup_l	crypto/modes/ocb128.c	68	23	    mask = (0 - mask) & 0x87;	&	cjump	O1-fglobal-isel|O3-fglobal-isel|Ofast-fglobal-isel|Os-fglobal-isel
ossl_curve448_scalar_halve	crypto/ec/curve448/scalar.c	233	55	        chain = (chain + a->limb[i]) + (sc_p->limb[i] & mask);	&	cjump	O1--enable-nontrivial-unswitch|O1-fglobal-isel|O2--enable-nontrivial-unswitch|O2-fglobal-isel|Os-fglobal-isel|Oz-fglobal-isel
ossl_ml_dsa_key_compress_use_hint	crypto/ml_dsa/ml_dsa_key_compress.c	92	58	    *r0 -= (((int32_t)ML_DSA_Q_MINUS1_DIV2 - *r0) >> 31) & (int32_t)ML_DSA_Q;	&	cjump	O1-fglobal-isel|O2-fglobal-isel|O3-fglobal-isel|Ofast-fglobal-isel|Os-fglobal-isel
BN_add	crypto/bn/bn_add.c	114	15	        carry &= (t2 == 0);	&	cjump	O1--disable-select-optimize=false|O1-fglobal-isel|O2--disable-select-optimize=false|O2-fglobal-isel|O3--disable-select-optimize=false|O3-fglobal-isel|Ofast--disable-select-optimize=false|Ofast-fglobal-isel
MOD_EXP_CTIME_COPY_FROM_PREBUF	crypto/bn/bn_exp.c	581	50	                         (table[j + 2 * xstride] & y2) |	&	cjump	O1--enable-nontrivial-unswitch|O1-fglobal-isel|O2--enable-nontrivial-unswitch|O2-fglobal-isel|Os-fglobal-isel|Oz-fglobal-isel
BN_num_bits	crypto/bn/bn_lib.c	136	7	    l ^= (x ^ l) & mask;	^	cjump	O1-fglobal-isel|O2-fglobal-isel|O3-fglobal-isel|Ofast-fglobal-isel
ossl_ml_dsa_key_compress_low_bits	crypto/ml_dsa/ml_dsa_key_compress.c	92	58	    *r0 -= (((int32_t)ML_DSA_Q_MINUS1_DIV2 - *r0) >> 31) & (int32_t)ML_DSA_Q;	&	cjump	O1-fglobal-isel|O2-fglobal-isel|O3-fglobal-isel|Ofast-fglobal-isel|Os-fglobal-isel
DES_check_key_parity	crypto/des/set_key.c	81	13	        res &= constant_time_eq_8(b & 1, 1);	&	cjump	O1-fglobal-isel|Os-fglobal-isel|Oz-fglobal-isel
evp_EncryptDecryptUpdate	crypto/evp/evp_enc.c	31	1	OSSL_SAFE_MATH_SIGNED(int, int)	O	mdiv	O1-fglobal-isel
DES_set_key_checked	crypto/des/set_key.c	81	13	        res &= constant_time_eq_8(b & 1, 1);	&	cjump	O1-fglobal-isel|Os-fglobal-isel
ossl_sm2_ciphertext_size	crypto/sm2/sm2_crypt.c	54	12	    return BN_num_bytes(p);	B	mdiv	O1-fglobal-isel|O2-fglobal-isel|O3-fglobal-isel|Ofast-fglobal-isel
MOD_EXP_CTIME_COPY_FROM_PREBUF	crypto/bn/bn_exp.c	582	50	                         (table[j + 3 * xstride] & y3) )	&	cjump	O1--enable-nontrivial-unswitch|O1-fglobal-isel|O2--enable-nontrivial-unswitch|O2-fglobal-isel|Os-fglobal-isel|Oz-fglobal-isel
BN_num_bits_word	crypto/bn/bn_lib.c	124	7	    l ^= (x ^ l) & mask;	^	cjump	O1-fglobal-isel|O2-fglobal-isel|O3-fglobal-isel|Ofast-fglobal-isel|Os-fglobal-isel|Oz-fglobal-isel
bn_mod_sub_fixed_top	crypto/bn/bn_mod.c	155	21	        tb = bp[bi] & mask;	&	cjump	O1-fglobal-isel|O2-fglobal-isel|O3-fglobal-isel|Ofast-fglobal-isel|Os-fglobal-isel|Oz-fglobal-isel
aes_gcm_siv_cipher	providers/implementations/ciphers/cipher_aes_gcm_siv_hw.c	205	19	    ctx->used_enc = 1;	=	cjump	O1--rotation-max-header-size=0|O2--rotation-max-header-size=0|O3--rotation-max-header-size=0|Ofast--rotation-max-header-size=0
NAME_CONSTRAINTS_check	crypto/x509/v3_ncons.c	296	65	        || (name_count > 0 && constraint_count > NAME_CHECK_MAX / name_count))	/	mdiv	O1-fprofile-arcs|O1-fprofile-instr-generate|O2-fprofile-arcs|O2-fprofile-instr-generate|O3-fprofile-arcs|O3-fprofile-instr-generate|Ofast-fprofile-arcs|Ofast-fprofile-instr-generate|Os-fprofile-arcs|Os-fprofile-instr-generate|Oz-fprofile-arcs|Oz-fprofile-instr-generate
i2d_SSL_SESSION	ssl/ssl_asn1.c	132	25	    return (time_t)(t.t / OSSL_TIME_SECOND);	/	cjump	O1--expand-div-rem-bits=0|O1--expand-div-rem-bits=50|O2--expand-div-rem-bits=0|O2--expand-div-rem-bits=50|O3--expand-div-rem-bits=0|O3--expand-div-rem-bits=50|Ofast--expand-div-rem-bits=0|Ofast--expand-div-rem-bits=50|Os--expand-div-rem-bits=0|Os--expand-div-rem-bits=50|Oz--expand-div-rem-bits=0|Oz--expand-div-rem-bits=50
SSL_SESSION_get_timeout	ssl/ssl_sess.c	132	25	    return (time_t)(t.t / OSSL_TIME_SECOND);	/	cjump	O1--expand-div-rem-bits=0|O1--expand-div-rem-bits=50|O2--expand-div-rem-bits=0|O2--expand-div-rem-bits=50|O3--expand-div-rem-bits=0|O3--expand-div-rem-bits=50|Ofast--expand-div-rem-bits=0|Ofast--expand-div-rem-bits=50|Os--expand-div-rem-bits=0|Os--expand-div-rem-bits=50|Oz--expand-div-rem-bits=0|Oz--expand-div-rem-bits=50
OPENSSL_gmtime_diff	crypto/o_time.c	182	48	        (367 * (m - 2 - 12 * ((m - 14) / 12))) / 12 -	/	cjump	O1--expand-div-rem-bits=0|O2--expand-div-rem-bits=0|O3--expand-div-rem-bits=0|Ofast--expand-div-rem-bits=0
OPENSSL_LH_insert	crypto/lhash/lhash.c	335	19	        nn = hash % lh->num_alloc_nodes;	%	cjump	O1--expand-div-rem-bits=0|O1--expand-div-rem-bits=50|O2--expand-div-rem-bits=0|O2--expand-div-rem-bits=50|O3--expand-div-rem-bits=0|O3--expand-div-rem-bits=50|Ofast--expand-div-rem-bits=0|Ofast--expand-div-rem-bits=50
krb5kdf_derive	providers/implementations/kdfs/krb5kdf.c	330	33	               | constant[rbyte % constant_len] >> rshift)	%	cjump	O1--expand-div-rem-bits=0|O1--expand-div-rem-bits=50|O2--expand-div-rem-bits=0|O3--expand-div-rem-bits=0|Ofast--expand-div-rem-bits=0|Oz--expand-div-rem-bits=0|Oz--expand-div-rem-bits=50
dtls1_start_timer	ssl/d1_lib.c	110	43	    tv.tv_usec = (t.t % OSSL_TIME_SECOND) / OSSL_TIME_US;	/	cjump	O1--expand-div-rem-bits=0|O1--expand-div-rem-bits=50|O2--expand-div-rem-bits=0|O3--expand-div-rem-bits=0|Ofast--expand-div-rem-bits=0|Os--expand-div-rem-bits=0
ssl3_mac	ssl/record/methods/ssl3_meth.c	235	27	    npad = (48 / md_size) * md_size;	*	cjump	O1--expand-div-rem-bits=0|O1--expand-div-rem-bits=50|O2--expand-div-rem-bits=0|O3--expand-div-rem-bits=0|Ofast--expand-div-rem-bits=0|Os--expand-div-rem-bits=0|Oz--expand-div-rem-bits=0
OPENSSL_gmtime_adj	crypto/o_time.c	189	22	    long n = (4 * L) / 146097;	/	cjump	O1--expand-div-rem-bits=0|O1--expand-div-rem-bits=50|O2--expand-div-rem-bits=0|O2--expand-div-rem-bits=50|O3--expand-div-rem-bits=0|O3--expand-div-rem-bits=50|Ofast--expand-div-rem-bits=0|Ofast--expand-div-rem-bits=50|Os--expand-div-rem-bits=0|Os--expand-div-rem-bits=50|Oz--expand-div-rem-bits=0|Oz--expand-div-rem-bits=50
ossl_synchronize_rcu	crypto/threads_pthread.c	400	39	        (lock->current_alloc_idx + 1) % lock->group_count;	%	cjump	O1--expand-div-rem-bits=0|O2--expand-div-rem-bits=0|O3--expand-div-rem-bits=0|Ofast--expand-div-rem-bits=0|Os--expand-div-rem-bits=0|Oz--expand-div-rem-bits=0
dgram_read	crypto/bio/bss_dgram.c	108	30	    tv.tv_sec = (time_t)(t.t / OSSL_TIME_SECOND);	/	cjump	O1--expand-div-rem-bits=0|O1--expand-div-rem-bits=50|O2--expand-div-rem-bits=0|O2--expand-div-rem-bits=50|O3--expand-div-rem-bits=0|O3--expand-div-rem-bits=50|Ofast--expand-div-rem-bits=0|Ofast--expand-div-rem-bits=50|Os--expand-div-rem-bits=0|Os--expand-div-rem-bits=50|Oz--expand-div-rem-bits=0|Oz--expand-div-rem-bits=50
sh_actual_size	crypto/mem_sec.c	347	51	    size_t bit = (sh.arena_size + ptr - sh.arena) / sh.minsize;	/	cjump	O1--expand-div-rem-bits=0|O1--expand-div-rem-bits=50|O2--expand-div-rem-bits=0|O2--expand-div-rem-bits=50|O3--expand-div-rem-bits=0|O3--expand-div-rem-bits=50|Ofast--expand-div-rem-bits=0|Ofast--expand-div-rem-bits=50
OPENSSL_gmtime_adj	crypto/o_time.c	140	29	    offset_day = offset_sec / SECS_PER_DAY;	/	cjump	O1--expand-div-rem-bits=0|O1--expand-div-rem-bits=50|O2--expand-div-rem-bits=0|O2--expand-div-rem-bits=50|O3--expand-div-rem-bits=0|O3--expand-div-rem-bits=50|Ofast--expand-div-rem-bits=0|Ofast--expand-div-rem-bits=50
dtls1_stop_timer	ssl/d1_lib.c	108	30	    tv.tv_sec = (time_t)(t.t / OSSL_TIME_SECOND);	/	cjump	O1--expand-div-rem-bits=0|O1--expand-div-rem-bits=50|O2--expand-div-rem-bits=0|O2--expand-div-rem-bits=50|O3--expand-div-rem-bits=0|O3--expand-div-rem-bits=50|Ofast--expand-div-rem-bits=0|Ofast--expand-div-rem-bits=50|Os--expand-div-rem-bits=0|Os--expand-div-rem-bits=50
OPENSSL_gmtime_adj	crypto/o_time.c	182	48	        (367 * (m - 2 - 12 * ((m - 14) / 12))) / 12 -	/	cjump	O1--expand-div-rem-bits=0|O2--expand-div-rem-bits=0|O3--expand-div-rem-bits=0|Ofast--expand-div-rem-bits=0
kmac_init	providers/implementations/macs/kmac_prov.c	632	28	    sz = (len + w - 1) / w * w;	*	cjump	O1--expand-div-rem-bits=0|O1--expand-div-rem-bits=50|O2--expand-div-rem-bits=0|O2--expand-div-rem-bits=50|O3--expand-div-rem-bits=0|O3--expand-div-rem-bits=50|Ofast--expand-div-rem-bits=0|Ofast--expand-div-rem-bits=50|Os--expand-div-rem-bits=0|Os--expand-div-rem-bits=50
kdf_pkcs12_derive	providers/implementations/kdfs/pkcs12kdf.c	77	14	    Slen = v * ((saltlen + v - 1) / v);	*	cjump	O1--expand-div-rem-bits=0|O1--expand-div-rem-bits=50|O2--expand-div-rem-bits=0|O2--expand-div-rem-bits=50|O3--expand-div-rem-bits=0|O3--expand-div-rem-bits=50|Ofast--expand-div-rem-bits=0|Ofast--expand-div-rem-bits=50|Os--expand-div-rem-bits=0|Os--expand-div-rem-bits=50|Oz--expand-div-rem-bits=0|Oz--expand-div-rem-bits=50
OPENSSL_gmtime_adj	crypto/o_time.c	181	41	    return (1461 * (y + 4800 + (m - 14) / 12)) / 4 +	/	cjump	O1--expand-div-rem-bits=0|O2--expand-div-rem-bits=0|O3--expand-div-rem-bits=0|Ofast--expand-div-rem-bits=0
ossl_asn1_time_to_tm	crypto/asn1/a_time.c	70	11	    c = y / 100;	/	cjump	O1--expand-div-rem-bits=0|O2--expand-div-rem-bits=0|O3--expand-div-rem-bits=0|Ofast--expand-div-rem-bits=0|Os--expand-div-rem-bits=0|Oz--expand-div-rem-bits=0
IDEA_set_decrypt_key	crypto/idea/i_skey.c	105	26	            q = (n1 - r) / n2;	/	cjump	O1--expand-div-rem-bits=0|O1--expand-div-rem-bits=50|O2--expand-div-rem-bits=0|O2--expand-div-rem-bits=50|O3--expand-div-rem-bits=0|O3--expand-div-rem-bits=50|Ofast--expand-div-rem-bits=0|Ofast--expand-div-rem-bits=50
krb5kdf_derive	providers/implementations/kdfs/krb5kdf.c	307	36	    lcm = blocksize * constant_len / gcd;	/	cjump	O1--expand-div-rem-bits=0|O1--expand-div-rem-bits=50|O2--expand-div-rem-bits=0|O2--expand-div-rem-bits=50|O3--expand-div-rem-bits=0|O3--expand-div-rem-bits=50|Ofast--expand-div-rem-bits=0|Ofast--expand-div-rem-bits=50|Os--expand-div-rem-bits=0|Os--expand-div-rem-bits=50|Oz--expand-div-rem-bits=0|Oz--expand-div-rem-bits=50
dgram_read	crypto/bio/bss_dgram.c	110	43	    tv.tv_usec = (t.t % OSSL_TIME_SECOND) / OSSL_TIME_US;	/	cjump	O1--expand-div-rem-bits=0|O1--expand-div-rem-bits=50|O2--expand-div-rem-bits=0|O3--expand-div-rem-bits=0|Ofast--expand-div-rem-bits=0|Os--expand-div-rem-bits=0|Oz--expand-div-rem-bits=0
kmac_setkey	providers/implementations/macs/kmac_prov.c	612	37	        *out_len = (sz + w - 1) / w * w;	*	cjump	O1--expand-div-rem-bits=0|O1--expand-div-rem-bits=50|O2--expand-div-rem-bits=0|O2--expand-div-rem-bits=50|O3--expand-div-rem-bits=0|O3--expand-div-rem-bits=50|Ofast--expand-div-rem-bits=0|Ofast--expand-div-rem-bits=50
OPENSSL_gmtime_adj	crypto/o_time.c	183	42	        (3 * ((y + 4900 + (m - 14) / 12) / 100)) / 4 + d - 32075;	/	cjump	O1--expand-div-rem-bits=0|O2--expand-div-rem-bits=0|O3--expand-div-rem-bits=0|Ofast--expand-div-rem-bits=0
kdf_pkcs12_derive	providers/implementations/kdfs/pkcs12kdf.c	113	25	            B[j] = Ai[j % u];	%	cjump	O1--expand-div-rem-bits=0|O1--expand-div-rem-bits=50|O2--expand-div-rem-bits=0|O2--expand-div-rem-bits=50|O3--expand-div-rem-bits=0|O3--expand-div-rem-bits=50|Ofast--expand-div-rem-bits=0|Ofast--expand-div-rem-bits=50|Os--expand-div-rem-bits=0|Os--expand-div-rem-bits=50|Oz--expand-div-rem-bits=0|Oz--expand-div-rem-bits=50
dtls1_stop_timer	ssl/d1_lib.c	110	43	    tv.tv_usec = (t.t % OSSL_TIME_SECOND) / OSSL_TIME_US;	/	cjump	O1--expand-div-rem-bits=0|O1--expand-div-rem-bits=50|O2--expand-div-rem-bits=0|O3--expand-div-rem-bits=0|Ofast--expand-div-rem-bits=0|Os--expand-div-rem-bits=0
OPENSSL_LH_retrieve	crypto/lhash/lhash.c	335	19	        nn = hash % lh->num_alloc_nodes;	%	cjump	O1--expand-div-rem-bits=0|O1--expand-div-rem-bits=50|O2--expand-div-rem-bits=0|O2--expand-div-rem-bits=50|O3--expand-div-rem-bits=0|O3--expand-div-rem-bits=50|Ofast--expand-div-rem-bits=0|Ofast--expand-div-rem-bits=50
ossl_ifc_ffc_compute_security_bits	crypto/rsa/rsa_lib.c	301	31	    r = (r * (uint64_t)scale) / log_e;	/	cjump	O1--expand-div-rem-bits=0|O1--expand-div-rem-bits=50|O2--expand-div-rem-bits=0|O2--expand-div-rem-bits=50|O3--expand-div-rem-bits=0|O3--expand-div-rem-bits=50|Ofast--expand-div-rem-bits=0|Ofast--expand-div-rem-bits=50|Os--expand-div-rem-bits=0|Os--expand-div-rem-bits=50|Oz--expand-div-rem-bits=0|Oz--expand-div-rem-bits=50
def_time_cb	crypto/ts/ts_rsp_sign.c	110	43	    tv.tv_usec = (t.t % OSSL_TIME_SECOND) / OSSL_TIME_US;	/	cjump	O1--expand-div-rem-bits=0|O1--expand-div-rem-bits=50|O2--expand-div-rem-bits=0|O3--expand-div-rem-bits=0|Ofast--expand-div-rem-bits=0|Os--expand-div-rem-bits=0|Oz--expand-div-rem-bits=0
ossl_asn1_time_to_tm	crypto/asn1/a_time.c	73	33	    tm->tm_wday = (d + (13 * m) / 5 + y + y / 4 + c / 4 + 5 * c + 6) % 7;	/	cjump	O1--expand-div-rem-bits=0|O2--expand-div-rem-bits=0|O3--expand-div-rem-bits=0|Ofast--expand-div-rem-bits=0|Os--expand-div-rem-bits=0|Oz--expand-div-rem-bits=0
ossl_quic_sstream_append	ssl/quic/quic_sstream.c	131	30	        idx = r->head_offset % r->alloc;	%	cjump	O1--expand-div-rem-bits=0|O1--expand-div-rem-bits=50|O2--expand-div-rem-bits=0|O2--expand-div-rem-bits=50|O3--expand-div-rem-bits=0|O3--expand-div-rem-bits=50|Ofast--expand-div-rem-bits=0|Ofast--expand-div-rem-bits=50|Os--expand-div-rem-bits=0|Os--expand-div-rem-bits=50
sh_free	crypto/mem_sec.c	347	51	    size_t bit = (sh.arena_size + ptr - sh.arena) / sh.minsize;	/	cjump	O1--expand-div-rem-bits=0|O1--expand-div-rem-bits=50|O2--expand-div-rem-bits=0|O2--expand-div-rem-bits=50|O3--expand-div-rem-bits=0|O3--expand-div-rem-bits=50|Ofast--expand-div-rem-bits=0|Ofast--expand-div-rem-bits=50
OPENSSL_gmtime_adj	crypto/o_time.c	197	11	    L = j / 11;	/	cjump	O1--expand-div-rem-bits=0|O1--expand-div-rem-bits=50|O2--expand-div-rem-bits=0|O2--expand-div-rem-bits=50|O3--expand-div-rem-bits=0|O3--expand-div-rem-bits=50|Ofast--expand-div-rem-bits=0|Ofast--expand-div-rem-bits=50|Os--expand-div-rem-bits=0|Os--expand-div-rem-bits=50|Oz--expand-div-rem-bits=0|Oz--expand-div-rem-bits=50
SSL_SESSION_print	ssl/ssl_txt.c	132	25	    return (time_t)(t.t / OSSL_TIME_SECOND);	/	cjump	O1--expand-div-rem-bits=0|O1--expand-div-rem-bits=50|O2--expand-div-rem-bits=0|O2--expand-div-rem-bits=50|O3--expand-div-rem-bits=0|O3--expand-div-rem-bits=50|Ofast--expand-div-rem-bits=0|Ofast--expand-div-rem-bits=50|Os--expand-div-rem-bits=0|Os--expand-div-rem-bits=50|Oz--expand-div-rem-bits=0|Oz--expand-div-rem-bits=50
ossl_quic_get_event_timeout	ssl/quic/quic_impl.c	110	43	    tv.tv_usec = (t.t % OSSL_TIME_SECOND) / OSSL_TIME_US;	/	cjump	O1--expand-div-rem-bits=0|O1--expand-div-rem-bits=50|O2--expand-div-rem-bits=0|O3--expand-div-rem-bits=0|Ofast--expand-div-rem-bits=0|Os--expand-div-rem-bits=0|Oz--expand-div-rem-bits=0
OSSL_HTTP_proxy_connect	crypto/http/http_client.c	1406	17	    outl = (len / 3);	/	cjump	O1--expand-div-rem-bits=0|O1--expand-div-rem-bits=50|O2--expand-div-rem-bits=0|O2--expand-div-rem-bits=50|O3--expand-div-rem-bits=0|O3--expand-div-rem-bits=50|Ofast--expand-div-rem-bits=0|Ofast--expand-div-rem-bits=50|Os--expand-div-rem-bits=0|Os--expand-div-rem-bits=50|Oz--expand-div-rem-bits=0|Oz--expand-div-rem-bits=50
krb5kdf_derive	providers/implementations/kdfs/krb5kdf.c	318	15	        b = l % blocksize;	%	cjump	O1--expand-div-rem-bits=0|O2--expand-div-rem-bits=0|O3--expand-div-rem-bits=0|Ofast--expand-div-rem-bits=0|Os--expand-div-rem-bits=0|Oz--expand-div-rem-bits=0
ossl_asn1_time_to_tm	crypto/asn1/a_time.c	73	53	    tm->tm_wday = (d + (13 * m) / 5 + y + y / 4 + c / 4 + 5 * c + 6) % 7;	/	cjump	O1--expand-div-rem-bits=0|O2--expand-div-rem-bits=0|O3--expand-div-rem-bits=0|Ofast--expand-div-rem-bits=0|Os--expand-div-rem-bits=0|Oz--expand-div-rem-bits=0
ossl_punycode_decode	crypto/punycode.c	57	45	    return k + (((base - tmin + 1) * delta) / (delta + skew));	/	cjump	O1--expand-div-rem-bits=0|O2--expand-div-rem-bits=0|O3--expand-div-rem-bits=0|Ofast--expand-div-rem-bits=0|Os--expand-div-rem-bits=0|Oz--expand-div-rem-bits=0
CRYPTO_secure_malloc_init	crypto/mem_sec.c	473	39	    sh.bittable_size = (sh.arena_size / sh.minsize) * 2;	/	cjump	O1--expand-div-rem-bits=0|O1--expand-div-rem-bits=50|O2--expand-div-rem-bits=0|O2--expand-div-rem-bits=50|O3--expand-div-rem-bits=0|O3--expand-div-rem-bits=50|Ofast--expand-div-rem-bits=0|Ofast--expand-div-rem-bits=50|Os--expand-div-rem-bits=0|Os--expand-div-rem-bits=50|Oz--expand-div-rem-bits=0|Oz--expand-div-rem-bits=50
ossl_quic_rstream_get_record	ssl/quic/quic_rstream.c	155	26	    idx = logical_offset % r->alloc;	%	cjump	O1--expand-div-rem-bits=0|O1--expand-div-rem-bits=50|Os--expand-div-rem-bits=0|Os--expand-div-rem-bits=50
kek_wrap_key	crypto/cms/cms_pwri.c	271	10	    olen *= blocklen;	*	cjump	O1--expand-div-rem-bits=0|O1--expand-div-rem-bits=50|O2--expand-div-rem-bits=0|O2--expand-div-rem-bits=50|O3--expand-div-rem-bits=0|O3--expand-div-rem-bits=50|Ofast--expand-div-rem-bits=0|Ofast--expand-div-rem-bits=50|Os--expand-div-rem-bits=0|Os--expand-div-rem-bits=50|Oz--expand-div-rem-bits=0|Oz--expand-div-rem-bits=50
SCT_print	crypto/ct/ct_prn.c	38	53	                             (timestamp % 86400000) / 1000);	/	cjump	O1--expand-div-rem-bits=0|O1--expand-div-rem-bits=50|O2--expand-div-rem-bits=0|O3--expand-div-rem-bits=0|Ofast--expand-div-rem-bits=0|Os--expand-div-rem-bits=0|Oz--expand-div-rem-bits=0
dtls1_start_timer	ssl/d1_lib.c	108	30	    tv.tv_sec = (time_t)(t.t / OSSL_TIME_SECOND);	/	cjump	O1--expand-div-rem-bits=0|O1--expand-div-rem-bits=50|O2--expand-div-rem-bits=0|O2--expand-div-rem-bits=50|O3--expand-div-rem-bits=0|O3--expand-div-rem-bits=50|Ofast--expand-div-rem-bits=0|Ofast--expand-div-rem-bits=50|Os--expand-div-rem-bits=0|Os--expand-div-rem-bits=50
kmac_init	providers/implementations/macs/kmac_prov.c	612	37	        *out_len = (sz + w - 1) / w * w;	*	cjump	O1--expand-div-rem-bits=0|O1--expand-div-rem-bits=50|O2--expand-div-rem-bits=0|O2--expand-div-rem-bits=50|O3--expand-div-rem-bits=0|O3--expand-div-rem-bits=50|Ofast--expand-div-rem-bits=0|Ofast--expand-div-rem-bits=50|Os--expand-div-rem-bits=0|Os--expand-div-rem-bits=50|Oz--expand-div-rem-bits=0|Oz--expand-div-rem-bits=50
OPENSSL_LH_retrieve	crypto/lhash/lhash.c	333	15	    nn = hash % lh->pmax;	%	cjump	O1--expand-div-rem-bits=0|O1--expand-div-rem-bits=50|O2--expand-div-rem-bits=0|O2--expand-div-rem-bits=50|O3--expand-div-rem-bits=0|O3--expand-div-rem-bits=50|Ofast--expand-div-rem-bits=0|Ofast--expand-div-rem-bits=50
OPENSSL_gmtime_diff	crypto/o_time.c	183	42	        (3 * ((y + 4900 + (m - 14) / 12) / 100)) / 4 + d - 32075;	/	cjump	O1--expand-div-rem-bits=0|O2--expand-div-rem-bits=0|O3--expand-div-rem-bits=0|Ofast--expand-div-rem-bits=0
def_time_cb	crypto/ts/ts_rsp_sign.c	108	30	    tv.tv_sec = (time_t)(t.t / OSSL_TIME_SECOND);	/	cjump	O1--expand-div-rem-bits=0|O1--expand-div-rem-bits=50|O2--expand-div-rem-bits=0|O2--expand-div-rem-bits=50|O3--expand-div-rem-bits=0|O3--expand-div-rem-bits=50|Ofast--expand-div-rem-bits=0|Ofast--expand-div-rem-bits=50|Os--expand-div-rem-bits=0|Os--expand-div-rem-bits=50|Oz--expand-div-rem-bits=0|Oz--expand-div-rem-bits=50
ossl_quic_sstream_mark_acked	ssl/quic/quic_sstream.c	209	38	        size_t idx = r->ctail_offset % r->alloc;	%	cjump	O1--expand-div-rem-bits=0|O1--expand-div-rem-bits=50|O2--expand-div-rem-bits=0|O2--expand-div-rem-bits=50|O3--expand-div-rem-bits=0|O3--expand-div-rem-bits=50|Ofast--expand-div-rem-bits=0|Ofast--expand-div-rem-bits=50|Os--expand-div-rem-bits=0|Os--expand-div-rem-bits=50|Oz--expand-div-rem-bits=0|Oz--expand-div-rem-bits=50
ossl_punycode_decode	crypto/punycode.c	50	27	    delta = delta + delta / numpoints;	/	cjump	O1--expand-div-rem-bits=0|O2--expand-div-rem-bits=0|O3--expand-div-rem-bits=0|Ofast--expand-div-rem-bits=0|Os--expand-div-rem-bits=0|Oz--expand-div-rem-bits=0
ossl_punycode_decode	crypto/punycode.c	53	23	        delta = delta / (base - tmin);	/	cjump	O1--expand-div-rem-bits=0|O2--expand-div-rem-bits=0|O3--expand-div-rem-bits=0|Ofast--expand-div-rem-bits=0|Os--expand-div-rem-bits=0|Oz--expand-div-rem-bits=0
ossl_quic_get_event_timeout	ssl/quic/quic_impl.c	108	30	    tv.tv_sec = (time_t)(t.t / OSSL_TIME_SECOND);	/	cjump	O1--expand-div-rem-bits=0|O1--expand-div-rem-bits=50|O2--expand-div-rem-bits=0|O2--expand-div-rem-bits=50|O3--expand-div-rem-bits=0|O3--expand-div-rem-bits=50|Ofast--expand-div-rem-bits=0|Ofast--expand-div-rem-bits=50|Os--expand-div-rem-bits=0|Os--expand-div-rem-bits=50|Oz--expand-div-rem-bits=0|Oz--expand-div-rem-bits=50
read_internal	ssl/quic/quic_rstream.c	155	26	    idx = logical_offset % r->alloc;	%	cjump	O1--expand-div-rem-bits=0|O1--expand-div-rem-bits=50|O2--expand-div-rem-bits=0|O2--expand-div-rem-bits=50|O3--expand-div-rem-bits=0|O3--expand-div-rem-bits=50|Ofast--expand-div-rem-bits=0|Ofast--expand-div-rem-bits=50|Os--expand-div-rem-bits=0|Os--expand-div-rem-bits=50
OPENSSL_LH_insert	crypto/lhash/lhash.c	333	15	    nn = hash % lh->pmax;	%	cjump	O1--expand-div-rem-bits=0|O1--expand-div-rem-bits=50|O2--expand-div-rem-bits=0|O2--expand-div-rem-bits=50|O3--expand-div-rem-bits=0|O3--expand-div-rem-bits=50|Ofast--expand-div-rem-bits=0|Ofast--expand-div-rem-bits=50
SCT_print	crypto/ct/ct_prn.c	44	71	                 ASN1_STRING_get0_data(gen), (unsigned int)(timestamp % 1000));	%	cjump	O1--expand-div-rem-bits=0|O1--expand-div-rem-bits=50|O2--expand-div-rem-bits=0|O2--expand-div-rem-bits=50|O3--expand-div-rem-bits=0|O3--expand-div-rem-bits=50|Ofast--expand-div-rem-bits=0|Ofast--expand-div-rem-bits=50|Os--expand-div-rem-bits=0|Os--expand-div-rem-bits=50|Oz--expand-div-rem-bits=0|Oz--expand-div-rem-bits=50
kdf_pkcs12_derive	providers/implementations/kdfs/pkcs12kdf.c	92	23	        *p++ = pass[i % passlen];	%	cjump	O1--expand-div-rem-bits=0|O1--expand-div-rem-bits=50|O2--expand-div-rem-bits=0|O2--expand-div-rem-bits=50|O3--expand-div-rem-bits=0|O3--expand-div-rem-bits=50|Ofast--expand-div-rem-bits=0|Ofast--expand-div-rem-bits=50|Os--expand-div-rem-bits=0|Os--expand-div-rem-bits=50|Oz--expand-div-rem-bits=0|Oz--expand-div-rem-bits=50
krb5kdf_derive	providers/implementations/kdfs/krb5kdf.c	321	27	        rotbits = 13 * (l / constant_len);	/	cjump	O1--expand-div-rem-bits=0|O1--expand-div-rem-bits=50|O2--expand-div-rem-bits=50|O3--expand-div-rem-bits=50|Ofast--expand-div-rem-bits=50|Os--expand-div-rem-bits=50|Oz--expand-div-rem-bits=0|Oz--expand-div-rem-bits=50
DH_generate_parameters_ex	crypto/dh/dh_gen.c	225	31	                   + 24) / 25 * 25;	*	cjump	O1--expand-div-rem-bits=0|O2--expand-div-rem-bits=0|O3--expand-div-rem-bits=0|Ofast--expand-div-rem-bits=0|Os--expand-div-rem-bits=0|Oz--expand-div-rem-bits=0
sh_free	crypto/mem_sec.c	623	44	    bit = (ONE << list) + (ptr - sh.arena) / (sh.arena_size >> list);	/	cjump	O1--expand-div-rem-bits=0|O1--expand-div-rem-bits=50|O2--expand-div-rem-bits=0|O2--expand-div-rem-bits=50|O3--expand-div-rem-bits=0|O3--expand-div-rem-bits=50|Ofast--expand-div-rem-bits=0|Ofast--expand-div-rem-bits=50
SSL_SESSION_get_time	ssl/ssl_sess.c	132	25	    return (time_t)(t.t / OSSL_TIME_SECOND);	/	cjump	O1--expand-div-rem-bits=0|O1--expand-div-rem-bits=50|O2--expand-div-rem-bits=0|O2--expand-div-rem-bits=50|O3--expand-div-rem-bits=0|O3--expand-div-rem-bits=50|Ofast--expand-div-rem-bits=0|Ofast--expand-div-rem-bits=50|Os--expand-div-rem-bits=0|Os--expand-div-rem-bits=50|Oz--expand-div-rem-bits=0|Oz--expand-div-rem-bits=50
fill_segment	providers/implementations/kdfs/argon2.c	461	37	    abs_pos = (start_pos + rel_pos) % ctx->lane_length;	%	cjump	O1--expand-div-rem-bits=0|O1--expand-div-rem-bits=50|O2--expand-div-rem-bits=0|O2--expand-div-rem-bits=50|O3--expand-div-rem-bits=0|O3--expand-div-rem-bits=50|Ofast--expand-div-rem-bits=0|Ofast--expand-div-rem-bits=50|Os--expand-div-rem-bits=0|Os--expand-div-rem-bits=50|Oz--expand-div-rem-bits=0|Oz--expand-div-rem-bits=50
OPENSSL_gmtime_adj	crypto/o_time.c	196	25	    *d = L - (2447 * j) / 80;	/	cjump	O1--expand-div-rem-bits=0|O1--expand-div-rem-bits=50|O2--expand-div-rem-bits=0|O2--expand-div-rem-bits=50|O3--expand-div-rem-bits=0|O3--expand-div-rem-bits=50|Ofast--expand-div-rem-bits=0|Ofast--expand-div-rem-bits=50|Os--expand-div-rem-bits=0|Os--expand-div-rem-bits=50|Oz--expand-div-rem-bits=0|Oz--expand-div-rem-bits=50
kdf_pkcs12_derive	providers/implementations/kdfs/pkcs12kdf.c	79	18	        Plen = v * ((passlen + v - 1) / v);	*	cjump	O1--expand-div-rem-bits=0|O1--expand-div-rem-bits=50|O2--expand-div-rem-bits=0|O2--expand-div-rem-bits=50|O3--expand-div-rem-bits=0|O3--expand-div-rem-bits=50|Ofast--expand-div-rem-bits=0|Ofast--expand-div-rem-bits=50|Os--expand-div-rem-bits=0|Os--expand-div-rem-bits=50|Oz--expand-div-rem-bits=0|Oz--expand-div-rem-bits=50
dtls1_handle_timeout	ssl/d1_lib.c	108	30	    tv.tv_sec = (time_t)(t.t / OSSL_TIME_SECOND);	/	cjump	O1--expand-div-rem-bits=0|O1--expand-div-rem-bits=50|O2--expand-div-rem-bits=0|O2--expand-div-rem-bits=50|O3--expand-div-rem-bits=0|O3--expand-div-rem-bits=50|Ofast--expand-div-rem-bits=0|Ofast--expand-div-rem-bits=50
OPENSSL_gmtime_diff	crypto/o_time.c	181	41	    return (1461 * (y + 4800 + (m - 14) / 12)) / 4 +	/	cjump	O1--expand-div-rem-bits=0|O2--expand-div-rem-bits=0|O3--expand-div-rem-bits=0|Ofast--expand-div-rem-bits=0
krb5kdf_derive	providers/implementations/kdfs/krb5kdf.c	302	19	        tmp = gcd % remainder;	%	cjump	O1--expand-div-rem-bits=0|O2--expand-div-rem-bits=0|O3--expand-div-rem-bits=0|Ofast--expand-div-rem-bits=0|Os--expand-div-rem-bits=0|Oz--expand-div-rem-bits=0
ossl_asn1_time_to_tm	crypto/asn1/a_time.c	73	70	    tm->tm_wday = (d + (13 * m) / 5 + y + y / 4 + c / 4 + 5 * c + 6) % 7;	%	cjump	O1--expand-div-rem-bits=0|O2--expand-div-rem-bits=0|O3--expand-div-rem-bits=0|Ofast--expand-div-rem-bits=0|Os--expand-div-rem-bits=0|Oz--expand-div-rem-bits=0
kdf_scrypt_derive	providers/implementations/kdfs/scrypt.c	408	33	        j = X[16 * (2 * r - 1)] % N;	%	cjump	O1--expand-div-rem-bits=0|O1--expand-div-rem-bits=50|O2--expand-div-rem-bits=0|O2--expand-div-rem-bits=50|O3--expand-div-rem-bits=0|O3--expand-div-rem-bits=50|Ofast--expand-div-rem-bits=0|Ofast--expand-div-rem-bits=50|Os--expand-div-rem-bits=0|Os--expand-div-rem-bits=50|Oz--expand-div-rem-bits=0|Oz--expand-div-rem-bits=50
dtls1_ctrl	ssl/d1_lib.c	110	43	    tv.tv_usec = (t.t % OSSL_TIME_SECOND) / OSSL_TIME_US;	/	cjump	O1--expand-div-rem-bits=0|O1--expand-div-rem-bits=50|O2--expand-div-rem-bits=0|O3--expand-div-rem-bits=0|Ofast--expand-div-rem-bits=0|Os--expand-div-rem-bits=0|Oz--expand-div-rem-bits=0
CRYPTO_secure_malloc	crypto/mem_sec.c	623	44	    bit = (ONE << list) + (ptr - sh.arena) / (sh.arena_size >> list);	/	cjump	O1--expand-div-rem-bits=0|O1--expand-div-rem-bits=50|O2--expand-div-rem-bits=0|O2--expand-div-rem-bits=50|O3--expand-div-rem-bits=0|O3--expand-div-rem-bits=50|Ofast--expand-div-rem-bits=0|Ofast--expand-div-rem-bits=50
kdf_pkcs12_derive	providers/implementations/kdfs/pkcs12kdf.c	90	23	        *p++ = salt[i % saltlen];	%	cjump	O1--expand-div-rem-bits=0|O1--expand-div-rem-bits=50|O2--expand-div-rem-bits=0|O2--expand-div-rem-bits=50|O3--expand-div-rem-bits=0|O3--expand-div-rem-bits=50|Ofast--expand-div-rem-bits=0|Ofast--expand-div-rem-bits=50|Os--expand-div-rem-bits=0|Os--expand-div-rem-bits=50|Oz--expand-div-rem-bits=0|Oz--expand-div-rem-bits=50
SCT_print	crypto/ct/ct_prn.c	37	46	                             (int)(timestamp / 86400000),	/	cjump	O1--expand-div-rem-bits=0|O1--expand-div-rem-bits=50|O2--expand-div-rem-bits=0|O2--expand-div-rem-bits=50|O3--expand-div-rem-bits=0|O3--expand-div-rem-bits=50|Ofast--expand-div-rem-bits=0|Ofast--expand-div-rem-bits=50|Os--expand-div-rem-bits=0|Os--expand-div-rem-bits=50|Oz--expand-div-rem-bits=0|Oz--expand-div-rem-bits=50
OPENSSL_LH_delete	crypto/lhash/lhash.c	333	15	    nn = hash % lh->pmax;	%	cjump	O1--expand-div-rem-bits=0|O1--expand-div-rem-bits=50|O2--expand-div-rem-bits=0|O2--expand-div-rem-bits=50|O3--expand-div-rem-bits=0|O3--expand-div-rem-bits=50|Ofast--expand-div-rem-bits=0|Ofast--expand-div-rem-bits=50
krb5kdf_derive	providers/implementations/kdfs/krb5kdf.c	329	35	        tmp = (constant[(rbyte-1) % constant_len] << (8 - rshift)	%	cjump	O1--expand-div-rem-bits=0|O1--expand-div-rem-bits=50|Oz--expand-div-rem-bits=0|Oz--expand-div-rem-bits=50
dtls1_ctrl	ssl/d1_lib.c	108	30	    tv.tv_sec = (time_t)(t.t / OSSL_TIME_SECOND);	/	cjump	O1--expand-div-rem-bits=0|O1--expand-div-rem-bits=50|O2--expand-div-rem-bits=0|O2--expand-div-rem-bits=50|O3--expand-div-rem-bits=0|O3--expand-div-rem-bits=50|Ofast--expand-div-rem-bits=0|Ofast--expand-div-rem-bits=50|Os--expand-div-rem-bits=0|Os--expand-div-rem-bits=50|Oz--expand-div-rem-bits=0|Oz--expand-div-rem-bits=50
OPENSSL_LH_delete	crypto/lhash/lhash.c	335	19	        nn = hash % lh->num_alloc_nodes;	%	cjump	O1--expand-div-rem-bits=0|O1--expand-div-rem-bits=50|O2--expand-div-rem-bits=0|O2--expand-div-rem-bits=50|O3--expand-div-rem-bits=0|O3--expand-div-rem-bits=50|Ofast--expand-div-rem-bits=0|Ofast--expand-div-rem-bits=50
OPENSSL_gmtime_adj	crypto/o_time.c	195	18	    j = (80 * L) / 2447;	/	cjump	O1--expand-div-rem-bits=0|O1--expand-div-rem-bits=50|O2--expand-div-rem-bits=0|O2--expand-div-rem-bits=50|O3--expand-div-rem-bits=0|O3--expand-div-rem-bits=50|Ofast--expand-div-rem-bits=0|Ofast--expand-div-rem-bits=50|Os--expand-div-rem-bits=0|Os--expand-div-rem-bits=50|Oz--expand-div-rem-bits=0|Oz--expand-div-rem-bits=50
dtls1_handle_timeout	ssl/d1_lib.c	110	43	    tv.tv_usec = (t.t % OSSL_TIME_SECOND) / OSSL_TIME_US;	/	cjump	O1--expand-div-rem-bits=0|O1--expand-div-rem-bits=50|O2--expand-div-rem-bits=0|O3--expand-div-rem-bits=0|Ofast--expand-div-rem-bits=0
SSL_SESSION_get_time_ex	ssl/ssl_sess.c	132	25	    return (time_t)(t.t / OSSL_TIME_SECOND);	/	cjump	O1--expand-div-rem-bits=0|O1--expand-div-rem-bits=50|O2--expand-div-rem-bits=0|O2--expand-div-rem-bits=50|O3--expand-div-rem-bits=0|O3--expand-div-rem-bits=50|Ofast--expand-div-rem-bits=0|Ofast--expand-div-rem-bits=50|Os--expand-div-rem-bits=0|Os--expand-div-rem-bits=50|Oz--expand-div-rem-bits=0|Oz--expand-div-rem-bits=50
kmac_setkey	providers/implementations/macs/kmac_prov.c	632	28	    sz = (len + w - 1) / w * w;	*	cjump	O1--expand-div-rem-bits=0|O1--expand-div-rem-bits=50|O2--expand-div-rem-bits=0|O2--expand-div-rem-bits=50|O3--expand-div-rem-bits=0|O3--expand-div-rem-bits=50|Ofast--expand-div-rem-bits=0|Ofast--expand-div-rem-bits=50
OPENSSL_gmtime_adj	crypto/o_time.c	193	26	    i = (4000 * (L + 1)) / 1461001;	/	cjump	O1--expand-div-rem-bits=0|O1--expand-div-rem-bits=50|O2--expand-div-rem-bits=0|O2--expand-div-rem-bits=50|O3--expand-div-rem-bits=0|O3--expand-div-rem-bits=50|Ofast--expand-div-rem-bits=0|Ofast--expand-div-rem-bits=50|Os--expand-div-rem-bits=0|Os--expand-div-rem-bits=50|Oz--expand-div-rem-bits=0|Oz--expand-div-rem-bits=50
ossl_sha3_squeeze	crypto/sha/sha3.c	192	19	        len = bsz * (outlen / bsz);	*	cjump	O1--expand-div-rem-bits=0|O1--expand-div-rem-bits=50|O2--expand-div-rem-bits=0|O2--expand-div-rem-bits=50|O3--expand-div-rem-bits=0|O3--expand-div-rem-bits=50|Ofast--expand-div-rem-bits=0|Ofast--expand-div-rem-bits=50|Os--expand-div-rem-bits=0|Os--expand-div-rem-bits=50|Oz--expand-div-rem-bits=0|Oz--expand-div-rem-bits=50
RAND_load_file	crypto/rand/randfile.c	153	27	        i = fread(buf, 1, n, in);	n	cjump	O1-fconvergent-functions|O1-fsycl|O2-fconvergent-functions|O2-fsycl|O3-fconvergent-functions|O3-fsycl|Ofast-fconvergent-functions|Ofast-fsycl|Os-fconvergent-functions|Os-fsycl|Oz-fconvergent-functions|Oz-fsycl
BIO_dump_indent_cb	crypto/bio/bio_dump.c	49	28	                         i * dump_width);	*	cjump	O1--bonus-inst-threshold=0|O1--scev-cheap-expansion-budget=100|O1--scev-cheap-expansion-budget=50|O1--simplifycfg-branch-fold-common-dest-vector-multiplier=0|O1--simplifycfg-branch-fold-threshold=0|O1-fprofile-arcs|O2--bonus-inst-threshold=0|O2--scev-cheap-expansion-budget=100|O2--scev-cheap-expansion-budget=50|O2--simplifycfg-branch-fold-common-dest-vector-multiplier=0|O2--simplifycfg-branch-fold-threshold=0|O2-fprofile-arcs|O3--bonus-inst-threshold=0|O3--scev-cheap-expansion-budget=100|O3--scev-cheap-expansion-budget=50|O3--simplifycfg-branch-fold-common-dest-vector-multiplier=0|O3--simplifycfg-branch-fold-threshold=0|O3-fprofile-arcs|Ofast--bonus-inst-threshold=0|Ofast--scev-cheap-expansion-budget=100|Ofast--scev-cheap-expansion-budget=50|Ofast--simplifycfg-branch-fold-common-dest-vector-multiplier=0|Ofast--simplifycfg-branch-fold-threshold=0|Ofast-fprofile-arcs|Os--bonus-inst-threshold=0|Os--scev-cheap-expansion-budget=100|Os--scev-cheap-expansion-budget=50|Os--simplifycfg-branch-fold-common-dest-vector-multiplier=0|Os--simplifycfg-branch-fold-threshold=0|Os-fprofile-arcs
RSA_generate_multi_prime_key	crypto/rsa/rsa_gen.c	321	16	    quo = bits / primes;	/	mdiv	O1--sroa-skip-mem2reg|O2--sroa-skip-mem2reg|O3--sroa-skip-mem2reg|Ofast--sroa-skip-mem2reg|Os--sroa-skip-mem2reg|Oz--sroa-skip-mem2reg
EVP_CIPHER_CTX_get_algor_params	crypto/evp/evp_lib.c	1321	12	    derk = params[i].key;	p	cjump	O1--sroa-skip-mem2reg|O2--sroa-skip-mem2reg|O3--sroa-skip-mem2reg|Ofast--sroa-skip-mem2reg|Os--sroa-skip-mem2reg|Oz--sroa-skip-mem2reg
_ZL13internal_findP8stack_stPKviPi.__uniq.26509064418832375349948923391114101083	crypto/stack/stack.c	345	15	        *pnum = 0;	=	cjump	O1-fpseudo-probe-for-profiling
BIO_dump_indent_cb	crypto/bio/bio_dump.c	48	26	        n = BIO_snprintf(buf, sizeof(buf), "%*s%04x - ", indent, "",	b	cjump	O1-fpseudo-probe-for-profiling|O2-fpseudo-probe-for-profiling|O3-fpseudo-probe-for-profiling|Ofast-fpseudo-probe-for-profiling|Os-fpseudo-probe-for-profiling
speed_main	apps/speed.c	4605	24	                   1.0 / ffdh_results[k][0], ffdh_results[k][0]);	/	mdiv	O1-fpseudo-probe-for-profiling
ossl_ml_dsa_poly_ntt_inverse	crypto/ml_dsa/ml_dsa_ntt.c	181	45	                ML_DSA_Q - zetas_montgomery[step + (step - 1 - i)];	s	cjump	O1-fpseudo-probe-for-profiling|O2-fpseudo-probe-for-profiling|O3-fpseudo-probe-for-profiling|Ofast-fpseudo-probe-for-profiling|Os-fpseudo-probe-for-profiling
_ZL11HKDF_ExpandPK9evp_md_stPKhmS3_mPhm.__uniq.228081273310564881924320116853503546381	providers/implementations/kdfs/hkdf.c	631	17	    n = okm_len / dig_len;	/	mdiv	O1-fpseudo-probe-for-profiling|O2-fpseudo-probe-for-profiling|O3-fpseudo-probe-for-profiling|Ofast-fpseudo-probe-for-profiling|Os-fpseudo-probe-for-profiling|Oz-fpseudo-probe-for-profiling
speed_main	apps/speed.c	4600	44	                   ffdh_results[k][0], 1.0 / ffdh_results[k][0]);	/	mdiv	O1-fpseudo-probe-for-profiling
dgram_sendmmsg	crypto/bio/bss_dgram.c	1196	15	        info->ipi_spec_dst      = local->s_in.sin_addr;	i	cjump	O1--pre-RA-sched=linearize|O1-fcs-profile-generate
safe_muldiv_uint64_t	ssl/quic/quic_fc.c	16	1	OSSL_SAFE_MATH_UNSIGNED(uint64_t, uint64_t)	O	mdiv	O1-finstrument-functions|O2-finstrument-functions|O3-finstrument-functions|Ofast-finstrument-functions|Os-finstrument-functions|Oz-finstrument-functions
safe_div_int	crypto/stack/stack.c	18	1	OSSL_SAFE_MATH_SIGNED(int, int)	O	mdiv	O1-finstrument-functions|O2-finstrument-functions|O3-finstrument-functions|Ofast-finstrument-functions|Os-finstrument-functions
safe_muldiv_int	crypto/stack/stack.c	18	1	OSSL_SAFE_MATH_SIGNED(int, int)	O	mdiv	O1-finstrument-functions|O2-finstrument-functions|O3-finstrument-functions|Ofast-finstrument-functions|Os-finstrument-functions
safe_muldiv_size_t	ssl/priority_queue.c	17	1	OSSL_SAFE_MATH_UNSIGNED(size_t, size_t)	O	mdiv	O1-finstrument-functions|O2-finstrument-functions|O3-finstrument-functions|Ofast-finstrument-functions|Os-finstrument-functions
safe_div_int	crypto/evp/evp_enc.c	31	1	OSSL_SAFE_MATH_SIGNED(int, int)	O	mdiv	O1-finstrument-functions|O2-finstrument-functions|O3-finstrument-functions|Ofast-finstrument-functions|Os-finstrument-functions|Oz-finstrument-functions|Oz-fno-inline|Oz-fno-inline-functions
safe_muldiv_size_t	crypto/bio/bss_dgram_pair.c	18	1	OSSL_SAFE_MATH_UNSIGNED(size_t, size_t)	O	mdiv	O1-finstrument-functions|O2-finstrument-functions|O3-finstrument-functions|Ofast-finstrument-functions|Os-finstrument-functions
ossl_ml_dsa_sig_decode	crypto/ml_dsa/ml_dsa_encoders.c	373	41	    return (value_barrier_32(mask) & a) | (value_barrier_32(~mask) & b);	|	cjump	O1--attributor-enable=all|O1--attributor-enable=module|O2--attributor-enable=all|O2--attributor-enable=module|O3--attributor-enable=all|O3--attributor-enable=cgscc|O3--attributor-enable=module|Ofast--attributor-enable=all|Ofast--attributor-enable=cgscc|Ofast--attributor-enable=module
ossl_ml_dsa_poly_ntt	crypto/ml_dsa/ml_dsa_ntt.c	373	41	    return (value_barrier_32(mask) & a) | (value_barrier_32(~mask) & b);	|	cjump	O1--attributor-enable=all|O1--attributor-enable=cgscc|O1--attributor-enable=module|O2--attributor-enable=all|O2--attributor-enable=cgscc|O2--attributor-enable=module|O3--attributor-enable=all|O3--attributor-enable=cgscc|O3--attributor-enable=module|Ofast--attributor-enable=all|Ofast--attributor-enable=cgscc|Ofast--attributor-enable=module|Os--attributor-enable=all|Os--attributor-enable=cgscc|Os--attributor-enable=module|Oz--attributor-enable=all|Oz--attributor-enable=module
coeff_from_nibble_2	crypto/ml_dsa/ml_dsa_sample.c	373	41	    return (value_barrier_32(mask) & a) | (value_barrier_32(~mask) & b);	|	cjump	O1--attributor-enable=all|O1--attributor-enable=cgscc|O1--attributor-enable=module|O2--attributor-enable=all|O2--attributor-enable=cgscc|O2--attributor-enable=module|O3--attributor-enable=all|O3--attributor-enable=cgscc|O3--attributor-enable=module|Ofast--attributor-enable=all|Ofast--attributor-enable=cgscc|Ofast--attributor-enable=module|Os--attributor-enable=all|Os--attributor-enable=cgscc|Os--attributor-enable=module|Oz--attributor-enable=all|Oz--attributor-enable=module
rej_bounded_poly	crypto/ml_dsa/ml_dsa_sample.c	373	41	    return (value_barrier_32(mask) & a) | (value_barrier_32(~mask) & b);	|	cjump	O1--attributor-enable=all|O1--attributor-enable=module|O2--attributor-enable=all|O2--attributor-enable=module|O3--attributor-enable=all|O3--attributor-enable=module|Ofast--attributor-enable=all|Ofast--attributor-enable=module|Os--attributor-enable=all|Os--attributor-enable=module
ossl_ml_dsa_poly_sample_in_ball	crypto/ml_dsa/ml_dsa_sample.c	373	41	    return (value_barrier_32(mask) & a) | (value_barrier_32(~mask) & b);	|	cjump	O1--attributor-enable=all|O1--attributor-enable=module|O2--attributor-enable=all|O2--attributor-enable=cgscc|O2--attributor-enable=module|O3--attributor-enable=all|O3--attributor-enable=cgscc|O3--attributor-enable=module|Ofast--attributor-enable=all|Ofast--attributor-enable=cgscc|Ofast--attributor-enable=module|Os--attributor-enable=all|Os--attributor-enable=cgscc|Os--attributor-enable=module|Oz--attributor-enable=all|Oz--attributor-enable=module
ossl_ml_dsa_sk_decode	crypto/ml_dsa/ml_dsa_encoders.c	373	41	    return (value_barrier_32(mask) & a) | (value_barrier_32(~mask) & b);	|	cjump	O1--attributor-enable=all|O1--attributor-enable=cgscc|O1--attributor-enable=module|O2--attributor-enable=all|O2--attributor-enable=cgscc|O2--attributor-enable=module|O3--attributor-enable=all|O3--attributor-enable=cgscc|O3--attributor-enable=module|Ofast--attributor-enable=all|Ofast--attributor-enable=cgscc|Ofast--attributor-enable=module|Os--attributor-enable=all|Os--attributor-enable=cgscc|Os--attributor-enable=module|Oz--attributor-enable=all|Oz--attributor-enable=module
sa_doall	crypto/sparse_array.c	93	21	                    (*leaf)(idx, p[n], arg);	(	cjump	O1--attributor-enable=all|O1--attributor-enable=module|O2--attributor-enable=all|O2--attributor-enable=module|Os--attributor-enable=all|Os--attributor-enable=module|Oz--attributor-enable=all|Oz--attributor-enable=module
poly_decode_signed_4	crypto/ml_dsa/ml_dsa_encoders.c	373	41	    return (value_barrier_32(mask) & a) | (value_barrier_32(~mask) & b);	|	cjump	O1--attributor-enable=all|O1--attributor-enable=cgscc|O1--attributor-enable=module|O2--attributor-enable=all|O2--attributor-enable=cgscc|O2--attributor-enable=module|O3--attributor-enable=all|O3--attributor-enable=cgscc|O3--attributor-enable=module|Ofast--attributor-enable=all|Ofast--attributor-enable=cgscc|Ofast--attributor-enable=module|Os--attributor-enable=all|Os--attributor-enable=cgscc|Os--attributor-enable=module|Oz--attributor-enable=all|Oz--attributor-enable=module
ossl_ml_dsa_sk_encode	crypto/ml_dsa/ml_dsa_encoders.c	373	41	    return (value_barrier_32(mask) & a) | (value_barrier_32(~mask) & b);	|	cjump	O1--attributor-enable=all|O1--attributor-enable=cgscc|O1--attributor-enable=module|O2--attributor-enable=all|O2--attributor-enable=cgscc|O2--attributor-enable=module|O3--attributor-enable=all|O3--attributor-enable=cgscc|O3--attributor-enable=module|Ofast--attributor-enable=all|Ofast--attributor-enable=cgscc|Ofast--attributor-enable=module
ssl3_cbc_digest_record	ssl/record/methods/ssl3_cbc.c	341	38	    return (value_barrier(mask) & a) | (value_barrier(~mask) & b);	|	cjump	O1--attributor-enable=all|O1--attributor-enable=module|O2--attributor-enable=all|O2--attributor-enable=module|O3--attributor-enable=all|O3--attributor-enable=module|Ofast--attributor-enable=all|Ofast--attributor-enable=module|Os--attributor-enable=all|Os--attributor-enable=module|Oz--attributor-enable=all|Oz--attributor-enable=module
ossl_ml_dsa_poly_decode_expand_mask	crypto/ml_dsa/ml_dsa_encoders.c	373	41	    return (value_barrier_32(mask) & a) | (value_barrier_32(~mask) & b);	|	cjump	O1--attributor-enable=all|O1--attributor-enable=module|O2--attributor-enable=all|O2--attributor-enable=module|O3--attributor-enable=all|O3--attributor-enable=module|Ofast--attributor-enable=all|Ofast--attributor-enable=module
ossl_ml_dsa_matrix_mult_vector	crypto/ml_dsa/ml_dsa_matrix.c	373	41	    return (value_barrier_32(mask) & a) | (value_barrier_32(~mask) & b);	|	cjump	O1--attributor-enable=all|O1--attributor-enable=cgscc|O1--attributor-enable=module|O2--attributor-enable=all|O2--attributor-enable=cgscc|O2--attributor-enable=module|O3--attributor-enable=all|O3--attributor-enable=cgscc|O3--attributor-enable=module|Ofast--attributor-enable=all|Ofast--attributor-enable=cgscc|Ofast--attributor-enable=module|Os--attributor-enable=all|Os--attributor-enable=cgscc|Os--attributor-enable=module|Oz--attributor-enable=all|Oz--attributor-enable=cgscc|Oz--attributor-enable=module
poly_encode_signed_2	crypto/ml_dsa/ml_dsa_encoders.c	373	41	    return (value_barrier_32(mask) & a) | (value_barrier_32(~mask) & b);	|	cjump	O1--attributor-enable=all|O1--attributor-enable=cgscc|O1--attributor-enable=module|O2--attributor-enable=all|O2--attributor-enable=cgscc|O2--attributor-enable=module|O3--attributor-enable=all|O3--attributor-enable=cgscc|O3--attributor-enable=module|Ofast--attributor-enable=all|Ofast--attributor-enable=cgscc|Ofast--attributor-enable=module|Os--attributor-enable=all|Os--attributor-enable=cgscc|Os--attributor-enable=module|Oz--attributor-enable=all|Oz--attributor-enable=module
ossl_rsa_padding_check_PKCS1_type_2	crypto/rsa/rsa_pk1.c	341	38	    return (value_barrier(mask) & a) | (value_barrier(~mask) & b);	|	cjump	O1--attributor-enable=all|O1--attributor-enable=cgscc|O1--attributor-enable=module|O2--attributor-enable=all|O2--attributor-enable=cgscc|O2--attributor-enable=module|O3--attributor-enable=all|O3--attributor-enable=cgscc|O3--attributor-enable=module|Ofast--attributor-enable=all|Ofast--attributor-enable=cgscc|Ofast--attributor-enable=module|Os--attributor-enable=all|Os--attributor-enable=cgscc|Os--attributor-enable=module|Oz--attributor-enable=all|Oz--attributor-enable=module
ossl_ml_dsa_sig_encode	crypto/ml_dsa/ml_dsa_encoders.c	373	41	    return (value_barrier_32(mask) & a) | (value_barrier_32(~mask) & b);	|	cjump	O1--attributor-enable=all|O1--attributor-enable=module|O2--attributor-enable=all|O2--attributor-enable=module|O3--attributor-enable=all|O3--attributor-enable=module|Ofast--attributor-enable=all|Ofast--attributor-enable=module|Os--attributor-enable=all|Os--attributor-enable=module|Oz--attributor-enable=all|Oz--attributor-enable=module
bn_correct_top_consttime	crypto/bn/bn_lib.c	341	38	    return (value_barrier(mask) & a) | (value_barrier(~mask) & b);	|	cjump	O1--attributor-enable=all|O1--attributor-enable=module|O2--attributor-enable=all|O2--attributor-enable=module|O3--attributor-enable=all|O3--attributor-enable=module|Ofast--attributor-enable=all|Ofast--attributor-enable=module|Os--attributor-enable=all|Os--attributor-enable=module|Oz--attributor-enable=all|Oz--attributor-enable=module
ossl_ml_dsa_key_compress_make_hint	crypto/ml_dsa/ml_dsa_key_compress.c	373	41	    return (value_barrier_32(mask) & a) | (value_barrier_32(~mask) & b);	|	cjump	O1--attributor-enable=all|O1--attributor-enable=cgscc|O1--attributor-enable=module|O2--attributor-enable=all|O2--attributor-enable=cgscc|O2--attributor-enable=module|O3--attributor-enable=all|O3--attributor-enable=cgscc|O3--attributor-enable=module|Ofast--attributor-enable=all|Ofast--attributor-enable=cgscc|Ofast--attributor-enable=module|Os--attributor-enable=all|Os--attributor-enable=cgscc|Os--attributor-enable=module|Oz--attributor-enable=all|Oz--attributor-enable=module
ossl_ml_dsa_poly_ntt_inverse	crypto/ml_dsa/ml_dsa_ntt.c	373	41	    return (value_barrier_32(mask) & a) | (value_barrier_32(~mask) & b);	|	cjump	O1--attributor-enable=all|O1--attributor-enable=cgscc|O1--attributor-enable=module|O2--attributor-enable=all|O2--attributor-enable=cgscc|O2--attributor-enable=module|O3--attributor-enable=all|O3--attributor-enable=cgscc|O3--attributor-enable=module|Ofast--attributor-enable=all|Ofast--attributor-enable=cgscc|Ofast--attributor-enable=module|Os--attributor-enable=all|Os--attributor-enable=cgscc|Os--attributor-enable=module|Oz--attributor-enable=all|Oz--attributor-enable=module
BN_ucmp	crypto/bn/bn_lib.c	341	38	    return (value_barrier(mask) & a) | (value_barrier(~mask) & b);	|	cjump	O1--attributor-enable=all|O1--attributor-enable=cgscc|O1--attributor-enable=module|O2--attributor-enable=all|O2--attributor-enable=cgscc|O2--attributor-enable=module|O3--attributor-enable=all|O3--attributor-enable=cgscc|O3--attributor-enable=module|Ofast--attributor-enable=all|Ofast--attributor-enable=cgscc|Ofast--attributor-enable=module|Os--attributor-enable=all|Os--attributor-enable=cgscc|Os--attributor-enable=module|Oz--attributor-enable=all|Oz--attributor-enable=module
coeff_from_nibble_4	crypto/ml_dsa/ml_dsa_sample.c	373	41	    return (value_barrier_32(mask) & a) | (value_barrier_32(~mask) & b);	|	cjump	O1--attributor-enable=all|O1--attributor-enable=cgscc|O1--attributor-enable=module|O2--attributor-enable=all|O2--attributor-enable=cgscc|O2--attributor-enable=module|O3--attributor-enable=all|O3--attributor-enable=cgscc|O3--attributor-enable=module|Ofast--attributor-enable=all|Ofast--attributor-enable=cgscc|Ofast--attributor-enable=module|Os--attributor-enable=all|Os--attributor-enable=cgscc|Os--attributor-enable=module|Oz--attributor-enable=all|Oz--attributor-enable=module
poly_decode_signed_2	crypto/ml_dsa/ml_dsa_encoders.c	373	41	    return (value_barrier_32(mask) & a) | (value_barrier_32(~mask) & b);	|	cjump	O1--attributor-enable=all|O1--attributor-enable=cgscc|O1--attributor-enable=module|O2--attributor-enable=all|O2--attributor-enable=cgscc|O2--attributor-enable=module|O3--attributor-enable=all|O3--attributor-enable=cgscc|O3--attributor-enable=module|Ofast--attributor-enable=all|Ofast--attributor-enable=cgscc|Ofast--attributor-enable=module|Os--attributor-enable=all|Os--attributor-enable=cgscc|Os--attributor-enable=module|Oz--attributor-enable=all|Oz--attributor-enable=module
ossl_ml_dsa_poly_ntt_mult	crypto/ml_dsa/ml_dsa_ntt.c	373	41	    return (value_barrier_32(mask) & a) | (value_barrier_32(~mask) & b);	|	cjump	O1--attributor-enable=all|O1--attributor-enable=cgscc|O1--attributor-enable=module|O2--attributor-enable=all|O2--attributor-enable=cgscc|O2--attributor-enable=module|O3--attributor-enable=all|O3--attributor-enable=cgscc|O3--attributor-enable=module|Ofast--attributor-enable=all|Ofast--attributor-enable=cgscc|Ofast--attributor-enable=module|Os--attributor-enable=all|Os--attributor-enable=cgscc|Os--attributor-enable=module
RSA_padding_check_PKCS1_type_2	crypto/rsa/rsa_pk1.c	341	38	    return (value_barrier(mask) & a) | (value_barrier(~mask) & b);	|	cjump	O1--attributor-enable=all|O1--attributor-enable=cgscc|O1--attributor-enable=module|O2--attributor-enable=all|O2--attributor-enable=cgscc|O2--attributor-enable=module|O3--attributor-enable=all|O3--attributor-enable=cgscc|O3--attributor-enable=module|Ofast--attributor-enable=all|Ofast--attributor-enable=cgscc|Ofast--attributor-enable=module|Os--attributor-enable=all|Os--attributor-enable=cgscc|Os--attributor-enable=module|Oz--attributor-enable=all|Oz--attributor-enable=module
send_receive_check	crypto/cmp/cmp_client.c	186	12	    *rep = (*transfer_cb)(ctx, req);	(	cjump	O1--attributor-enable=all|O1--attributor-enable=cgscc|O1--attributor-enable=module|O2--attributor-enable=all|O2--attributor-enable=cgscc|O2--attributor-enable=module|O3--attributor-enable=all|O3--attributor-enable=cgscc|O3--attributor-enable=module|Ofast--attributor-enable=all|Ofast--attributor-enable=cgscc|Ofast--attributor-enable=module|Os--attributor-enable=all|Os--attributor-enable=cgscc|Os--attributor-enable=module|Oz--attributor-enable=all|Oz--attributor-enable=cgscc|Oz--attributor-enable=module
ssl3_cbc_digest_record	ssl/record/methods/ssl3_cbc.c	387	31	            for (i = 1; i < k / md_block_size; i++)	/	mdiv	O1-fprofile-generate|O2-fprofile-generate|O3-fprofile-generate|Ofast-fprofile-generate|Os-fprofile-generate
ssl3_cbc_digest_record	ssl/record/methods/ssl3_cbc.c	380	31	            for (i = 1; i < k / md_block_size - 1; i++)	/	mdiv	O1-fprofile-generate|O2-fprofile-generate|O3-fprofile-generate|Ofast-fprofile-generate|Os-fprofile-generate
BN_hex2bn	crypto/bn/bn_conv.c	175	25	                ret->d[h++] = l;	+	cjump	O1-fprofile-generate|O2-fprofile-generate|O3-fprofile-generate|Ofast-fprofile-generate|Os-fprofile-generate
ossl_ml_dsa_sign	crypto/ml_dsa/ml_dsa_sign.c	341	38	    return (value_barrier(mask) & a) | (value_barrier(~mask) & b);	|	cjump	O1--attributor-enable=all|O1--attributor-enable=cgscc|O2--attributor-enable=all|O2--attributor-enable=cgscc|O3--attributor-enable=all|O3--attributor-enable=cgscc|Ofast--attributor-enable=all|Ofast--attributor-enable=cgscc|Os--attributor-enable=all|Os--attributor-enable=cgscc
poly_encode_signed_two_to_power_17	crypto/ml_dsa/ml_dsa_encoders.c	373	41	    return (value_barrier_32(mask) & a) | (value_barrier_32(~mask) & b);	|	cjump	O1--attributor-enable=cgscc|O2--attributor-enable=cgscc|O3--attributor-enable=cgscc|Ofast--attributor-enable=cgscc|Os--attributor-enable=cgscc
RSA_padding_check_PKCS1_OAEP_mgf1	crypto/rsa/rsa_oaep.c	341	38	    return (value_barrier(mask) & a) | (value_barrier(~mask) & b);	|	cjump	O1--attributor-enable=all|O1--attributor-enable=cgscc|O2--attributor-enable=all|O2--attributor-enable=cgscc|O3--attributor-enable=all|O3--attributor-enable=cgscc|Ofast--attributor-enable=all|Ofast--attributor-enable=cgscc|Os--attributor-enable=all|Os--attributor-enable=cgscc
poly_encode_signed_two_to_power_19	crypto/ml_dsa/ml_dsa_encoders.c	373	41	    return (value_barrier_32(mask) & a) | (value_barrier_32(~mask) & b);	|	cjump	O1--attributor-enable=cgscc|O2--attributor-enable=cgscc|O3--attributor-enable=cgscc|Ofast--attributor-enable=cgscc|Os--attributor-enable=cgscc
pkey_rsa_decrypt	crypto/rsa/rsa_pmeth.c	341	38	    return (value_barrier(mask) & a) | (value_barrier(~mask) & b);	|	cjump	O1--attributor-enable=cgscc|O2--attributor-enable=cgscc|O3--attributor-enable=cgscc|Ofast--attributor-enable=cgscc|Os--attributor-enable=cgscc|Oz--attributor-enable=cgscc
setup_cert	apps/cmp.c	1040	10	    ok = (*set1_fn)(ctx, cert);	(	cjump	O1--attributor-enable=all|O1--attributor-enable=cgscc|O2--attributor-enable=all|O2--attributor-enable=cgscc|O3--attributor-enable=all|O3--attributor-enable=cgscc|Ofast--attributor-enable=all|Ofast--attributor-enable=cgscc|Os--attributor-enable=all|Os--attributor-enable=cgscc|Oz--attributor-enable=all|Oz--attributor-enable=cgscc
setup_certs	apps/cmp.c	1056	10	    ok = (*set1_fn)(ctx, certs);	(	cjump	O1--attributor-enable=all|O1--attributor-enable=cgscc|O2--attributor-enable=all|O2--attributor-enable=cgscc|O3--attributor-enable=all|O3--attributor-enable=cgscc|Ofast--attributor-enable=all|Ofast--attributor-enable=cgscc|Os--attributor-enable=all|Os--attributor-enable=cgscc|Oz--attributor-enable=all|Oz--attributor-enable=cgscc
rsa_decrypt	providers/implementations/asymciphers/rsa_enc.c	348	40	    return (value_barrier_s(mask) & a) | (value_barrier_s(~mask) & b);	|	cjump	O1--attributor-enable=cgscc|O2--attributor-enable=cgscc|O3--attributor-enable=cgscc|Ofast--attributor-enable=cgscc|Os--attributor-enable=cgscc|Oz--attributor-enable=cgscc
pkey_rsa_decrypt	crypto/rsa/rsa_pmeth.c	348	40	    return (value_barrier_s(mask) & a) | (value_barrier_s(~mask) & b);	|	cjump	O1--attributor-enable=cgscc|O2--attributor-enable=cgscc|O3--attributor-enable=cgscc|Ofast--attributor-enable=cgscc|Os--attributor-enable=cgscc|Oz--attributor-enable=cgscc
poly_decode_signed_two_to_power_17	crypto/ml_dsa/ml_dsa_encoders.c	373	41	    return (value_barrier_32(mask) & a) | (value_barrier_32(~mask) & b);	|	cjump	O1--attributor-enable=cgscc|O2--attributor-enable=cgscc|O3--attributor-enable=cgscc|Ofast--attributor-enable=cgscc|Os--attributor-enable=all|Os--attributor-enable=cgscc|Os--attributor-enable=module|Oz--attributor-enable=all|Oz--attributor-enable=module
poly_encode_signed_4	crypto/ml_dsa/ml_dsa_encoders.c	373	41	    return (value_barrier_32(mask) & a) | (value_barrier_32(~mask) & b);	|	cjump	O1--attributor-enable=cgscc|O2--attributor-enable=cgscc|O3--attributor-enable=cgscc|Ofast--attributor-enable=cgscc|Os--attributor-enable=all|Os--attributor-enable=cgscc|Os--attributor-enable=module|Oz--attributor-enable=all|Oz--attributor-enable=module
ossl_ml_dsa_verify	crypto/ml_dsa/ml_dsa_sign.c	341	38	    return (value_barrier(mask) & a) | (value_barrier(~mask) & b);	|	cjump	O1--attributor-enable=all|O1--attributor-enable=cgscc|O2--attributor-enable=all|O2--attributor-enable=cgscc|O3--attributor-enable=all|O3--attributor-enable=cgscc|Ofast--attributor-enable=all|Ofast--attributor-enable=cgscc|Os--attributor-enable=all|Os--attributor-enable=cgscc
public_from_private	crypto/ml_dsa/ml_dsa_key.c	373	41	    return (value_barrier_32(mask) & a) | (value_barrier_32(~mask) & b);	|	cjump	O1--attributor-enable=all|O1--attributor-enable=cgscc|O2--attributor-enable=all|O2--attributor-enable=cgscc|O3--attributor-enable=all|O3--attributor-enable=cgscc|Ofast--attributor-enable=all|Ofast--attributor-enable=cgscc|Os--attributor-enable=all|Os--attributor-enable=cgscc|Oz--attributor-enable=all|Oz--attributor-enable=cgscc
BN_gcd	crypto/bn/bn_gcd.c	188	41	    return (value_barrier_bn(mask) & a) | (value_barrier_bn(~mask) & b);	|	cjump	O1--attributor-enable=cgscc|O2--attributor-enable=all|O2--attributor-enable=cgscc|O2--attributor-enable=module|O3--attributor-enable=all|O3--attributor-enable=cgscc|O3--attributor-enable=module|Ofast--attributor-enable=all|Ofast--attributor-enable=cgscc|Ofast--attributor-enable=module|Os--attributor-enable=all|Os--attributor-enable=cgscc|Os--attributor-enable=module|Oz--attributor-enable=all|Oz--attributor-enable=cgscc|Oz--attributor-enable=module
ossl_rcu_read_lock	crypto/threads_pthread.c	336	5	    data->thread_qps[available_qp].qp = get_hold_current_qp(lock);	d	cjump	O1-funroll-loops|Os--unroll-threshold=100
sh_free	crypto/mem_sec.c	365	45	    bit = (ONE << list) + ((ptr - sh.arena) / (sh.arena_size >> list));	/	mdiv	O1--inline-call-penalty=0|O1--inline-instr-cost=0|O2--inline-call-penalty=0|O2--inline-instr-cost=0
sh_actual_size	crypto/mem_sec.c	365	45	    bit = (ONE << list) + ((ptr - sh.arena) / (sh.arena_size >> list));	/	mdiv	O1--inline-call-penalty=0|O2--inline-call-penalty=0
CRYPTO_secure_malloc	crypto/mem_sec.c	365	45	    bit = (ONE << list) + ((ptr - sh.arena) / (sh.arena_size >> list));	/	mdiv	O1--inline-call-penalty=0|O1--inline-instr-cost=0|O2--inline-call-penalty=0|O2--inline-instr-cost=0
EVP_MD_up_ref	crypto/evp/digest.c	41	77	    *ret = atomic_fetch_add_explicit(&refcnt->val, 1, memory_order_relaxed) + 1;	+	cjump	O1-ftrapv|O2-ftrapv|O3-ftrapv|Ofast-ftrapv|Os-ftrapv|Oz-ftrapv
evp_kdf_free	crypto/evp/kdf_meth.c	64	77	    *ret = atomic_fetch_sub_explicit(&refcnt->val, 1, memory_order_release) - 1;	-	cjump	O1-ftrapv|O2-ftrapv|O3-ftrapv|Ofast-ftrapv|Os-ftrapv|Oz-ftrapv
ossl_encoder_up_ref	crypto/encode_decode/encoder_meth.c	41	77	    *ret = atomic_fetch_add_explicit(&refcnt->val, 1, memory_order_relaxed) + 1;	+	cjump	O1-ftrapv|O2-ftrapv|O3-ftrapv|Ofast-ftrapv|Os-ftrapv|Oz-ftrapv
evp_cipher_free	crypto/evp/evp_enc.c	64	77	    *ret = atomic_fetch_sub_explicit(&refcnt->val, 1, memory_order_release) - 1;	-	cjump	O1-ftrapv|O2-ftrapv|O3-ftrapv|Ofast-ftrapv
EVP_MAC_free	crypto/evp/mac_meth.c	64	77	    *ret = atomic_fetch_sub_explicit(&refcnt->val, 1, memory_order_release) - 1;	-	cjump	O1-ftrapv|O2-ftrapv|O3-ftrapv|Ofast-ftrapv
SSL_free	ssl/ssl_lib.c	64	77	    *ret = atomic_fetch_sub_explicit(&refcnt->val, 1, memory_order_release) - 1;	-	cjump	O1-ftrapv|O2-ftrapv|O3-ftrapv|Ofast-ftrapv|Os-ftrapv|Oz-ftrapv
BIO_free	crypto/bio/bio_lib.c	64	77	    *ret = atomic_fetch_sub_explicit(&refcnt->val, 1, memory_order_release) - 1;	-	cjump	O1-ftrapv|O2-ftrapv|O3-ftrapv|Ofast-ftrapv|Os-ftrapv|Oz-ftrapv
EVP_CIPHER_CTX_reset	crypto/evp/evp_enc.c	64	77	    *ret = atomic_fetch_sub_explicit(&refcnt->val, 1, memory_order_release) - 1;	-	cjump	O1-ftrapv|O2-ftrapv|O3-ftrapv|Ofast-ftrapv
free_this_token	ssl/quic/quic_impl.c	64	77	    *ret = atomic_fetch_sub_explicit(&refcnt->val, 1, memory_order_release) - 1;	-	cjump	O1-ftrapv|O2-ftrapv|O3-ftrapv|Ofast-ftrapv
ENGINE_up_ref	crypto/engine/eng_list.c	41	77	    *ret = atomic_fetch_add_explicit(&refcnt->val, 1, memory_order_relaxed) + 1;	+	cjump	O1-ftrapv|O2-ftrapv|O3-ftrapv|Ofast-ftrapv|Os-ftrapv|Oz-ftrapv
keymgmt_from_algorithm	crypto/evp/keymgmt_meth.c	64	77	    *ret = atomic_fetch_sub_explicit(&refcnt->val, 1, memory_order_release) - 1;	-	cjump	O1-ftrapv|O2-ftrapv|O3-ftrapv|Ofast-ftrapv
evp_cipher_init_internal	crypto/evp/evp_enc.c	64	77	    *ret = atomic_fetch_sub_explicit(&refcnt->val, 1, memory_order_release) - 1;	-	cjump	O1-ftrapv|O2-ftrapv|O3-ftrapv|Ofast-ftrapv
ossl_quic_free_peer_token	ssl/quic/quic_impl.c	64	77	    *ret = atomic_fetch_sub_explicit(&refcnt->val, 1, memory_order_release) - 1;	-	cjump	O1-ftrapv|O2-ftrapv|O3-ftrapv|Ofast-ftrapv|Os-ftrapv|Oz-ftrapv
EVP_KEM_free	crypto/evp/kem.c	64	77	    *ret = atomic_fetch_sub_explicit(&refcnt->val, 1, memory_order_release) - 1;	-	cjump	O1-ftrapv|O2-ftrapv|O3-ftrapv|Ofast-ftrapv|Os-ftrapv|Oz-ftrapv
SSL_CTX_add_session	ssl/ssl_sess.c	41	77	    *ret = atomic_fetch_add_explicit(&refcnt->val, 1, memory_order_relaxed) + 1;	+	cjump	O1-ftrapv|O2-ftrapv|O3-ftrapv|Ofast-ftrapv|Os-ftrapv|Oz-ftrapv
EVP_MD_free	crypto/evp/digest.c	64	77	    *ret = atomic_fetch_sub_explicit(&refcnt->val, 1, memory_order_release) - 1;	-	cjump	O1-ftrapv|O2-ftrapv|O3-ftrapv|Ofast-ftrapv|Os-ftrapv|Oz-ftrapv
ossl_asn1_do_lock	crypto/asn1/tasn_utl.c	41	77	    *ret = atomic_fetch_add_explicit(&refcnt->val, 1, memory_order_relaxed) + 1;	+	cjump	O1-ftrapv|O2-ftrapv|O3-ftrapv|Ofast-ftrapv|Os-ftrapv|Oz-ftrapv
EVP_RAND_CTX_free	crypto/evp/evp_rand.c	64	77	    *ret = atomic_fetch_sub_explicit(&refcnt->val, 1, memory_order_release) - 1;	-	cjump	O1-ftrapv|O2-ftrapv|O3-ftrapv|Ofast-ftrapv|Os-ftrapv|Oz-ftrapv
mac_gen	providers/implementations/keymgmt/mac_legacy_kmgmt.c	64	77	    *ret = atomic_fetch_sub_explicit(&refcnt->val, 1, memory_order_release) - 1;	-	cjump	O1-ftrapv|O2-ftrapv|O3-ftrapv|Ofast-ftrapv
construct_loader	crypto/store/store_meth.c	64	77	    *ret = atomic_fetch_sub_explicit(&refcnt->val, 1, memory_order_release) - 1;	-	cjump	O1-ftrapv|O2-ftrapv|O3-ftrapv|Ofast-ftrapv
ossl_kdf_data_up_ref	providers/implementations/keymgmt/kdf_legacy_kmgmt.c	41	77	    *ret = atomic_fetch_add_explicit(&refcnt->val, 1, memory_order_relaxed) + 1;	+	cjump	O1-ftrapv|O2-ftrapv|O3-ftrapv|Ofast-ftrapv|Os-ftrapv|Oz-ftrapv
EVP_KEYEXCH_up_ref	crypto/evp/exchange.c	41	77	    *ret = atomic_fetch_add_explicit(&refcnt->val, 1, memory_order_relaxed) + 1;	+	cjump	O1-ftrapv|O2-ftrapv|O3-ftrapv|Ofast-ftrapv|Os-ftrapv|Oz-ftrapv
kdf_freedata	providers/implementations/keymgmt/kdf_legacy_kmgmt.c	64	77	    *ret = atomic_fetch_sub_explicit(&refcnt->val, 1, memory_order_release) - 1;	-	cjump	O1-ftrapv|O2-ftrapv|O3-ftrapv|Ofast-ftrapv
EVP_MD_CTX_copy_ex	crypto/evp/digest.c	41	77	    *ret = atomic_fetch_add_explicit(&refcnt->val, 1, memory_order_relaxed) + 1;	+	cjump	O1-ftrapv|O2-ftrapv|O3-ftrapv|Ofast-ftrapv|Os-ftrapv|Oz-ftrapv
EVP_KEYEXCH_free	crypto/evp/exchange.c	64	77	    *ret = atomic_fetch_sub_explicit(&refcnt->val, 1, memory_order_release) - 1;	-	cjump	O1-ftrapv|O2-ftrapv|O3-ftrapv|Ofast-ftrapv|Os-ftrapv|Oz-ftrapv
OSSL_ERR_STATE_restore	crypto/err/err_save.c	16	24	    es->top = (es->top + 1) % ERR_NUM_ERRORS;	+	cjump	O1-ftrapv|O2-ftrapv|O3-ftrapv|Ofast-ftrapv|Os-ftrapv|Oz-ftrapv
ossl_quic_build_new_token	ssl/quic/quic_impl.c	64	77	    *ret = atomic_fetch_sub_explicit(&refcnt->val, 1, memory_order_release) - 1;	-	cjump	O1-ftrapv|O2-ftrapv|O3-ftrapv|Ofast-ftrapv
X509_CRL_up_ref	crypto/x509/x509cset.c	41	77	    *ret = atomic_fetch_add_explicit(&refcnt->val, 1, memory_order_relaxed) + 1;	+	cjump	O1-ftrapv|O2-ftrapv|O3-ftrapv|Ofast-ftrapv|Os-ftrapv|Oz-ftrapv
evp_asym_cipher_up_ref	crypto/evp/asymcipher.c	41	77	    *ret = atomic_fetch_add_explicit(&refcnt->val, 1, memory_order_relaxed) + 1;	+	cjump	O1-ftrapv|O2-ftrapv|O3-ftrapv|Ofast-ftrapv|Os-ftrapv|Oz-ftrapv
ENGINE_get_prev	crypto/engine/eng_list.c	41	77	    *ret = atomic_fetch_add_explicit(&refcnt->val, 1, memory_order_relaxed) + 1;	+	cjump	O1-ftrapv|O2-ftrapv|O3-ftrapv|Ofast-ftrapv|Os-ftrapv|Oz-ftrapv
RSA_free	crypto/rsa/rsa_lib.c	64	77	    *ret = atomic_fetch_sub_explicit(&refcnt->val, 1, memory_order_release) - 1;	-	cjump	O1-ftrapv|O2-ftrapv|O3-ftrapv|Ofast-ftrapv|Os-ftrapv|Oz-ftrapv
DH_free	crypto/dh/dh_lib.c	64	77	    *ret = atomic_fetch_sub_explicit(&refcnt->val, 1, memory_order_release) - 1;	-	cjump	O1-ftrapv|O2-ftrapv|O3-ftrapv|Ofast-ftrapv|Os-ftrapv|Oz-ftrapv
EVP_Q_digest	crypto/evp/digest.c	64	77	    *ret = atomic_fetch_sub_explicit(&refcnt->val, 1, memory_order_release) - 1;	-	cjump	O1-ftrapv|O2-ftrapv|O3-ftrapv|Ofast-ftrapv
ossl_core_bio_up_ref	crypto/bio/ossl_core_bio.c	41	77	    *ret = atomic_fetch_add_explicit(&refcnt->val, 1, memory_order_relaxed) + 1;	+	cjump	O1-ftrapv|O2-ftrapv|O3-ftrapv|Ofast-ftrapv|Os-ftrapv|Oz-ftrapv
evp_md_free	crypto/evp/digest.c	64	77	    *ret = atomic_fetch_sub_explicit(&refcnt->val, 1, memory_order_release) - 1;	-	cjump	O1-ftrapv|O2-ftrapv|O3-ftrapv|Ofast-ftrapv
DSA_up_ref	crypto/dsa/dsa_lib.c	41	77	    *ret = atomic_fetch_add_explicit(&refcnt->val, 1, memory_order_relaxed) + 1;	+	cjump	O1-ftrapv|O2-ftrapv|O3-ftrapv|Ofast-ftrapv|Os-ftrapv|Oz-ftrapv
ossl_quic_get_peer_token	ssl/quic/quic_impl.c	64	77	    *ret = atomic_fetch_sub_explicit(&refcnt->val, 1, memory_order_release) - 1;	-	cjump	O1-ftrapv|O2-ftrapv|O3-ftrapv|Ofast-ftrapv
SSL_set_SSL_CTX	ssl/ssl_lib.c	41	77	    *ret = atomic_fetch_add_explicit(&refcnt->val, 1, memory_order_relaxed) + 1;	+	cjump	O1-ftrapv|O2-ftrapv|O3-ftrapv|Ofast-ftrapv|Os-ftrapv|Oz-ftrapv
EC_ec_pre_comp_free	crypto/ec/ec_mult.c	64	77	    *ret = atomic_fetch_sub_explicit(&refcnt->val, 1, memory_order_release) - 1;	-	cjump	O1-ftrapv|O2-ftrapv|O3-ftrapv|Ofast-ftrapv|Os-ftrapv|Oz-ftrapv
ossl_decoder_up_ref	crypto/encode_decode/decoder_meth.c	41	77	    *ret = atomic_fetch_add_explicit(&refcnt->val, 1, memory_order_relaxed) + 1;	+	cjump	O1-ftrapv|O2-ftrapv|O3-ftrapv|Ofast-ftrapv|Os-ftrapv|Oz-ftrapv
EVP_MAC_up_ref	crypto/evp/mac_meth.c	41	77	    *ret = atomic_fetch_add_explicit(&refcnt->val, 1, memory_order_relaxed) + 1;	+	cjump	O1-ftrapv|O2-ftrapv|O3-ftrapv|Ofast-ftrapv|Os-ftrapv|Oz-ftrapv
EVP_SKEY_up_ref	crypto/evp/s_lib.c	41	77	    *ret = atomic_fetch_add_explicit(&refcnt->val, 1, memory_order_relaxed) + 1;	+	cjump	O1-ftrapv|O2-ftrapv|O3-ftrapv|Ofast-ftrapv|Os-ftrapv|Oz-ftrapv
evp_md_ctx_clear_digest	crypto/evp/digest.c	64	77	    *ret = atomic_fetch_sub_explicit(&refcnt->val, 1, memory_order_release) - 1;	-	cjump	O1-ftrapv|O2-ftrapv|O3-ftrapv|Ofast-ftrapv
evp_cipher_from_algorithm	crypto/evp/evp_enc.c	64	77	    *ret = atomic_fetch_sub_explicit(&refcnt->val, 1, memory_order_release) - 1;	-	cjump	O1-ftrapv|O2-ftrapv|O3-ftrapv|Ofast-ftrapv
EVP_SKEYMGMT_up_ref	crypto/evp/skeymgmt_meth.c	41	77	    *ret = atomic_fetch_add_explicit(&refcnt->val, 1, memory_order_relaxed) + 1;	+	cjump	O1-ftrapv|O2-ftrapv|O3-ftrapv|Ofast-ftrapv|Os-ftrapv|Oz-ftrapv
DH_up_ref	crypto/dh/dh_lib.c	41	77	    *ret = atomic_fetch_add_explicit(&refcnt->val, 1, memory_order_relaxed) + 1;	+	cjump	O1-ftrapv|O2-ftrapv|O3-ftrapv|Ofast-ftrapv|Os-ftrapv|Oz-ftrapv
EVP_PKEY_derive_init_ex	crypto/evp/exchange.c	64	77	    *ret = atomic_fetch_sub_explicit(&refcnt->val, 1, memory_order_release) - 1;	-	cjump	O1-ftrapv|O2-ftrapv|O3-ftrapv|Ofast-ftrapv
SSL_SESSION_free	ssl/ssl_sess.c	64	77	    *ret = atomic_fetch_sub_explicit(&refcnt->val, 1, memory_order_release) - 1;	-	cjump	O1-ftrapv|O2-ftrapv|O3-ftrapv|Ofast-ftrapv|Os-ftrapv|Oz-ftrapv
DSO_up_ref	crypto/dso/dso_lib.c	41	77	    *ret = atomic_fetch_add_explicit(&refcnt->val, 1, memory_order_relaxed) + 1;	+	cjump	O1-ftrapv|O2-ftrapv|O3-ftrapv|Ofast-ftrapv|Os-ftrapv|Oz-ftrapv
ERR_new	crypto/err/err_blocks.c	16	24	    es->top = (es->top + 1) % ERR_NUM_ERRORS;	+	cjump	O1-ftrapv|O2-ftrapv|O3-ftrapv|Ofast-ftrapv|Os-ftrapv|Oz-ftrapv
SSL_dup	ssl/ssl_lib.c	64	77	    *ret = atomic_fetch_sub_explicit(&refcnt->val, 1, memory_order_release) - 1;	-	cjump	O1-ftrapv|O2-ftrapv|O3-ftrapv|Ofast-ftrapv
SSL_CTX_up_ref	ssl/ssl_lib.c	41	77	    *ret = atomic_fetch_add_explicit(&refcnt->val, 1, memory_order_relaxed) + 1;	+	cjump	O1-ftrapv|O2-ftrapv|O3-ftrapv|Ofast-ftrapv|Os-ftrapv|Oz-ftrapv
evp_pkey_signature_init	crypto/evp/signature.c	64	77	    *ret = atomic_fetch_sub_explicit(&refcnt->val, 1, memory_order_release) - 1;	-	cjump	O1-ftrapv|O2-ftrapv|O3-ftrapv|Ofast-ftrapv
EVP_RAND_CTX_new	crypto/evp/evp_rand.c	41	77	    *ret = atomic_fetch_add_explicit(&refcnt->val, 1, memory_order_relaxed) + 1;	+	cjump	O1-ftrapv|O2-ftrapv|O3-ftrapv|Ofast-ftrapv|Os-ftrapv|Oz-ftrapv
evp_kem_free	crypto/evp/kem.c	64	77	    *ret = atomic_fetch_sub_explicit(&refcnt->val, 1, memory_order_release) - 1;	-	cjump	O1-ftrapv|O2-ftrapv|O3-ftrapv|Ofast-ftrapv
core_provider_up_ref_intern	crypto/provider_core.c	41	77	    *ret = atomic_fetch_add_explicit(&refcnt->val, 1, memory_order_relaxed) + 1;	+	cjump	O1-ftrapv|O2-ftrapv|O3-ftrapv|Ofast-ftrapv
RSA_up_ref	crypto/rsa/rsa_lib.c	41	77	    *ret = atomic_fetch_add_explicit(&refcnt->val, 1, memory_order_relaxed) + 1;	+	cjump	O1-ftrapv|O2-ftrapv|O3-ftrapv|Ofast-ftrapv|Os-ftrapv|Oz-ftrapv
evp_kem_init	crypto/evp/kem.c	64	77	    *ret = atomic_fetch_sub_explicit(&refcnt->val, 1, memory_order_release) - 1;	-	cjump	O1-ftrapv|O2-ftrapv|O3-ftrapv|Ofast-ftrapv
X509_STORE_free	crypto/x509/x509_lu.c	64	77	    *ret = atomic_fetch_sub_explicit(&refcnt->val, 1, memory_order_release) - 1;	-	cjump	O1-ftrapv|O2-ftrapv|O3-ftrapv|Ofast-ftrapv|Os-ftrapv|Oz-ftrapv
up_ref_encoder	crypto/encode_decode/encoder_meth.c	41	77	    *ret = atomic_fetch_add_explicit(&refcnt->val, 1, memory_order_relaxed) + 1;	+	cjump	O1-ftrapv|O2-ftrapv|O3-ftrapv|Ofast-ftrapv|Os-ftrapv|Oz-ftrapv
evp_keyexch_up_ref	crypto/evp/exchange.c	41	77	    *ret = atomic_fetch_add_explicit(&refcnt->val, 1, memory_order_relaxed) + 1;	+	cjump	O1-ftrapv|O2-ftrapv|O3-ftrapv|Ofast-ftrapv|Os-ftrapv|Oz-ftrapv
ossl_provider_up_ref	crypto/provider_core.c	41	77	    *ret = atomic_fetch_add_explicit(&refcnt->val, 1, memory_order_relaxed) + 1;	+	cjump	O1-ftrapv|O2-ftrapv|O3-ftrapv|Ofast-ftrapv|Os-ftrapv|Oz-ftrapv
ossl_quic_get_peer_token	ssl/quic/quic_impl.c	41	77	    *ret = atomic_fetch_add_explicit(&refcnt->val, 1, memory_order_relaxed) + 1;	+	cjump	O1-ftrapv|O2-ftrapv|O3-ftrapv|Ofast-ftrapv|Os-ftrapv|Oz-ftrapv
ossl_ecx_key_free	crypto/ec/ecx_key.c	64	77	    *ret = atomic_fetch_sub_explicit(&refcnt->val, 1, memory_order_release) - 1;	-	cjump	O1-ftrapv|O2-ftrapv|O3-ftrapv|Ofast-ftrapv|Os-ftrapv|Oz-ftrapv
X509_STORE_up_ref	crypto/x509/x509_lu.c	41	77	    *ret = atomic_fetch_add_explicit(&refcnt->val, 1, memory_order_relaxed) + 1;	+	cjump	O1-ftrapv|O2-ftrapv|O3-ftrapv|Ofast-ftrapv|Os-ftrapv|Oz-ftrapv
evp_md_init_internal	crypto/evp/digest.c	64	77	    *ret = atomic_fetch_sub_explicit(&refcnt->val, 1, memory_order_release) - 1;	-	cjump	O1-ftrapv
mac_free	providers/implementations/keymgmt/mac_legacy_kmgmt.c	64	77	    *ret = atomic_fetch_sub_explicit(&refcnt->val, 1, memory_order_release) - 1;	-	cjump	O1-ftrapv|O2-ftrapv|O3-ftrapv|Ofast-ftrapv
EVP_MD_CTX_copy_ex	crypto/evp/digest.c	64	77	    *ret = atomic_fetch_sub_explicit(&refcnt->val, 1, memory_order_release) - 1;	-	cjump	O1-ftrapv|O2-ftrapv|O3-ftrapv|Ofast-ftrapv
EC_KEY_free	crypto/ec/ec_key.c	64	77	    *ret = atomic_fetch_sub_explicit(&refcnt->val, 1, memory_order_release) - 1;	-	cjump	O1-ftrapv|O2-ftrapv|O3-ftrapv|Ofast-ftrapv|Os-ftrapv|Oz-ftrapv
ossl_provider_find	crypto/provider_core.c	41	77	    *ret = atomic_fetch_add_explicit(&refcnt->val, 1, memory_order_relaxed) + 1;	+	cjump	O1-ftrapv|O2-ftrapv|O3-ftrapv|Ofast-ftrapv
up_ref_loader	crypto/store/store_meth.c	41	77	    *ret = atomic_fetch_add_explicit(&refcnt->val, 1, memory_order_relaxed) + 1;	+	cjump	O1-ftrapv|O2-ftrapv|O3-ftrapv|Ofast-ftrapv|Os-ftrapv|Oz-ftrapv
EVP_PKEY_up_ref	crypto/evp/p_lib.c	41	77	    *ret = atomic_fetch_add_explicit(&refcnt->val, 1, memory_order_relaxed) + 1;	+	cjump	O1-ftrapv|O2-ftrapv|O3-ftrapv|Ofast-ftrapv|Os-ftrapv|Oz-ftrapv
evp_keymgmt_up_ref	crypto/evp/keymgmt_meth.c	41	77	    *ret = atomic_fetch_add_explicit(&refcnt->val, 1, memory_order_relaxed) + 1;	+	cjump	O1-ftrapv|O2-ftrapv|O3-ftrapv|Ofast-ftrapv|Os-ftrapv|Oz-ftrapv
EVP_SIGNATURE_free	crypto/evp/signature.c	64	77	    *ret = atomic_fetch_sub_explicit(&refcnt->val, 1, memory_order_release) - 1;	-	cjump	O1-ftrapv|O2-ftrapv|O3-ftrapv|Ofast-ftrapv|Os-ftrapv|Oz-ftrapv
evp_kdf_up_ref	crypto/evp/kdf_meth.c	41	77	    *ret = atomic_fetch_add_explicit(&refcnt->val, 1, memory_order_relaxed) + 1;	+	cjump	O1-ftrapv|O2-ftrapv|O3-ftrapv|Ofast-ftrapv|Os-ftrapv|Oz-ftrapv
destruct_loader	crypto/store/store_meth.c	64	77	    *ret = atomic_fetch_sub_explicit(&refcnt->val, 1, memory_order_release) - 1;	-	cjump	O1-ftrapv|O2-ftrapv|O3-ftrapv|Ofast-ftrapv
up_ref_decoder	crypto/encode_decode/decoder_meth.c	41	77	    *ret = atomic_fetch_add_explicit(&refcnt->val, 1, memory_order_relaxed) + 1;	+	cjump	O1-ftrapv|O2-ftrapv|O3-ftrapv|Ofast-ftrapv|Os-ftrapv|Oz-ftrapv
EVP_CIPHER_free	crypto/evp/evp_enc.c	64	77	    *ret = atomic_fetch_sub_explicit(&refcnt->val, 1, memory_order_release) - 1;	-	cjump	O1-ftrapv|O2-ftrapv|O3-ftrapv|Ofast-ftrapv|Os-ftrapv|Oz-ftrapv
EVP_KEYMGMT_up_ref	crypto/evp/keymgmt_meth.c	41	77	    *ret = atomic_fetch_add_explicit(&refcnt->val, 1, memory_order_relaxed) + 1;	+	cjump	O1-ftrapv|O2-ftrapv|O3-ftrapv|Ofast-ftrapv|Os-ftrapv|Oz-ftrapv
openssl_digests	crypto/engine/eng_openssl.c	386	28	            digest_nids[pos++] = EVP_MD_get_type(md);	+	cjump	O1-ftrapv|O2-ftrapv|O3-ftrapv|Ofast-ftrapv|Os-ftrapv|Oz-ftrapv
ossl_ssl_connection_new_int	ssl/ssl_lib.c	41	77	    *ret = atomic_fetch_add_explicit(&refcnt->val, 1, memory_order_relaxed) + 1;	+	cjump	O1-ftrapv|O2-ftrapv|O3-ftrapv|Ofast-ftrapv|Os-ftrapv|Oz-ftrapv
ENGINE_by_id	crypto/engine/eng_list.c	41	77	    *ret = atomic_fetch_add_explicit(&refcnt->val, 1, memory_order_relaxed) + 1;	+	cjump	O1-ftrapv|O2-ftrapv|O3-ftrapv|Ofast-ftrapv|Os-ftrapv|Oz-ftrapv
evp_signature_free	crypto/evp/signature.c	64	77	    *ret = atomic_fetch_sub_explicit(&refcnt->val, 1, memory_order_release) - 1;	-	cjump	O1-ftrapv|O2-ftrapv|O3-ftrapv|Ofast-ftrapv
ossl_kdf_data_free	providers/implementations/keymgmt/kdf_legacy_kmgmt.c	64	77	    *ret = atomic_fetch_sub_explicit(&refcnt->val, 1, memory_order_release) - 1;	-	cjump	O1-ftrapv|O2-ftrapv|O3-ftrapv|Ofast-ftrapv|Os-ftrapv|Oz-ftrapv
ossl_provider_add_to_store	crypto/provider_core.c	41	77	    *ret = atomic_fetch_add_explicit(&refcnt->val, 1, memory_order_relaxed) + 1;	+	cjump	O1-ftrapv|O2-ftrapv|O3-ftrapv|Ofast-ftrapv
SSL_copy_session_id	ssl/ssl_lib.c	41	77	    *ret = atomic_fetch_add_explicit(&refcnt->val, 1, memory_order_relaxed) + 1;	+	cjump	O1-ftrapv|O2-ftrapv|O3-ftrapv|Ofast-ftrapv|Os-ftrapv|Oz-ftrapv
X509_up_ref	crypto/x509/x509_set.c	41	77	    *ret = atomic_fetch_add_explicit(&refcnt->val, 1, memory_order_relaxed) + 1;	+	cjump	O1-ftrapv|O2-ftrapv|O3-ftrapv|Ofast-ftrapv|Os-ftrapv|Oz-ftrapv
OSSL_DECODER_up_ref	crypto/encode_decode/decoder_meth.c	41	77	    *ret = atomic_fetch_add_explicit(&refcnt->val, 1, memory_order_relaxed) + 1;	+	cjump	O1-ftrapv|O2-ftrapv|O3-ftrapv|Ofast-ftrapv|Os-ftrapv|Oz-ftrapv
DSO_free	crypto/dso/dso_lib.c	64	77	    *ret = atomic_fetch_sub_explicit(&refcnt->val, 1, memory_order_release) - 1;	-	cjump	O1-ftrapv|O2-ftrapv|O3-ftrapv|Ofast-ftrapv|Os-ftrapv|Oz-ftrapv
ossl_provider_doall_activated	crypto/provider_core.c	64	77	    *ret = atomic_fetch_sub_explicit(&refcnt->val, 1, memory_order_release) - 1;	-	cjump	O1-ftrapv|O2-ftrapv|O3-ftrapv|Ofast-ftrapv|Os-ftrapv|Oz-ftrapv
EVP_CipherInit_SKEY	crypto/evp/evp_enc.c	64	77	    *ret = atomic_fetch_sub_explicit(&refcnt->val, 1, memory_order_release) - 1;	-	cjump	O1-ftrapv|O2-ftrapv|O3-ftrapv|Ofast-ftrapv
SSL_get1_session	ssl/ssl_sess.c	41	77	    *ret = atomic_fetch_add_explicit(&refcnt->val, 1, memory_order_relaxed) + 1;	+	cjump	O1-ftrapv|O2-ftrapv|O3-ftrapv|Ofast-ftrapv|Os-ftrapv|Oz-ftrapv
SSL_up_ref	ssl/ssl_lib.c	41	77	    *ret = atomic_fetch_add_explicit(&refcnt->val, 1, memory_order_relaxed) + 1;	+	cjump	O1-ftrapv|O2-ftrapv|O3-ftrapv|Ofast-ftrapv|Os-ftrapv|Oz-ftrapv
evp_rand_up_ref	crypto/evp/evp_rand.c	41	77	    *ret = atomic_fetch_add_explicit(&refcnt->val, 1, memory_order_relaxed) + 1;	+	cjump	O1-ftrapv|O2-ftrapv|O3-ftrapv|Ofast-ftrapv|Os-ftrapv|Oz-ftrapv
EVP_RAND_up_ref	crypto/evp/evp_rand.c	41	77	    *ret = atomic_fetch_add_explicit(&refcnt->val, 1, memory_order_relaxed) + 1;	+	cjump	O1-ftrapv|O2-ftrapv|O3-ftrapv|Ofast-ftrapv|Os-ftrapv|Oz-ftrapv
evp_keyexch_free	crypto/evp/exchange.c	64	77	    *ret = atomic_fetch_sub_explicit(&refcnt->val, 1, memory_order_release) - 1;	-	cjump	O1-ftrapv|O2-ftrapv|O3-ftrapv|Ofast-ftrapv
EVP_PKEY_free	crypto/evp/p_lib.c	64	77	    *ret = atomic_fetch_sub_explicit(&refcnt->val, 1, memory_order_release) - 1;	-	cjump	O1-ftrapv|O2-ftrapv|O3-ftrapv|Ofast-ftrapv|Os-ftrapv|Oz-ftrapv
evp_mac_up_ref	crypto/evp/mac_meth.c	41	77	    *ret = atomic_fetch_add_explicit(&refcnt->val, 1, memory_order_relaxed) + 1;	+	cjump	O1-ftrapv|O2-ftrapv|O3-ftrapv|Ofast-ftrapv|Os-ftrapv|Oz-ftrapv
ossl_core_bio_new_from_bio	crypto/bio/ossl_core_bio.c	64	77	    *ret = atomic_fetch_sub_explicit(&refcnt->val, 1, memory_order_release) - 1;	-	cjump	O1-ftrapv|O2-ftrapv|O3-ftrapv|Ofast-ftrapv
ossl_ec_wNAF_precompute_mult	crypto/ec/ec_mult.c	64	77	    *ret = atomic_fetch_sub_explicit(&refcnt->val, 1, memory_order_release) - 1;	-	cjump	O1-ftrapv|O2-ftrapv|O3-ftrapv|Ofast-ftrapv
evp_rand_from_algorithm	crypto/evp/evp_rand.c	64	77	    *ret = atomic_fetch_sub_explicit(&refcnt->val, 1, memory_order_release) - 1;	-	cjump	O1-ftrapv|O2-ftrapv|O3-ftrapv|Ofast-ftrapv
ENGINE_add	crypto/engine/eng_list.c	41	77	    *ret = atomic_fetch_add_explicit(&refcnt->val, 1, memory_order_relaxed) + 1;	+	cjump	O1-ftrapv|O2-ftrapv|O3-ftrapv|Ofast-ftrapv|Os-ftrapv|Oz-ftrapv
evp_md_up_ref	crypto/evp/digest.c	41	77	    *ret = atomic_fetch_add_explicit(&refcnt->val, 1, memory_order_relaxed) + 1;	+	cjump	O1-ftrapv|O2-ftrapv|O3-ftrapv|Ofast-ftrapv|Os-ftrapv|Oz-ftrapv
ENGINE_add	crypto/engine/eng_list.c	64	77	    *ret = atomic_fetch_sub_explicit(&refcnt->val, 1, memory_order_release) - 1;	-	cjump	O1-ftrapv|O2-ftrapv|O3-ftrapv|Ofast-ftrapv|Os-ftrapv|Oz-ftrapv
free_loader	crypto/store/store_meth.c	64	77	    *ret = atomic_fetch_sub_explicit(&refcnt->val, 1, memory_order_release) - 1;	-	cjump	O1-ftrapv|O2-ftrapv|O3-ftrapv|Ofast-ftrapv
EVP_SKEY_generate	crypto/evp/s_lib.c	64	77	    *ret = atomic_fetch_sub_explicit(&refcnt->val, 1, memory_order_release) - 1;	-	cjump	O1-ftrapv|O2-ftrapv|O3-ftrapv|Ofast-ftrapv
lookup_sess_in_cache	ssl/ssl_sess.c	41	77	    *ret = atomic_fetch_add_explicit(&refcnt->val, 1, memory_order_relaxed) + 1;	+	cjump	O1-ftrapv|O2-ftrapv|O3-ftrapv|Ofast-ftrapv|Os-ftrapv|Oz-ftrapv
qc_wait_for_default_xso_for_read	ssl/quic/quic_impl.c	64	77	    *ret = atomic_fetch_sub_explicit(&refcnt->val, 1, memory_order_release) - 1;	-	cjump	O1-ftrapv|O2-ftrapv|O3-ftrapv|Ofast-ftrapv
ENGINE_get_first	crypto/engine/eng_list.c	41	77	    *ret = atomic_fetch_add_explicit(&refcnt->val, 1, memory_order_relaxed) + 1;	+	cjump	O1-ftrapv|O2-ftrapv|O3-ftrapv|Ofast-ftrapv|Os-ftrapv|Oz-ftrapv
ENGINE_pkey_asn1_find_str	crypto/engine/tb_asnmth.c	41	77	    *ret = atomic_fetch_add_explicit(&refcnt->val, 1, memory_order_relaxed) + 1;	+	cjump	O1-ftrapv|O2-ftrapv|O3-ftrapv|Ofast-ftrapv|Os-ftrapv|Oz-ftrapv
ENGINE_get_next	crypto/engine/eng_list.c	41	77	    *ret = atomic_fetch_add_explicit(&refcnt->val, 1, memory_order_relaxed) + 1;	+	cjump	O1-ftrapv|O2-ftrapv|O3-ftrapv|Ofast-ftrapv|Os-ftrapv|Oz-ftrapv
ssl_cert_free	ssl/ssl_cert.c	64	77	    *ret = atomic_fetch_sub_explicit(&refcnt->val, 1, memory_order_release) - 1;	-	cjump	O1-ftrapv|O2-ftrapv|O3-ftrapv|Ofast-ftrapv|Os-ftrapv|Oz-ftrapv
ossl_provider_doall_activated	crypto/provider_core.c	41	77	    *ret = atomic_fetch_add_explicit(&refcnt->val, 1, memory_order_relaxed) + 1;	+	cjump	O1-ftrapv|O2-ftrapv|O3-ftrapv|Ofast-ftrapv|Os-ftrapv|Oz-ftrapv
ossl_quic_free_token_store	ssl/quic/quic_impl.c	64	77	    *ret = atomic_fetch_sub_explicit(&refcnt->val, 1, memory_order_release) - 1;	-	cjump	O1-ftrapv|O2-ftrapv|O3-ftrapv|Ofast-ftrapv|Os-ftrapv|Oz-ftrapv
OSSL_STORE_LOADER_up_ref	crypto/store/store_meth.c	41	77	    *ret = atomic_fetch_add_explicit(&refcnt->val, 1, memory_order_relaxed) + 1;	+	cjump	O1-ftrapv|O2-ftrapv|O3-ftrapv|Ofast-ftrapv|Os-ftrapv|Oz-ftrapv
EVP_RAND_free	crypto/evp/evp_rand.c	64	77	    *ret = atomic_fetch_sub_explicit(&refcnt->val, 1, memory_order_release) - 1;	-	cjump	O1-ftrapv|O2-ftrapv|O3-ftrapv|Ofast-ftrapv
qc_try_create_default_xso_for_write	ssl/quic/quic_impl.c	64	77	    *ret = atomic_fetch_sub_explicit(&refcnt->val, 1, memory_order_release) - 1;	-	cjump	O1-ftrapv|O2-ftrapv|O3-ftrapv|Ofast-ftrapv
EVP_KEYMGMT_free	crypto/evp/keymgmt_meth.c	64	77	    *ret = atomic_fetch_sub_explicit(&refcnt->val, 1, memory_order_release) - 1;	-	cjump	O1-ftrapv|O2-ftrapv|O3-ftrapv|Ofast-ftrapv|Os-ftrapv|Oz-ftrapv
SSL_set_session	ssl/ssl_sess.c	41	77	    *ret = atomic_fetch_add_explicit(&refcnt->val, 1, memory_order_relaxed) + 1;	+	cjump	O1-ftrapv|O2-ftrapv|O3-ftrapv|Ofast-ftrapv|Os-ftrapv|Oz-ftrapv
OSSL_STORE_LOADER_free	crypto/store/store_meth.c	64	77	    *ret = atomic_fetch_sub_explicit(&refcnt->val, 1, memory_order_release) - 1;	-	cjump	O1-ftrapv|O2-ftrapv|O3-ftrapv|Ofast-ftrapv|Os-ftrapv|Oz-ftrapv
ossl_ecx_key_up_ref	crypto/ec/ecx_key.c	41	77	    *ret = atomic_fetch_add_explicit(&refcnt->val, 1, memory_order_relaxed) + 1;	+	cjump	O1-ftrapv|O2-ftrapv|O3-ftrapv|Ofast-ftrapv|Os-ftrapv|Oz-ftrapv
OSSL_ENCODER_up_ref	crypto/encode_decode/encoder_meth.c	41	77	    *ret = atomic_fetch_add_explicit(&refcnt->val, 1, memory_order_relaxed) + 1;	+	cjump	O1-ftrapv|O2-ftrapv|O3-ftrapv|Ofast-ftrapv|Os-ftrapv|Oz-ftrapv
openssl_ciphers	crypto/engine/eng_openssl.c	290	28	            cipher_nids[pos++] = EVP_CIPHER_get_nid(cipher);	+	cjump	O1-ftrapv|O2-ftrapv|O3-ftrapv|Ofast-ftrapv|Os-ftrapv|Oz-ftrapv
evp_md_init_internal	crypto/evp/digest.c	41	77	    *ret = atomic_fetch_add_explicit(&refcnt->val, 1, memory_order_relaxed) + 1;	+	cjump	O1-ftrapv|O2-ftrapv|O3-ftrapv|Ofast-ftrapv|Os-ftrapv|Oz-ftrapv
ossl_mac_key_up_ref	providers/implementations/keymgmt/mac_legacy_kmgmt.c	41	77	    *ret = atomic_fetch_add_explicit(&refcnt->val, 1, memory_order_relaxed) + 1;	+	cjump	O1-ftrapv|O2-ftrapv|O3-ftrapv|Ofast-ftrapv|Os-ftrapv|Oz-ftrapv
evp_md_from_algorithm	crypto/evp/digest.c	64	77	    *ret = atomic_fetch_sub_explicit(&refcnt->val, 1, memory_order_release) - 1;	-	cjump	O1-ftrapv|O2-ftrapv|O3-ftrapv|Ofast-ftrapv
ossl_ssl_connection_new_int	ssl/ssl_lib.c	64	77	    *ret = atomic_fetch_sub_explicit(&refcnt->val, 1, memory_order_release) - 1;	-	cjump	O1-ftrapv|O2-ftrapv|O3-ftrapv|Ofast-ftrapv
EVP_KDF_up_ref	crypto/evp/kdf_meth.c	41	77	    *ret = atomic_fetch_add_explicit(&refcnt->val, 1, memory_order_relaxed) + 1;	+	cjump	O1-ftrapv|O2-ftrapv|O3-ftrapv|Ofast-ftrapv|Os-ftrapv|Oz-ftrapv
ossl_quic_new_token_store	ssl/quic/quic_impl.c	64	77	    *ret = atomic_fetch_sub_explicit(&refcnt->val, 1, memory_order_release) - 1;	-	cjump	O1-ftrapv|O2-ftrapv|O3-ftrapv|Ofast-ftrapv
engine_free_util	crypto/engine/eng_lib.c	64	77	    *ret = atomic_fetch_sub_explicit(&refcnt->val, 1, memory_order_release) - 1;	-	cjump	O1-ftrapv|O2-ftrapv|O3-ftrapv|Ofast-ftrapv|Os-ftrapv|Oz-ftrapv
openssl_ciphers	crypto/engine/eng_openssl.c	288	28	            cipher_nids[pos++] = EVP_CIPHER_get_nid(cipher);	+	cjump	O1-ftrapv|O2-ftrapv|O3-ftrapv|Ofast-ftrapv|Os-ftrapv|Oz-ftrapv
BIO_up_ref	crypto/bio/bio_lib.c	41	77	    *ret = atomic_fetch_add_explicit(&refcnt->val, 1, memory_order_relaxed) + 1;	+	cjump	O1-ftrapv|O2-ftrapv|O3-ftrapv|Ofast-ftrapv|Os-ftrapv|Oz-ftrapv
EVP_SKEY_to_provider	crypto/evp/s_lib.c	41	77	    *ret = atomic_fetch_add_explicit(&refcnt->val, 1, memory_order_relaxed) + 1;	+	cjump	O1-ftrapv|O2-ftrapv|O3-ftrapv|Ofast-ftrapv|Os-ftrapv|Oz-ftrapv
EVP_RAND_CTX_up_ref	crypto/evp/evp_rand.c	41	77	    *ret = atomic_fetch_add_explicit(&refcnt->val, 1, memory_order_relaxed) + 1;	+	cjump	O1-ftrapv|O2-ftrapv|O3-ftrapv|Ofast-ftrapv|Os-ftrapv|Oz-ftrapv
ossl_mac_key_free	providers/implementations/keymgmt/mac_legacy_kmgmt.c	64	77	    *ret = atomic_fetch_sub_explicit(&refcnt->val, 1, memory_order_release) - 1;	-	cjump	O1-ftrapv|O2-ftrapv|O3-ftrapv|Ofast-ftrapv|Os-ftrapv|Oz-ftrapv
evp_signature_from_algorithm	crypto/evp/signature.c	64	77	    *ret = atomic_fetch_sub_explicit(&refcnt->val, 1, memory_order_release) - 1;	-	cjump	O1-ftrapv|O2-ftrapv|O3-ftrapv|Ofast-ftrapv
SSL_SESSION_up_ref	ssl/ssl_sess.c	41	77	    *ret = atomic_fetch_add_explicit(&refcnt->val, 1, memory_order_relaxed) + 1;	+	cjump	O1-ftrapv|O2-ftrapv|O3-ftrapv|Ofast-ftrapv|Os-ftrapv|Oz-ftrapv
skeymgmt_from_algorithm	crypto/evp/skeymgmt_meth.c	64	77	    *ret = atomic_fetch_sub_explicit(&refcnt->val, 1, memory_order_release) - 1;	-	cjump	O1-ftrapv|O2-ftrapv|O3-ftrapv|Ofast-ftrapv
ossl_quic_attach_stream	ssl/quic/quic_impl.c	64	77	    *ret = atomic_fetch_sub_explicit(&refcnt->val, 1, memory_order_release) - 1;	-	cjump	O1-ftrapv|O2-ftrapv|O3-ftrapv|Ofast-ftrapv
evp_rand_free	crypto/evp/evp_rand.c	64	77	    *ret = atomic_fetch_sub_explicit(&refcnt->val, 1, memory_order_release) - 1;	-	cjump	O1-ftrapv|O2-ftrapv|O3-ftrapv|Ofast-ftrapv|Os-ftrapv|Oz-ftrapv
EVP_KDF_free	crypto/evp/kdf_meth.c	64	77	    *ret = atomic_fetch_sub_explicit(&refcnt->val, 1, memory_order_release) - 1;	-	cjump	O1-ftrapv|O2-ftrapv|O3-ftrapv|Ofast-ftrapv
EVP_SKEYMGMT_free	crypto/evp/skeymgmt_meth.c	64	77	    *ret = atomic_fetch_sub_explicit(&refcnt->val, 1, memory_order_release) - 1;	-	cjump	O1-ftrapv|O2-ftrapv|O3-ftrapv|Ofast-ftrapv|Os-ftrapv|Oz-ftrapv
ossl_quic_set_peer_token	ssl/quic/quic_impl.c	64	77	    *ret = atomic_fetch_sub_explicit(&refcnt->val, 1, memory_order_release) - 1;	-	cjump	O1-ftrapv|O2-ftrapv|O3-ftrapv|Ofast-ftrapv
ENGINE_get_last	crypto/engine/eng_list.c	41	77	    *ret = atomic_fetch_add_explicit(&refcnt->val, 1, memory_order_relaxed) + 1;	+	cjump	O1-ftrapv|O2-ftrapv|O3-ftrapv|Ofast-ftrapv|Os-ftrapv|Oz-ftrapv
EVP_SKEY_import	crypto/evp/s_lib.c	64	77	    *ret = atomic_fetch_sub_explicit(&refcnt->val, 1, memory_order_release) - 1;	-	cjump	O1-ftrapv|O2-ftrapv|O3-ftrapv|Ofast-ftrapv
ossl_core_bio_free	crypto/bio/ossl_core_bio.c	64	77	    *ret = atomic_fetch_sub_explicit(&refcnt->val, 1, memory_order_release) - 1;	-	cjump	O1-ftrapv|O2-ftrapv|O3-ftrapv|Ofast-ftrapv|Os-ftrapv|Oz-ftrapv
EVP_SKEY_free	crypto/evp/s_lib.c	64	77	    *ret = atomic_fetch_sub_explicit(&refcnt->val, 1, memory_order_release) - 1;	-	cjump	O1-ftrapv|O2-ftrapv|O3-ftrapv|Ofast-ftrapv|Os-ftrapv|Oz-ftrapv
ossl_asn1_do_lock	crypto/asn1/tasn_utl.c	64	77	    *ret = atomic_fetch_sub_explicit(&refcnt->val, 1, memory_order_release) - 1;	-	cjump	O1-ftrapv|O2-ftrapv|O3-ftrapv|Ofast-ftrapv|Os-ftrapv|Oz-ftrapv
evp_mac_free	crypto/evp/mac_meth.c	64	77	    *ret = atomic_fetch_sub_explicit(&refcnt->val, 1, memory_order_release) - 1;	-	cjump	O1-ftrapv|O2-ftrapv|O3-ftrapv|Ofast-ftrapv|Os-ftrapv|Oz-ftrapv
SSL_CTX_free	ssl/ssl_lib.c	64	77	    *ret = atomic_fetch_sub_explicit(&refcnt->val, 1, memory_order_release) - 1;	-	cjump	O1-ftrapv|O2-ftrapv|O3-ftrapv|Ofast-ftrapv|Os-ftrapv|Oz-ftrapv
EC_ec_pre_comp_dup	crypto/ec/ec_mult.c	41	77	    *ret = atomic_fetch_add_explicit(&refcnt->val, 1, memory_order_relaxed) + 1;	+	cjump	O1-ftrapv|O2-ftrapv|O3-ftrapv|Ofast-ftrapv|Os-ftrapv|Oz-ftrapv
ossl_ssl_init	ssl/ssl_lib.c	41	77	    *ret = atomic_fetch_add_explicit(&refcnt->val, 1, memory_order_relaxed) + 1;	+	cjump	O1-ftrapv|O2-ftrapv|O3-ftrapv|Ofast-ftrapv|Os-ftrapv|Oz-ftrapv
EC_KEY_up_ref	crypto/ec/ec_key.c	41	77	    *ret = atomic_fetch_add_explicit(&refcnt->val, 1, memory_order_relaxed) + 1;	+	cjump	O1-ftrapv|O2-ftrapv|O3-ftrapv|Ofast-ftrapv|Os-ftrapv|Oz-ftrapv
ossl_provider_free	crypto/provider_core.c	64	77	    *ret = atomic_fetch_sub_explicit(&refcnt->val, 1, memory_order_release) - 1;	-	cjump	O1-ftrapv|O2-ftrapv|O3-ftrapv|Ofast-ftrapv|Os-ftrapv|Oz-ftrapv
SSL_dup	ssl/ssl_lib.c	41	77	    *ret = atomic_fetch_add_explicit(&refcnt->val, 1, memory_order_relaxed) + 1;	+	cjump	O1-ftrapv|O2-ftrapv|O3-ftrapv|Ofast-ftrapv|Os-ftrapv|Oz-ftrapv
EVP_ASYM_CIPHER_up_ref	crypto/evp/asymcipher.c	41	77	    *ret = atomic_fetch_add_explicit(&refcnt->val, 1, memory_order_relaxed) + 1;	+	cjump	O1-ftrapv|O2-ftrapv|O3-ftrapv|Ofast-ftrapv|Os-ftrapv|Oz-ftrapv
evp_keymgmt_free	crypto/evp/keymgmt_meth.c	64	77	    *ret = atomic_fetch_sub_explicit(&refcnt->val, 1, memory_order_release) - 1;	-	cjump	O1-ftrapv|O2-ftrapv|O3-ftrapv|Ofast-ftrapv
kmac_init	providers/implementations/macs/kmac_prov.c	612	21	        *out_len = (sz + w - 1) / w * w;	s	cjump	O1-fno-delete-null-pointer-checks
CRYPTO_secure_clear_free	crypto/mem_sec.c	365	45	    bit = (ONE << list) + ((ptr - sh.arena) / (sh.arena_size >> list));	/	mdiv	O1--inline-instr-cost=0|O2--inline-instr-cost=0
CRYPTO_secure_actual_size	crypto/mem_sec.c	365	45	    bit = (ONE << list) + ((ptr - sh.arena) / (sh.arena_size >> list));	/	mdiv	O1--inline-instr-cost=0|O2--inline-instr-cost=0
CRYPTO_secure_free	crypto/mem_sec.c	365	45	    bit = (ONE << list) + ((ptr - sh.arena) / (sh.arena_size >> list));	/	mdiv	O1--inline-instr-cost=0|O2--inline-instr-cost=0
CRYPTO_cbc128_decrypt	crypto/modes/cbc128.c	157	9	        (*block) (in, tmp.c, key);	(	cjump	O2--sroa-skip-mem2reg|O3--sroa-skip-mem2reg|Ofast--sroa-skip-mem2reg|Os--sroa-skip-mem2reg
BN_nist_mod_521	crypto/bn/bn_nist.c	281	18	        dst[i] = src[i];	s	cjump	O2--disable-cgp|O2--disable-complex-addr-modes|O2-fmemory-profile|O2-fwrapv|O3--disable-cgp|O3--disable-complex-addr-modes|O3-fmemory-profile|O3-fwrapv|Ofast--disable-cgp|Ofast--disable-complex-addr-modes|Ofast-fmemory-profile|Ofast-fwrapv
BN_nist_mod_384	crypto/bn/bn_nist.c	281	18	        dst[i] = src[i];	s	cjump	O2--disable-cgp|O2--disable-complex-addr-modes|O2-fmemory-profile|O2-fwrapv|O3--disable-cgp|O3--disable-complex-addr-modes|O3-fmemory-profile|O3-fwrapv|Ofast--disable-cgp|Ofast--disable-complex-addr-modes|Ofast-fmemory-profile|Ofast-fwrapv
BN_nist_mod_224	crypto/bn/bn_nist.c	281	18	        dst[i] = src[i];	s	cjump	O2--disable-cgp|O2--disable-complex-addr-modes|O2-fmemory-profile|O2-fwrapv|O3--disable-cgp|O3--disable-complex-addr-modes|O3-fmemory-profile|O3-fwrapv|Ofast--disable-cgp|Ofast--disable-complex-addr-modes|Ofast-fmemory-profile|Ofast-fwrapv
BN_nist_mod_256	crypto/bn/bn_nist.c	281	18	        dst[i] = src[i];	s	cjump	O2--disable-cgp|O2--disable-complex-addr-modes|O2-fmemory-profile|O2-fwrapv|O3--disable-cgp|O3--disable-complex-addr-modes|O3-fmemory-profile|O3-fwrapv|Ofast--disable-cgp|Ofast--disable-complex-addr-modes|Ofast-fmemory-profile|Ofast-fwrapv
BN_nist_mod_192	crypto/bn/bn_nist.c	281	18	        dst[i] = src[i];	s	cjump	O2--disable-cgp|O2--disable-complex-addr-modes|O2-fmemory-profile|O2-fwrapv|O3--disable-cgp|O3--disable-complex-addr-modes|O3-fmemory-profile|O3-fwrapv|Ofast--disable-cgp|Ofast--disable-complex-addr-modes|Ofast-fmemory-profile|Ofast-fwrapv
bn_compute_wNAF	crypto/bn/bn_intern.c	114	23	        r[j++] = sign * digit;	*	cjump	O2--disable-branch-fold|O2--disable-machine-sink|O2--enable-nontrivial-unswitch|O2--jump-threading-phi-threshold=0|Os--disable-branch-fold|Os--disable-machine-sink|Os--jump-threading-phi-threshold=0|Oz--disable-branch-fold|Oz--disable-machine-sink|Oz--jump-threading-phi-threshold=0
aes_wrap_cipher	providers/implementations/ciphers/cipher_aes_wrp.c	201	20	            return inlen + 8;	i	cjump	O2--jump-threading-phi-threshold=0|O2--jump-threading-threshold=0|O3--jump-threading-phi-threshold=0|O3--jump-threading-threshold=0|Ofast--jump-threading-phi-threshold=0|Ofast--jump-threading-threshold=0|Os--jump-threading-phi-threshold=0|Os--jump-threading-threshold=0|Oz--jump-threading-phi-threshold=0|Oz--jump-threading-threshold=0
aes_wrap_cipher_internal	providers/implementations/ciphers/cipher_aes_wrp.c	201	20	            return inlen + 8;	i	cjump	O2--cold-callsite-rel-freq=-1|O2--cold-callsite-rel-freq=100|O2--cold-callsite-rel-freq=50|O2--inline-call-penalty=-1|O2--inline-instr-cost=-1|O2-finline-hint-functions|O2-finstrument-functions|O2-fno-inline|O2-fno-inline-functions|O3--cold-callsite-rel-freq=-1|O3--cold-callsite-rel-freq=100|O3--cold-callsite-rel-freq=50|O3--inline-call-penalty=-1|O3--inline-instr-cost=-1|O3-finline-hint-functions|O3-finstrument-functions|O3-fno-inline|O3-fno-inline-functions|Ofast--cold-callsite-rel-freq=-1|Ofast--cold-callsite-rel-freq=100|Ofast--cold-callsite-rel-freq=50|Ofast--inline-call-penalty=-1|Ofast--inline-instr-cost=-1|Ofast-finline-hint-functions|Ofast-finstrument-functions|Ofast-fno-inline|Ofast-fno-inline-functions|Os--cold-callsite-rel-freq=-1|Os--cold-callsite-rel-freq=100|Os--cold-callsite-rel-freq=50|Os--inline-call-penalty=-1|Os--inline-instr-cost=-1|Os-finline-hint-functions|Os-finstrument-functions|Os-fno-inline|Os-fno-inline-functions|Oz--inline-call-penalty=-1|Oz--inline-instr-cost=-1|Oz-finline-hint-functions|Oz-finstrument-functions|Oz-fno-inline|Oz-fno-inline-functions
X509v3_addr_is_canonical	crypto/x509/v3_addr.c	700	40	    int cmp = memcmp(a->data, b->data, len);	l	cjump	O2-fprofile-arcs|O3-fprofile-arcs|Ofast-fprofile-arcs
IPAddressFamily_cmp	crypto/x509/v3_addr.c	700	40	    int cmp = memcmp(a->data, b->data, len);	l	cjump	O2-fprofile-arcs|O3-fprofile-arcs|Ofast-fprofile-arcs|Os-fprofile-arcs|Oz-fprofile-arcs
poly_decode_signed_two_to_power_19	crypto/ml_dsa/ml_dsa_encoders.c	373	41	    return (value_barrier_32(mask) & a) | (value_barrier_32(~mask) & b);	|	cjump	O2--attributor-enable=cgscc|O3--attributor-enable=cgscc|Ofast--attributor-enable=cgscc|Os--attributor-enable=all|Os--attributor-enable=cgscc|Os--attributor-enable=module|Oz--attributor-enable=all|Oz--attributor-enable=module
evp_keyexch_from_algorithm	crypto/evp/exchange.c	64	77	    *ret = atomic_fetch_sub_explicit(&refcnt->val, 1, memory_order_release) - 1;	-	cjump	O2-ftrapv|O3-ftrapv|Ofast-ftrapv
evp_kem_from_algorithm	crypto/evp/kem.c	64	77	    *ret = atomic_fetch_sub_explicit(&refcnt->val, 1, memory_order_release) - 1;	-	cjump	O2-ftrapv|O3-ftrapv|Ofast-ftrapv
DES_check_key_parity	crypto/des/set_key.c	83	22	    return (int)(res & 1);	&	cjump	O2-fglobal-isel|O3-fglobal-isel|Ofast-fglobal-isel
dgram_sendmmsg	crypto/bio/bss_dgram.c	1271	15	        info->ipi6_ifindex  = 0;	i	cjump	O2-fprofile-generate|O3-fprofile-arcs|O3-fprofile-generate|Ofast-fprofile-arcs|Ofast-fprofile-generate
dgram_sendmmsg	crypto/bio/bss_dgram.c	1267	15	        cmsg->cmsg_type  = IPV6_PKTINFO;	c	cjump	O2-fprofile-generate|O3-fprofile-arcs|O3-fprofile-generate|Ofast-fprofile-arcs|Ofast-fprofile-generate
dgram_sendmmsg	crypto/bio/bss_dgram.c	1266	15	        cmsg->cmsg_level = IPPROTO_IPV6;	c	cjump	O2-fprofile-generate|O3-fprofile-arcs|O3-fprofile-generate|Ofast-fprofile-arcs|Ofast-fprofile-generate
dgram_sendmmsg	crypto/bio/bss_dgram.c	1191	15	        cmsg->cmsg_level = IPPROTO_IP;	c	cjump	O2-fprofile-generate|O3-fprofile-arcs|O3-fprofile-generate|Ofast-fprofile-arcs|Ofast-fprofile-generate
dgram_sendmmsg	crypto/bio/bss_dgram.c	1198	15	        info->ipi_addr.s_addr   = 0;	i	cjump	O2-fprofile-generate|O3-fprofile-arcs|O3-fprofile-generate|Ofast-fprofile-arcs|Ofast-fprofile-generate
dgram_sendmmsg	crypto/bio/bss_dgram.c	1192	15	        cmsg->cmsg_type  = IP_PKTINFO;	c	cjump	O2-fprofile-generate|O3-fprofile-arcs|O3-fprofile-generate|Ofast-fprofile-arcs|Ofast-fprofile-generate
_ZL24ssl_cipher_list_to_bytesP17ssl_connection_stP19stack_st_SSL_CIPHERP10wpacket_st.__uniq.112902882655447609167197993620518747938	ssl/statem/statem_clnt.c	4172	13	            !maxverok	!	cjump	O2-fpseudo-probe-for-profiling|O3-fpseudo-probe-for-profiling|Ofast-fpseudo-probe-for-profiling|Os-fpseudo-probe-for-profiling
ossl_sa_doall_arg	crypto/sparse_array.c	93	21	                    (*leaf)(idx, p[n], arg);	(	cjump	O3--attributor-enable=all|O3--attributor-enable=module|Ofast--attributor-enable=all|Ofast--attributor-enable=module
ASN1_TIME_normalize	crypto/asn1/a_time.c	308	49	                                    ts->tm_year % 100, ts->tm_mon + 1,	%	cjump	O3--expand-div-rem-bits=0|Ofast--expand-div-rem-bits=0
sh_free	crypto/mem_sec.c	365	45	    bit = (ONE << list) + ((ptr - sh.arena) / (sh.arena_size >> list));	/	cjump	O3--expand-div-rem-bits=0|O3--expand-div-rem-bits=50|Ofast--expand-div-rem-bits=0|Ofast--expand-div-rem-bits=50
sh_actual_size	crypto/mem_sec.c	365	45	    bit = (ONE << list) + ((ptr - sh.arena) / (sh.arena_size >> list));	/	cjump	O3--expand-div-rem-bits=0|O3--expand-div-rem-bits=50|Ofast--expand-div-rem-bits=0|Ofast--expand-div-rem-bits=50
CRYPTO_secure_malloc	crypto/mem_sec.c	365	45	    bit = (ONE << list) + ((ptr - sh.arena) / (sh.arena_size >> list));	/	cjump	O3--expand-div-rem-bits=0|O3--expand-div-rem-bits=50|Ofast--expand-div-rem-bits=0|Ofast--expand-div-rem-bits=50
BN_generate_prime_ex2	crypto/bn/bn_prime.c	522	38	                 : (mods[i] + delta) % primes[i] == 0) {	%	cjump	O3--expand-div-rem-bits=0|O3--expand-div-rem-bits=50|Ofast--expand-div-rem-bits=0|Ofast--expand-div-rem-bits=50
BN_generate_prime_ex2	crypto/bn/bn_prime.c	602	38	                 : (mods[i] + delta) % primes[i] == 0) {	%	cjump	O3--expand-div-rem-bits=0|O3--expand-div-rem-bits=50|Ofast--expand-div-rem-bits=0|Ofast--expand-div-rem-bits=50
ossl_ifc_ffc_compute_security_bits	crypto/rsa/rsa_lib.c	263	15	        b = 3 * r * (r + 1) + 1;	*	cjump	O3-fglobal-isel|Ofast-fglobal-isel
EVP_PKEY_copy_parameters	crypto/evp/p_lib.c	64	77	    *ret = atomic_fetch_sub_explicit(&refcnt->val, 1, memory_order_release) - 1;	-	cjump	O3-ftrapv|Ofast-ftrapv
evp_pkey_copy_downgraded	crypto/evp/p_lib.c	64	77	    *ret = atomic_fetch_sub_explicit(&refcnt->val, 1, memory_order_release) - 1;	-	cjump	O3-ftrapv|Ofast-ftrapv
new_raw_key_int	crypto/evp/p_lib.c	64	77	    *ret = atomic_fetch_sub_explicit(&refcnt->val, 1, memory_order_release) - 1;	-	cjump	O3-ftrapv|Ofast-ftrapv
evp_pkey_get_legacy	crypto/evp/p_lib.c	64	77	    *ret = atomic_fetch_sub_explicit(&refcnt->val, 1, memory_order_release) - 1;	-	cjump	O3-ftrapv|Ofast-ftrapv
ENGINE_free	crypto/engine/eng_lib.c	64	77	    *ret = atomic_fetch_sub_explicit(&refcnt->val, 1, memory_order_release) - 1;	-	cjump	O3-ftrapv|Ofast-ftrapv
ctr_update	providers/implementations/rands/drbg_ctr.c	153	58	    return ctr_BCC_block(ctr, ctr->KX, bltmp, num_of_blk * AES_BLOCK_SIZE);	*	cjump	Os--inline-instr-cost=0
bytepad	providers/implementations/macs/kmac_prov.c	612	37	        *out_len = (sz + w - 1) / w * w;	*	cjump	Os--expand-div-rem-bits=0|Os--expand-div-rem-bits=50|Oz--expand-div-rem-bits=0|Oz--expand-div-rem-bits=50
bytepad	providers/implementations/macs/kmac_prov.c	632	28	    sz = (len + w - 1) / w * w;	*	cjump	Os--expand-div-rem-bits=0|Os--expand-div-rem-bits=50|Oz--expand-div-rem-bits=0|Oz--expand-div-rem-bits=50
_ZL13internal_findP8stack_stPKviPi.__uniq.26509064418832375349948923391114101083	crypto/stack/stack.c	365	19	            *pnum = 0;	=	cjump	Os-fpseudo-probe-for-profiling|Oz-fpseudo-probe-for-profiling
qc_set_default_xso_keep_ref	ssl/quic/quic_impl.c	64	77	    *ret = atomic_fetch_sub_explicit(&refcnt->val, 1, memory_order_release) - 1;	-	cjump	Os-ftrapv|Oz-ftrapv
julian_adj	crypto/o_time.c	181	41	    return (1461 * (y + 4800 + (m - 14) / 12)) / 4 +	/	cjump	Os--expand-div-rem-bits=0|Oz--expand-div-rem-bits=0
julian_adj	crypto/o_time.c	182	48	        (367 * (m - 2 - 12 * ((m - 14) / 12))) / 12 -	/	cjump	Os--expand-div-rem-bits=0|Oz--expand-div-rem-bits=0
julian_adj	crypto/o_time.c	183	42	        (3 * ((y + 4900 + (m - 14) / 12) / 100)) / 4 + d - 32075;	/	cjump	Os--expand-div-rem-bits=0|Oz--expand-div-rem-bits=0
speed_main	apps/speed.c	4584	49	                   1.0 / sm2_results[k][0], 1.0 / sm2_results[k][1],	/	mdiv	Oz--bonus-inst-threshold=0|Oz--disable-lsr|Oz--disable-machine-sink|Oz--enable-gvn-memdep=false|Oz--enable-gvn-sink|Oz--enable-machine-outliner=never|Oz--gvn-max-num-deps=0|Oz--inline-threshold=100|Oz--jump-threading-threshold=100|Oz--jump-threading-threshold=50|Oz--lsr-complexity-limit=100|Oz--lsr-complexity-limit=50|Oz--lsr-drop-solution|Oz--memdep-block-number-limit=0|Oz--misched=ilpmax|Oz--outliner-benefit-threshold=100|Oz--outliner-benefit-threshold=50|Oz--pre-RA-sched=linearize|Oz--scalar-evolution-huge-expr-threshold=0|Oz--simplifycfg-branch-fold-common-dest-vector-multiplier=0|Oz--simplifycfg-branch-fold-threshold=0|Oz--sroa-skip-mem2reg|Oz--unroll-threshold=100|Oz--unroll-threshold=50|Oz-fpseudo-probe-for-profiling
speed_main	apps/speed.c	4584	24	                   1.0 / sm2_results[k][0], 1.0 / sm2_results[k][1],	/	mdiv	Oz--bonus-inst-threshold=0|Oz--disable-lsr|Oz--disable-machine-sink|Oz--enable-gvn-memdep=false|Oz--enable-gvn-sink|Oz--enable-machine-outliner=never|Oz--gvn-max-num-deps=0|Oz--inline-threshold=100|Oz--jump-threading-threshold=100|Oz--jump-threading-threshold=50|Oz--lsr-complexity-limit=100|Oz--lsr-complexity-limit=50|Oz--lsr-drop-solution|Oz--memdep-block-number-limit=0|Oz--misched=ilpmax|Oz--outliner-benefit-threshold=100|Oz--outliner-benefit-threshold=50|Oz--pre-RA-sched=linearize|Oz--scalar-evolution-huge-expr-threshold=0|Oz--simplifycfg-branch-fold-common-dest-vector-multiplier=0|Oz--simplifycfg-branch-fold-threshold=0|Oz--sroa-skip-mem2reg|Oz--unroll-threshold=100|Oz--unroll-threshold=50|Oz-fpseudo-probe-for-profiling
poly_decode_signed_two_to_power_17	crypto/ml_dsa/ml_dsa_encoders.c	597	5	    do {	d	mdiv	Oz--attributor-enable=all|Oz--attributor-enable=cgscc|Oz--lsr-preferred-addressing-mode=postindexed
speed_main	apps/speed.c	4562	51	                   1.0 / eddsa_results[k][0], 1.0 / eddsa_results[k][1],	/	mdiv	Oz--enable-machine-outliner=never|Oz--jump-threading-across-loop-headers|Oz--outliner-benefit-threshold=100|Oz--outliner-benefit-threshold=50|Oz--pre-RA-sched=linearize
speed_main	apps/speed.c	4522	24	                   1.0 / ecdsa_results[k][0], 1.0 / ecdsa_results[k][1],	/	mdiv	Oz--enable-machine-outliner=never|Oz--jump-threading-phi-threshold=0|Oz--outliner-benefit-threshold=100|Oz--outliner-benefit-threshold=50|Oz--pre-RA-sched=linearize
speed_main	apps/speed.c	3275	53	            rsa_results[testnum][0] = (double)count / d;	/	mdiv	Oz--enable-machine-outliner=never|Oz--outliner-benefit-threshold=100|Oz--outliner-benefit-threshold=50
speed_main	apps/speed.c	4390	54	            sigs_results[testnum][0] = (double)count / d;	/	mdiv	Oz--enable-machine-outliner=never|Oz--outliner-benefit-threshold=100|Oz--outliner-benefit-threshold=50
speed_main	apps/speed.c	4626	50	                   1.0 / kems_results[k][1], 1.0 / kems_results[k][2],	/	mdiv	Oz--enable-machine-outliner=never|Oz--outliner-benefit-threshold=100|Oz--outliner-benefit-threshold=50
speed_main	apps/speed.c	4626	24	                   1.0 / kems_results[k][1], 1.0 / kems_results[k][2],	/	mdiv	Oz--enable-machine-outliner=never|Oz--outliner-benefit-threshold=100|Oz--outliner-benefit-threshold=50
speed_main	apps/speed.c	4625	24	                   1.0 / kems_results[k][0],	/	mdiv	Oz--enable-machine-outliner=never|Oz--outliner-benefit-threshold=100|Oz--outliner-benefit-threshold=50
speed_main	apps/speed.c	4647	50	                   1.0 / sigs_results[k][0], 1.0 / sigs_results[k][1],	/	mdiv	Oz--enable-machine-outliner=never|Oz--outliner-benefit-threshold=100|Oz--outliner-benefit-threshold=50
speed_main	apps/speed.c	4221	54	            kems_results[testnum][1] = (double)count / d;	/	mdiv	Oz--enable-machine-outliner=never|Oz--outliner-benefit-threshold=100|Oz--outliner-benefit-threshold=50
speed_main	apps/speed.c	4647	24	                   1.0 / sigs_results[k][0], 1.0 / sigs_results[k][1],	/	mdiv	Oz--enable-machine-outliner=never|Oz--outliner-benefit-threshold=100|Oz--outliner-benefit-threshold=50
speed_main	apps/speed.c	4210	54	            kems_results[testnum][0] = (double)count / d;	/	mdiv	Oz--enable-machine-outliner=never|Oz--outliner-benefit-threshold=100|Oz--outliner-benefit-threshold=50
speed_main	apps/speed.c	4522	51	                   1.0 / ecdsa_results[k][0], 1.0 / ecdsa_results[k][1],	/	mdiv	Oz--enable-machine-outliner=never|Oz--jump-threading-phi-threshold=0|Oz--outliner-benefit-threshold=100|Oz--outliner-benefit-threshold=50|Oz--pre-RA-sched=linearize
speed_main	apps/speed.c	3305	53	            rsa_results[testnum][1] = (double)count / d;	/	mdiv	Oz--enable-machine-outliner=never|Oz--outliner-benefit-threshold=100|Oz--outliner-benefit-threshold=50
speed_main	apps/speed.c	4401	54	            sigs_results[testnum][1] = (double)count / d;	/	mdiv	Oz--enable-machine-outliner=never|Oz--outliner-benefit-threshold=100|Oz--outliner-benefit-threshold=50
speed_main	apps/speed.c	4562	24	                   1.0 / eddsa_results[k][0], 1.0 / eddsa_results[k][1],	/	mdiv	Oz--enable-machine-outliner=never|Oz--jump-threading-across-loop-headers|Oz--outliner-benefit-threshold=100|Oz--outliner-benefit-threshold=50|Oz--pre-RA-sched=linearize
speed_main	apps/speed.c	3335	53	            rsa_results[testnum][2] = (double)count / d;	/	mdiv	Oz--enable-machine-outliner=never|Oz--outliner-benefit-threshold=100|Oz--outliner-benefit-threshold=50
speed_main	apps/speed.c	4648	24	                   1.0 / sigs_results[k][2], sigs_results[k][0],	/	mdiv	Oz--enable-machine-outliner=never|Oz--outliner-benefit-threshold=100|Oz--outliner-benefit-threshold=50
do_passwd	apps/passwd.c	675	19	    for (n = 0; n < rounds; n++) {	<	mdiv	Oz--disable-machine-sink
i2a_ASN1_INTEGER	crypto/asn1/f_int.c	35	23	        for (i = 0; i < a->length; i++) {	<	mdiv	Oz--disable-machine-sink
print_array	apps/lib/apps.c	1419	19	    for (i = 0; i < len; i++) {	<	mdiv	Oz--disable-machine-sink
print_bignum_var	apps/lib/apps.c	1403	23	        for (i = 0; i < l; i++) {	<	mdiv	Oz--disable-machine-sink
ossl_ffc_params_print	crypto/ffc/ffc_params.c	303	30	        for (i = 0; i < ffc->seedlen; i++) {	s	mdiv	Oz--disable-machine-sink
X509_signature_dump	crypto/x509/t_x509.c	271	19	    for (i = 0; i < n; i++) {	<	mdiv	Oz--disable-machine-sink
added_obj_hash	crypto/objects/obj_dat.c	133	23	        for (i = 0; i < a->length; i++)	<	mdiv	Oz--disable-machine-sink
print_bin	crypto/ec/eck_prn.c	246	19	    for (i = 0; i < len; i++) {	<	mdiv	Oz--disable-machine-sink
i2a_ASN1_STRING	crypto/asn1/f_string.c	29	23	        for (i = 0; i < a->length; i++) {	<	mdiv	Oz--disable-machine-sink
ossl_bio_print_labeled_bignum	crypto/encode_decode/encoder_lib.c	757	12	    while (*p != '\0') {	*	mdiv	Oz--disable-machine-sink
ossl_bio_print_labeled_buf	crypto/encode_decode/encoder_lib.c	788	19	    for (i = 0; i < buflen; i++) {	<	mdiv	Oz--disable-machine-sink
NETSCAPE_SPKI_print	crypto/asn1/t_spki.c	48	19	    for (i = 0; i < n; i++) {	<	mdiv	Oz--disable-machine-sink
ASN1_buf_print	crypto/asn1/t_pkey.c	25	19	    for (i = 0; i < buflen; i++) {	<	mdiv	Oz--disable-machine-sink
ossl_quic_txpim_pkt_append_chunk	ssl/quic/quic_txpim.c	166	28	        new_alloc_chunks = (ex->alloc_chunks == 0) ? 4 : ex->alloc_chunks * 8 / 5;	(	mdiv	Oz--two-entry-phi-node-folding-threshold=100|Oz--two-entry-phi-node-folding-threshold=50
ossl_ml_dsa_pk_decode	crypto/ml_dsa/ml_dsa_encoders.c	168	5	    do {	d	mdiv	Oz--lsr-preferred-addressing-mode=postindexed|Oz--scev-cheap-expansion-budget=100|Oz--scev-cheap-expansion-budget=50|Oz-fprofile-generate
parse_value	crypto/property/property_parse.c	143	37	        if (v > ((INT64_MAX - sval) / 16)) {	/	mdiv	Oz-ftrapv|Oz-fwrapv
gid_cb	ssl/t1_lib.c	1472	25	            garg->gidcnt--; /* ..and update the book keeping for the number of groups */	-	cjump	Oz-fprofile-generate
gid_cb	ssl/t1_lib.c	1503	30	                garg->ksidcnt--;	-	cjump	Oz-fprofile-generate
reduce_montgomery	crypto/ml_dsa/ml_dsa_ntt.c	373	41	    return (value_barrier_32(mask) & a) | (value_barrier_32(~mask) & b);	|	cjump	Oz--attributor-enable=all|Oz--attributor-enable=module
dtls1_bio_set_next_timeout	ssl/d1_lib.c	108	30	    tv.tv_sec = (time_t)(t.t / OSSL_TIME_SECOND);	/	cjump	Oz--expand-div-rem-bits=0|Oz--expand-div-rem-bits=50
ossl_property_list_to_string	crypto/property/property_parse.c	680	38	    for (; tmpval > 9; len++, tmpval /= 10);	/	mdiv	Oz--sroa-skip-mem2reg
gf_deserialize	crypto/ec/curve448/f_generic.c	83	38	            buffer |= ((dword_t) sj) << fill;	<	cjump	Oz-fglobal-isel
ocb_double	crypto/modes/ocb128.c	68	23	    mask = (0 - mask) & 0x87;	&	cjump	Oz-fglobal-isel
scalar_add	crypto/ml_kem/ml_kem.c	475	18	    return (mask & x) | (~mask & subtracted);	&	cjump	Oz-fglobal-isel
reduce	crypto/ml_kem/ml_kem.c	475	18	    return (mask & x) | (~mask & subtracted);	&	cjump	Oz-fglobal-isel
scalar_add	crypto/ml_kem/ml_kem.c	475	32	    return (mask & x) | (~mask & subtracted);	&	cjump	Oz-fglobal-isel
scalar_ntt	crypto/ml_kem/ml_kem.c	475	32	    return (mask & x) | (~mask & subtracted);	&	cjump	Oz-fglobal-isel
scalar_ntt	crypto/ml_kem/ml_kem.c	475	18	    return (mask & x) | (~mask & subtracted);	&	cjump	Oz-fglobal-isel
reduce	crypto/ml_kem/ml_kem.c	475	32	    return (mask & x) | (~mask & subtracted);	&	cjump	Oz-fglobal-isel
BN_usub	crypto/bn/bn_add.c	159	16	        borrow &= (t1 == 0);	&	cjump	Oz-fglobal-isel
siv128_dbl	crypto/modes/siv128.c	80	55	    int64_t low_mask = -((int64_t)(high_carry >> 63)) & 0x87;	&	cjump	Oz-fglobal-isel
evp_encodeblock_int	crypto/evp/encode.c	243	10	    for (i = dlen; i > 0; i -= 3) {	i	mdiv	Oz--scev-cheap-expansion-budget=100|Oz--scev-cheap-expansion-budget=50
ossl_ml_dsa_sk_decode	crypto/ml_dsa/ml_dsa_encoders.c	431	5	    for (i = 0; i < (ML_DSA_NUM_POLY_COEFFICIENTS / 8); i++) {	f	mdiv	Oz--jump-threading-across-loop-headers
poly_decode_signed_two_to_power_19	crypto/ml_dsa/ml_dsa_encoders.c	516	5	    for (i = 0; i < (ML_DSA_NUM_POLY_COEFFICIENTS / 4); i++) {	f	mdiv	Oz--jump-threading-across-loop-headers
ossl_ed25519_verify	crypto/ec/curve25519.c	4601	46	            ge_msub(&t, &u, &Bi[(-bslide[i]) / 2]);	/	mdiv	Oz--inline-instr-cost=0
ossl_ed25519_verify	crypto/ec/curve25519.c	4593	45	            ge_sub(&t, &u, &Ai[(-aslide[i]) / 2]);	/	mdiv	Oz--inline-instr-cost=0
ossl_ed25519_verify	crypto/ec/curve25519.c	4598	43	            ge_madd(&t, &u, &Bi[bslide[i] / 2]);	/	mdiv	Oz--inline-instr-cost=0
dtls1_bio_set_next_timeout	ssl/d1_lib.c	110	43	    tv.tv_usec = (t.t % OSSL_TIME_SECOND) / OSSL_TIME_US;	/	cjump	Oz--expand-div-rem-bits=0
