line,col,source,char,lib,file,function,optimization,opt,arch,clangversion,type,id,leaks_secret,fixed_upstream
310,9,     ip += t0off;,+,bearssl,src/codec/pemdec.c,br_pem_decoder_run,Ofast--enable-module-inliner|O3--enable-module-inliner|O2--enable-module-inliner,flag1,RISCV,clang14,cjump,318,NO,not_fixed
316,9,     ip += t0off;,+,bearssl,src/codec/pemdec.c,br_pem_decoder_run,Ofast--enable-module-inliner|O3--enable-module-inliner|O2--enable-module-inliner,flag1,RISCV,clang14,cjump,318,NO,not_fixed
378,9,     ip += t0off;,+,bearssl,src/x509/skey_decoder.c,br_skey_decoder_run,Ofast--enable-module-inliner|O3--enable-module-inliner|O2--enable-module-inliner,flag1,RISCV,clang14,cjump,365,NO,not_fixed
384,9,     ip += t0off;,+,bearssl,src/x509/skey_decoder.c,br_skey_decoder_run,Ofast--enable-module-inliner|O3--enable-module-inliner|O2--enable-module-inliner,flag1,RISCV,clang14,cjump,365,NO,not_fixed
465,9,     ip += t0off;,+,bearssl,src/x509/x509_decoder.c,br_x509_decoder_run,Ofast--enable-module-inliner|O3--enable-module-inliner|O2--enable-module-inliner,flag1,RISCV,clang14,cjump,367,NO,not_fixed
471,9,     ip += t0off;,+,bearssl,src/x509/x509_decoder.c,br_x509_decoder_run,Ofast--enable-module-inliner|O3--enable-module-inliner|O2--enable-module-inliner,flag1,RISCV,clang14,cjump,367,NO,not_fixed
964,9,     ip += t0off;,+,bearssl,src/x509/x509_minimal.c,br_x509_minimal_run,Ofast--enable-module-inliner|O3--enable-module-inliner|O2--enable-module-inliner,flag1,RISCV,clang14,cjump,369,NO,not_fixed
970,9,     ip += t0off;,+,bearssl,src/x509/x509_minimal.c,br_x509_minimal_run,Ofast--enable-module-inliner|O3--enable-module-inliner|O2--enable-module-inliner,flag1,RISCV,clang14,cjump,369,NO,not_fixed
992,9,     ip += t0off;,+,bearssl,src/ssl/ssl_hs_client.c,br_ssl_hs_client_run,Ofast--enable-module-inliner|O3--enable-module-inliner|O2--enable-module-inliner,flag1,RISCV,clang14,cjump,352,NO,not_fixed
998,9,     ip += t0off;,+,bearssl,src/ssl/ssl_hs_client.c,br_ssl_hs_client_run,Ofast--enable-module-inliner|O3--enable-module-inliner|O2--enable-module-inliner,flag1,RISCV,clang14,cjump,352,NO,not_fixed
1043,9,     ip += t0off;,+,bearssl,src/ssl/ssl_hs_server.c,br_ssl_hs_server_run,Ofast--enable-module-inliner|O3--enable-module-inliner|O2--enable-module-inliner,flag1,RISCV,clang14,cjump,354,NO,not_fixed
1049,9,     ip += t0off;,+,bearssl,src/ssl/ssl_hs_server.c,br_ssl_hs_server_run,Ofast--enable-module-inliner|O3--enable-module-inliner|O2--enable-module-inliner,flag1,RISCV,clang14,cjump,354,NO,not_fixed
141,12,     t2[v] |= mask & base[v];,|,bearssl,src/int/i31_modpow2.c|src/int/i15_modpow2.c,br_i15_modpow_opt|br_i31_modpow_opt,Oz-fglobal-isel|Ofast--unswitch-threshold=0|O1--global-isel|O2--global-isel|O3--unswitch-threshold=0|Ofast--disable-peephole|Ofast|Oz--disable-peephole|Os--disable-peephole|O2-fglobal-isel|Oz--global-isel|O2|Oz|O1--disable-peephole|O2--disable-peephole|Os|O3--disable-peephole|Os--global-isel|O1|O3|Os-fglobal-isel|O1-fglobal-isel,levels|flag1,X8664|MIPS64|MIPS32EL|ARM|AArch64|RISCV,clang14|clang18|clang20,cjump|mmem,14,YES,not_fixed
141,20,     t2[v] |= mask & base[v];,&,bearssl,src/int/i31_modpow2.c,br_i31_modpow_opt,Oz-fglobal-isel|Ofast|O1|Os|O3|Ofast--unswitch-threshold=0|Os-fglobal-isel|Oz--global-isel|O1--global-isel|O1-fglobal-isel|O2-fglobal-isel|O2--global-isel|Os--global-isel|O2|Oz|O3--unswitch-threshold=0,levels|flag1,X8664|MIPS64|MIPS32EL|ARM|AArch64|RISCV,clang14|clang18|clang20,cjump,18,YES,not_fixed
424,12,     t2[v] |= mask & base[v];,|,bearssl,src/int/i62_modpow2.c,br_i62_modpow_opt,Ofast|O1|Os|O3|O2|Oz,levels,RISCV,clang14,cjump,338,YES,not_fixed
424,20,     t2[v] |= mask & base[v];,&,bearssl,src/int/i62_modpow2.c,br_i62_modpow_opt,Oz-fglobal-isel|Ofast|O1|Os|O3|Ofast--unswitch-threshold=0|Os-fglobal-isel|Oz--global-isel|O1--global-isel|O1-fglobal-isel|O2-fglobal-isel|O2--global-isel|Os--global-isel|O2|Oz|O3--unswitch-threshold=0,levels|flag1,AArch64|X8664|MIPS64|RISCV,clang14|clang18|clang20,cjump,23,YES,not_fixed
1289,17,    T.x[0] |= m & W[n].x[0];,&,bearssl,src/ec/ec_p256_m62.c,p256_mulgen|p256_mul,O1--force-specialization,flag1,X8664,clang20,cjump,539,YES,not_fixed
1307,17,    T.x[0] |= m & W[n].x[0];,&,bearssl,src/ec/ec_p256_m64.c,p256_mulgen|p256_mul,O1--force-specialization,flag1,X8664,clang20,cjump,541,YES,not_fixed
1297,17,    T.y[3] |= m & W[n].y[3];,&,bearssl,src/ec/ec_p256_m62.c,p256_mulgen|p256_mul,O2--force-specialization|O3--force-specialization|Ofast--force-specialization,flag1,X8664,clang20,cjump,540,YES,not_fixed
348,7,   a0 ^= (a0 ^ aw) & c0;,^,bearssl,src/int/i15_moddiv.c,br_i15_moddiv,Os--unroll-force-peel-count=100|Ofast--unroll-force-peel-count=100|O2--unroll-force-peel-count=100|Ofast--unroll-force-peel-count=50|O3--unroll-force-peel-count=50|Os--unroll-force-peel-count=50|O3--unroll-force-peel-count=100|O2--unroll-force-peel-count=50,flag1,RISCV,clang20,cjump,546,YES,not_fixed
362,7,   a0 ^= (a0 ^ aw) & c0;,^,bearssl,src/int/i31_moddiv.c,br_i31_moddiv,Os--unroll-force-peel-count=100|Ofast--unroll-force-peel-count=100|O2--unroll-force-peel-count=100|Ofast--unroll-force-peel-count=50|O3--unroll-force-peel-count=50|Os--unroll-force-peel-count=50|O3--unroll-force-peel-count=100|O2--unroll-force-peel-count=50,flag1,RISCV,clang20,cjump,548,YES,not_fixed
349,7,   a1 ^= (a1 ^ aw) & c1;,^,bearssl,src/int/i15_moddiv.c,br_i15_moddiv,Os--unroll-force-peel-count=100|Ofast--unroll-force-peel-count=100|O2--unroll-force-peel-count=100|Ofast--unroll-force-peel-count=50|O3--unroll-force-peel-count=50|Os--unroll-force-peel-count=50|O3--unroll-force-peel-count=100|O2--unroll-force-peel-count=50,flag1,RISCV,clang20,cjump,547,YES,not_fixed
363,7,   a1 ^= (a1 ^ aw) & c1;,^,bearssl,src/int/i31_moddiv.c,br_i31_moddiv,Os--unroll-force-peel-count=100|Ofast--unroll-force-peel-count=100|O2--unroll-force-peel-count=100|Ofast--unroll-force-peel-count=50|O3--unroll-force-peel-count=50|Os--unroll-force-peel-count=50|O3--unroll-force-peel-count=100|O2--unroll-force-peel-count=50,flag1,RISCV,clang20,cjump,549,YES,not_fixed
454,17,   a_lo += a_lo & (cA - 1);,&,bearssl,src/int/i31_moddiv.c,br_i31_moddiv,Oz-fglobal-isel|Ofast-fglobal-isel|O3--global-isel|O1--global-isel|O2--x86-cmov-converter-force-all|O2--global-isel|Ofast--x86-cmov-converter-force-all|O2-fglobal-isel|Oz--global-isel|Oz--x86-cmov-converter-force-all|O3--disable-loop-level-heuristics|O1--x86-cmov-converter-force-all|Ofast--disable-loop-level-heuristics|O3-fglobal-isel|Os--x86-cmov-converter-force-all|Os--global-isel|Ofast--global-isel|O3--x86-cmov-converter-force-all|Os-fglobal-isel|O1-fglobal-isel,flag1,X8664|AArch64|RISCV,clang18|clang20,cjump,17,YES,not_fixed
1626,6,"   c |= -(int32_t)EQ0(c) & CMP(k[u], P256_N[u]);",|,bearssl,src/ec/ec_p256_m62.c,api_mul,Ofast|O1|Os|O3|O2|Oz,levels,RISCV,clang14,cjump,332,YES,not_fixed
1626,26,"   c |= -(int32_t)EQ0(c) & CMP(k[u], P256_N[u]);",&,bearssl,src/ec/ec_p256_m62.c,api_mul,Oz-fglobal-isel|Ofast-fglobal-isel|O3--global-isel|O1--global-isel|O2--disable-select-optimize=false|O2--global-isel|Ofast|O3--disable-select-optimize=false|O3--select-opti-loop-cycle-gain-threshold=0|Ofast--partial-unrolling-threshold=50|O2-fglobal-isel|Oz--global-isel|O2|Oz|O3--disable-loop-level-heuristics|Os|O3--partial-unrolling-threshold=50|Ofast--disable-loop-level-heuristics|O3-fglobal-isel|Ofast--partial-unrolling-threshold=100|Os--global-isel|Ofast--disable-select-optimize=false|Ofast--global-isel|O1--disable-select-optimize=false|O3--unroll-allow-partial|O3--mispredict-default-rate=0|O1|Ofast--unroll-allow-partial|O3|Os-fglobal-isel|O3--partial-unrolling-threshold=100|O1-fglobal-isel|Ofast--select-opti-loop-cycle-gain-threshold=0|Ofast--mispredict-default-rate=0,levels|flag1,X8664|MIPS64|AArch64|RISCV,clang14|clang18|clang20,cjump,10,YES,not_fixed
1642,6,"   c |= -(int32_t)EQ0(c) & CMP(k[u], P256_N[u]);",|,bearssl,src/ec/ec_p256_m64.c,api_mul,Ofast|O1|Os|O3|O2|Oz,levels,RISCV,clang14,cjump,334,YES,not_fixed
1642,26,"   c |= -(int32_t)EQ0(c) & CMP(k[u], P256_N[u]);",&,bearssl,src/ec/ec_p256_m64.c,api_mul,Oz-fglobal-isel|Ofast-fglobal-isel|O3--global-isel|O1--global-isel|O2--disable-select-optimize=false|O2--global-isel|Ofast|O3--disable-select-optimize=false|O3--select-opti-loop-cycle-gain-threshold=0|Ofast--partial-unrolling-threshold=50|O2-fglobal-isel|Oz--global-isel|O2|Oz|O3--disable-loop-level-heuristics|Os|O3--partial-unrolling-threshold=50|Ofast--disable-loop-level-heuristics|O3-fglobal-isel|Ofast--partial-unrolling-threshold=100|Os--global-isel|Ofast--disable-select-optimize=false|Ofast--global-isel|O1--disable-select-optimize=false|O3--unroll-allow-partial|O3--mispredict-default-rate=0|O1|Ofast--unroll-allow-partial|O3|Os-fglobal-isel|O3--partial-unrolling-threshold=100|O1-fglobal-isel|Ofast--select-opti-loop-cycle-gain-threshold=0|Ofast--mispredict-default-rate=0,levels|flag1,X8664|MIPS64|AArch64|RISCV,clang14|clang18|clang20,cjump,11,YES,not_fixed
367,7,   c0 &= (((aw | bw) + 0x7FFFFFFF) >> 31) - (uint32_t)1;,&,bearssl,src/int/i31_moddiv.c,br_i31_moddiv,Oz-fglobal-isel|Ofast-fglobal-isel|O3--global-isel|O1--global-isel|O2--x86-cmov-converter-force-all|O2--global-isel|Ofast--x86-cmov-converter-force-all|O2-fglobal-isel|Oz--global-isel|Oz--x86-cmov-converter-force-all|O3--disable-loop-level-heuristics|O1--x86-cmov-converter-force-all|Ofast--disable-loop-level-heuristics|O3-fglobal-isel|Os--x86-cmov-converter-force-all|Os--global-isel|Ofast--global-isel|O3--x86-cmov-converter-force-all|Os-fglobal-isel|O1-fglobal-isel,flag1,X8664|AArch64|RISCV,clang18|clang20,cjump,16,YES,not_fixed
353,7,   c0 &= (((aw | bw) + 0xFFFF) >> 16) - (uint32_t)1;,&,bearssl,src/int/i15_moddiv.c,br_i15_moddiv,Oz-fglobal-isel|Ofast-fglobal-isel|O3--global-isel|O1--global-isel|O2--x86-cmov-converter-force-all|O2--global-isel|Ofast--x86-cmov-converter-force-all|O2-fglobal-isel|Oz--global-isel|Oz--x86-cmov-converter-force-all|O3--disable-loop-level-heuristics|O1--x86-cmov-converter-force-all|Ofast--disable-loop-level-heuristics|O3-fglobal-isel|Os--x86-cmov-converter-force-all|Os--global-isel|Ofast--global-isel|O3--x86-cmov-converter-force-all|Os-fglobal-isel|O1-fglobal-isel,flag1,X8664|AArch64|RISCV,clang18|clang20,cjump,13,YES,not_fixed
96,10,   carry &= -(~(iv1 | -iv1) >> 31);,&,bearssl,src/symcipher/aes_ct64_ctrcbc.c,br_aes_ct64_ctrcbc_ctr,Oz-fglobal-isel|O3--unroll-partial-threshold=100|Ofast-fglobal-isel|O2--partial-unrolling-threshold=100|O3--global-isel|O1--global-isel|O2--x86-cmov-converter-force-all|O2--disable-select-optimize=false|O2--global-isel|Ofast--x86-cmov-converter-force-all|Os--unroll-partial-threshold=100|O3--disable-select-optimize=false|O3--select-opti-loop-cycle-gain-threshold=0|O2-fglobal-isel|Oz--global-isel|Oz--x86-cmov-converter-force-all|O3--disable-loop-level-heuristics|O1--x86-cmov-converter-force-all|Ofast--disable-loop-level-heuristics|O3-fglobal-isel|Os--x86-cmov-converter-force-all|Ofast--partial-unrolling-threshold=100|Os--global-isel|Ofast--disable-select-optimize=false|Ofast--global-isel|Ofast--unroll-partial-threshold=100|O3--x86-cmov-converter-force-all|O1--disable-select-optimize=false|O2--unroll-partial-threshold=100|O3--mispredict-default-rate=0|Os-fglobal-isel|O3--partial-unrolling-threshold=100|Ofast--select-opti-loop-cycle-gain-threshold=0|O1-fglobal-isel|Ofast--mispredict-default-rate=0,flag1,X8664|MIPS64|MIPS32EL|AArch64|RISCV,clang14|clang18|clang20,cjump,50,NO,not_fixed
102,10,   carry &= -(~(iv1 | -iv1) >> 31);,&,bearssl,src/symcipher/aes_ct_ctrcbc.c,br_aes_ct_ctrcbc_ctr,Oz-fglobal-isel|Ofast-fglobal-isel|O3--global-isel|O1--global-isel|O2--x86-cmov-converter-force-all|O2--global-isel|Ofast--x86-cmov-converter-force-all|O2--fast-isel|O3--disable-select-optimize=false|O2-fglobal-isel|Oz--global-isel|Oz--x86-cmov-converter-force-all|O3--disable-loop-level-heuristics|O1--x86-cmov-converter-force-all|Ofast--disable-loop-level-heuristics|O3-fglobal-isel|Os--x86-cmov-converter-force-all|Os--global-isel|Ofast--disable-select-optimize=false|Ofast--aarch64-insert-extract-base-cost=0|Ofast--global-isel|O3--x86-cmov-converter-force-all|Oz--fast-isel|Os-fglobal-isel|O3--aarch64-insert-extract-base-cost=0|O1-fglobal-isel,flag1,X8664|MIPS64|MIPS32EL|AArch64|RISCV,clang14|clang18|clang20,cjump,57,NO,not_fixed
94,10,   carry &= -(~(iv2 | -iv2) >> 31);,&,bearssl,src/symcipher/aes_ct64_ctrcbc.c,br_aes_ct64_ctrcbc_ctr,Oz-fglobal-isel|Ofast-fglobal-isel|O3--global-isel|O1--global-isel|O2--x86-cmov-converter-force-all|O2--disable-select-optimize=false|O2--global-isel|Ofast--x86-cmov-converter-force-all|Ofast|O3--disable-select-optimize=false|O3--select-opti-loop-cycle-gain-threshold=0|O2-fglobal-isel|Oz--global-isel|Oz--x86-cmov-converter-force-all|O2|Oz|O3--disable-loop-level-heuristics|O1--x86-cmov-converter-force-all|Os|Ofast--disable-loop-level-heuristics|O3-fglobal-isel|Os--x86-cmov-converter-force-all|Os--global-isel|Ofast--disable-select-optimize=false|Ofast--global-isel|O3--x86-cmov-converter-force-all|O1--disable-select-optimize=false|O3--mispredict-default-rate=0|O1|O3|Os-fglobal-isel|Ofast--select-opti-loop-cycle-gain-threshold=0|O1-fglobal-isel|Ofast--mispredict-default-rate=0,levels|flag1,X8664|MIPS64|MIPS32EL|AArch64|RISCV,clang14|clang18|clang20,cjump,49,NO,not_fixed
100,10,   carry &= -(~(iv2 | -iv2) >> 31);,&,bearssl,src/symcipher/aes_ct_ctrcbc.c,br_aes_ct_ctrcbc_ctr,Oz-fglobal-isel|Ofast-fglobal-isel|O3--global-isel|O1--global-isel|O2--x86-cmov-converter-force-all|O2--global-isel|Ofast--x86-cmov-converter-force-all|Ofast|O2--fast-isel|O3--disable-select-optimize=false|O2-fglobal-isel|Oz--global-isel|Oz--x86-cmov-converter-force-all|O2|Oz|O3--disable-loop-level-heuristics|O1--x86-cmov-converter-force-all|Os|Ofast--disable-loop-level-heuristics|O3-fglobal-isel|Os--x86-cmov-converter-force-all|Os--global-isel|Ofast--disable-select-optimize=false|Ofast--global-isel|O3--x86-cmov-converter-force-all|O1|Oz--fast-isel|O3|Os-fglobal-isel|O1-fglobal-isel,levels|flag1,X8664|MIPS64|MIPS32EL|AArch64|RISCV,clang14|clang20,cjump,361,NO,not_fixed
97,8,   iv0 += carry;,+,bearssl,src/symcipher/aes_ct64_ctrcbc.c,br_aes_ct64_ctrcbc_ctr,Ofast|O1|Os|O3|O2|Oz,levels,RISCV,clang14,cjump,357,NO,not_fixed
103,8,   iv0 += carry;,+,bearssl,src/symcipher/aes_ct_ctrcbc.c,br_aes_ct_ctrcbc_ctr,Ofast|O1|Os|O3|O2|Oz,levels,RISCV,clang14,cjump,362,NO,not_fixed
271,19,   m11 += w << (5 & -(u & 1));,&,bearssl,src/rsa/rsa_i15_keygen.c,mkprime,Oz-fglobal-isel|Ofast-fglobal-isel|Os-fglobal-isel|O3--global-isel|O3-fglobal-isel|Oz--global-isel|O1--global-isel|O1-fglobal-isel|O2-fglobal-isel|O2--global-isel|Os--global-isel|Ofast--global-isel,flag1,RISCV,clang20,cjump,550,YES,not_fixed
438,26,   x[u] = (mask1 & x[u]) | (mask2 & t1[u]);,|,bearssl,src/int/i62_modpow2.c,br_i62_modpow_opt_as_i31|br_i62_modpow_opt,Ofast|Ofast--inline-instr-cost=0|O1|O3--inline-call-penalty=-1|O3--unswitch-num-initial-unscaled-candidates=-1|Os|Ofast--unswitch-num-initial-unscaled-candidates=0|O3|Ofast--inline-call-penalty=-1|Ofast--unswitch-threshold=0|Ofast--unswitch-num-initial-unscaled-candidates=-1|O3--inline-instr-cost=0|Ofast--inline-instr-cost=-1|O3--unswitch-num-initial-unscaled-candidates=0|O3--inline-instr-cost=-1|O2|Oz|O3--unswitch-threshold=0,levels|flag1,AArch64|X8664|MIPS64|RISCV,clang14|clang18|clang20,cjump|mmem,24,YES,not_fixed
438,35,   x[u] = (mask1 & x[u]) | (mask2 & t1[u]);,&,bearssl,src/int/i62_modpow2.c,br_i62_modpow_opt,O3-fno-inline-functions|Oz--enable-coldcc-stress-test|O1-fno-inline-functions|O3--enable-coldcc-stress-test|Os-fno-inline|Oz-fno-inline|Os--enable-coldcc-stress-test|Ofast-fno-inline|O3-fno-inline|Ofast--enable-coldcc-stress-test|O2-fno-inline|O1-fno-inline|O2-fno-inline-functions|O2--enable-coldcc-stress-test|Ofast-fno-inline-functions|Os-fno-inline-functions|Oz-fno-inline-functions|O1--enable-coldcc-stress-test,flag1,AArch64|X8664|MIPS64|RISCV,clang18|clang20,cjump,25,YES,not_fixed
1281,10,   xy[u] |= m & Gwin[k][u];,|,bearssl,src/ec/ec_p256_m31.c,p256_mulgen,Ofast|Oz--disable-peephole|Os--disable-peephole|O1|Os|O3|O2|Oz|O1--disable-peephole,levels|flag1,RISCV|ARM,clang14|clang18|clang20,cjump|mmem,331,YES,not_fixed
1281,15,   xy[u] |= m & Gwin[k][u];,&,bearssl,src/ec/ec_p256_m31.c,p256_mulgen,Oz-fglobal-isel|O2--slp-schedule-budget=-1|Os--unroll-count=100|Oz--unroll-count=50|O2--unroll-count=100|O1--global-isel|O2--slp-min-reg-size=-1|O2--global-isel|O2-fno-unroll-loops|O3--unroll-count=50|O2--slp-threshold=50|Ofast|Os--unroll-force-peel-count=100|O2--unroll-count=50|O2-fno-tree-slp-vectorize|O2--slp-threshold=100|O2--slp-schedule-budget=0|O2--unroll-count=0|O2--unroll-full-max-count=0|O2--slp-min-tree-size=50|O2--slp-max-reg-size=50|O2-fapple-kext|O2-fglobal-isel|Oz--global-isel|O2--slp-max-reg-size=0|Ofast--unroll-count=100|O2|Oz|O2--slp-min-tree-size=100|Os|O3--unroll-count=100|Ofast--unroll-count=50|Os--unroll-count=50|O2--unroll-threshold-default=0|Os--unroll-force-peel-count=50|O2--rotation-max-header-size=0|O2--unroll-threshold-default=100|Os--global-isel|Oz--unroll-count=100|O2--unroll-threshold=50|O2--unroll-threshold=0|O1|O3|Os-fglobal-isel|O2--unroll-threshold-default=50|O2--unroll-threshold=100|O2--slp-recursion-max-depth=0|O1-fglobal-isel|O2-fno-slp-vectorize,levels|flag1,X8664|MIPS64|MIPS32EL|ARM|AArch64|RISCV,clang14|clang18|clang20,cjump,9,YES,not_fixed
1932,10,   xy[u] |= m & Gwin[k][u];,|,bearssl,src/ec/ec_p256_m15.c,p256_mulgen,Ofast|Oz--disable-peephole|Os--disable-peephole|O3|O2|Oz|O1--disable-peephole,levels|flag1,RISCV|ARM,clang14,cjump|mmem,328,YES,not_fixed
1932,15,   xy[u] |= m & Gwin[k][u];,&,bearssl,src/ec/ec_p256_m15.c,p256_mulgen,Oz-fglobal-isel|Os--unroll-count=100|Oz--unroll-count=50|Ofast--unswitch-threshold=0|O2--unroll-count=100|O2--global-isel|O3--unroll-count=50|O3--unswitch-threshold=0|Ofast|Os--unroll-force-peel-count=100|O2--unroll-count=50|O2-fglobal-isel|Oz--global-isel|Ofast--unroll-count=100|O2|Oz|Os|O3--unroll-count=100|Ofast--unroll-count=50|Os--unroll-count=50|Os--unroll-force-peel-count=50|Oz--unroll-count=100|O1|O3,levels|flag1,X8664|MIPS64|MIPS32EL|ARM|AArch64|RISCV,clang14|clang18|clang20,cjump,8,YES,not_fixed
83,11,  + lines + 2;,+,bearssl,src/codec/pemenc.c,br_pem_encode,O3--two-entry-phi-node-folding-threshold=100|O1--two-entry-phi-node-folding-threshold=50|O3--two-entry-phi-node-folding-threshold=50|Ofast--two-entry-phi-node-folding-threshold=50|O2--two-entry-phi-node-folding-threshold=100|Ofast--two-entry-phi-node-folding-threshold=100|Os--two-entry-phi-node-folding-threshold=50|O1--two-entry-phi-node-folding-threshold=100|Os--two-entry-phi-node-folding-threshold=100|O2--two-entry-phi-node-folding-threshold=50,flag1,RISCV,clang14,cjump,323,NO,not_fixed
266,10,  acc[i] &= ~(-ctl);,&,bearssl,src/symcipher/poly1305_ctmul32.c,br_poly1305_ctmul32_run,Ofast-fglobal-isel|Oz--jump-threading-across-loop-headers|O3--global-isel|O1--global-isel|O3--unroll-full-max-count=0|O2--x86-cmov-converter-force-all|O2--global-isel|Ofast--unroll-threshold=0|Ofast--x86-cmov-converter-force-all|O2-fno-unroll-loops|Ofast|O2--unroll-count=0|O2--unroll-full-max-count=0|O2-fglobal-isel|O2|Os|O3-fglobal-isel|O2--unroll-threshold-default=0|Os--global-isel|Ofast-fno-unroll-loops|Ofast--global-isel|O3--x86-cmov-converter-force-all|Ofast--unroll-count=0|O2--unroll-threshold=0|Ofast--unroll-full-max-count=0|O1|Ofast--unroll-threshold-aggressive=0|O3-fno-unroll-loops|O3|Os-fglobal-isel|O1-fglobal-isel|O3--unroll-threshold=0|O3--unroll-count=0|O3--unroll-threshold-aggressive=0,levels|flag1,X8664|MIPS64|MIPS32EL|AArch64|RISCV,clang20,cjump|mmem,557,YES,not_fixed
54,12,  aw = (aw ^ xm) + cc;,^,bearssl,src/int/i15_moddiv.c,br_i15_moddiv,O3--unswitch-threshold=-1|Ofast--unswitch-threshold=-1,flag1,RISCV,clang14,cjump,335,YES,not_fixed
78,9,  carry &= (~(cc1 | -cc1)) >> 31;,&,bearssl,src/symcipher/aes_small_ctrcbc.c|src/symcipher/aes_big_ctrcbc.c,br_aes_big_ctrcbc_ctr|br_aes_small_ctrcbc_ctr,Oz-fglobal-isel|Ofast-fglobal-isel|O3--global-isel|O1--global-isel|O2--x86-cmov-converter-force-all|O2--global-isel|Ofast--x86-cmov-converter-force-all|O3--select-opti-loop-cycle-gain-threshold=0|O2-fglobal-isel|Oz--global-isel|Oz--x86-cmov-converter-force-all|O3--disable-loop-level-heuristics|O1--x86-cmov-converter-force-all|Ofast--disable-loop-level-heuristics|O3-fglobal-isel|Os--x86-cmov-converter-force-all|Os--global-isel|Ofast--global-isel|O3--x86-cmov-converter-force-all|Os-fglobal-isel|O1-fglobal-isel|Ofast--select-opti-loop-cycle-gain-threshold=0,flag1,AArch64|X8664|RISCV,clang20,cjump,556,NO,not_fixed
80,9,  carry &= (~(cc2 | -cc2)) >> 31;,&,bearssl,src/symcipher/aes_big_ctrcbc.c|src/symcipher/aes_small_ctrcbc.c,br_aes_big_ctrcbc_ctr|br_aes_small_ctrcbc_ctr,Oz-fglobal-isel|Ofast-fglobal-isel|O3--global-isel|O1--global-isel|O2--x86-cmov-converter-force-all|O2--global-isel|Ofast--x86-cmov-converter-force-all|O3--select-opti-loop-cycle-gain-threshold=0|O2-fglobal-isel|Oz--global-isel|Oz--x86-cmov-converter-force-all|O3--disable-loop-level-heuristics|O1--x86-cmov-converter-force-all|Ofast--disable-loop-level-heuristics|O3-fglobal-isel|Os--x86-cmov-converter-force-all|Os--global-isel|Ofast--global-isel|O3--x86-cmov-converter-force-all|Os-fglobal-isel|O1-fglobal-isel|Ofast--select-opti-loop-cycle-gain-threshold=0,flag1,AArch64|X8664|RISCV,clang20,cjump,555,NO,not_fixed
90,9,  carry &= -(~(iv1 | -iv1) >> 31);,&,bearssl,src/symcipher/aes_ct_ctrcbc.c,br_aes_ct_ctrcbc_ctr,Oz-fglobal-isel|Ofast-fglobal-isel|O3--global-isel|O1--global-isel|O2--x86-cmov-converter-force-all|O2--global-isel|Ofast--x86-cmov-converter-force-all|O2--fast-isel|O3--disable-select-optimize=false|O2-fglobal-isel|Oz--global-isel|Oz--x86-cmov-converter-force-all|O3--disable-loop-level-heuristics|O1--x86-cmov-converter-force-all|Ofast--disable-loop-level-heuristics|O3-fglobal-isel|Os--x86-cmov-converter-force-all|Os--global-isel|Ofast--disable-select-optimize=false|Ofast--aarch64-insert-extract-base-cost=0|Ofast--global-isel|O3--x86-cmov-converter-force-all|Oz--fast-isel|Os-fglobal-isel|O3--aarch64-insert-extract-base-cost=0|O1-fglobal-isel,flag1,X8664|MIPS64|MIPS32EL|AArch64|RISCV,clang14|clang18|clang20,cjump,56,NO,not_fixed
234,9,  carry &= -(~(iv1 | -iv1) >> 31);,&,bearssl,src/symcipher/aes_ct64_ctrcbc.c,br_aes_ct64_ctrcbc_encrypt,Oz-fglobal-isel|Ofast-fglobal-isel|O3--global-isel|O1--global-isel|O2--x86-cmov-converter-force-all|O2--global-isel|Ofast--x86-cmov-converter-force-all|O3--select-opti-loop-cycle-gain-threshold=0|O2-fglobal-isel|Oz--global-isel|Oz--x86-cmov-converter-force-all|O3--disable-loop-level-heuristics|O1--x86-cmov-converter-force-all|Ofast--disable-loop-level-heuristics|O3-fglobal-isel|Os--x86-cmov-converter-force-all|Os--global-isel|Ofast--aarch64-insert-extract-base-cost=0|Ofast--global-isel|O3--x86-cmov-converter-force-all|Os-fglobal-isel|O3--aarch64-insert-extract-base-cost=0|Ofast--select-opti-loop-cycle-gain-threshold=0|O1-fglobal-isel,flag1,X8664|AArch64|RISCV,clang18|clang20,cjump,52,NO,not_fixed
236,9,  carry &= -(~(iv1 | -iv1) >> 31);,&,bearssl,src/symcipher/aes_ct_ctrcbc.c,br_aes_ct_ctrcbc_encrypt,Oz-fglobal-isel|Ofast-fglobal-isel|O3--global-isel|O1--global-isel|O2--x86-cmov-converter-force-all|O2--global-isel|Ofast--x86-cmov-converter-force-all|O3--select-opti-loop-cycle-gain-threshold=0|O2-fglobal-isel|Oz--global-isel|Oz--x86-cmov-converter-force-all|O3--disable-loop-level-heuristics|O1--x86-cmov-converter-force-all|Ofast--disable-loop-level-heuristics|O3-fglobal-isel|Os--x86-cmov-converter-force-all|Os--global-isel|Ofast--global-isel|O3--x86-cmov-converter-force-all|O3--mispredict-default-rate=0|Os-fglobal-isel|Ofast--select-opti-loop-cycle-gain-threshold=0|O1-fglobal-isel|Ofast--mispredict-default-rate=0,flag1,X8664|AArch64|RISCV,clang18|clang20,cjump,59,NO,not_fixed
365,9,  carry &= -(~(iv1 | -iv1) >> 31);,&,bearssl,src/symcipher/aes_ct_ctrcbc.c,br_aes_ct_ctrcbc_decrypt,Oz-fglobal-isel|Ofast-fglobal-isel|O3--global-isel|O1--global-isel|O3--unroll-full-max-count=0|Oz--inline-threshold=50|O2--x86-cmov-converter-force-all|Ofast--unroll-threshold=0|O2--global-isel|O2-fno-unroll-loops|Ofast--unroll-threshold=50|Ofast--x86-cmov-converter-force-all|O3--unroll-threshold=50|Ofast--unroll-threshold-aggressive=50|Oz--inline-call-penalty=50|O2--unroll-full-max-count=0|O2--unroll-count=0|O2-fglobal-isel|Oz--global-isel|Oz--x86-cmov-converter-force-all|O3--disable-loop-level-heuristics|O1--x86-cmov-converter-force-all|Os|Ofast--disable-loop-level-heuristics|O3-fglobal-isel|Oz--inline-call-penalty=100|Os--x86-cmov-converter-force-all|O2--unroll-threshold-default=0|Os--global-isel|Ofast-fno-unroll-loops|Ofast--global-isel|Ofast--unroll-count=0|O2--unroll-threshold=50|O2--unroll-threshold=0|O3--x86-cmov-converter-force-all|Ofast--unroll-full-max-count=0|Oz--inline-threshold=100|O1|Ofast--unroll-threshold-aggressive=0|O3-fno-unroll-loops|Os-fglobal-isel|O2--unroll-threshold-default=50|O3--unroll-threshold-aggressive=50|O1-fglobal-isel|O3--unroll-threshold=0|O3--unroll-count=0|O3--unroll-threshold-aggressive=0,levels|flag1,AArch64|X8664|RISCV,clang14|clang18|clang20,cjump,61,NO,not_fixed
372,9,  carry &= -(~(iv1 | -iv1) >> 31);,&,bearssl,src/symcipher/aes_ct64_ctrcbc.c,br_aes_ct64_ctrcbc_decrypt,Oz-fglobal-isel|Ofast-fglobal-isel|O3--global-isel|O1--global-isel|O3--unroll-full-max-count=0|Oz--inline-threshold=50|O2--x86-cmov-converter-force-all|Ofast--unroll-threshold=0|O2--global-isel|O2-fno-unroll-loops|Ofast--unroll-threshold=50|Ofast--x86-cmov-converter-force-all|O3--unroll-threshold=50|Ofast--unroll-threshold-aggressive=50|Oz--inline-call-penalty=50|O2--unroll-full-max-count=0|O2--unroll-count=0|O2-fglobal-isel|Oz--global-isel|Oz--x86-cmov-converter-force-all|O3--disable-loop-level-heuristics|O1--x86-cmov-converter-force-all|Os|Ofast--disable-loop-level-heuristics|O3-fglobal-isel|Oz--inline-call-penalty=100|Os--x86-cmov-converter-force-all|O2--unroll-threshold-default=0|Os--global-isel|Ofast--aarch64-insert-extract-base-cost=0|Ofast-fno-unroll-loops|Ofast--global-isel|Ofast--unroll-count=0|O2--unroll-threshold=50|O2--unroll-threshold=0|O3--x86-cmov-converter-force-all|Ofast--unroll-full-max-count=0|Oz--inline-threshold=100|O1|Ofast--unroll-threshold-aggressive=0|O3-fno-unroll-loops|Os-fglobal-isel|O3--aarch64-insert-extract-base-cost=0|O2--unroll-threshold-default=50|O3--unroll-threshold-aggressive=50|O1-fglobal-isel|O3--unroll-threshold=0|O3--unroll-count=0|O3--unroll-threshold-aggressive=0,levels|flag1,AArch64|X8664|RISCV,clang14|clang18|clang20,cjump,54,NO,not_fixed
88,9,  carry &= -(~(iv2 | -iv2) >> 31);,&,bearssl,src/symcipher/aes_ct_ctrcbc.c,br_aes_ct_ctrcbc_ctr,Oz-fglobal-isel|Ofast-fglobal-isel|O3--global-isel|O1--global-isel|O2--x86-cmov-converter-force-all|O2--global-isel|Ofast--x86-cmov-converter-force-all|Ofast|O2--fast-isel|O3--disable-select-optimize=false|O2-fglobal-isel|Oz--global-isel|Oz--x86-cmov-converter-force-all|O2|Oz|O3--disable-loop-level-heuristics|O1--x86-cmov-converter-force-all|Os|Ofast--disable-loop-level-heuristics|O3-fglobal-isel|Os--x86-cmov-converter-force-all|Os--global-isel|Ofast--disable-select-optimize=false|Ofast--aarch64-insert-extract-base-cost=0|Ofast--global-isel|O3--x86-cmov-converter-force-all|O1|Oz--fast-isel|O3|Os-fglobal-isel|O3--aarch64-insert-extract-base-cost=0|O1-fglobal-isel,levels|flag1,X8664|MIPS64|MIPS32EL|AArch64|RISCV,clang14|clang18|clang20,cjump,55,NO,not_fixed
232,9,  carry &= -(~(iv2 | -iv2) >> 31);,&,bearssl,src/symcipher/aes_ct64_ctrcbc.c,br_aes_ct64_ctrcbc_encrypt,Oz-fglobal-isel|Ofast-fglobal-isel|O3--global-isel|O1--global-isel|O2--x86-cmov-converter-force-all|O2--global-isel|Ofast--x86-cmov-converter-force-all|Ofast|O3--select-opti-loop-cycle-gain-threshold=0|O2-fglobal-isel|Oz--global-isel|Oz--x86-cmov-converter-force-all|O2|Oz|O3--disable-loop-level-heuristics|O1--x86-cmov-converter-force-all|Os|Ofast--disable-loop-level-heuristics|O3-fglobal-isel|Os--x86-cmov-converter-force-all|Os--global-isel|Ofast--aarch64-insert-extract-base-cost=0|Ofast--global-isel|O3--x86-cmov-converter-force-all|O1|O3|Os-fglobal-isel|O3--aarch64-insert-extract-base-cost=0|Ofast--select-opti-loop-cycle-gain-threshold=0|O1-fglobal-isel,levels|flag1,AArch64|X8664|RISCV,clang14|clang18|clang20,cjump,51,NO,not_fixed
234,9,  carry &= -(~(iv2 | -iv2) >> 31);,&,bearssl,src/symcipher/aes_ct_ctrcbc.c,br_aes_ct_ctrcbc_encrypt,Oz-fglobal-isel|Ofast-fglobal-isel|O3--global-isel|O1--global-isel|O2--x86-cmov-converter-force-all|O2--global-isel|Ofast--x86-cmov-converter-force-all|Ofast|O3--select-opti-loop-cycle-gain-threshold=0|O2-fglobal-isel|Oz--global-isel|Oz--x86-cmov-converter-force-all|O2|Oz|O3--disable-loop-level-heuristics|O1--x86-cmov-converter-force-all|Os|Ofast--disable-loop-level-heuristics|O3-fglobal-isel|Os--x86-cmov-converter-force-all|Os--global-isel|Ofast--global-isel|O3--x86-cmov-converter-force-all|O3--mispredict-default-rate=0|O1|O3|Os-fglobal-isel|Ofast--select-opti-loop-cycle-gain-threshold=0|O1-fglobal-isel|Ofast--mispredict-default-rate=0,levels|flag1,AArch64|X8664|RISCV,clang14|clang18|clang20,cjump,58,NO,not_fixed
363,9,  carry &= -(~(iv2 | -iv2) >> 31);,&,bearssl,src/symcipher/aes_ct_ctrcbc.c,br_aes_ct_ctrcbc_decrypt,Oz-fglobal-isel|Ofast-fglobal-isel|O3--global-isel|O1--global-isel|O2--x86-cmov-converter-force-all|O2--global-isel|Ofast--x86-cmov-converter-force-all|Ofast|O2-fglobal-isel|Oz--global-isel|Oz--x86-cmov-converter-force-all|O2|Oz|O3--disable-loop-level-heuristics|O1--x86-cmov-converter-force-all|Os|Ofast--disable-loop-level-heuristics|O3-fglobal-isel|Os--x86-cmov-converter-force-all|Os--global-isel|Ofast--global-isel|O3--x86-cmov-converter-force-all|O1|O3|Os-fglobal-isel|O1-fglobal-isel,levels|flag1,AArch64|X8664|RISCV,clang14|clang18|clang20,cjump,60,NO,not_fixed
370,9,  carry &= -(~(iv2 | -iv2) >> 31);,&,bearssl,src/symcipher/aes_ct64_ctrcbc.c,br_aes_ct64_ctrcbc_decrypt,Oz-fglobal-isel|Ofast-fglobal-isel|O3--global-isel|O1--global-isel|O2--x86-cmov-converter-force-all|O2--global-isel|Ofast--x86-cmov-converter-force-all|Ofast|O2-fglobal-isel|Oz--global-isel|Oz--x86-cmov-converter-force-all|O2|Oz|O3--disable-loop-level-heuristics|O1--x86-cmov-converter-force-all|Os|Ofast--disable-loop-level-heuristics|O3-fglobal-isel|Os--x86-cmov-converter-force-all|Os--global-isel|Ofast--aarch64-insert-extract-base-cost=0|Ofast--global-isel|O3--x86-cmov-converter-force-all|O1|O3|Os-fglobal-isel|O3--aarch64-insert-extract-base-cost=0|O1-fglobal-isel,levels|flag1,AArch64|X8664|RISCV,clang14|clang18|clang20,cjump,53,NO,not_fixed
47,12,"  cc = (cc & EQ(naw, aw)) | GT(naw, aw);",&,bearssl,src/int/i32_sub.c,br_i32_sub,O3--x86-cmov-converter-force-all|Oz-fglobal-isel|O1--x86-cmov-converter-force-all|Ofast-fglobal-isel|Os-fglobal-isel|O3-fglobal-isel|O3--global-isel|Os--x86-cmov-converter-force-all|O2--global-isel|O1--global-isel|Oz--global-isel|O1-fglobal-isel|O2--x86-cmov-converter-force-all|O2-fglobal-isel|Oz--x86-cmov-converter-force-all|Os--global-isel|Ofast--x86-cmov-converter-force-all|Ofast--global-isel,flag1,X8664|RISCV,clang18|clang20,cjump,22,YES,not_fixed
47,12,"  cc = (cc & EQ(naw, aw)) | LT(naw, aw);",&,bearssl,src/int/i32_add.c,br_i32_add,O3--x86-cmov-converter-force-all|Oz-fglobal-isel|O1--x86-cmov-converter-force-all|Ofast-fglobal-isel|Os-fglobal-isel|O3-fglobal-isel|O3--global-isel|Os--x86-cmov-converter-force-all|O2--global-isel|O1--global-isel|Oz--global-isel|O1-fglobal-isel|O2--x86-cmov-converter-force-all|O2-fglobal-isel|Oz--x86-cmov-converter-force-all|Os--global-isel|Ofast--x86-cmov-converter-force-all|Ofast--global-isel,flag1,X8664|RISCV,clang18|clang20,cjump,19,YES,not_fixed
228,7,"  ctl &= EQ(acc[i], 0x03FFFFFF);",&,bearssl,src/symcipher/poly1305_ctmul.c,br_poly1305_ctmul_run,Oz-fglobal-isel|O1--x86-cmov-converter-force-all|Os-fglobal-isel|O1--global-isel|O1-fglobal-isel|Os--global-isel|Oz--global-isel|Oz--x86-cmov-converter-force-all,flag1,X8664|RISCV,clang18|clang20,cjump,62,YES,not_fixed
262,7,"  ctl &= EQ(acc[i], 0x1FFF);",&,bearssl,src/symcipher/poly1305_ctmul32.c,br_poly1305_ctmul32_run,Oz-fglobal-isel|O1--x86-cmov-converter-force-all|Os-fglobal-isel|Os--x86-cmov-converter-force-all|O1--global-isel|O1-fglobal-isel|Os--global-isel|Oz--global-isel|Oz--x86-cmov-converter-force-all,flag1,X8664|RISCV,clang18|clang20,cjump,63,YES,not_fixed
150,8,"  good &= LT(u, len) | EQ(buf[u], pad_len);",&,bearssl,src/ssl/ssl_rec_cbc.c,cbc_decrypt,O3--x86-cmov-converter-force-all|Oz-fglobal-isel|O1--x86-cmov-converter-force-all|Ofast-fglobal-isel|Os-fglobal-isel|O3--global-isel|O3-fglobal-isel|Os--x86-cmov-converter-force-all|Oz--global-isel|O1--global-isel|O1-fglobal-isel|O2--x86-cmov-converter-force-all|O2--global-isel|Oz--x86-cmov-converter-force-all|O2-fglobal-isel|Ofast--x86-cmov-converter-force-all|Os--global-isel|Ofast--global-isel,flag1,X8664|RISCV,clang18|clang20,cjump,46,YES,not_fixed
91,7,  iv0 += carry;,+,bearssl,src/symcipher/aes_ct_ctrcbc.c,br_aes_ct_ctrcbc_ctr,Ofast|O1|Os|O3|O2|Oz,levels,RISCV,clang14,cjump,360,NO,not_fixed
235,7,  iv0 += carry;,+,bearssl,src/symcipher/aes_ct64_ctrcbc.c,br_aes_ct64_ctrcbc_encrypt,Ofast|O1|Os|O3|O2|Oz,levels,RISCV,clang14,cjump,358,NO,not_fixed
237,7,  iv0 += carry;,+,bearssl,src/symcipher/aes_ct_ctrcbc.c,br_aes_ct_ctrcbc_encrypt,Ofast|O1|Os|O3|O2|Oz,levels,RISCV,clang14,cjump,360,NO,not_fixed
366,7,  iv0 += carry;,+,bearssl,src/symcipher/aes_ct_ctrcbc.c,br_aes_ct_ctrcbc_decrypt,Ofast|O3|O2|Oz,levels,RISCV,clang14,cjump,364,NO,not_fixed
373,7,  iv0 += carry;,+,bearssl,src/symcipher/aes_ct64_ctrcbc.c,br_aes_ct64_ctrcbc_decrypt,Ofast|O3|O2|Oz,levels,RISCV,clang14,cjump,359,NO,not_fixed
305,7,"  m11 -= 11 & -GT(m11, 10);",-,bearssl,src/rsa/rsa_i15_keygen.c,mkprime,Ofast|O1|Os|O3|O2|Oz,levels,RISCV,clang14,cjump,343,YES,not_fixed
305,13,"  m11 -= 11 & -GT(m11, 10);",&,bearssl,src/rsa/rsa_i15_keygen.c,mkprime,Oz-fglobal-isel|Ofast-fglobal-isel|Os-fglobal-isel|O3--global-isel|O3-fglobal-isel|Oz--global-isel|O1--global-isel|O1-fglobal-isel|O2-fglobal-isel|O2--global-isel|Os--global-isel|Ofast--global-isel,flag1,RISCV,clang18|clang20,cjump,32,YES,not_fixed
327,7,"  m11 -= 11 & -GT(m11, 10);",-,bearssl,src/rsa/rsa_i31_keygen_inner.c,mkprime,Oz|O1,levels,RISCV,clang14,cjump,350,YES,not_fixed
327,13,"  m11 -= 11 & -GT(m11, 10);",&,bearssl,src/rsa/rsa_i31_keygen_inner.c,mkprime,Oz-fglobal-isel|Ofast-fglobal-isel|Os-fglobal-isel|O3--global-isel|O3-fglobal-isel|Oz--global-isel|O1--global-isel|O1-fglobal-isel|O2-fglobal-isel|O2--global-isel|Os--global-isel|Ofast--global-isel,flag1,RISCV,clang18|clang20,cjump,40,YES,not_fixed
304,7,"  m11 -= 22 & -GT(m11, 21);",-,bearssl,src/rsa/rsa_i15_keygen.c,mkprime,Ofast|O1|Os|O3|O2|Oz,levels,RISCV,clang14,cjump,342,YES,not_fixed
304,13,"  m11 -= 22 & -GT(m11, 21);",&,bearssl,src/rsa/rsa_i15_keygen.c,mkprime,Oz-fglobal-isel|Ofast-fglobal-isel|Os-fglobal-isel|O3--global-isel|O3-fglobal-isel|Oz--global-isel|O1--global-isel|O1-fglobal-isel|O2-fglobal-isel|O2--global-isel|Os--global-isel|Ofast--global-isel,flag1,RISCV,clang18|clang20,cjump,31,YES,not_fixed
326,7,"  m11 -= 22 & -GT(m11, 21);",-,bearssl,src/rsa/rsa_i31_keygen_inner.c,mkprime,Oz|O1,levels,RISCV,clang14,cjump,349,YES,not_fixed
326,13,"  m11 -= 22 & -GT(m11, 21);",&,bearssl,src/rsa/rsa_i31_keygen_inner.c,mkprime,Oz-fglobal-isel|Ofast-fglobal-isel|Os-fglobal-isel|O3--global-isel|O3-fglobal-isel|Oz--global-isel|O1--global-isel|O1-fglobal-isel|O2-fglobal-isel|O2--global-isel|Os--global-isel|Ofast--global-isel,flag1,RISCV,clang18|clang20,cjump,39,YES,not_fixed
303,7,"  m11 -= 44 & -GT(m11, 43);",-,bearssl,src/rsa/rsa_i15_keygen.c,mkprime,Ofast|O1|Os|O3|O2|Oz,levels,RISCV,clang14,cjump,341,YES,not_fixed
303,13,"  m11 -= 44 & -GT(m11, 43);",&,bearssl,src/rsa/rsa_i15_keygen.c,mkprime,Oz-fglobal-isel|Ofast-fglobal-isel|Os-fglobal-isel|O3--global-isel|O3-fglobal-isel|Oz--global-isel|O1--global-isel|O1-fglobal-isel|O2-fglobal-isel|O2--global-isel|Os--global-isel|Ofast--global-isel,flag1,RISCV,clang18|clang20,cjump,30,YES,not_fixed
325,7,"  m11 -= 44 & -GT(m11, 43);",-,bearssl,src/rsa/rsa_i31_keygen_inner.c,mkprime,O3--x86-cmov-converter-force-all|O1--x86-cmov-converter-force-all|O1|Os--x86-cmov-converter-force-all|O2--x86-cmov-converter-force-all|Oz--x86-cmov-converter-force-all|Ofast--x86-cmov-converter-force-all|Oz,levels|flag1,X8664|RISCV,clang14|clang20,cjump,348,YES,not_fixed
325,13,"  m11 -= 44 & -GT(m11, 43);",&,bearssl,src/rsa/rsa_i31_keygen_inner.c,mkprime,Oz-fglobal-isel|Ofast-fglobal-isel|Os-fglobal-isel|O3--global-isel|O3-fglobal-isel|Oz--global-isel|O1--global-isel|O1-fglobal-isel|O2-fglobal-isel|O2--global-isel|Os--global-isel|Ofast--global-isel,flag1,RISCV,clang18|clang20,cjump,38,YES,not_fixed
302,7,"  m11 -= 88 & -GT(m11, 87);",-,bearssl,src/rsa/rsa_i15_keygen.c,mkprime,Ofast|O1|Os|O3|O2|Oz,levels,RISCV,clang14,cjump,340,YES,not_fixed
302,13,"  m11 -= 88 & -GT(m11, 87);",&,bearssl,src/rsa/rsa_i15_keygen.c,mkprime,Oz-fglobal-isel|Ofast-fglobal-isel|Os-fglobal-isel|O3--global-isel|O3-fglobal-isel|Oz--global-isel|O1--global-isel|O1-fglobal-isel|O2-fglobal-isel|O2--global-isel|Os--global-isel|Ofast--global-isel,flag1,RISCV,clang18|clang20,cjump,29,YES,not_fixed
291,6,"  m5 -= 10 & -GT(m5, 9);",-,bearssl,src/rsa/rsa_i15_keygen.c,mkprime,O3--x86-cmov-converter-force-all|O1--x86-cmov-converter-force-all|Ofast|O1|Os|O3|Os--x86-cmov-converter-force-all|O2--x86-cmov-converter-force-all|Oz--x86-cmov-converter-force-all|Ofast--x86-cmov-converter-force-all|O2|Oz,levels|flag1,X8664|RISCV,clang14|clang18|clang20,cjump,26,YES,not_fixed
291,12,"  m5 -= 10 & -GT(m5, 9);",&,bearssl,src/rsa/rsa_i15_keygen.c,mkprime,Oz-fglobal-isel|Ofast-fglobal-isel|Os-fglobal-isel|O3--global-isel|O3-fglobal-isel|Oz--global-isel|O1--global-isel|O1-fglobal-isel|O2-fglobal-isel|O2--global-isel|Os--global-isel|Ofast--global-isel,flag1,RISCV,clang18|clang20,cjump,27,YES,not_fixed
312,6,"  m5 -= 10 & -GT(m5, 9);",-,bearssl,src/rsa/rsa_i31_keygen_inner.c,mkprime,Oz|O1,levels,RISCV,clang14,cjump,346,YES,not_fixed
312,12,"  m5 -= 10 & -GT(m5, 9);",&,bearssl,src/rsa/rsa_i31_keygen_inner.c,mkprime,Oz-fglobal-isel|Ofast-fglobal-isel|Os-fglobal-isel|O3--global-isel|O3-fglobal-isel|Oz--global-isel|O1--global-isel|O1-fglobal-isel|O2-fglobal-isel|O2--global-isel|Os--global-isel|Ofast--global-isel,flag1,RISCV,clang18|clang20,cjump,36,YES,not_fixed
311,6,"  m5 -= 20 & -GT(m5, 19);",-,bearssl,src/rsa/rsa_i31_keygen_inner.c,mkprime,O3--x86-cmov-converter-force-all|O1--x86-cmov-converter-force-all|O1|Os--x86-cmov-converter-force-all|O2--x86-cmov-converter-force-all|Oz--x86-cmov-converter-force-all|Ofast--x86-cmov-converter-force-all|Oz,levels|flag1,X8664|RISCV,clang14|clang18|clang20,cjump,34,YES,not_fixed
311,12,"  m5 -= 20 & -GT(m5, 19);",&,bearssl,src/rsa/rsa_i31_keygen_inner.c,mkprime,Oz-fglobal-isel|Ofast-fglobal-isel|Os-fglobal-isel|O3--global-isel|O3-fglobal-isel|Oz--global-isel|O1--global-isel|O1-fglobal-isel|O2-fglobal-isel|O2--global-isel|Os--global-isel|Ofast--global-isel,flag1,RISCV,clang18|clang20,cjump,35,YES,not_fixed
292,6,"  m5 -= 5 & -GT(m5, 4);",-,bearssl,src/rsa/rsa_i15_keygen.c,mkprime,Ofast|O1|Os|O3|O2|Oz,levels,RISCV,clang14,cjump,339,YES,not_fixed
292,11,"  m5 -= 5 & -GT(m5, 4);",&,bearssl,src/rsa/rsa_i15_keygen.c,mkprime,Oz-fglobal-isel|Ofast-fglobal-isel|Os-fglobal-isel|O3--global-isel|O3-fglobal-isel|Oz--global-isel|O1--global-isel|O1-fglobal-isel|O2-fglobal-isel|O2--global-isel|Os--global-isel|Ofast--global-isel,flag1,RISCV,clang18|clang20,cjump,28,YES,not_fixed
313,6,"  m5 -= 5 & -GT(m5, 4);",-,bearssl,src/rsa/rsa_i31_keygen_inner.c,mkprime,Oz|O1,levels,RISCV,clang14,cjump,347,YES,not_fixed
313,11,"  m5 -= 5 & -GT(m5, 4);",&,bearssl,src/rsa/rsa_i31_keygen_inner.c,mkprime,Oz-fglobal-isel|Ofast-fglobal-isel|Os-fglobal-isel|O3--global-isel|O3-fglobal-isel|Oz--global-isel|O1--global-isel|O1-fglobal-isel|O2-fglobal-isel|O2--global-isel|Os--global-isel|Ofast--global-isel,flag1,RISCV,clang18|clang20,cjump,37,YES,not_fixed
101,14,  mw = (m[k] ^ xm) & ym;,^,bearssl,src/int/i15_moddiv.c,br_i15_moddiv,O3--unswitch-threshold=-1|Ofast--unswitch-threshold=-1,flag1,RISCV,clang14,cjump,336,YES,not_fixed
122,11,"  s |= nz & EQ(w, 0x01);",&,bearssl,src/rsa/rsa_oaep_unpad.c,br_rsa_oaep_unpad,O3--x86-cmov-converter-force-all|Oz-fglobal-isel|O1--x86-cmov-converter-force-all|Ofast-fglobal-isel|Os-fglobal-isel|O3--global-isel|O3-fglobal-isel|Os--x86-cmov-converter-force-all|Oz--global-isel|O1--global-isel|O1-fglobal-isel|O2--x86-cmov-converter-force-all|O2--global-isel|Oz--x86-cmov-converter-force-all|O2-fglobal-isel|Ofast--x86-cmov-converter-force-all|Os--global-isel|Ofast--global-isel,flag1,X8664|RISCV,clang18|clang20,cjump,41,YES,not_fixed
169,11,"  tmp1[v] |= MUX(GE(u, len_nomac) & LT(u, len_withmac),",|,bearssl,src/ssl/ssl_rec_cbc.c,cbc_decrypt,Oz-fglobal-isel|Os--aarch64-enable-global-isel-at-O=50|Os--fast-isel|Ofast|O2--fast-isel|O1--fast-isel|O3--fast-isel|O2|Oz|O3--disable-loop-level-heuristics|Os|Ofast--disable-loop-level-heuristics|Os--aarch64-enable-global-isel-at-O=100|Ofast--fast-isel|Oz--aarch64-enable-global-isel-at-O=50|Ofast--partial-unrolling-threshold=100|Ofast--unroll-runtime|O1|Oz--fast-isel|O3|Os-fglobal-isel|Oz--aarch64-enable-global-isel-at-O=100|O3--partial-unrolling-threshold=100|O3--unroll-runtime,levels|flag1,AArch64|X8664|RISCV|ARM,clang14|clang18,cjump|mmem,47,YES,not_fixed
264,13,  u0 -= (u1 - (r & -ctl)) & -sab;,-,bearssl,src/rsa/rsa_i15_privexp.c|src/rsa/rsa_i31_privexp.c,br_rsa_i15_compute_privexp|br_rsa_i31_compute_privexp,Os--unroll-force-peel-count=100|O2--unroll-count=50|Os--unroll-count=100|Oz--unroll-count=50|O3--unroll-count=100|Ofast--unroll-count=50|Os--unroll-count=50|O2--unroll-count=100|Os--unroll-force-peel-count=50|Oz--unroll-count=100|O3--unroll-count=50|Ofast--unroll-count=100,flag1,RISCV,clang14,cjump,344,YES,not_fixed
265,27,  v0 -= (v1 - (e & -ctl)) & -sab;,&,bearssl,src/rsa/rsa_i15_privexp.c|src/rsa/rsa_i31_privexp.c,br_rsa_i15_compute_privexp|br_rsa_i31_compute_privexp,Os--unroll-force-peel-count=100|O2--unroll-count=50|Os--unroll-count=100|Oz--unroll-count=50|O3--unroll-count=100|Ofast--unroll-count=50|Os--unroll-count=50|O2--unroll-count=100|Os--unroll-force-peel-count=50|Oz--unroll-count=100|O3--unroll-count=50|Ofast--unroll-count=100,flag1,RISCV,clang14,cjump,345,YES,not_fixed
47,5,"  x &= NEQ(data[u], 0);",&,bearssl,src/rsa/rsa_ssl_decrypt.c,br_rsa_ssl_decrypt,O3--x86-cmov-converter-force-all|Oz-fglobal-isel|O1--x86-cmov-converter-force-all|Ofast-fglobal-isel|Os-fglobal-isel|O3-fglobal-isel|O3--global-isel|Os--x86-cmov-converter-force-all|O2--global-isel|O1--global-isel|Oz--global-isel|O1-fglobal-isel|O2--x86-cmov-converter-force-all|O2-fglobal-isel|Oz--x86-cmov-converter-force-all|Os--global-isel|Ofast--x86-cmov-converter-force-all|Ofast--global-isel,flag1,X8664|RISCV,clang18|clang20,cjump,43,YES,not_fixed
44,5,  x -= (-ctl) & d;,-,bearssl,src/int/i15_muladd.c,divrem16|br_i15_muladd_small,Ofast|O1|Os|O3|O2|Oz,levels,RISCV,clang14,cjump,337,YES,not_fixed
44,15,  x -= (-ctl) & d;,&,bearssl,src/int/i15_muladd.c,divrem16|br_i15_muladd_small,Oz-fglobal-isel|Ofast-fglobal-isel|O3--global-isel|O1--global-isel|O3--unroll-full-max-count=0|O2--disable-select-optimize=false|Ofast--unroll-threshold=0|O2--global-isel|Ofast--x86-cmov-converter-force-all|Ofast--unroll-threshold=50|O3--unroll-threshold=50|O3--unroll-threshold-aggressive=100|Ofast--unroll-threshold-aggressive=50|O3--unroll-threshold=100|O2-fglobal-isel|Oz--global-isel|Ofast--unroll-threshold-aggressive=100|Oz--x86-cmov-converter-force-all|O2|Oz|Os|O3-fglobal-isel|Oz--unroll-partial-threshold=100|Ofast--unroll-threshold=100|Os--global-isel|Ofast-fno-unroll-loops|Ofast--global-isel|Ofast--unroll-count=0|O3--x86-cmov-converter-force-all|O1--disable-select-optimize=false|Ofast--unroll-full-max-count=0|O1|Oz--fast-isel|Ofast--unroll-threshold-aggressive=0|O3-fno-unroll-loops|Os-fglobal-isel|Oz--unroll-partial-threshold=50|O3--unroll-threshold-aggressive=50|O1-fglobal-isel|O3--unroll-threshold=0|O3--unroll-count=0|O3--unroll-threshold-aggressive=0,levels|flag1,X8664|MIPS64|RISCV|MIPS32EL,clang14|clang18|clang20,cjump,15,YES,not_fixed
85,21,  z = (src[i] << 1) ^ cc;,^,bearssl,src/aead/eax.c,br_eax_init|double_gf128,O1-funroll-loops|Ofast|Os--unroll-force-peel-count=100|Os--unroll-count=100|Oz--unroll-count=50|O3|Os--unroll-count=50|Os--unroll-force-peel-count=50|Oz--unroll-count=100|O2,levels|flag1,RISCV,clang14,cjump,317,YES,not_fixed
77,3,  | (((unsigned)tag_len - 2) << 2),|,bearssl,src/aead/ccm.c,br_ccm_reset,Ofast|O1|Os|O3|O0|O2|Oz,levels,RISCV,clang14,cjump,316,NO,not_fixed
454,3,"  | ((q + 28) & -LT(q, 26))",|,bearssl,src/codec/pemdec.c,br_pem_decoder_run,O3--x86-cmov-converter-force-all|O1--x86-cmov-converter-force-all|Ofast|O1|Os|O3|Os--x86-cmov-converter-force-all|O2--x86-cmov-converter-force-all|Oz--x86-cmov-converter-force-all|Ofast--x86-cmov-converter-force-all|O2|Oz,levels|flag1,X8664|RISCV,clang14|clang18,cjump,3,NO,not_fixed
454,15,"  | ((q + 28) & -LT(q, 26))",&,bearssl,src/codec/pemdec.c,br_pem_decoder_run,Oz-fglobal-isel|O2--inline-instr-cost=100|O2--inline-threshold=-1|Ofast-fglobal-isel|O2--inlinedefault-threshold=-1|O3--global-isel|O2--inline-instr-cost=50|O3-finline-hint-functions|O1--global-isel|O3--unroll-force-peel-count=50|Os--inline-memaccess-cost=100|O2--x86-cmov-converter-force-all|O2--global-isel|Os--inline-threshold=0|Ofast--x86-cmov-converter-force-all|Os--inline-threshold=-1|O2--unroll-force-peel-count=100|O2-finline-hint-functions|Ofast-finline-hint-functions|O2-fglobal-isel|Oz--global-isel|O2--unroll-force-peel-count=50|Oz|Os-finline-hint-functions|O3-fglobal-isel|Os--inline-instr-cost=50|Os--x86-cmov-converter-force-all|Ofast--unroll-force-peel-count=50|Os--unroll-force-peel-count=50|Os--global-isel|Ofast--unroll-force-peel-count=100|O3--unroll-force-peel-count=100|Ofast--global-isel|O2--inlinedefault-threshold=0|O3--x86-cmov-converter-force-all|O2--inline-threshold=0|Os--inline-memaccess-cost=50|Os-fglobal-isel|O1-fglobal-isel|Os--inline-instr-cost=100|Oz--slp-threshold=-1,levels|flag1,X8664|RISCV,clang14|clang18|clang20,cjump,4,NO,not_fixed
455,15,"  | ((r + 54) & -LT(r, 10))",&,bearssl,src/codec/pemdec.c,br_pem_decoder_run,Oz--slp-min-reg-size=50|Oz-fglobal-isel|Oz--slp-min-reg-size=0|Ofast-fglobal-isel|Os-fglobal-isel|O3--global-isel|O3-fglobal-isel|Oz--global-isel|O1--global-isel|O1-fglobal-isel|O2-fglobal-isel|O2--global-isel|Os--global-isel|Ofast--global-isel,flag1,X8664|RISCV,clang18|clang20,cjump,5,NO,not_fixed
456,3,"  | (64 & -EQ(c, 0x2B))",|,bearssl,src/codec/pemdec.c,br_pem_decoder_run,Ofast|O1|Os|O3|O2|Oz,levels,RISCV,clang14,cjump,320,NO,not_fixed
457,3,"  | (65 & -EQ(c, 0x2F))",|,bearssl,src/codec/pemdec.c,br_pem_decoder_run,Ofast|O1|Os|O3|O2|Oz,levels,RISCV,clang14,cjump,321,NO,not_fixed
457,9,"  | (65 & -EQ(c, 0x2F))",&,bearssl,src/codec/pemdec.c,br_pem_decoder_run,Oz-fglobal-isel|O1--x86-cmov-converter-force-all|Ofast-fglobal-isel|Os-fglobal-isel|O3--global-isel|O3-fglobal-isel|Oz--global-isel|O1--global-isel|O1-fglobal-isel|O2-fglobal-isel|O2--global-isel|Os--global-isel|Ofast--global-isel,flag1,X8664|RISCV,clang20,cjump,537,NO,not_fixed
458,3,"  | EQ(c, 0x3D);",|,bearssl,src/codec/pemdec.c,br_pem_decoder_run,Ofast|O1|Os|O3|O2|Oz,levels,RISCV,clang14,cjump,322,NO,not_fixed
158,15," br_ccopy(ctl ^ 1, xcoor, rpms, xcoor_len);",^,bearssl,src/ssl/ssl_hs_server.c,ecdh_common|br_ssl_hs_server_run,O3--x86-cmov-converter-force-all|O1--x86-cmov-converter-force-all|Ofast|O1|Os|O3|Os--x86-cmov-converter-force-all|O2--x86-cmov-converter-force-all|Oz--x86-cmov-converter-force-all|Ofast--x86-cmov-converter-force-all|O2|Oz,levels|flag1,X8664|RISCV,clang14|clang18,cjump,45,YES,not_fixed
922,47," c = GT(x, 0x000F); x = MUX(c, x >>  4, x); k += c << 2;",+,bearssl,src/rsa/rsa_pss_sig_unpad.c,br_rsa_pss_sig_unpad,Oz-fenable-matrix|Oz--enable-matrix|Oz--extra-vectorizer-passes,flag1,RISCV,clang20,cjump,554,NO,not_fixed
199,18, cc = (38 & -t4) + (19 & -(t3 >> 63));,+,bearssl,src/ec/ec_c25519_m64.c,api_mul|f255_sub,Ofast|O1|Os|O3|O2|Oz,levels,RISCV,clang14,cjump,324,YES,not_fixed
199,24, cc = (38 & -t4) + (19 & -(t3 >> 63));,&,bearssl,src/ec/ec_c25519_m64.c,api_mul|f255_sub,O3--disable-loop-level-heuristics|Oz-fglobal-isel|Ofast--select-opti-loop-relative-gain-threshold=100|Ofast-fglobal-isel|O3--select-opti-loop-relative-gain-threshold=100|Ofast--disable-loop-level-heuristics|O3--select-opti-loop-relative-gain-threshold=50|Ofast--select-opti-loop-relative-gain-threshold=50|O3--global-isel|O3-fglobal-isel|Os-fglobal-isel|Oz--global-isel|O1--global-isel|O1-fglobal-isel|O2-fglobal-isel|O2--global-isel|Os--global-isel|Ofast--global-isel,flag1,AArch64|RISCV,clang18|clang20,cjump,6,YES,not_fixed
81,12, cc = 0x87 & -((unsigned)src[0] >> 7);,&,bearssl,src/aead/eax.c,br_eax_init|double_gf128,Oz-fglobal-isel|O1--x86-cmov-converter-force-all|O2--fast-isel|Ofast-fglobal-isel|Os-fglobal-isel|O3--global-isel|O3-fglobal-isel|Os--x86-cmov-converter-force-all|O3--fast-isel|O1--global-isel|Ofast--fast-isel|Oz--global-isel|O1-fglobal-isel|O2-fglobal-isel|O2--global-isel|Os--global-isel|Oz--x86-cmov-converter-force-all|Ofast--global-isel,flag1,X8664|RISCV,clang14|clang18|clang20,cjump,1,YES,not_fixed
488,7, d[7] -= c << 14;,-,bearssl,src/ec/ec_p256_m31.c,mul_f256,Ofast|Oz--disable-peephole|Os--disable-peephole|O1|Os|O3|O2|Oz|O1--disable-peephole,levels|flag1,RISCV|ARM,clang14,cjump|mmem,329,YES,not_fixed
600,7, d[7] -= c << 14;,-,bearssl,src/ec/ec_p256_m31.c,square_f256,Ofast|Oz--disable-peephole|Os--disable-peephole|O1|Os|O3|O2|Oz|O1--disable-peephole,levels|flag1,RISCV|ARM,clang14,cjump|mmem,329,YES,not_fixed
135,4, e &= -(e & 1);,&,bearssl,src/rsa/rsa_i15_pubexp.c|src/rsa/rsa_i31_pubexp.c,get_pubexp,Ofast-fglobal-isel|Os-fglobal-isel|O3--global-isel|O3-fglobal-isel|O1--global-isel|O1-fglobal-isel|O2-fglobal-isel|O2--global-isel|Os--global-isel|Ofast--global-isel,flag1,RISCV,clang20,cjump,552,NO,not_fixed
134,4," e &= -LT(br_i15_bit_length(x + 1, len - 1), 35);",&,bearssl,src/rsa/rsa_i15_pubexp.c,get_pubexp,O3--x86-cmov-converter-force-all|O1--x86-cmov-converter-force-all|Ofast-fglobal-isel|Os-fglobal-isel|O3--global-isel|O3-fglobal-isel|Os--x86-cmov-converter-force-all|O1--global-isel|O1-fglobal-isel|O2--x86-cmov-converter-force-all|O2--global-isel|Oz--x86-cmov-converter-force-all|O2-fglobal-isel|Ofast--x86-cmov-converter-force-all|Os--global-isel|Ofast--global-isel,flag1,X8664|RISCV,clang20,cjump,551,NO,not_fixed
134,4," e &= -LT(br_i31_bit_length(x + 1, len - 1), 34);",&,bearssl,src/rsa/rsa_i31_pubexp.c,get_pubexp,O3--x86-cmov-converter-force-all|O1--x86-cmov-converter-force-all|Ofast-fglobal-isel|Os-fglobal-isel|O3--global-isel|O3-fglobal-isel|Os--x86-cmov-converter-force-all|O1--global-isel|O1-fglobal-isel|O2--x86-cmov-converter-force-all|O2--global-isel|Oz--x86-cmov-converter-force-all|O2-fglobal-isel|Ofast--x86-cmov-converter-force-all|Os--global-isel|Ofast--global-isel,flag1,X8664|RISCV,clang20,cjump,553,NO,not_fixed
924,4," k += GT(x, 0x0001);",+,bearssl,src/rsa/rsa_pss_sig_unpad.c,br_rsa_pss_sig_unpad,Ofast--enable-module-inliner|O3--enable-knowledge-retention|Ofast--enable-knowledge-retention|O1--enable-knowledge-retention|Os--enable-module-inliner|Oz--enable-module-inliner|O2--enable-knowledge-retention|O3--enable-module-inliner|Oz--enable-knowledge-retention|O1--enable-module-inliner|O2--enable-module-inliner|Os--enable-knowledge-retention,flag1,RISCV,clang14,cjump,351,NO,not_fixed
645,4," r &= EQ(buf[0], 0x04);",&,bearssl,src/ec/ec_prime_i31.c,point_decode,Oz-fglobal-isel|Ofast-fglobal-isel|Os-fglobal-isel|O3--global-isel|O3-fglobal-isel|Oz--global-isel|O1--global-isel|O1-fglobal-isel|O2-fglobal-isel|O2--global-isel|Os--global-isel|Ofast--global-isel,flag1,RISCV,clang20,cjump,543,NO,not_fixed
646,4," r &= EQ(buf[0], 0x04);",&,bearssl,src/ec/ec_prime_i15.c,point_decode,Oz-fglobal-isel|Ofast-fglobal-isel|Os-fglobal-isel|O3--global-isel|O3-fglobal-isel|Oz--global-isel|O1--global-isel|O1-fglobal-isel|O2-fglobal-isel|O2--global-isel|Os--global-isel|Ofast--global-isel,flag1,RISCV,clang20,cjump,542,NO,not_fixed
837,27," return (int32_t)GT(x, y) | -(int32_t)GT(y, x);",|,bearssl,src/ec/ec_p256_m64.c|src/ec/ec_p256_m62.c|src/int/i32_decmod.c|src/int/i15_decmod.c,br_i32_decode_mod|api_mul|br_i15_decode_mod,Oz-fglobal-isel|Ofast-fglobal-isel|O2--x86-cmov-converter-force-all|O2--disable-select-optimize=false|Ofast--x86-cmov-converter-force-all|Ofast|O3--disable-select-optimize=false|O3--select-opti-loop-cycle-gain-threshold=0|Ofast--partial-unrolling-threshold=50|O2-fglobal-isel|Oz--x86-cmov-converter-force-all|O2|Oz|O3--disable-loop-level-heuristics|O1--x86-cmov-converter-force-all|Os|O3--partial-unrolling-threshold=50|Ofast--disable-loop-level-heuristics|O3-fglobal-isel|Os--x86-cmov-converter-force-all|Ofast--partial-unrolling-threshold=100|Ofast--disable-select-optimize=false|Ofast--unroll-runtime|O3--x86-cmov-converter-force-all|O1--disable-select-optimize=false|O3--unroll-allow-partial|O3--mispredict-default-rate=0|O1|Ofast--unroll-allow-partial|O3|Os-fglobal-isel|O3--partial-unrolling-threshold=100|O1-fglobal-isel|Ofast--select-opti-loop-cycle-gain-threshold=0|Ofast--mispredict-default-rate=0|O3--unroll-runtime,levels|flag1,X8664|MIPS64|MIPS32EL|AArch64|RISCV,clang14|clang18,cjump,20,YES,not_fixed
796,18, return (q | -q) >> 31;,>,bearssl,src/ec/ec_p256_m62.c|src/ec/ec_p256_m64.c,api_mul,Os--unroll-force-peel-count=50|Os--unroll-force-peel-count=100,flag1,RISCV,clang14,cjump,333,YES,not_fixed
151,12," return ep & -EQ(ep, eq);",&,bearssl,src/rsa/rsa_i15_pubexp.c|src/rsa/rsa_i31_pubexp.c,br_rsa_i31_compute_pubexp|br_rsa_i15_compute_pubexp,Oz-fglobal-isel|Ofast-fglobal-isel|O3--global-isel|O1--global-isel|O2--x86-cmov-converter-force-all|O2--global-isel|Ofast--x86-cmov-converter-force-all|Ofast|O2-fglobal-isel|Oz--global-isel|Oz--x86-cmov-converter-force-all|O2|Oz|O1--x86-cmov-converter-force-all|Os|O3-fglobal-isel|Os--x86-cmov-converter-force-all|Os--global-isel|Ofast--global-isel|O3--x86-cmov-converter-force-all|O1|O3|Os-fglobal-isel|O1-fglobal-isel,levels|flag1,X8664|RISCV,clang14|clang18|clang20,cjump,33,YES,not_fixed
105,11, return x ^ ((unsigned)(-(int)(x >> 8)) & 0x11B);,^,bearssl,src/symcipher/aes_big_dec.c,br_aes_big_keysched_inv,Ofast|Oz--inline-threshold=100|O1|Os|O3|Oz--inline-call-penalty=100|Oz--inline-threshold=50|O2,levels|flag1,RISCV,clang14,cjump,356,YES,not_fixed
105,41, return x ^ ((unsigned)(-(int)(x >> 8)) & 0x11B);,&,bearssl,src/symcipher/aes_big_dec.c,br_aes_big_keysched_inv,O3--disable-loop-level-heuristics|Ofast-fglobal-isel|Ofast--disable-loop-level-heuristics|Os-fglobal-isel|O3-fglobal-isel|O3--global-isel|O1--global-isel|O1-fglobal-isel|O2-fglobal-isel|O2--global-isel|Os--global-isel|Ofast--global-isel,flag1,AArch64|RISCV,clang18|clang20,cjump,48,YES,not_fixed
772,11, return y ^ (-ctl & (x ^ y));,^,bearssl,src/int/i31_decmod.c|src/int/i15_decmod.c|src/int/i15_bitlen.c|src/int/i32_muladd.c|src/int/i15_muladd.c|src/rsa/rsa_pss_sig_unpad.c|src/int/i32_decmod.c|src/ssl/ssl_rec_cbc.c|src/int/i32_bitlen.c|src/int/i31_bitlen.c|src/mac/hmac_ct.c|src/int/i31_muladd.c|src/int/i32_div32.c|src/symcipher/poly1305_ctmul32.c|src/symcipher/poly1305_ctmul.c,br_hmac_outCT|br_i15_bit_length|br_i15_muladd_small|br_poly1305_ctmul_run|br_poly1305_ctmul32_run|br_i31_decode_mod|br_i15_decode_mod|br_rsa_pss_sig_unpad|br_i32_decode_mod|br_i31_bit_length|br_divrem|br_i31_muladd_small|br_i32_bit_length|br_i32_muladd_small|cbc_decrypt,O3--pre-RA-sched=list-hybrid|O3--pre-RA-sched=list-burr|Ofast--pre-RA-sched=list-ilp|O2--x86-cmov-converter-force-all|O2--disable-select-optimize=false|Ofast--x86-cmov-converter-force-all|O3--pre-RA-sched=list-ilp|Os--fast-isel|O3--force-specialization|Ofast|Ofast--pre-RA-sched=list-burr|O2--fast-isel|O3--disable-select-optimize=false|O1--fast-isel|O3--select-opti-loop-cycle-gain-threshold=0|Ofast--partial-unrolling-threshold=50|O3--fast-isel|O2--pre-RA-sched=list-hybrid|Oz--x86-cmov-converter-force-all|O2|O2--pre-RA-sched=list-ilp|Oz|O3--disable-loop-level-heuristics|O1--x86-cmov-converter-force-all|Os|Ofast--disable-loop-level-heuristics|O3--partial-unrolling-threshold=50|Os--x86-cmov-converter-force-all|O2--pre-RA-sched=list-burr|Ofast--force-specialization|Ofast--fast-isel|Ofast--partial-unrolling-threshold=100|Ofast--disable-select-optimize=false|Ofast--unroll-runtime|O3--x86-cmov-converter-force-all|O1|Oz--fast-isel|O3|Ofast--pre-RA-sched=list-hybrid|O3--partial-unrolling-threshold=100|O2--force-specialization|Ofast--select-opti-loop-cycle-gain-threshold=0|O3--unroll-runtime,levels|flag1,X8664|MIPS64|MIPS32EL|AArch64|RISCV,clang14|clang18|clang20,cjump,12,YES,not_fixed
772,19, return y ^ (-ctl & (x ^ y));,&,bearssl,src/int/i32_decmod.c|src/int/i15_decmod.c|src/int/i31_decmod.c|src/int/i32_ninv32.c|src/int/i32_bitlen.c|src/int/i15_bitlen.c|src/int/i31_bitlen.c|src/int/i15_ninv15.c|src/int/i31_ninv31.c|src/ssl/ssl_rec_cbc.c|src/symcipher/poly1305_ctmul.c,br_i15_bit_length|br_poly1305_ctmul_run|br_i32_ninv32|br_i31_ninv31|br_i31_decode_mod|br_i15_decode_mod|br_i32_decode_mod|br_i31_bit_length|br_i15_ninv15|br_i32_bit_length|cbc_decrypt,Oz-fglobal-isel|Ofast-fglobal-isel|O3--global-isel|O1--global-isel|O2--disable-select-optimize=false|O2--global-isel|Ofast|O3--disable-select-optimize=false|O3--select-opti-loop-cycle-gain-threshold=0|Ofast--partial-unrolling-threshold=50|O2-fglobal-isel|Oz--global-isel|O2|Oz|O3--disable-loop-level-heuristics|Os|Ofast--disable-loop-level-heuristics|O3--partial-unrolling-threshold=50|O3-fglobal-isel|Ofast--partial-unrolling-threshold=100|Os--global-isel|Ofast--disable-select-optimize=false|Ofast--unroll-runtime|Ofast--global-isel|O1--disable-select-optimize=false|O3--mispredict-default-rate=0|O1|O3|Os-fglobal-isel|O3--partial-unrolling-threshold=100|O1-fglobal-isel|Ofast--select-opti-loop-cycle-gain-threshold=0|Ofast--mispredict-default-rate=0|O3--unroll-runtime,levels|flag1,X8664|MIPS64|MIPS32EL|AArch64|RISCV,clang14|clang18|clang20,cjump,21,YES,not_fixed
1138,8, t[17] -= cc << 3;,-,bearssl,src/ec/ec_p256_m15.c,mul_f256,Ofast--disable-peephole|Ofast|Oz--disable-peephole|Os--disable-peephole|O1|O2--disable-peephole|Os|O3|O3--disable-peephole|O2|Oz|O1--disable-peephole,levels|flag1,RISCV|ARM,clang14,cjump|mmem,326,YES,not_fixed
1227,8, t[17] -= cc << 3;,-,bearssl,src/ec/ec_p256_m15.c,square_f256,Ofast--disable-peephole|Ofast|Oz--disable-peephole|Os--disable-peephole|O1|O2--disable-peephole|Os|O3|O3--disable-peephole|O2|Oz|O1--disable-peephole,levels|flag1,RISCV|ARM,clang14,cjump|mmem,326,YES,not_fixed
45,4," x &= EQ(data[1], 0x02);",&,bearssl,src/rsa/rsa_ssl_decrypt.c,br_rsa_ssl_decrypt,Oz-fglobal-isel|Ofast-fglobal-isel|Os-fglobal-isel|O3-fglobal-isel|O3--global-isel|Oz--global-isel|O1--global-isel|O1-fglobal-isel|O2-fglobal-isel|O2--global-isel|Os--global-isel|Ofast--global-isel,flag1,RISCV,clang18|clang20,cjump,42,YES,not_fixed
49,4," x &= EQ(data[len - 49], 0x00);",&,bearssl,src/rsa/rsa_ssl_decrypt.c,br_rsa_ssl_decrypt,O3--x86-cmov-converter-force-all|Oz-fglobal-isel|O1--x86-cmov-converter-force-all|Ofast-fglobal-isel|Os-fglobal-isel|O3-fglobal-isel|O3--global-isel|Os--x86-cmov-converter-force-all|O2--global-isel|O1--global-isel|Oz--global-isel|O1-fglobal-isel|O2--x86-cmov-converter-force-all|O2-fglobal-isel|Oz--x86-cmov-converter-force-all|Os--global-isel|Ofast--x86-cmov-converter-force-all|Ofast--global-isel,flag1,X8664|RISCV,clang18|clang20,cjump,44,YES,not_fixed
49,14, xm = 0x7FFF & -ctl;,&,bearssl,src/int/i15_moddiv.c,br_i15_moddiv,Ofast-fglobal-isel|Os-fglobal-isel|O3--global-isel|O3-fglobal-isel|O1--global-isel|O1-fglobal-isel|O2-fglobal-isel|O2--global-isel|Os--global-isel|Ofast--global-isel,flag1,RISCV,clang20,cjump,544,YES,not_fixed
94,14, xm = 0x7FFF & -neg;,&,bearssl,src/int/i15_moddiv.c,br_i15_moddiv,Ofast-fglobal-isel|O3--global-isel|O3-fglobal-isel|O1--global-isel|O1-fglobal-isel|O2-fglobal-isel|O2--global-isel|Ofast--global-isel,flag1,RISCV,clang20,cjump,545,YES,not_fixed
453,15," z = ((p + 2) & -LT(p, 26))",&,bearssl,src/codec/pemdec.c,br_pem_decoder_run,Oz-fglobal-isel|O2--inline-instr-cost=100|O2--inline-threshold=-1|Ofast-fglobal-isel|O2--inlinedefault-threshold=-1|O3--global-isel|O2--inline-instr-cost=50|O3-finline-hint-functions|O1--global-isel|O3--unroll-force-peel-count=50|Os--inline-memaccess-cost=100|O2--x86-cmov-converter-force-all|O2--global-isel|Os--inline-threshold=0|Ofast--x86-cmov-converter-force-all|Os--inline-threshold=-1|O2--unroll-force-peel-count=100|O2-finline-hint-functions|Ofast-finline-hint-functions|O2-fglobal-isel|Oz--global-isel|O2--unroll-force-peel-count=50|Oz|Os-finline-hint-functions|O3-fglobal-isel|Os--inline-instr-cost=50|Os--x86-cmov-converter-force-all|Ofast--unroll-force-peel-count=50|Os--unroll-force-peel-count=50|Os--global-isel|Ofast--unroll-force-peel-count=100|O3--unroll-force-peel-count=100|Ofast--global-isel|O2--inlinedefault-threshold=0|O3--x86-cmov-converter-force-all|O2--inline-threshold=0|Os--inline-memaccess-cost=50|Os-fglobal-isel|O1-fglobal-isel|Os--inline-instr-cost=100|Oz--slp-threshold=-1,levels|flag1,X8664|RISCV,clang14|clang18|clang20,cjump,2,NO,not_fixed
522,28, z = (unsigned __int128)t0 + (19 & -(t3 >> 63));,+,bearssl,src/ec/ec_c25519_m64.c,api_mul,Ofast|O1|Os|O3|O2|Oz,levels,RISCV,clang14,cjump,325,YES,not_fixed
522,34, z = (unsigned __int128)t0 + (19 & -(t3 >> 63));,&,bearssl,src/ec/ec_c25519_m64.c,api_mul,Oz-fglobal-isel|Ofast--select-opti-loop-relative-gain-threshold=100|Ofast-fglobal-isel|O3--select-opti-loop-relative-gain-threshold=100|O3--select-opti-loop-relative-gain-threshold=50|O3--global-isel|O1--global-isel|O2--global-isel|Ofast--select-opti-loop-relative-gain-threshold=50|Ofast--inline-instr-cost=50|O2-fglobal-isel|Oz--global-isel|O3--disable-loop-level-heuristics|Ofast--disable-loop-level-heuristics|O3-fglobal-isel|O3--inline-instr-cost=50|Os--global-isel|Ofast--inline-instr-cost=100|Ofast--global-isel|Os-fglobal-isel|O1-fglobal-isel|O3--inline-instr-cost=100,flag1,AArch64|RISCV,clang18|clang20,cjump,7,YES,not_fixed
125,28, z = (unsigned __int128)t1 + (z >> 64);,+,bearssl,src/ec/ec_c25519_m64.c,api_mul,O3--disable-loop-level-heuristics|Ofast--disable-loop-level-heuristics,flag1,AArch64,clang20,cjump,538,YES,not_fixed
274,13, z = acc[0] + (acc[1] << 13) + br_dec16le(pkey + 16);,+,bearssl,src/symcipher/poly1305_ctmul32.c,br_poly1305_ctmul32_run,O3--x86-cmov-converter-force-all|Ofast|Os--unroll-optsize-threshold=100|Os--unroll-force-peel-count=100|O3|Os--unroll-force-peel-count=50|Oz--unroll-optsize-threshold=100|O2--x86-cmov-converter-force-all|Os--unroll-threshold=100|Ofast--x86-cmov-converter-force-all|O2|Oz--unroll-threshold=100,levels|flag1,X8664|RISCV,clang20,cjump,558,YES,not_fixed
2558,39,                          needed += n + 1;,+,libgcrypt,sexp.c,_gcry_sexp_vextract_param,O1--x86-cmov-converter-force-all|O1,levels|flag1,X8664|RISCV,clang14|clang18,cjump,108,NO,not_fixed
101,24,                       & mpih_limb_is_zero (cy1));,&,libgcrypt,mpih-pow.c,_gcry_mpih_powm_lli|mont_reduc|mont_mul,O3--x86-cmov-converter-force-all|O1--x86-cmov-converter-force-all|Ofast--x86-cmov-converter-force-all|Os--x86-cmov-converter-force-all|O2--x86-cmov-converter-force-all|Oz--x86-cmov-converter-force-all,flag1,X8664,clang18,cjump,103,YES,libgcrypt@96534d8c26c6
734,31,                  base_u_size |= ( precomp_size[k] & (0UL - (k == e0)) );,|,libgcrypt,mpi-pow.c,_gcry_mpi_powm,Os|O2|Oz|O1,levels,RISCV,clang14,cjump,383,YES,not_fixed
734,52,                  base_u_size |= ( precomp_size[k] & (0UL - (k == e0)) );,&,libgcrypt,mpi-pow.c,_gcry_mpi_powm,O3--x86-cmov-converter-force-all|O1--x86-cmov-converter-force-all|Os--x86-cmov-converter-force-all|Ofast--unroll-force-peel-count=50|O3--unroll-force-peel-count=50|Os--unroll-force-peel-count=50|O2--x86-cmov-converter-force-all|Oz--x86-cmov-converter-force-all|Ofast--x86-cmov-converter-force-all|O2--unroll-force-peel-count=50,flag1,X8664|RISCV,clang14|clang18|clang20,cjump,100,YES,not_fixed
741,27,              base_u_size ^= ((base_u_size ^ rsize)  & (0UL - (j != 0)));,^,libgcrypt,mpi-pow.c,_gcry_mpi_powm,O3--x86-cmov-converter-force-all|O1--x86-cmov-converter-force-all|Ofast|O1|Os|O3|Os--x86-cmov-converter-force-all|O2--x86-cmov-converter-force-all|Oz--x86-cmov-converter-force-all|Ofast--x86-cmov-converter-force-all|O2|Oz,levels|flag1,X8664|RISCV,clang14|clang18|clang20,cjump,101,YES,not_fixed
908,51,              rcon = ((rcon << 1) ^ (-(rcon >> 7) & 0x1b)) & 0xff;,&,libgcrypt,rijndael.c,do_setkey,O3--disable-loop-level-heuristics|O2--fast-isel|Oz--fast-isel|O1--fast-isel|Ofast--disable-loop-level-heuristics|O3--fast-isel|Ofast--fast-isel|Os--fast-isel,flag1,X8664|AArch64,clang14|clang18|clang20,cjump,104,YES,libgcrypt@f6b7a40f23c6
908,60,              rcon = ((rcon << 1) ^ (-(rcon >> 7) & 0x1b)) & 0xff;,&,libgcrypt,rijndael.c,do_setkey,Ofast|O1|Os|O3|O2|Oz,levels,RISCV,clang14,cjump,386,NO,not_fixed
647,64,            reference_area_size = t->slice * a->segment_length +,+,libgcrypt,kdf.c,index_alpha|argon2_compute_segment,O2--instcombine-max-iterations=0|O1--instcombine-max-iterations=0|Os--instcombine-max-iterations=0|O0|O3--instcombine-max-iterations=0|Ofast--instcombine-max-iterations=0,levels|flag1,RISCV,clang14,cjump,380,NO,not_fixed
708,23,          argc--; argv++;,+,libgcrypt,dumpsexp.c,main,Oz--x86-cmov-converter-force-all,flag1,X8664,clang18|clang20,cjump,70,NO,not_fixed
803,23,          argc--; argv++;,+,libgcrypt,keygen.c,main,O3--x86-cmov-converter-force-all|O1--x86-cmov-converter-force-all|Os--x86-cmov-converter-force-all|O2--x86-cmov-converter-force-all|Ofast--x86-cmov-converter-force-all,flag1,X8664,clang18|clang20,cjump,71,NO,not_fixed
436,48,          tweak_next_lo = (tweak_next_lo << 1) ^ carry;,^,libgcrypt,twofish.c|aria.c|sm4.c|serpent.c|camellia-glue.c,_gcry_twofish_xts_crypt|_gcry_sm4_xts_crypt|_gcry_camellia_xts_crypt|_gcry_aria_xts_crypt|_gcry_serpent_xts_crypt,Ofast|O1|Os|O3|O2|Oz,levels,RISCV,clang14,cjump,390,YES,libgcrypt@ee5cb3833d5b
574,14,        t[k] += ((int16_t)t[k] >> 15) & KYBER_Q;,+,libgcrypt,./kyber-kdep.c,indcpa_enc_4,Ofast|O1|Os|O3|O2|Oz,levels,RISCV,clang14,cjump,371,YES,libgcrypt@052b03fb0c6e
574,39,        t[k] += ((int16_t)t[k] >> 15) & KYBER_Q;,&,libgcrypt,./kyber-kdep.c,indcpa_enc_4,O3--disable-loop-level-heuristics|Ofast--disable-loop-level-heuristics|Ofast--select-opti-loop-cycle-gain-threshold=0|O3--select-opti-loop-cycle-gain-threshold=0,flag1,AArch64,clang18,cjump,64,YES,libgcrypt@052b03fb0c6e
605,14,        t[k] += ((int16_t)t[k] >> 15) & KYBER_Q;,+,libgcrypt,./kyber-kdep.c,indcpa_enc_2|indcpa_enc_3,Ofast|O1|Os|O3|O2|Oz,levels,RISCV,clang14,cjump,371,YES,libgcrypt@052b03fb0c6e
605,39,        t[k] += ((int16_t)t[k] >> 15) & KYBER_Q;,&,libgcrypt,./kyber-kdep.c,indcpa_enc_2|indcpa_enc_3,O3--disable-loop-level-heuristics|Ofast--disable-loop-level-heuristics|Ofast--select-opti-loop-cycle-gain-threshold=0|O3--select-opti-loop-cycle-gain-threshold=0,flag1,AArch64,clang18,cjump,64,YES,libgcrypt@052b03fb0c6e
509,42,       / sizeof (PROPERLY_ALIGNED_TYPE)) * sizeof (PROPERLY_ALIGNED_TYPE);,*,libgcrypt,md.c,md_open,Ofast|O1--aarch64-stress-promote-const|Oz--aarch64-stress-promote-const|O1|Os--aarch64-stress-promote-const|Os|O3|Ofast--aarch64-stress-promote-const|O3--aarch64-stress-promote-const|O2--aarch64-stress-promote-const|O2|Oz,levels|flag1,AArch64|RISCV,clang14|clang18|clang20,cjump|mmem,96,NO,not_fixed
106,10,       i += 2 * p;,+,libgcrypt,sntrup761.c,Short_random,Ofast|O3,levels,X8664,clang18,cjump,109,NO,not_fixed
448,13,      a->d[i++] = alimb;,+,libgcrypt,mpicoder.c,_gcry_mpi_set_buffer,Ofast|O3|O2,levels,X8664|AArch64,clang14|clang18|clang20,cjump,102,YES,not_fixed
1677,38,      carry = -(tweak_next_hi >> 63) & 0x87;,&,libgcrypt,rijndael.c,_gcry_aes_xts_crypt,O3--disable-loop-level-heuristics|Ofast--disable-loop-level-heuristics,flag1,AArch64,clang18,cjump,105,YES,libgcrypt@f6b7a40f23c6
1888,9,      d &= m;,&,libgcrypt,mceliece6688128f.c,_gcry_mceliece6688128f_keypair|layer,O3--unroll-partial-threshold=100|O2--partial-unrolling-threshold=100|O2--x86-cmov-converter-force-all|O2--sroa-skip-mem2reg|Os--fast-isel|O2--fast-isel|Os--unroll-partial-threshold=100|O1--fast-isel|O3--select-opti-loop-cycle-gain-threshold=0|O3--fast-isel|Oz--x86-cmov-converter-force-all|O2--enable-module-inliner|O3--disable-loop-level-heuristics|O1--x86-cmov-converter-force-all|Ofast--sroa-skip-mem2reg|Os--sroa-skip-mem2reg|Os--x86-cmov-converter-force-all|Oz--sroa-skip-mem2reg|O3--enable-module-inliner|O3--x86-cmov-converter-force-all|O2--unroll-partial-threshold=100|Oz--fast-isel|O3--sroa-skip-mem2reg|O3--partial-unrolling-threshold=100|O1--enable-module-inliner,flag1,X8664|AArch64,clang18|clang20,cjump,77,YES,libgcrypt@4012e9a037c5
456,41,"      memcpy (last + BYTES_PER_MPI_LIMB - n, p - n + 1, n);",-,libgcrypt,mpicoder.c,_gcry_mpi_set_buffer,Ofast|Os|O3|O2|Oz,levels,RISCV,clang14,cjump,384,NO,not_fixed
746,17,"      not_found &= ct_not_equal_byte (db[n], 0x01);",&,libgcrypt,rsa-common.c,_gcry_rsa_oaep_decode,O1--disable-select-optimize=false|Ofast--disable-select-optimize=false|O2--disable-select-optimize=false|O3--disable-select-optimize=false,flag1,MIPS64,clang18|clang20,cjump,107,YES,not_fixed
1889,16,      p[ i+j ] ^= d;,^,libgcrypt,mceliece6688128f.c,_gcry_mceliece6688128f_keypair|layer,O3--disable-loop-level-heuristics|O1--scalar-evolution-max-arith-depth=0|Ofast|O1--x86-cmov-converter-force-all|O1--lsr-preferred-addressing-mode=postindexed|O3--select-opti-loop-cycle-gain-threshold=0|O1--fast-isel|Os|Ofast--disable-loop-level-heuristics|O3|O1--lsr-complexity-limit=100|Ofast--select-opti-loop-cycle-gain-threshold=0|O1--lsr-complexity-limit=50|O2|Oz,levels|flag1,X8664|AArch64,clang18,cjump,78,YES,libgcrypt@4012e9a037c5
209,12,      s[i] += op;,+,libgcrypt,gostr3411-94.c,transform,O3|O2--disable-select-optimize=false,levels|flag1,AArch64,clang20,cjump,560,NO,not_fixed
523,45,      swap = int16_t_negative_mask (-delta) & int16_t_nonzero_mask (g[0]);,&,libgcrypt,sntrup761.c,_gcry_sntrup761_keypair,O3--x86-cmov-converter-force-all|O1--x86-cmov-converter-force-all|Ofast|O1|Os|O3|Os--x86-cmov-converter-force-all|O2--x86-cmov-converter-force-all|Oz--x86-cmov-converter-force-all|Ofast--x86-cmov-converter-force-all|O2|Oz,levels|flag1,X8664|RISCV,clang14|clang18|clang20,cjump,112,YES,libgcrypt@bf7546c5028b
631,45,      swap = int16_t_negative_mask (-delta) & int16_t_nonzero_mask (g[0]);,&,libgcrypt,sntrup761.c,_gcry_sntrup761_keypair,O3--x86-cmov-converter-force-all|O1--x86-cmov-converter-force-all|Ofast|O1|Os|O3|Os--x86-cmov-converter-force-all|O2--x86-cmov-converter-force-all|Oz--x86-cmov-converter-force-all|Ofast--x86-cmov-converter-force-all|O2|Oz,levels|flag1,X8664|RISCV,clang14|clang18|clang20,cjump,112,YES,libgcrypt@bf7546c5028b
1679,44,      tweak_next_lo = (tweak_next_lo << 1) ^ carry;,^,libgcrypt,rijndael.c,_gcry_aes_xts_crypt,Ofast|O1|Os|O3|O2|Oz,levels,RISCV,clang14,cjump,387,YES,libgcrypt@ee5cb3833d5b
208,22,      u32 op = carry + a[i];,+,libgcrypt,gostr3411-94.c,transform,O3|O2--disable-select-optimize=false,levels|flag1,AArch64,clang20,cjump,559,NO,not_fixed
1039,35,    differentbits |= (*c++) ^ (*c2++);,+,libgcrypt,sntrup761.c,_gcry_sntrup761_dec,Ofast|O3|O2,levels,X8664|AArch64,clang18|clang20,cjump,114,YES,libgcrypt@bf7546c5028b;libgcrypt@4e963e91dbe5
3429,38,    mat[ k ][ c ] ^= mat[ row ][ c ] & mask;,&,libgcrypt,mceliece6688128f.c,_gcry_mceliece6688128f_keypair,Ofast|O1|Os|O3|O2|Oz|O3--unswitch-threshold=0,levels|flag1,X8664|MIPS64|MIPS32EL|ARM|AArch64,clang18|clang20,cjump,94,YES,libgcrypt@4012e9a037c5
3439,38,    mat[ k ][ c ] ^= mat[ row ][ c ] & mask;,&,libgcrypt,mceliece6688128f.c,_gcry_mceliece6688128f_keypair,Ofast|O1|Os|O3|O2|Oz|O3--unswitch-threshold=0,levels|flag1,X8664|MIPS64|MIPS32EL|ARM|AArch64|RISCV,clang18|clang20,cjump,95,YES,libgcrypt@4012e9a037c5
3414,38,    mat[ row ][ c ] ^= mat[ k ][ c ] & mask;,&,libgcrypt,mceliece6688128f.c,_gcry_mceliece6688128f_keypair,Ofast|O1|Os|O3|O2|Oz|O3--unswitch-threshold=0,levels|flag1,X8664|MIPS64|MIPS32EL|ARM|AArch64|RISCV,clang18|clang20,cjump,93,YES,libgcrypt@4012e9a037c5
1060,14,    r_enc[i] ^= mask & (r_enc[i] ^ rho[i]);,^,libgcrypt,sntrup761.c,_gcry_sntrup761_dec,Ofast|Oz--disable-peephole|Os--disable-peephole|O1|O1--lsr-preferred-addressing-mode=postindexed|O2--disable-peephole|Os|O3|Os--lsr-preferred-addressing-mode=postindexed|O2--lsr-preferred-addressing-mode=postindexed|Oz--lsr-preferred-addressing-mode=postindexed|O2|Oz|O1--disable-peephole,levels|flag1,X8664|MIPS64|MIPS32EL|ARM|AArch64|RISCV,clang18|clang20,mmem|cjump,115,YES,libgcrypt@4e963e91dbe5
485,8,    t0 += ((int16_t)t0 >> 15) & KYBER_Q;,+,libgcrypt,./kyber-kdep.c|./kyber-common.c,polyvec_tobytes_3|polyvec_tobytes_2|crypto_kem_keypair_derand_2|polyvec_tobytes_4|crypto_kem_keypair_derand_4|crypto_kem_keypair_derand_3|poly_tobytes,Ofast|O1|Os|O3|O2|Oz,levels,RISCV,clang14,cjump,373,YES,libgcrypt@052b03fb0c6e
487,8,    t1 += ((int16_t)t1 >> 15) & KYBER_Q;,+,libgcrypt,./kyber-kdep.c|./kyber-common.c,polyvec_tobytes_3|polyvec_tobytes_2|crypto_kem_keypair_derand_2|polyvec_tobytes_4|crypto_kem_keypair_derand_4|crypto_kem_keypair_derand_3|poly_tobytes,Ofast|O1|Os|O3|O2|Oz,levels,RISCV,clang14,cjump,374,YES,libgcrypt@052b03fb0c6e
116,9,    x = *s1_ptr++;,*,libgcrypt,mpi-pow.c,_gcry_mpi_powm,O2--scalar-evolution-max-arith-depth=0|O1--scalar-evolution-max-arith-depth=0|Ofast--scalar-evolution-max-arith-depth=0|O3--scalar-evolution-max-arith-depth=0,flag1,RISCV,clang18,cjump,97,NO,not_fixed
116,16,    x = *s1_ptr++;,+,libgcrypt,mpi-pow.c,_gcry_mpi_powm,O2--scalar-evolution-max-arith-depth=0|O1--scalar-evolution-max-arith-depth=0|Ofast--scalar-evolution-max-arith-depth=0|O3--scalar-evolution-max-arith-depth=0,flag1,RISCV,clang18,cjump,98,NO,not_fixed
3288,6,"   d &= same_mask(k, ctz_list[j]);",&,libgcrypt,mceliece6688128f.c,_gcry_mceliece6688128f_keypair,O3--x86-cmov-converter-force-all|O1--x86-cmov-converter-force-all|Os--x86-cmov-converter-force-all|O2--x86-cmov-converter-force-all|Oz--x86-cmov-converter-force-all,flag1,X8664,clang20,cjump,563,YES,libgcrypt@4012e9a037c5
2228,13,   e_int[i] |= val[j] & mask;,|,libgcrypt,mceliece6688128f.c,_gcry_mceliece6688128f_enc,Os|O2|Oz|O1,levels,RISCV,clang14,cjump,381,YES,libgcrypt@4012e9a037c5
2228,23,   e_int[i] |= val[j] & mask;,&,libgcrypt,mceliece6688128f.c,_gcry_mceliece6688128f_enc|gen_e,Oz|Ofast|O1|Os|O3|Ofast--unroll-force-peel-count=50|O3--unroll-force-peel-count=50|Os--unroll-force-peel-count=50|O2|O2--unroll-force-peel-count=50,levels|flag1,X8664|RISCV,clang14|clang18|clang20,cjump,80,YES,libgcrypt@4012e9a037c5
3289,18,   pi[ row + j ] ^= d;,^,libgcrypt,mceliece6688128f.c,_gcry_mceliece6688128f_keypair|pk_gen,Os--rotation-max-header-size=0|O3--disable-branch-fold|Os--disable-branch-fold|O2--partial-unrolling-threshold=100|O3--unroll-force-peel-count=50|Ofast--disable-branch-fold|O2--x86-cmov-converter-force-all|Ofast--x86-cmov-converter-force-all|Os--jump-threading-across-loop-headers|Ofast--partial-unrolling-threshold=50|Ofast--rotation-max-header-size=0|O3--rotation-max-header-size=0|Oz--x86-cmov-converter-force-all|O2--unroll-force-peel-count=50|Oz|O1--x86-cmov-converter-force-all|O2--unroll-runtime|O2--jump-threading-across-loop-headers|O3--partial-unrolling-threshold=50|Os--x86-cmov-converter-force-all|Ofast--partial-unrolling-threshold=100|O2--rotation-max-header-size=0|Ofast--unroll-force-peel-count=50|Os--unroll-force-peel-count=50|O3--jump-threading-across-loop-headers|Ofast--unroll-runtime|O3--x86-cmov-converter-force-all|Ofast--jump-threading-across-loop-headers|O1--rotation-max-header-size=0|O2--partial-unrolling-threshold=50|O3--partial-unrolling-threshold=100|O1--disable-branch-fold|O2--disable-branch-fold|O3--unroll-runtime,levels|flag1,X8664|MIPS64|RISCV,clang14|clang18,cjump|mmem,92,YES,libgcrypt@4012e9a037c5
2431,25,   pre[i][j] = (beta[i] >> j) & 1;,>,libgcrypt,mceliece6688128f.c,fft,O3--unroll-threshold=50|O2--unroll-threshold=50|O2--unroll-threshold=0|Os|O3-fno-unroll-loops|O2--unroll-full-max-count=0|O2--unroll-count=0|O2--unroll-threshold-default=50|O2--unroll-threshold-default=0|O3--unroll-full-max-count=0|O3--unroll-threshold-aggressive=50|O3--unroll-count=0|O3--unroll-threshold=0|O2-fno-unroll-loops|O3--unroll-threshold-aggressive=0,levels|flag1,X8664|AArch64,clang20,cjump,562,YES,libgcrypt@4012e9a037c5
1709,24,  L = ((N+1-L) & mask) | (L & ~mask);,|,libgcrypt,mceliece6688128f.c,_gcry_mceliece6688128f_dec,Ofast--sroa-skip-mem2reg|O3--sroa-skip-mem2reg,flag1,AArch64,clang18,cjump,76,YES,libgcrypt@4012e9a037c5
1708,18,  b = (d & mask) | (b & ~mask);,|,libgcrypt,mceliece6688128f.c,_gcry_mceliece6688128f_dec,Ofast--sroa-skip-mem2reg|O1--sroa-skip-mem2reg|Os--sroa-skip-mem2reg|O3--sroa-skip-mem2reg|Oz--sroa-skip-mem2reg|O2--sroa-skip-mem2reg,flag1,AArch64|RISCV,clang18,cjump,75,YES,libgcrypt@4012e9a037c5
189,38,  c->u_iv.iv[0] += (aadlen > 0) * 64 + M_ * 8;,+,libgcrypt,cipher-ccm.c,_gcry_cipher_ccm_set_lengths,Ofast|O1|Os|O3|O2|Oz,levels,RISCV,clang14,cjump,375,NO,not_fixed
453,42,  ctx->input[1] = buf_get_le32(constants + 4);,+,libgcrypt,chacha20.c,chacha20_setkey,Oz--inline-memaccess-cost=100|Oz--inline-memaccess-cost=50,flag1,RISCV,clang18,cjump,66,NO,not_fixed
454,42,  ctx->input[2] = buf_get_le32(constants + 8);,+,libgcrypt,chacha20.c,chacha20_setkey,Oz--inline-memaccess-cost=100|Oz--inline-memaccess-cost=50,flag1,RISCV,clang18,cjump,67,NO,not_fixed
455,42,  ctx->input[3] = buf_get_le32(constants + 12);,+,libgcrypt,chacha20.c,chacha20_setkey,Oz--inline-memaccess-cost=100|Oz--inline-memaccess-cost=50,flag1,RISCV,clang18,cjump,68,NO,not_fixed
333,8,  l[0] |= nblocks << 8;,|,libgcrypt,gostr3411-94.c,gost3411_final,Oz,levels,RISCV|ARM,clang14,mmem|cjump,379,NO,not_fixed
461,9,  level &= 3;,&,libgcrypt,random-csprng.c,_gcry_rngcsprng_randomize,Ofast|O1|Os|O3|O2|Oz,levels,RISCV,clang14,cjump,385,NO,not_fixed
42,18,  lo = (lo << 1) ^ (mask & 0x87);,^,libgcrypt,cipher-siv.c,_gcry_cipher_siv_authenticate|s2v_double|s2v_plaintext,Ofast|O1|Os|O3|O2|Oz,levels,RISCV,clang14,cjump,377,YES,not_fixed
39,18,  lo = (lo << 1) ^ carry;,^,libgcrypt,cipher-xts.c,_gcry_cipher_xts_crypt|xts_gfmul_byA,Ofast|O1|Os|O3|O2|Oz,levels,RISCV,clang14,cjump,378,YES,libgcrypt@ee5cb3833d5b
1684,26,"  mask = mask_nonzero(d) & mask_leq(L*2, N);",&,libgcrypt,mceliece6688128f.c,_gcry_mceliece6688128f_dec,O3--x86-cmov-converter-force-all|O3--disable-loop-level-heuristics|O1--x86-cmov-converter-force-all|Ofast|O3--mispredict-default-rate=0|Ofast--sroa-skip-mem2reg|O1|Os|Ofast--disable-loop-level-heuristics|O3|O3--sroa-skip-mem2reg|Os--x86-cmov-converter-force-all|O2--x86-cmov-converter-force-all|Ofast--mispredict-default-rate=0|Oz--x86-cmov-converter-force-all|Ofast--x86-cmov-converter-force-all|O2|Oz,levels|flag1,AArch64|X8664|RISCV,clang14|clang18|clang20,cjump,74,YES,libgcrypt@4012e9a037c5
60,15,  r = (r + r) ^ (l_0 & 135);,^,libgcrypt,cipher-ocb.c,ocb_get_L_big|_gcry_cipher_ocb_authenticate|ocb_crypt|_gcry_cipher_ocb_setkey,Ofast|O1|Os|O3|O2|Oz,levels,RISCV,clang14,cjump,376,YES,not_fixed
434,25,  return crypto_int32_x ^ crypto_int32_z;,^,libgcrypt,mceliece6688128f.c,cbrecursion|_gcry_mceliece6688128f_keypair,O1-funroll-loops|O3-fapple-kext|O1--force-specialization|O2--x86-cmov-converter-force-all|Ofast--x86-cmov-converter-force-all|Os--fast-isel|Ofast|O2--fast-isel|Os--unroll-partial-threshold=100|O1--fast-isel|O3--fast-isel|O2-fapple-kext|Oz--x86-cmov-converter-force-all|O2|Oz|O1--x86-cmov-converter-force-all|Os|Os--x86-cmov-converter-force-all|Ofast--fast-isel|O3--x86-cmov-converter-force-all|Oz--fast-isel|O1--rotation-max-header-size=0|O1--enable-matrix|O3|O1--disable-branch-fold|Os--unroll-partial-threshold=50|O1-fenable-matrix|Ofast-fapple-kext,levels|flag1,X8664|RISCV,clang14|clang18|clang20,cjump,72,YES,libgcrypt@4012e9a037c5
420,40,"  return int32_mod_uint14 (x + q12, q) - q12;",-,libgcrypt,sntrup761.c,_gcry_sntrup761_keypair|Rq_mult_small,Oz--inline-threshold=100|Ofast|O1|Os|O3|Oz--inline-call-penalty=100|O2,levels|flag1,RISCV,clang14,cjump,389,YES,libgcrypt@4e963e91dbe5
36,27,  u64 carry = -(hi >> 63) & 0x87;,&,libgcrypt,cipher-xts.c,_gcry_cipher_xts_crypt,O3--disable-loop-level-heuristics|Ofast--disable-loop-level-heuristics,flag1,AArch64,clang18,cjump,69,YES,libgcrypt@ee5cb3833d5b
224,6,  ur += mask & m;,+,libgcrypt,sntrup761.c,Rq_mult_small|_gcry_sntrup761_keypair|int32_mod_uint14|_gcry_sntrup761_dec|Fq_recip|Hide,O2--disable-select-optimize=false|Os--fast-isel|Ofast|O2--fast-isel|O3--disable-select-optimize=false|O1--fast-isel|O3--fast-isel|Ofast--rotation-max-header-size=0|O3--rotation-max-header-size=0|O2|Oz|O3--disable-loop-level-heuristics|Os|Ofast--disable-loop-level-heuristics|Ofast--fast-isel|Ofast--disable-select-optimize=false|O1--disable-select-optimize=false|O1|O3,levels|flag1,X8664|MIPS64|MIPS32EL|AArch64|RISCV,clang14|clang18|clang20,cjump,111,YES,libgcrypt@bf7546c5028b
1715,26,  v[i] = vec_setbits((c0 >> i) & 1);,>,libgcrypt,mceliece6688128f.c,_gcry_mceliece6688128f_dec,O3--unroll-threshold=50|O2--unroll-threshold=50|O2--unroll-threshold=0|Os|O3-fno-unroll-loops|O2--unroll-full-max-count=0|O2--unroll-count=0|O2--unroll-threshold-default=50|O2--unroll-threshold-default=0|O3--unroll-full-max-count=0|O3--unroll-threshold-aggressive=50|O3--unroll-count=0|O3--unroll-threshold=0|O2-fno-unroll-loops|O3--unroll-threshold-aggressive=0,levels|flag1,X8664|AArch64,clang20,cjump,561,YES,libgcrypt@4012e9a037c5
193,5,  x += mask & (uint32_t) m;,+,libgcrypt,sntrup761.c,Rq_mult_small|_gcry_sntrup761_keypair|int32_mod_uint14|_gcry_sntrup761_dec|Fq_recip|Hide|Decode,Oz--inline-threshold=100|Ofast|O1|Os|O3|Oz--inline-call-penalty=100|Oz--inline-threshold=50|O2,levels|flag1,RISCV,clang14,cjump,388,YES,libgcrypt@bf7546c5028b
193,13,  x += mask & (uint32_t) m;,&,libgcrypt,sntrup761.c,Rq_mult_small|_gcry_sntrup761_keypair|_gcry_sntrup761_dec|Hide|Decode,O1--disable-select-optimize=false|O3--disable-loop-level-heuristics|O2--fast-isel|O3--disable-select-optimize=false|O1--fast-isel|Ofast--disable-loop-level-heuristics|O3--fast-isel|Ofast--fast-isel|Ofast--rotation-max-header-size=0|O2--disable-select-optimize=false|Ofast--disable-select-optimize=false|O3--rotation-max-header-size=0|Os--fast-isel,flag1,X8664|MIPS64|MIPS32EL|AArch64|RISCV,clang14|clang18|clang20,cjump,110,YES,libgcrypt@bf7546c5028b
150,50," cy = _gcry_mpih_sub_1(res_ptr + s2_size, s1_ptr + s2_size,",+,libgcrypt,mpi-pow.c,_gcry_mpi_powm,O2--scalar-evolution-max-arith-depth=0|O1--scalar-evolution-max-arith-depth=0|Ofast--scalar-evolution-max-arith-depth=0|O3--scalar-evolution-max-arith-depth=0,flag1,RISCV,clang18,cjump,99,YES,not_fixed
86,44, n = BITS_PER_MPI_LIMB - n + (a->nlimbs-1) * BITS_PER_MPI_LIMB;,*,libgcrypt,mpi-bit.c,_gcry_mpi_get_nbits,O3--two-entry-phi-node-folding-threshold=100|Oz--two-entry-phi-node-folding-threshold=50|Oz--two-entry-phi-node-folding-threshold=100|O1--two-entry-phi-node-folding-threshold=50|O3--two-entry-phi-node-folding-threshold=50|Ofast--two-entry-phi-node-folding-threshold=50|O2--two-entry-phi-node-folding-threshold=100|Ofast--two-entry-phi-node-folding-threshold=100|Os--two-entry-phi-node-folding-threshold=50|O1--two-entry-phi-node-folding-threshold=100|Os--two-entry-phi-node-folding-threshold=100|O2--two-entry-phi-node-folding-threshold=50,flag1,RISCV,clang14,cjump,382,NO,not_fixed
2801,11, tmp = t0 * (t1 & 1);,*,libgcrypt,mceliece6688128f.c,_gcry_mceliece6688128f_keypair|gf_mul,O3--disable-loop-level-heuristics|O1--x86-cmov-converter-force-all|Ofast|O3|Os--x86-cmov-converter-force-all|Oz--x86-cmov-converter-force-all|O2,levels|flag1,X8664|AArch64,clang18|clang20,cjump,87,YES,libgcrypt@4012e9a037c5
184,60,                                  instance->segment_length +,+,libsodium,crypto_pwhash/argon2/argon2-fill-block-ref.c,_sodium_argon2_fill_segment_ref,Ofast--instcombine-max-iterations=0|O2--instcombine-max-iterations=0|O3--instcombine-max-iterations=0,flag1,RISCV,clang14,cjump,394,NO,not_fixed
172,64,                    position->slice * instance->segment_length +,+,libsodium,crypto_pwhash/argon2/argon2-fill-block-ref.c,_sodium_argon2_fill_segment_ref,Ofast--instcombine-max-iterations=0|O2--instcombine-max-iterations=0|O1--instcombine-max-iterations=0|O3--instcombine-max-iterations=0,flag1,RISCV,clang14,cjump,391,NO,not_fixed
183,57,            reference_area_size = instance->lane_length -,-,libsodium,crypto_pwhash/argon2/argon2-fill-block-ref.c,_sodium_argon2_fill_segment_ref,O1--instcombine-max-iterations=0,flag1,RISCV,clang14,cjump,393,NO,not_fixed
34,10,        i++;,+,libsodium,sodium/codecs.c,sodium_bin2hex,Ofast|O3|O2,levels,X8664|AArch64,clang14|clang18|clang20,cjump,122,NO,not_fixed
806,22,        pad_len |= i & (1U + ~is_barrier);,&,libsodium,sodium/utils.c,sodium_unpad,O3--disable-loop-level-heuristics|Oz-fglobal-isel|O3--select-opti-loop-cycle-gain-threshold=0|Ofast-fglobal-isel|Ofast--disable-loop-level-heuristics|Os-fglobal-isel|O3-fglobal-isel|Ofast--select-opti-loop-cycle-gain-threshold=0|O2-fglobal-isel,flag1,X8664|AArch64,clang18|clang20,cjump,123,NO,not_fixed
206,60,    absolute_position = start_position + relative_position - instance->lane_length;,-,libsodium,crypto_pwhash/argon2/argon2-fill-block-ref.c,_sodium_argon2_fill_segment_ref,O1,levels,RISCV,clang14,cjump,395,NO,not_fixed
178,57,    curr_offset = position.lane * instance->lane_length +,+,libsodium,crypto_pwhash/argon2/argon2-fill-block-ref.c,_sodium_argon2_fill_segment_ref,Os--rotation-max-header-size=0|O1--rotation-max-header-size=0|O2--rotation-max-header-size=0|Ofast--rotation-max-header-size=0|O3--rotation-max-header-size=0|Oz,levels|flag1,RISCV,clang14,cjump,392,NO,not_fixed
2731,13,    fe_f[0] += (h[31] >> 7) * 19 + (h[63] >> 7) * 722;,+,libsodium,crypto_core/ed25519/ref10/ed25519_ref10.c,_sodium_ge25519_from_hash,O3--x86-cmov-converter-force-all|Ofast--x86-cmov-converter-force-all|O2--x86-cmov-converter-force-all,flag1,X8664,clang18|clang20,cjump,119,YES,libsodium@e6d6321ab5a5
2731,29,    fe_f[0] += (h[31] >> 7) * 19 + (h[63] >> 7) * 722;,*,libsodium,crypto_core/ed25519/ref10/ed25519_ref10.c,_sodium_ge25519_from_hash,Oz--x86-cmov-converter-force-all,flag1,X8664,clang18|clang20,cjump,120,YES,libsodium@e6d6321ab5a5
2731,34,    fe_f[0] += (h[31] >> 7) * 19 + (h[63] >> 7) * 722;,+,libsodium,crypto_core/ed25519/ref10/ed25519_ref10.c,_sodium_ge25519_from_hash,O1--x86-cmov-converter-force-all|Ofast|O1|Os|O3|Os--x86-cmov-converter-force-all|O2|Oz,levels|flag1,X8664|RISCV,clang14|clang18|clang20,cjump,121,YES,libsodium@e6d6321ab5a5
91,41,"    return crypto_verify_32(h, correct) | (-(h == correct)) |",|,libsodium,crypto_auth/hmacsha512256/auth_hmacsha512256.c,crypto_auth_hmacsha512256_verify,O3--x86-cmov-converter-force-all|O1--x86-cmov-converter-force-all|Ofast|O1|Os|O3|Os--x86-cmov-converter-force-all|O2--x86-cmov-converter-force-all|Oz--x86-cmov-converter-force-all|Ofast--x86-cmov-converter-force-all|O2|Oz,levels|flag1,X8664|RISCV,clang14|clang18|clang20,cjump,118,NO,not_fixed
116,41,"    return crypto_verify_32(h, correct) | (-(h == correct)) |",|,libsodium,crypto_auth/hmacsha256/auth_hmacsha256.c,crypto_auth_hmacsha256_verify,O3--x86-cmov-converter-force-all|O1--x86-cmov-converter-force-all|Ofast|O1|Os|O3|Os--x86-cmov-converter-force-all|O2--x86-cmov-converter-force-all|Oz--x86-cmov-converter-force-all|Ofast--x86-cmov-converter-force-all|O2|Oz,levels|flag1,X8664|RISCV,clang14|clang18|clang20,cjump,116,NO,not_fixed
116,41,"    return crypto_verify_64(h, correct) | (-(h == correct)) |",|,libsodium,crypto_auth/hmacsha512/auth_hmacsha512.c,crypto_auth_hmacsha512_verify,O3--x86-cmov-converter-force-all|O1--x86-cmov-converter-force-all|Ofast|O1|Os|O3|Os--x86-cmov-converter-force-all|O2--x86-cmov-converter-force-all|Oz--x86-cmov-converter-force-all|Ofast--x86-cmov-converter-force-all|O2|Oz,levels|flag1,X8664|RISCV,clang14|clang18|clang20,cjump,117,NO,not_fixed
345,76,                             MBEDTLS_LMOTS_P_SIG_DIGIT_COUNT(params->type) *,*,mbedtls,../tf-psa-crypto/drivers/builtin/src/lmots.c,mbedtls_lmots_calculate_public_key_candidate,O3--x86-cmov-converter-force-all|Oz-fglobal-isel|O1--x86-cmov-converter-force-all|Ofast|O1|Ofast-fglobal-isel|Os|O3|O3-fglobal-isel|Os-fglobal-isel|Os--x86-cmov-converter-force-all|O1-fglobal-isel|O2--x86-cmov-converter-force-all|O2-fglobal-isel|Oz--x86-cmov-converter-force-all|Ofast--x86-cmov-converter-force-all|O2,levels|flag1,X8664|RISCV,clang14|clang18|clang20,cjump,130,NO,not_fixed
490,32,"                           sig + MBEDTLS_LMOTS_SIG_SIGNATURE_OFFSET(params->type),",+,mbedtls,../tf-psa-crypto/drivers/builtin/src/lmots.c,mbedtls_lmots_calculate_public_key_candidate,Oz--instcombine-max-iterations=0|O2--instcombine-max-iterations=0|O1--instcombine-max-iterations=0|Os--instcombine-max-iterations=0|O0|O3--instcombine-max-iterations=0|Ofast--instcombine-max-iterations=0,levels|flag1,RISCV,clang14|clang18|clang20,cjump,131,NO,not_fixed
611,32,                RK[4]  = RK[0] ^ round_constants[i] ^,^,mbedtls,../tf-psa-crypto/drivers/builtin/src/aes.c,mbedtls_aes_setkey_enc,Ofast--unroll-count=100|Os--unroll-force-peel-count=100|O2--unroll-count=50|O2--unroll-force-peel-count=100|O3--unroll-count=100|Ofast--unroll-force-peel-count=100|Ofast--unroll-count=50|O2--unroll-count=100|Ofast--unroll-force-peel-count=50|O3--unroll-force-peel-count=50|Os--unroll-force-peel-count=50|O3--unroll-force-peel-count=100|O3--unroll-count=50|O2--unroll-force-peel-count=50,flag1,RISCV,clang14,cjump,397,NO,not_fixed
627,32,                RK[6]  = RK[0] ^ round_constants[i] ^,^,mbedtls,../tf-psa-crypto/drivers/builtin/src/aes.c,mbedtls_aes_setkey_enc,Ofast--unroll-count=100|Os--unroll-force-peel-count=100|O2--unroll-count=50|O2--unroll-force-peel-count=100|O3--unroll-count=100|Ofast--unroll-force-peel-count=100|Ofast--unroll-count=50|O2--unroll-count=100|Ofast--unroll-force-peel-count=50|O3--unroll-force-peel-count=50|Os--unroll-force-peel-count=50|O3--unroll-force-peel-count=100|O3--unroll-count=50|O2--unroll-force-peel-count=50,flag1,RISCV,clang14,cjump,398,NO,not_fixed
644,32,                RK[8]  = RK[0] ^ round_constants[i] ^,^,mbedtls,../tf-psa-crypto/drivers/builtin/src/aes.c,mbedtls_aes_setkey_enc,Ofast--unroll-count=100|Os--unroll-force-peel-count=100|O2--unroll-count=50|O2--unroll-force-peel-count=100|O3--unroll-count=100|Ofast--unroll-force-peel-count=100|Ofast--unroll-count=50|O2--unroll-count=100|Ofast--unroll-force-peel-count=50|O3--unroll-force-peel-count=50|Os--unroll-force-peel-count=50|O3--unroll-force-peel-count=100|O3--unroll-count=50|O2--unroll-force-peel-count=50,flag1,RISCV,clang14,cjump,399,NO,not_fixed
511,39,            / operation->block_length * operation->block_length;,*,mbedtls,../tf-psa-crypto/drivers/builtin/src/psa_crypto_cipher.c,mbedtls_psa_cipher_update,Ofast|O3|O2,levels,X8664,clang14|clang18|clang20,cjump,134,NO,not_fixed
1701,23,            pad_count += increment;,+,mbedtls,ssl_msg.c,mbedtls_ssl_decrypt_buf,Oz--inline-call-penalty=50|Oz--inline-threshold=100|Ofast|O1|Os|O3|Oz--inline-call-penalty=100|Oz--inline-threshold=50|O2,levels|flag1,RISCV,clang14,cjump,404,YES,mbedtls@CVE-2025-66442
430,20,        *RK++ = *SK++;,+,mbedtls,../tf-psa-crypto/drivers/builtin/src/camellia.c,mbedtls_camellia_setkey_dec,Os--unroll-force-peel-count=50|Oz--unroll-force-peel-count=50,flag1,RISCV,clang20,cjump,569,NO,not_fixed
380,56,"        MERKLE_TREE_INTERNAL_NODE_AM(ctx->params.type) + q_leaf_identifier,",+,mbedtls,../tf-psa-crypto/drivers/builtin/src/lms.c,mbedtls_lms_verify,O3--x86-cmov-converter-force-all|O1--x86-cmov-converter-force-all|Os--x86-cmov-converter-force-all|O2--x86-cmov-converter-force-all|Oz--x86-cmov-converter-force-all|Ofast--x86-cmov-converter-force-all,flag1,X8664,clang18|clang20,cjump,132,NO,not_fixed
1690,48,        size_t const start_idx = rec->data_len - num_checks;,-,mbedtls,ssl_msg.c,mbedtls_ssl_decrypt_buf,O3--x86-cmov-converter-force-all|O1--x86-cmov-converter-force-all|Ofast|O1|Os|O3|Os--x86-cmov-converter-force-all|O2--x86-cmov-converter-force-all|Oz--x86-cmov-converter-force-all|Ofast--x86-cmov-converter-force-all|O2|Oz,levels|flag1,X8664|RISCV,clang14|clang18|clang20,cjump,138,NO,not_fixed
7892,44,        transform->minlen = explicit_ivlen + transform->taglen;,+,mbedtls,ssl_tls.c,ssl_tls12_populate_transform,O2--enable-gvn-sink|Ofast--enable-gvn-sink|Os--enable-gvn-sink|Oz--enable-gvn-sink|O3--enable-gvn-sink,flag1,RISCV,clang14,cjump,406,NO,not_fixed
5347,29,        transform_expansion += block_size;,+,mbedtls,ssl_msg.c,mbedtls_ssl_get_record_expansion,Ofast|O1|Os|O3|O2|Oz,levels,RISCV,clang14,cjump,405,NO,not_fixed
214,91,        uint64_t x = mbedtls_get_unaligned_uint64(a + i) ^ mbedtls_get_unaligned_uint64(b + i);,+,mbedtls,../tf-psa-crypto/drivers/builtin/src/aes.c,mbedtls_aes_crypt_xts,O3--x86-cmov-converter-force-all|Ofast--x86-cmov-converter-force-all|O2--x86-cmov-converter-force-all,flag1,X8664,clang18|clang20,cjump,125,NO,not_fixed
365,11,        x ^= XTIME(x);,^,mbedtls,../tf-psa-crypto/drivers/builtin/src/aes.c,mbedtls_aes_setkey_enc,Ofast|O1|Os|O3|O2|Oz,levels,RISCV,clang14,cjump,396,NO,not_fixed
1593,16,        y -= z * b;,*,mbedtls,../tf-psa-crypto/drivers/builtin/src/bignum.c,mbedtls_mpi_write_string|mbedtls_mpi_mod_int|mpi_check_small_factors,Ofast|O3|O2,levels,X8664,clang14|clang18|clang20,cjump,126,NO,not_fixed
1598,16,        y -= z * b;,*,mbedtls,../tf-psa-crypto/drivers/builtin/src/bignum.c,mbedtls_mpi_write_string|mpi_check_small_factors|mbedtls_mpi_mod_int,Ofast|O3|O2,levels,X8664,clang14|clang18|clang20,cjump,126,NO,not_fixed
424,13,    *RK++ = *SK++;,*,mbedtls,../tf-psa-crypto/drivers/builtin/src/camellia.c,mbedtls_camellia_setkey_dec,Os--unroll-force-peel-count=50|Oz--unroll-force-peel-count=50,flag1,AArch64|X8664|RISCV,clang20,cjump|mmem,565,NO,not_fixed
424,16,    *RK++ = *SK++;,+,mbedtls,../tf-psa-crypto/drivers/builtin/src/camellia.c,mbedtls_camellia_setkey_dec,Ofast--sroa-skip-mem2reg|O1--sroa-skip-mem2reg|Os--sroa-skip-mem2reg|O3--sroa-skip-mem2reg|Os--unroll-force-peel-count=50|Oz--sroa-skip-mem2reg|Oz--unroll-force-peel-count=50|O2--sroa-skip-mem2reg,flag1,RISCV,clang20,cjump,566,NO,not_fixed
425,16,    *RK++ = *SK++;,+,mbedtls,../tf-psa-crypto/drivers/builtin/src/camellia.c,mbedtls_camellia_setkey_dec,Ofast--sroa-skip-mem2reg|O1--sroa-skip-mem2reg|Os--sroa-skip-mem2reg|O3--sroa-skip-mem2reg|Os--unroll-force-peel-count=50|Oz--sroa-skip-mem2reg|Oz--unroll-force-peel-count=50|O2--sroa-skip-mem2reg,flag1,RISCV,clang20,cjump,566,NO,not_fixed
426,16,    *RK++ = *SK++;,+,mbedtls,../tf-psa-crypto/drivers/builtin/src/camellia.c,mbedtls_camellia_setkey_dec,Ofast--sroa-skip-mem2reg|O1--sroa-skip-mem2reg|Os--sroa-skip-mem2reg|O3--sroa-skip-mem2reg|Os--unroll-force-peel-count=50|Oz--sroa-skip-mem2reg|Oz--unroll-force-peel-count=50|O2--sroa-skip-mem2reg,flag1,RISCV,clang20,cjump,566,NO,not_fixed
422,17,    SK = cty.rk + 24 * 2 + 8 * idx * 2;,+,mbedtls,../tf-psa-crypto/drivers/builtin/src/camellia.c,mbedtls_camellia_setkey_dec,O3--unroll-count=50|Ofast--unroll-count=50,flag1,RISCV,clang14,cjump,400,NO,not_fixed
422,26,    SK = cty.rk + 24 * 2 + 8 * idx * 2;,+,mbedtls,../tf-psa-crypto/drivers/builtin/src/camellia.c,mbedtls_camellia_setkey_dec,Ofast--sroa-skip-mem2reg|O1--sroa-skip-mem2reg|Os--sroa-skip-mem2reg|O3--sroa-skip-mem2reg|Oz--sroa-skip-mem2reg|O2--sroa-skip-mem2reg,flag1,RISCV,clang20,cjump,564,NO,not_fixed
194,15,    ctx->y[0] |= ((ctx->tag_len - 2) / 2) << 3;,|,mbedtls,../tf-psa-crypto/drivers/builtin/src/ccm.c,ccm_calculate_first_block_if_ready,Ofast|O1|Os|O3|O2|Oz,levels,RISCV,clang14,cjump,401,NO,not_fixed
383,67,    curr_node_id = MERKLE_TREE_INTERNAL_NODE_AM(ctx->params.type) +,+,mbedtls,../tf-psa-crypto/drivers/builtin/src/lms.c,mbedtls_lms_verify,Oz--x86-cmov-converter-force-all,flag1,X8664,clang18|clang20,cjump,133,NO,not_fixed
5361,31,    return (int) (out_hdr_len + transform_expansion);,+,mbedtls,ssl_msg.c,mbedtls_ssl_get_record_expansion,O3--x86-cmov-converter-force-all|O1--x86-cmov-converter-force-all|Os--x86-cmov-converter-force-all|O2--x86-cmov-converter-force-all|Oz--x86-cmov-converter-force-all|Ofast--x86-cmov-converter-force-all,flag1,X8664,clang18|clang20,cjump,139,NO,not_fixed
522,40,    return (mbedtls_ct_condition_t) (x & y);,&,mbedtls,../tf-psa-crypto/drivers/builtin/src/rsa.c|../tf-psa-crypto/drivers/builtin/src/cipher.c|ssl_msg.c,mbedtls_rsa_rsaes_oaep_decrypt|get_one_and_zeros_padding|mbedtls_ssl_decrypt_buf,O1--disable-select-optimize=false|Ofast|O1|O3--disable-select-optimize=false|Os|O3|O2--disable-select-optimize=false|Ofast--disable-select-optimize=false|O2|Oz,levels|flag1,MIPS64|RISCV|MIPS32EL,clang14|clang18|clang20,cjump,137,YES,mbedtls@CVE-2025-66442
528,40,    return (mbedtls_ct_condition_t) (x | y);,|,mbedtls,../tf-psa-crypto/drivers/builtin/src/cipher.c|../tf-psa-crypto/drivers/builtin/src/bignum.c|../tf-psa-crypto/drivers/builtin/src/rsa.c,get_zeros_and_len_padding|mbedtls_mpi_lt_mpi_ct|mbedtls_rsa_rsaes_pkcs1_v15_decrypt|get_pkcs_padding,O1--disable-select-optimize=false|Ofast|O1|O3--disable-select-optimize=false|Os|O3|O2--disable-select-optimize=false|Ofast--disable-select-optimize=false|O2|Oz,levels|flag1,MIPS64|RISCV|MIPS32EL,clang14|clang18|clang20,cjump,136,YES,mbedtls@CVE-2025-66442
267,44,    return (mbedtls_ct_uint_t) ((condition & if1) | (not_cond & if0));,&,mbedtls,../tf-psa-crypto/drivers/builtin/src/cipher.c,get_one_and_zeros_padding,O1--disable-select-optimize=false|Ofast--disable-select-optimize=false|O2--disable-select-optimize=false|O3--disable-select-optimize=false,flag1,MIPS64|MIPS32EL|RISCV,clang18|clang20,cjump,129,YES,mbedtls@CVE-2025-66442
267,51,    return (mbedtls_ct_uint_t) ((condition & if1) | (not_cond & if0));,|,mbedtls,../tf-psa-crypto/drivers/builtin/src/cipher.c,get_one_and_zeros_padding,Oz--inline-call-penalty=50|Oz--inline-threshold=100|Ofast|O1|Os|O3|Oz--inline-call-penalty=100|Oz--inline-threshold=50|O2,levels|flag1,RISCV,clang14,cjump,402,YES,mbedtls@CVE-2025-66442
106,41,    return (mbedtls_md_type_t) (psa_alg & PSA_ALG_HASH_MASK);,&,mbedtls,../tf-psa-crypto/drivers/builtin/src/psa_crypto_rsa.c|../tf-psa-crypto/drivers/builtin/src/psa_crypto_ecp.c,mbedtls_psa_ecdsa_sign_hash|psa_rsa_oaep_set_padding_mode|mbedtls_psa_rsa_verify_hash|mbedtls_psa_rsa_sign_hash,Oz-fglobal-isel|O2--bonus-inst-threshold=100|Ofast--bonus-inst-threshold=100|O1--bonus-inst-threshold=50|Ofast--bonus-inst-threshold=50|Os|O3--bonus-inst-threshold=50|Os-fglobal-isel|Os--x86-cmov-converter-force-all|O1--bonus-inst-threshold=100|O3--bonus-inst-threshold=100|Oz--x86-cmov-converter-force-all|O2--bonus-inst-threshold=50|Oz,levels|flag1,X8664|RISCV,clang14|clang18,cjump,135,NO,not_fixed
467,42,    return (mbedtls_mpi_uint) (condition & if1);,&,mbedtls,../tf-psa-crypto/drivers/builtin/src/bignum_core.c,mbedtls_mpi_core_add_if,Ofast|O3,levels,MIPS64|MIPS32EL,clang18,cjump,128,YES,not_fixed
9074,60,    return (psa_crypto_driver_pake_step_t) (key_share_step + stage->step - PSA_PAKE_STEP_KEY_SHARE);,+,mbedtls,../tf-psa-crypto/core/psa_crypto.c,psa_pake_input|psa_pake_output,O3-fglobal-isel|O2-fglobal-isel|Ofast-fglobal-isel,flag1,RISCV,clang18|clang20,cjump,124,NO,not_fixed
448,32,    return (size_t) (condition & if1);,&,mbedtls,ssl_msg.c,mbedtls_ssl_decrypt_buf,Os--unroll-force-peel-count=100|Ofast--unroll-force-peel-count=100|O2--unroll-force-peel-count=100|Ofast--unroll-force-peel-count=50|O3--unroll-force-peel-count=50|Os--unroll-force-peel-count=50|O3--unroll-force-peel-count=100|O2--unroll-force-peel-count=50,flag1,RISCV,clang14,cjump,403,YES,mbedtls@CVE-2025-66442
292,30,"                             | constant_time_lt(params->omega, h_ones)))",|,openssl,crypto/ml_dsa/ml_dsa_sign.c,ossl_ml_dsa_sign,O3--x86-cmov-converter-force-all|O1--x86-cmov-converter-force-all|Os--x86-cmov-converter-force-all|O1-fglobal-isel|O2--x86-cmov-converter-force-all|Oz--x86-cmov-converter-force-all|Ofast--x86-cmov-converter-force-all,flag1,X8664|RISCV,clang18|clang20,cjump,195,YES,not_fixed
580,50,                         (table[j + 1 * xstride] & y1) |,&,openssl,crypto/bn/bn_exp.c,MOD_EXP_CTIME_COPY_FROM_PREBUF,Ofast|O1|Os|O3|O1-fglobal-isel|O2|Oz,levels|flag1,X8664|MIPS64|AArch64|RISCV,clang18|clang20,cjump,149,YES,not_fixed
581,50,                         (table[j + 2 * xstride] & y2) |,&,openssl,crypto/bn/bn_exp.c,MOD_EXP_CTIME_COPY_FROM_PREBUF,Ofast|O1|Os|O3|O1-fglobal-isel|O2|Oz,levels|flag1,X8664|MIPS64|AArch64|RISCV,clang18|clang20,cjump,150,YES,not_fixed
582,50,                         (table[j + 3 * xstride] & y3) ),&,openssl,crypto/bn/bn_exp.c,MOD_EXP_CTIME_COPY_FROM_PREBUF,Ofast|O1|Os|O3|O1-fglobal-isel|O2|Oz,levels|flag1,X8664|MIPS64|AArch64|RISCV,clang18|clang20,cjump,151,YES,not_fixed
49,28,                         i * dump_width);,*,openssl,crypto/bio/bio_dump.c,BIO_dump_cb,O1--force-specialization,flag1,RISCV,clang20,cjump,571,NO,not_fixed
142,43,                        ovec[i] |= ovec[i + 1] >> (8 - num % 8);,+,openssl,crypto/des/cfb64ede.c,DES_ede3_cfb_encrypt,O3--unroll-full-max-count=0|Os--mips-mixed-16-32|Ofast--unroll-threshold=0|O2-fno-unroll-loops|Os-fno-unroll-loops|Os--unroll-count=0|O2--unroll-full-max-count=0|O2--unroll-count=0|Os--unroll-full-max-count=0|O2--unroll-threshold-default=0|Ofast-fno-unroll-loops|Ofast--unroll-count=0|O2--unroll-threshold=0|Ofast--unroll-full-max-count=0|Ofast--unroll-threshold-aggressive=0|O3-fno-unroll-loops|O3--unroll-threshold=0|O3--unroll-count=0|O3--unroll-threshold-aggressive=0,flag1,X8664|MIPS64|AArch64|MIPS32EL,clang14|clang18|clang20,cjump,178,NO,not_fixed
179,43,                        ovec[i] |= ovec[i + 1] >> (8 - num % 8);,+,openssl,crypto/des/cfb64ede.c,DES_ede3_cfb_encrypt,O3--unroll-full-max-count=0|Os--mips-mixed-16-32|Ofast--unroll-threshold=0|O2-fno-unroll-loops|Os-fno-unroll-loops|Os--unroll-count=0|O2--unroll-full-max-count=0|O2--unroll-count=0|Os--unroll-full-max-count=0|O2--unroll-threshold-default=0|Ofast-fno-unroll-loops|Ofast--unroll-count=0|O2--unroll-threshold=0|Ofast--unroll-full-max-count=0|Ofast--unroll-threshold-aggressive=0|O3-fno-unroll-loops|O3--unroll-threshold=0|O3--unroll-count=0|O3--unroll-threshold-aggressive=0,flag1,X8664|MIPS64|AArch64|MIPS32EL,clang14|clang18|clang20,cjump,178,NO,not_fixed
583,24,"                       & ((BN_ULONG)0 - (constant_time_eq_int(j,idx)&1));",&,openssl,crypto/bn/bn_exp.c,MOD_EXP_CTIME_COPY_FROM_PREBUF,O3--disable-loop-level-heuristics|Oz-fglobal-isel|O1--x86-cmov-converter-force-all|Ofast|Ofast--disable-loop-level-heuristics|Os-fglobal-isel|O3|Os--x86-cmov-converter-force-all|O1-fglobal-isel|O2-fglobal-isel|O2--x86-cmov-converter-force-all|Oz--x86-cmov-converter-force-all,levels|flag1,X8664|AArch64|RISCV,clang18|clang20,cjump,152,YES,not_fixed
110,23,                      + mac_size;,+,openssl,ssl/record/methods/tls_pad.c,tls1_cbc_remove_padding_and_mac,Oz--instcombine-max-iterations=0|O2--instcombine-max-iterations=0|O1--instcombine-max-iterations=0|Os--instcombine-max-iterations=0|O3--instcombine-max-iterations=0|Ofast--instcombine-max-iterations=0,flag1,RISCV,clang14,cjump,453,NO,not_fixed
658,32,                    u1 = udp[i + 1];,+,openssl,crypto/bn/bn_gf2m.c,BN_GF2m_mod_inv,Ofast|O3|O2,levels,X8664|AArch64,clang14|clang18|clang20,cjump,156,YES,not_fixed
167,20,                   + contenttypelen + SSL3_RT_SEND_MAX_ENCRYPTED_OVERHEAD;,+,openssl,ssl/record/methods/tls_common.c,tls_setup_write_buffer,Oz--instcombine-max-iterations=0|O2--instcombine-max-iterations=0|Os--instcombine-max-iterations=0|O3--instcombine-max-iterations=0|Ofast--instcombine-max-iterations=0,flag1,RISCV,clang14,cjump,452,NO,not_fixed
1204,32,                  (tmp = t_d[i + 1]) << BN_NIST_521_LSHIFT) & BN_MASK2;,+,openssl,crypto/bn/bn_nist.c,BN_nist_mod_521,Ofast--unroll-count=0|O2--unroll-threshold=0|Ofast--unroll-full-max-count=0|Ofast--unroll-threshold-aggressive=0|O3-fno-unroll-loops|Os|O2--unroll-full-max-count=0|O2--unroll-count=0|O2--unroll-threshold-default=0|O3--unroll-full-max-count=0|Ofast-fno-unroll-loops|O3--unroll-count=0|Ofast--unroll-threshold=0|O3--unroll-threshold=0|O2-fno-unroll-loops|O3--unroll-threshold-aggressive=0,levels|flag1,AArch64,clang14|clang18|clang20,cjump,174,YES,not_fixed
816,37,                *(ap++) = ((t << 1) | c) & BN_MASK2;,|,openssl,crypto/bn/bn_nist.c,BN_nist_mod_256,Ofast--instcombine-max-iterations=0|O2--instcombine-max-iterations=0|O3--instcombine-max-iterations=0,flag1,RISCV,clang14,cjump,424,YES,not_fixed
1075,37,                *(ap++) = ((t << 1) | c) & BN_MASK2;,|,openssl,crypto/bn/bn_nist.c,BN_nist_mod_384,Ofast--instcombine-max-iterations=0|O2--instcombine-max-iterations=0|O3--instcombine-max-iterations=0,flag1,RISCV,clang14,cjump,424,YES,not_fixed
531,22,                *curr++ = reduce_once(odd + even);,+,openssl,crypto/ml_kem/ml_kem.c,scalar_ntt,Ofast|O3,levels,X8664|AArch64,clang14,cjump,432,YES,not_fixed
563,22,                *curr++ = reduce_once(odd + even);,+,openssl,crypto/ml_kem/ml_kem.c,scalar_inverse_ntt,Ofast|O3,levels,X8664|AArch64,clang14,cjump,432,YES,not_fixed
359,17,                ++*pnum;,+,openssl,crypto/stack/stack.c,internal_find|OPENSSL_sk_find_all,Ofast|O1|O3--unswitch-num-initial-unscaled-candidates=-1|Os|O3|Ofast--unswitch-threshold=0|Ofast--unswitch-num-initial-unscaled-candidates=-1|O2|Oz|O3--unswitch-threshold=0,levels|flag1,X8664|MIPS64|MIPS32EL|ARM|AArch64|RISCV,clang18|clang20,cjump,219,NO,not_fixed
579,50,                acc |= ( (table[j + 0 * xstride] & y0) |,&,openssl,crypto/bn/bn_exp.c,MOD_EXP_CTIME_COPY_FROM_PREBUF,Ofast|O1|O3--unswitch-num-initial-unscaled-candidates=-1|Ofast--unswitch-num-initial-unscaled-candidates=0|Os|O3|Ofast--unswitch-threshold=0|Ofast--unswitch-num-initial-unscaled-candidates=-1|O1-fglobal-isel|O3--unswitch-num-initial-unscaled-candidates=0|O2|Oz|O3--unswitch-threshold=0,levels|flag1,X8664|MIPS64|AArch64|RISCV,clang18|clang20,cjump,148,YES,not_fixed
557,33,                acc |= table[j] &,&,openssl,crypto/bn/bn_exp.c,MOD_EXP_CTIME_COPY_FROM_PREBUF,Oz-fglobal-isel|Ofast|O1|Os|Os-fglobal-isel|O3|O1-fglobal-isel|O2-fglobal-isel|O2|Oz,levels|flag1,X8664|RISCV,clang18|clang20,cjump,147,YES,not_fixed
564,19,                l -= (long)(i * 40);,-,openssl,crypto/objects/obj_dat.c,OBJ_obj2txt,O3--x86-cmov-converter-force-all|Ofast--x86-cmov-converter-force-all|Os--x86-cmov-converter-force-all|O2--x86-cmov-converter-force-all|Oz--x86-cmov-converter-force-all,flag1,X8664,clang18|clang20,cjump,207,NO,not_fixed
167,31,                md = mdays[1] + leap_year(tmp.tm_year + 1900);,+,openssl,crypto/asn1/a_time.c,ossl_asn1_time_to_tm,O3--disable-loop-level-heuristics|Ofast--disable-loop-level-heuristics,flag1,AArch64,clang20,cjump,570,NO,not_fixed
185,25,                n->d[i] &= mask;,&,openssl,crypto/bn/bn_blind.c,BN_BLINDING_invert_ex,O2--aarch64-enable-global-isel-at-O=100|Oz-fglobal-isel|Ofast-fglobal-isel|Os--aarch64-enable-global-isel-at-O=50|O3--unroll-force-peel-count=50|Os--fast-isel|Ofast--aarch64-enable-global-isel-at-O=100|O2--fast-isel|O1--fast-isel|O1--aarch64-enable-global-isel-at-O=50|O3--fast-isel|O2-fglobal-isel|O2--unroll-force-peel-count=50|O3--aarch64-enable-global-isel-at-O=50|O3-fglobal-isel|Os--aarch64-enable-global-isel-at-O=100|Ofast--aarch64-enable-global-isel-at-O=50|Ofast--fast-isel|Oz--aarch64-enable-global-isel-at-O=50|Ofast--unroll-force-peel-count=50|Os--unroll-force-peel-count=50|O1--aarch64-enable-global-isel-at-O=100|Oz--fast-isel|O3--aarch64-enable-global-isel-at-O=100|Os-fglobal-isel|O2--aarch64-enable-global-isel-at-O=50|Oz--aarch64-enable-global-isel-at-O=100|O1-fglobal-isel,flag1,MIPS64|MIPS32EL|ARM|AArch64|RISCV,clang14|clang18|clang20,mmem|cjump,145,YES,not_fixed
521,41,            BN_ULONG byte = (byte_xored + carry) & 0xff;,+,openssl,crypto/bn/bn_lib.c,bin2bn,Ofast|O3|O2--disable-select-optimize=false,levels|flag1,AArch64,clang20,cjump,580,YES,not_fixed
427,19,            b = b & ~is_past_cp1;,&,openssl,ssl/record/methods/ssl3_cbc.c,ssl3_cbc_digest_record,O2--partial-unrolling-threshold=100|O3--unroll-force-peel-count=50|O2--x86-cmov-converter-force-all|Ofast--x86-cmov-converter-force-all|Os--fast-isel|O2--fast-isel|O1--fast-isel|O3--fast-isel|Oz--x86-cmov-converter-force-all|O2--unroll-force-peel-count=50|O3--disable-loop-level-heuristics|O1--x86-cmov-converter-force-all|O2--unroll-runtime|Ofast--disable-loop-level-heuristics|Os--x86-cmov-converter-force-all|Ofast--partial-unrolling-threshold=100|Ofast--unroll-force-peel-count=50|Os--unroll-force-peel-count=50|Ofast--fast-isel|Ofast--unroll-runtime|O3--x86-cmov-converter-force-all|Oz--fast-isel|O3--partial-unrolling-threshold=100|O1-fglobal-isel|O3--unroll-runtime,flag1,AArch64|X8664|RISCV,clang14|clang20,cjump,451,YES,not_fixed
427,21,            b = b & ~is_past_cp1;,~,openssl,ssl/record/methods/ssl3_cbc.c,ssl3_cbc_digest_record,O3--x86-cmov-converter-force-all|O3--disable-loop-level-heuristics|O1--x86-cmov-converter-force-all|O2--fast-isel|Oz--fast-isel|O1--fast-isel|Ofast--disable-loop-level-heuristics|Os--x86-cmov-converter-force-all|O3--fast-isel|Ofast--fast-isel|O2--x86-cmov-converter-force-all|Oz--x86-cmov-converter-force-all|Ofast--x86-cmov-converter-force-all|Os--fast-isel,flag1,X8664|AArch64,clang18,cjump,227,YES,not_fixed
35,20,            buffer |= ((dword_t) red->limb[LIMBPERM(j)]) << fill;,|,openssl,crypto/ec/curve448/f_generic.c,gf_serialize,Ofast|O1|Os|O3|O0|O2,levels,RISCV,clang14,cjump,427,YES,not_fixed
83,20,            buffer |= ((dword_t) sj) << fill;,|,openssl,crypto/ec/curve448/f_generic.c,gf_deserialize,Ofast|O1|Os|O3|O0|O2,levels,RISCV,clang14,cjump,428,YES,not_fixed
150,18,            good &= ~(mask & (padding_length ^ b));,&,openssl,ssl/record/methods/tls_pad.c,tls1_cbc_remove_padding_and_mac,Ofast|O1|Os|O3|O2|Oz,levels,RISCV,clang14,cjump,454,YES,not_fixed
150,21,            good &= ~(mask & (padding_length ^ b));,~,openssl,ssl/record/methods/tls_pad.c,tls1_cbc_remove_padding_and_mac,O3--x86-cmov-converter-force-all|Oz-fglobal-isel|O1--x86-cmov-converter-force-all|Ofast-fglobal-isel|Os-fglobal-isel|O3-fglobal-isel|Os--x86-cmov-converter-force-all|O1-fglobal-isel|O2--x86-cmov-converter-force-all|O2-fglobal-isel|Oz--x86-cmov-converter-force-all|Ofast--x86-cmov-converter-force-all,flag1,X8664|RISCV,clang18,cjump,228,YES,not_fixed
150,28,            good &= ~(mask & (padding_length ^ b));,&,openssl,ssl/record/methods/tls_pad.c,tls1_cbc_remove_padding_and_mac,O3--x86-cmov-converter-force-all|O1--x86-cmov-converter-force-all|Os--x86-cmov-converter-force-all|O1-fglobal-isel|O2--x86-cmov-converter-force-all|Oz--x86-cmov-converter-force-all|Ofast--x86-cmov-converter-force-all,flag1,X8664|RISCV,clang20,cjump,608,YES,not_fixed
415,36,"            is_past_c = is_block_a & constant_time_ge_8_s(j, c);",&,openssl,ssl/record/methods/ssl3_cbc.c,ssl3_cbc_digest_record,O1--attributor-enable=all|O1--attributor-enable=module|O1--attributor-enable=cgscc|Ofast--attributor-enable=cgscc|Os--attributor-enable=all|Oz--fast-isel|O2--attributor-enable=module|O3--attributor-enable=module|O3--attributor-enable=cgscc|Os--attributor-enable=cgscc|O2--attributor-enable=all|O2--attributor-enable=cgscc|Ofast--attributor-enable=module|Os--attributor-enable=module|O3--attributor-enable=all|Oz--x86-cmov-converter-force-all|Oz,levels|flag1,X8664|RISCV,clang14|clang18,cjump,226,YES,not_fixed
180,59,            ivec[n] = ovec[n + num] << rem | ovec[n + num + 1] >> (8 - rem);,+,openssl,crypto/modes/cfb128.c,CRYPTO_cfb128_1_encrypt,O3--unroll-full-max-count=0|Os--mips-mixed-16-32|Ofast--unroll-threshold=0|O2-fno-unroll-loops|Ofast--unroll-threshold=50|O3--unroll-threshold=50|Ofast--unroll-threshold-aggressive=50|Os-fno-unroll-loops|Os--unroll-count=0|O2--unroll-full-max-count=0|O2--unroll-count=0|Os--unroll-full-max-count=0|O2--unroll-threshold-default=0|Ofast-fno-unroll-loops|Ofast--unroll-count=0|O2--unroll-threshold=50|O2--unroll-threshold=0|Ofast--unroll-full-max-count=0|Ofast--unroll-threshold-aggressive=0|O3-fno-unroll-loops|O2--unroll-threshold-default=50|O3--unroll-threshold-aggressive=50|O3--unroll-threshold=0|O3--unroll-count=0|O3--unroll-threshold-aggressive=0,flag1,X8664|MIPS64|AArch64|MIPS32EL,clang14|clang18,cjump,202,NO,not_fixed
172,26,            l = (l << 4) | k;,|,openssl,crypto/bn/bn_conv.c,BN_hex2bn,O1--instcombine-max-iterations=0,flag1,RISCV,clang14,cjump,409,NO,not_fixed
452,36,            mac_out[j] |= block[j] & is_block_b;,&,openssl,ssl/record/methods/ssl3_cbc.c,ssl3_cbc_digest_record,O2|O1-fglobal-isel,levels|flag1,X8664|RISCV,clang20,cjump,605,YES,not_fixed
189,42,            n->top = (int)(rtop & ~mask) | (ntop & mask);,|,openssl,crypto/bn/bn_blind.c,BN_BLINDING_invert_ex,O3--x86-cmov-converter-force-all|O1--x86-cmov-converter-force-all|Ofast|O1|Os|O3|Os--x86-cmov-converter-force-all|O2--x86-cmov-converter-force-all|Oz--x86-cmov-converter-force-all|Ofast--x86-cmov-converter-force-all|O2|Oz,levels|flag1,X8664|RISCV,clang14|clang18|clang20,cjump,146,YES,not_fixed
451,44,            ref_area_sz = ctx->lane_length - ctx->segment_length +,-,openssl,providers/implementations/kdfs/argon2.c,fill_segment,Oz--instcombine-max-iterations=0|O2--instcombine-max-iterations=0|O1--instcombine-max-iterations=0|Os--instcombine-max-iterations=0|O3--instcombine-max-iterations=0|Ofast--instcombine-max-iterations=0,flag1,RISCV,clang14,cjump,448,NO,not_fixed
451,66,            ref_area_sz = ctx->lane_length - ctx->segment_length +,+,openssl,providers/implementations/kdfs/argon2.c,index_alpha,O0,levels,RISCV,clang14,cjump,449,NO,not_fixed
444,55,            ref_area_sz = slice * ctx->segment_length +,+,openssl,providers/implementations/kdfs/argon2.c,index_alpha|fill_segment,Oz--instcombine-max-iterations=0|O2--instcombine-max-iterations=0|O1--instcombine-max-iterations=0|Os--instcombine-max-iterations=0|O0|O3--instcombine-max-iterations=0|Ofast--instcombine-max-iterations=0,levels|flag1,RISCV,clang14,cjump,447,NO,not_fixed
74,24,            res = 0x87 & (((int)tweak.d[3]) >> 31);,&,openssl,crypto/modes/xts128.c,CRYPTO_xts128_encrypt,O3--disable-loop-level-heuristics|Ofast--disable-loop-level-heuristics|O1--x86-cmov-converter-force-all|O1-fglobal-isel,flag1,X8664|AArch64|RISCV,clang18|clang20,cjump,205,YES,not_fixed
113,24,            res = 0x87 & (((int)tweak.d[3]) >> 31);,&,openssl,crypto/modes/xts128.c,CRYPTO_xts128_encrypt,O3--x86-cmov-converter-force-all|O1--x86-cmov-converter-force-all|Os--x86-cmov-converter-force-all|O1-fglobal-isel|O2--x86-cmov-converter-force-all|Oz--x86-cmov-converter-force-all|Ofast--x86-cmov-converter-force-all,flag1,X8664|RISCV,clang18|clang20,cjump,206,YES,not_fixed
76,44,            tweak.u[0] = (tweak.u[0] << 1) ^ res;,^,openssl,crypto/modes/xts128.c,CRYPTO_xts128_encrypt,Ofast|O1|Os|O3|O2|Oz,levels,RISCV,clang14,cjump,436,YES,not_fixed
115,45,            tweak1.u[0] = (tweak.u[0] << 1) ^ res;,^,openssl,crypto/modes/xts128.c,CRYPTO_xts128_encrypt,Ofast|O1|Os|O3|O2|Oz,levels,RISCV,clang14,cjump,437,YES,not_fixed
207,17,        *--em = *from & mask;,*,openssl,crypto/rsa/rsa_pk1.c,RSA_padding_check_PKCS1_type_2,O3--x86-cmov-converter-force-all|O3--disable-loop-level-heuristics|O1--x86-cmov-converter-force-all|O3--mispredict-default-rate=0|O2--fast-isel|Oz--fast-isel|O1--fast-isel|Ofast--disable-loop-level-heuristics|Os--x86-cmov-converter-force-all|O3--fast-isel|Ofast--fast-isel|O1-fglobal-isel|O2--x86-cmov-converter-force-all|Ofast--mispredict-default-rate=0|Oz--x86-cmov-converter-force-all|Ofast--x86-cmov-converter-force-all|Os--fast-isel,flag1,X8664|AArch64|RISCV,clang18|clang20,cjump,211,YES,not_fixed
245,17,        *--em = *from & mask;,*,openssl,crypto/rsa/rsa_oaep.c,RSA_padding_check_PKCS1_OAEP_mgf1,O3--x86-cmov-converter-force-all|O3--disable-loop-level-heuristics|O1--x86-cmov-converter-force-all|O3--mispredict-default-rate=0|O2--fast-isel|Oz--fast-isel|O1--fast-isel|Ofast--disable-loop-level-heuristics|Os--x86-cmov-converter-force-all|O3--fast-isel|Ofast--fast-isel|O1-fglobal-isel|O2--x86-cmov-converter-force-all|Ofast--mispredict-default-rate=0|Oz--x86-cmov-converter-force-all|Ofast--x86-cmov-converter-force-all|Os--fast-isel,flag1,X8664|AArch64|RISCV,clang18|clang20,cjump,209,YES,not_fixed
1042,35,        *curr++ = value + (kPrime & mask);,&,openssl,crypto/ml_kem/ml_kem.c,cbd_2|encrypt_cpa,O1-fglobal-isel,flag1,RISCV,clang20,cjump,590,YES,not_fixed
1047,35,        *curr++ = value + (kPrime & mask);,&,openssl,crypto/ml_kem/ml_kem.c,cbd_2|encrypt_cpa,O1-fglobal-isel,flag1,RISCV,clang20,cjump,590,YES,not_fixed
1085,35,        *curr++ = value + (kPrime & mask);,&,openssl,crypto/ml_kem/ml_kem.c,cbd_3,O1-fglobal-isel,flag1,RISCV,clang20,cjump,590,YES,not_fixed
1100,35,        *curr++ = value + (kPrime & mask);,&,openssl,crypto/ml_kem/ml_kem.c,cbd_3,O1-fglobal-isel,flag1,RISCV,clang20,cjump,590,YES,not_fixed
1118,19,        *dup_list |= idmask;,|,openssl,ssl/t1_lib.c,tls1_set_groups,O3--x86-cmov-converter-force-all|O1--x86-cmov-converter-force-all|Ofast|Os|O3|Os--x86-cmov-converter-force-all|O2--x86-cmov-converter-force-all|Oz--x86-cmov-converter-force-all|Ofast--x86-cmov-converter-force-all|O2|Oz,levels|flag1,X8664|RISCV,clang18|clang20,cjump,233,NO,not_fixed
645,17,        *needed += 2 * quotes;,+,openssl,crypto/property/property_parse.c,put_str,O1--attributor-enable=all|Os--attributor-enable=all|O1--enable-mem-prof|O2--attributor-enable=all|O3--attributor-enable=all|Oz--attributor-enable=all,flag1,RISCV,clang14,cjump,440,NO,not_fixed
612,37,        *out_len = (sz + w - 1) / w * w;,*,openssl,providers/implementations/macs/kmac_prov.c,kmac_init|kmac_setkey,Ofast|O3|O2,levels,X8664,clang14|clang18|clang20,cjump,223,NO,not_fixed
158,25,        *reclen -= good & (padding_length + 1);,&,openssl,ssl/record/methods/tls_pad.c,tls1_cbc_remove_padding_and_mac,O3--x86-cmov-converter-force-all|O1--x86-cmov-converter-force-all|Os--x86-cmov-converter-force-all|O1-fglobal-isel|O2--x86-cmov-converter-force-all|Oz--x86-cmov-converter-force-all|Ofast--x86-cmov-converter-force-all,flag1,X8664|RISCV,clang20,cjump,609,YES,not_fixed
682,9,        + ossl_quic_rcidm_get_num_retiring(rcidm);,+,openssl,ssl/quic/quic_rcidm.c,ossl_quic_rcidm_get_num_active,Oz--instcombine-max-iterations=0|O2--instcombine-max-iterations=0|O1--instcombine-max-iterations=0|Os--instcombine-max-iterations=0|O3--instcombine-max-iterations=0|Ofast--instcombine-max-iterations=0,flag1,RISCV,clang14,cjump,450,NO,not_fixed
79,18,        Plen = v * ((passlen + v - 1) / v);,*,openssl,providers/implementations/kdfs/pkcs12kdf.c,kdf_pkcs12_derive,Ofast|O3|O2,levels,X8664,clang14|clang18|clang20,cjump,222,NO,not_fixed
1030,15,        b = *r++;,+,openssl,crypto/ml_kem/ml_kem.c,cbd_2|encrypt_cpa,O3--unroll-full-max-count=0|Ofast--unroll-threshold=0|Ofast--unroll-threshold=50|O3--unroll-threshold=50|O3--unroll-threshold-aggressive=100|Ofast--unroll-threshold-aggressive=50|Ofast|O3--unroll-threshold=100|Ofast--unroll-threshold-aggressive=100|O2|Os|Ofast--unroll-threshold=100|Ofast--scalar-evolution-max-arith-depth=0|O3--scalar-evolution-max-arith-depth=0|Ofast-fno-unroll-loops|Ofast--unroll-count=0|Ofast--unroll-full-max-count=0|Ofast--unroll-threshold-aggressive=0|O3-fno-unroll-loops|O3|O3--unroll-threshold-aggressive=50|O3--unroll-threshold=0|O3--unroll-count=0|O3--unroll-threshold-aggressive=0,levels|flag1,X8664|AArch64,clang18|clang20,cjump,201,YES,not_fixed
263,15,        b = 3 * r * (r + 1) + 1;,*,openssl,crypto/rsa/rsa_lib.c,ossl_ifc_ffc_compute_security_bits,O3-fglobal-isel|Ofast-fglobal-isel,flag1,RISCV,clang18,cjump,208,NO,not_fixed
64,28,        bld->secure_blocks += pd->alloc_blocks;,+,openssl,crypto/param_build.c,OSSL_PARAM_BLD_push_utf8_string|param_push|push_BN|OSSL_PARAM_BLD_push_octet_string,O2--enable-gvn-sink|Ofast--enable-gvn-sink|Os--enable-gvn-sink|Oz--enable-gvn-sink|O3--enable-gvn-sink,flag1,RISCV,clang14,cjump,438,NO,not_fixed
159,16,        borrow &= (t1 == 0);,&,openssl,crypto/bn/bn_add.c,BN_usub,O3--x86-cmov-converter-force-all|Oz-fglobal-isel|O3--partial-unrolling-threshold=100|Ofast--partial-unrolling-threshold=100|O2--x86-cmov-converter-force-all|Ofast--unroll-runtime|Ofast--x86-cmov-converter-force-all|O3--unroll-runtime,flag1,X8664|AArch64|RISCV,clang18|clang20,cjump,143,YES,not_fixed
618,58,        byte = (unsigned char)(l >> (8 * (i % BN_BYTES)) & mask);,&,openssl,crypto/bn/bn_lib.c,bn2binpad|BN_bn2bin,O3--disable-loop-level-heuristics|Ofast--disable-loop-level-heuristics|O1-fglobal-isel,flag1,AArch64|RISCV,clang20,cjump,581,YES,not_fixed
619,27,        byte_xored = byte ^ xor;,^,openssl,crypto/bn/bn_lib.c,bn2binpad,Ofast|O1|Os|O3|O2|Oz,levels,RISCV,clang14,cjump,421,YES,not_fixed
389,11,        c += (t1 > t2);,+,openssl,crypto/bn/bn_asm.c,bn_sub_words,Ofast--unroll-runtime|O3--mispredict-default-rate=0|O3--partial-unrolling-threshold=100|Ofast--partial-unrolling-threshold=100|O0|Ofast--mispredict-default-rate=0|O3--unroll-runtime,levels|flag1,AArch64|ARM,clang20,cjump|mmem,572,YES,not_fixed
396,11,        c += (t1 > t2);,+,openssl,crypto/bn/bn_asm.c,bn_sub_words,O1--disable-select-optimize=false|Ofast|O3|O0|O2--disable-select-optimize=false,levels|flag1,AArch64|ARM,clang20,cjump|mmem,573,YES,not_fixed
403,11,        c += (t1 > t2);,+,openssl,crypto/bn/bn_asm.c,bn_sub_words,O1--disable-select-optimize=false|Ofast|O3|O0|O2--disable-select-optimize=false,levels|flag1,AArch64|ARM,clang20,cjump|mmem,573,YES,not_fixed
410,11,        c += (t1 > t2);,+,openssl,crypto/bn/bn_asm.c,bn_sub_words,O1--disable-select-optimize=false|Ofast|O3|O2--disable-select-optimize=false,levels|flag1,AArch64,clang20,cjump,577,YES,not_fixed
114,15,        carry &= (t2 == 0);,&,openssl,crypto/bn/bn_add.c,BN_sub|BN_uadd|BN_add,Oz-fglobal-isel|O3--unroll-partial-threshold=100|Ofast-fglobal-isel|O2--partial-unrolling-threshold=100|O2--x86-cmov-converter-force-all|O2--disable-select-optimize=false|Ofast--x86-cmov-converter-force-all|O2--fast-isel|Os--unroll-partial-threshold=100|O3--disable-select-optimize=false|Ofast--partial-unrolling-threshold=50|O3--fast-isel|O3--unroll-partial-threshold=50|O2-fglobal-isel|O3--partial-unrolling-threshold=50|O3-fglobal-isel|Ofast--aarch64-stress-promote-const|Ofast--fast-isel|Ofast--partial-unrolling-threshold=100|Ofast--unroll-partial-threshold=50|Ofast--unroll-runtime|Ofast--disable-select-optimize=false|Ofast--unroll-partial-threshold=100|O3--x86-cmov-converter-force-all|O1--disable-select-optimize=false|O2--unroll-partial-threshold=100|O2--unroll-partial-threshold=50|O2--partial-unrolling-threshold=50|Os-fglobal-isel|O3--partial-unrolling-threshold=100|O1-fglobal-isel|Os--unroll-partial-threshold=50|O3--aarch64-stress-promote-const|O3--unroll-runtime,flag1,X8664|MIPS64|MIPS32EL|AArch64|RISCV,clang18|clang20,cjump,142,YES,not_fixed
233,55,        chain = (chain + a->limb[i]) + (sc_p->limb[i] & mask);,&,openssl,crypto/ec/curve448/scalar.c,ossl_curve448_scalar_halve,Ofast|O3|O1-fglobal-isel,levels|flag1,X8664|MIPS64|MIPS32EL|ARM|AArch64|RISCV,clang18|clang20,cjump,188,YES,not_fixed
166,29,        defltlen = maxalign + headerlen + rl->eivlen + rl->max_frag_len,+,openssl,ssl/record/methods/tls_common.c,tls_setup_write_buffer,O1--sink-common-insts,flag1,RISCV,clang20,cjump,606,NO,not_fixed
660,48,        delta = (-cond & -delta) | ((cond - 1) & delta);,&,openssl,crypto/bn/bn_gcd.c,BN_gcd,O3--x86-cmov-converter-force-all|O3--disable-loop-level-heuristics|O1--x86-cmov-converter-force-all|Ofast--sroa-skip-mem2reg|Ofast--disable-loop-level-heuristics|O3--sroa-skip-mem2reg|Os--x86-cmov-converter-force-all|O1-fglobal-isel|O2--x86-cmov-converter-force-all|Oz--x86-cmov-converter-force-all|Ofast--x86-cmov-converter-force-all,flag1,X8664|AArch64|RISCV,clang18|clang20,cjump,155,YES,not_fixed
282,24,        found_one_byte |= equals1;,|,openssl,crypto/rsa/rsa_oaep.c,RSA_padding_check_PKCS1_OAEP_mgf1,O1-fglobal-isel,flag1,RISCV,clang20,cjump,595,YES,not_fixed
220,25,        found_zero_byte |= equals0;,|,openssl,crypto/rsa/rsa_pk1.c,RSA_padding_check_PKCS1_type_2,O3--disable-loop-level-heuristics|O3--select-opti-loop-cycle-gain-threshold=0|Ofast--disable-loop-level-heuristics|O1-fglobal-isel|Ofast--select-opti-loop-cycle-gain-threshold=0,flag1,AArch64|RISCV,clang20,cjump,598,YES,not_fixed
478,25,        found_zero_byte |= equals0;,|,openssl,crypto/rsa/rsa_pk1.c,ossl_rsa_padding_check_PKCS1_type_2,O3--disable-loop-level-heuristics|O3--select-opti-loop-cycle-gain-threshold=0|Ofast--disable-loop-level-heuristics|O1-fglobal-isel|Ofast--select-opti-loop-cycle-gain-threshold=0,flag1,AArch64|RISCV,clang20,cjump,598,YES,not_fixed
283,33,        good &= (found_one_byte | equals0);,|,openssl,crypto/rsa/rsa_oaep.c,RSA_padding_check_PKCS1_OAEP_mgf1,O1-fglobal-isel,flag1,RISCV,clang20,cjump,596,YES,not_fixed
581,14,        good &= ~constant_time_is_zero_8(from[i]);,&,openssl,crypto/rsa/rsa_pk1.c,ossl_rsa_padding_check_PKCS1_type_2_TLS,Ofast|O1|Oz--fast-isel|Os|O3|Oz--x86-cmov-converter-force-all|O2|Oz,levels|flag1,X8664|RISCV,clang14|clang20,cjump,445,YES,not_fixed
257,11,        h -= th;,-,openssl,crypto/bn/bn_asm.c,bn_div_words,O3--x86-cmov-converter-force-all|O1--x86-cmov-converter-force-all|Ofast|O1|Os|O3|Os--x86-cmov-converter-force-all|O2--x86-cmov-converter-force-all|Ofast--x86-cmov-converter-force-all|O2,levels|flag1,X8664|RISCV,clang14|clang18|clang20,cjump,144,NO,not_fixed
267,16,        in_mac &= mac_ended;,&,openssl,ssl/record/methods/tls_pad.c,ssl3_cbc_copy_mac,O2--disable-select-optimize=false|Os--fast-isel|O3--disable-select-optimize=false|O2--fast-isel|Ofast--partial-unrolling-threshold=50|O3--fast-isel|O3--disable-loop-level-heuristics|O3--partial-unrolling-threshold=50|Ofast--disable-loop-level-heuristics|Ofast--partial-unrolling-threshold=100|Ofast--fast-isel|Ofast--disable-select-optimize=false|Ofast--unroll-runtime|O1--disable-select-optimize=false|O3--mispredict-default-rate=0|Oz--fast-isel|O3--partial-unrolling-threshold=100|Ofast--mispredict-default-rate=0|O3--unroll-runtime,flag1,X8664|AArch64|MIPS32EL,clang18|clang20,cjump,229,NO,not_fixed
266,16,        in_mac |= mac_started;,|,openssl,ssl/record/methods/tls_pad.c,ssl3_cbc_copy_mac,O3--disable-loop-level-heuristics|Ofast--unroll-runtime|O3--mispredict-default-rate=0|Oz--fast-isel|O2--fast-isel|O3--partial-unrolling-threshold=50|Ofast--disable-loop-level-heuristics|O3--partial-unrolling-threshold=100|O3--fast-isel|Ofast--partial-unrolling-threshold=50|Ofast--fast-isel|Ofast--partial-unrolling-threshold=100|Ofast--mispredict-default-rate=0|Os--fast-isel|O3--unroll-runtime,flag1,X8664|AArch64,clang20,cjump,610,YES,not_fixed
303,13,        inl -= n;,-,openssl,crypto/evp/bio_ok.c,ok_write,O3--enable-knowledge-retention|Ofast--enable-knowledge-retention|O2--enable-knowledge-retention|Oz--enable-knowledge-retention|Os--enable-knowledge-retention,flag1,RISCV,clang14,cjump,430,NO,not_fixed
270,11,"        j &= constant_time_lt_s(j, mac_size);",&,openssl,ssl/record/methods/tls_pad.c,ssl3_cbc_copy_mac,O2--disable-select-optimize=false|Os--fast-isel|O2--fast-isel|O3--select-opti-loop-cycle-gain-threshold=0|O1--fast-isel|O3--disable-select-optimize=false|Ofast--partial-unrolling-threshold=50|O3--fast-isel|O3--disable-loop-level-heuristics|Ofast--disable-loop-level-heuristics|O3--partial-unrolling-threshold=50|Ofast--fast-isel|Ofast--partial-unrolling-threshold=100|Ofast--unroll-runtime|Ofast--disable-select-optimize=false|O1--disable-select-optimize=false|O3--mispredict-default-rate=0|Oz--fast-isel|O3--partial-unrolling-threshold=100|Ofast--select-opti-loop-cycle-gain-threshold=0|Ofast--mispredict-default-rate=0|O3--unroll-runtime,flag1,X8664|AArch64|MIPS32EL,clang14|clang18|clang20,cjump,230,YES,not_fixed
48,42,        k1[i] = (c << 1) | ((cnext = l[i + 1]) >> 7);,+,openssl,crypto/cmac/cmac.c,ossl_cmac_init,Ofast|O3|O2,levels,X8664|AArch64,clang14|clang18|clang20,cjump,176,YES,not_fixed
192,19,        len = bsz * (outlen / bsz);,*,openssl,crypto/sha/sha3.c,ossl_sha3_squeeze,Ofast|O3|O2,levels,X8664,clang14|clang18|clang20,cjump,216,NO,not_fixed
552,45,"        len = do_print_ex(io_ch, arg, flags | orflags, val);",|,openssl,crypto/asn1/a_strex.c,do_name_ex,Ofast|O1|Os|O3|O2|Oz,levels,RISCV,clang14,cjump,407,NO,not_fixed
879,49,"        len = sanitize_line(linebuf, len, flags & flags_mask, 0);",&,openssl,crypto/pem/pem_lib.c,PEM_read_bio_ex,Ofast|O1|Os|O3|O2|Oz,levels,RISCV,clang14,cjump,439,NO,not_fixed
205,17,        m = f[i + 1];,+,openssl,crypto/bn/bn_shift.c,bn_rshift_fixed_top|BN_rshift,Ofast|O3|O2,levels,X8664|AArch64,clang14|clang18|clang20,cjump,175,NO,not_fixed
130,14,        mask &= !key[i];,&,openssl,crypto/dh/dh_key.c,DH_compute_key,O2--fast-isel|Oz--fast-isel|O1--fast-isel|O3--fast-isel|Ofast--fast-isel|O1-fglobal-isel|Os--fast-isel,flag1,MIPS32EL|RISCV,clang18|clang20,mmem|cjump,654,YES,not_fixed
260,21,"        mask = good & constant_time_lt(i, mlen);",&,openssl,crypto/rsa/rsa_pk1.c,RSA_padding_check_PKCS1_type_2,O1-fglobal-isel|Oz--fast-isel,flag1,X8664|RISCV,clang20,cjump,599,YES,not_fixed
319,21,"        mask = good & constant_time_lt(i, mlen);",&,openssl,crypto/rsa/rsa_oaep.c,RSA_padding_check_PKCS1_OAEP_mgf1,O1-fglobal-isel|Oz--fast-isel,flag1,X8664|RISCV,clang20,cjump,597,YES,not_fixed
381,38,"        memcpy(B_ + (i / 2 + (i & 1) * r) * 16, X, sizeof(X));",*,openssl,providers/implementations/kdfs/scrypt.c,scryptBlockMix,O3--x86-cmov-converter-force-all|O1--x86-cmov-converter-force-all|Os--x86-cmov-converter-force-all|O1-fglobal-isel|O2--x86-cmov-converter-force-all|Oz--x86-cmov-converter-force-all|Ofast--x86-cmov-converter-force-all,flag1,X8664|RISCV,clang20,cjump,604,NO,not_fixed
280,62,"        one_index = constant_time_select_int(~found_one_byte & equals1,",&,openssl,crypto/rsa/rsa_oaep.c,RSA_padding_check_PKCS1_OAEP_mgf1,O1-fglobal-isel,flag1,RISCV,clang20,cjump,594,YES,not_fixed
677,12,        out++;,+,openssl,crypto/ml_kem/ml_kem.c,decap,Ofast|Os--unroll-optsize-threshold=100|O2--mips-mixed-16-32|Os--unroll-optsize-threshold=50|Ofast--mips-mixed-16-32|O3|O2|Os--unroll-threshold=100|O3--mips-mixed-16-32|Os--unroll-threshold=50,levels|flag1,X8664|MIPS64|AArch64|MIPS32EL,clang18|clang20,cjump,198,NO,not_fixed
238,56,        out->limb[i] = out->limb[i] >> 1 | out->limb[i + 1] << (WBITS - 1);,+,openssl,crypto/ec/curve448/scalar.c,ossl_curve448_scalar_halve,Ofast--unroll-count=0|O2--unroll-threshold=0|Ofast--unroll-full-max-count=0|Ofast--unroll-threshold-aggressive=0|O3-fno-unroll-loops|Os|O2--unroll-full-max-count=0|O2--unroll-count=0|O2--unroll-threshold-default=0|O3--unroll-full-max-count=0|Ofast-fno-unroll-loops|O3--unroll-count=0|Ofast--unroll-threshold=0|O3--unroll-threshold=0|O2-fno-unroll-loops|O3--unroll-threshold-aggressive=0,levels|flag1,AArch64,clang14|clang18|clang20,cjump,189,YES,not_fixed
621,19,        pow2_flag &= constant_time_is_zero_bn(pow2_numbits_temp);,&,openssl,crypto/bn/bn_gcd.c,BN_gcd,O2--x86-cmov-converter-force-all|Ofast--x86-cmov-converter-force-all|Ofast|O3--select-opti-loop-cycle-gain-threshold=0|Oz--x86-cmov-converter-force-all|O2|Oz|O3--disable-loop-level-heuristics|O1--x86-cmov-converter-force-all|Os|Ofast--disable-loop-level-heuristics|Os--x86-cmov-converter-force-all|O3--x86-cmov-converter-force-all|Ofast--attributor-enable=cgscc|O1|O3|O3--attributor-enable=cgscc|Ofast--select-opti-loop-cycle-gain-threshold=0|O1-fglobal-isel,levels|flag1,AArch64|X8664|RISCV,clang14|clang18|clang20,cjump,154,YES,not_fixed
72,12,        r1 ^= ((43 - r1) >> 31) & r1;,^,openssl,crypto/ml_dsa/ml_dsa_key_compress.c,ossl_ml_dsa_key_compress_make_hint|ossl_ml_dsa_key_compress_decompose|ossl_ml_dsa_key_compress_high_bits|ossl_ml_dsa_key_compress_use_hint|ossl_ml_dsa_key_compress_low_bits,O3--x86-cmov-converter-force-all|Oz-fglobal-isel|O1--x86-cmov-converter-force-all|Ofast|O1|Ofast-fglobal-isel|Os|O3|O3-fglobal-isel|Os-fglobal-isel|Os--x86-cmov-converter-force-all|O1-fglobal-isel|O2--x86-cmov-converter-force-all|O2-fglobal-isel|Oz--x86-cmov-converter-force-all|Ofast--x86-cmov-converter-force-all|O2|Oz,levels|flag1,X8664|RISCV,clang14|clang18|clang20,cjump,191,YES,not_fixed
114,23,        r[j++] = sign * digit;,*,openssl,crypto/bn/bn_intern.c,bn_compute_wNAF,Ofast|O1|O3--disable-branch-fold|Os--disable-branch-fold|O3|Oz--disable-machine-sink|Oz--disable-branch-fold|O2--disable-machine-sink|Ofast--disable-branch-fold|Ofast--disable-machine-sink|O2--disable-branch-fold|Os--disable-machine-sink|O3--disable-machine-sink,levels|flag1,X8664|MIPS64|MIPS32EL|ARM|AArch64|RISCV,clang14|clang18|clang20,cjump,157,YES,not_fixed
81,13,"        res &= constant_time_eq_8(b & 1, 1);",&,openssl,crypto/des/set_key.c,DES_key_sched|DES_set_key|DES_check_key_parity|DES_set_key_checked,O3--x86-cmov-converter-force-all|Oz-fglobal-isel|Oz--fast-isel|O1--fast-isel|Os-fglobal-isel|O1-fglobal-isel|O2--x86-cmov-converter-force-all|Ofast--x86-cmov-converter-force-all,flag1,X8664|RISCV,clang18|clang20,cjump,180,YES,not_fixed
126,13,        res |= constant_time_is_zero((unsigned int)j);,|,openssl,crypto/des/set_key.c,DES_set_key_checked|DES_set_key|DES_is_weak_key|DES_key_sched,O1-fglobal-isel,flag1,RISCV,clang20,cjump,587,NO,not_fixed
885,13,"        ret &= (ssl_version_cmp(s, maxversion, group_minversion) >= 0);",&,openssl,ssl/t1_lib.c,tls_valid_group,O3--x86-cmov-converter-force-all|Oz-fglobal-isel|O1--x86-cmov-converter-force-all|Ofast-fglobal-isel|Os-fglobal-isel|O3-fglobal-isel|Os--x86-cmov-converter-force-all|O1-fglobal-isel|O2--x86-cmov-converter-force-all|O2-fglobal-isel|Oz--x86-cmov-converter-force-all|Ofast--x86-cmov-converter-force-all,flag1,X8664|RISCV,clang18|clang20,cjump,232,NO,not_fixed
164,34,        ret += BN_BITS2 & (~mask & ~past_i);,&,openssl,crypto/bn/bn_lib.c,BN_num_bits,O3--mispredict-default-rate=0|O1-fglobal-isel|Ofast--mispredict-default-rate=0,flag1,AArch64|RISCV,clang20,cjump,578,NO,not_fixed
165,42,        ret += BN_num_bits_word(a->d[j]) & mask;,&,openssl,crypto/bn/bn_lib.c,BN_num_bits,Oz--pre-RA-sched=linearize|O3--mispredict-default-rate=0|O3--pre-RA-sched=linearize|Ofast--pre-RA-sched=linearize|O1-fglobal-isel|Ofast--mispredict-default-rate=0|O2--pre-RA-sched=linearize|O1--pre-RA-sched=linearize,flag1,X8664|AArch64|RISCV,clang20,cjump,579,NO,not_fixed
291,23,"        rotate_offset &= constant_time_lt_s(rotate_offset, mac_size);",&,openssl,ssl/record/methods/tls_pad.c,ssl3_cbc_copy_mac,O2--disable-select-optimize=false|Os--fast-isel|O2--fast-isel|O3--select-opti-loop-cycle-gain-threshold=0|O1--fast-isel|O3--disable-select-optimize=false|O3--fast-isel|O3--disable-loop-level-heuristics|Ofast--disable-loop-level-heuristics|Ofast--fast-isel|Ofast--partial-unrolling-threshold=100|Ofast--unroll-runtime|Ofast--disable-select-optimize=false|O1--disable-select-optimize=false|O3--mispredict-default-rate=0|Oz--fast-isel|O3--partial-unrolling-threshold=100|Ofast--select-opti-loop-cycle-gain-threshold=0|O1-fglobal-isel|Ofast--mispredict-default-rate=0|O3--unroll-runtime,flag1,X8664|MIPS64|MIPS32EL|AArch64|RISCV,clang14|clang18|clang20,cjump,231,YES,not_fixed
268,28,        rotate_offset |= j & mac_started;,&,openssl,ssl/record/methods/tls_pad.c,ssl3_cbc_copy_mac,O3--disable-loop-level-heuristics|Ofast--unroll-runtime|O3--mispredict-default-rate=0|O3--partial-unrolling-threshold=50|Ofast--disable-loop-level-heuristics|O3--partial-unrolling-threshold=100|Ofast--partial-unrolling-threshold=50|Ofast--partial-unrolling-threshold=100|Ofast--mispredict-default-rate=0|Oz--x86-cmov-converter-force-all|O3--unroll-runtime,flag1,X8664|AArch64,clang20,cjump,611,YES,not_fixed
113,15,        rp[i] &= v;,&,openssl,crypto/bn/bn_mont.c,bn_from_montgomery_word,Oz-fglobal-isel|Ofast|Ofast-fglobal-isel|O2--fast-isel|O1--fast-isel|Oz--fast-isel|O1|Os-fglobal-isel|O3-fglobal-isel|O3|Os|O3--fast-isel|Ofast--fast-isel|O2|O1-fglobal-isel|O2-fglobal-isel|Os--fast-isel|Oz,levels|flag1,X8664|MIPS64|MIPS32EL|AArch64|RISCV,clang18|clang20,cjump|mmem,173,YES,not_fixed
268,17,"        success *= BIO_printf(out, "" PID=%d"", getpid()) > 0;",*,openssl,apps/lib/s_socket.c,report_server_accept,O3--x86-cmov-converter-force-all|O1--x86-cmov-converter-force-all|Ofast|O1|Os|O3|Os--x86-cmov-converter-force-all|O1-fglobal-isel|O2--x86-cmov-converter-force-all|Oz--x86-cmov-converter-force-all|Ofast--x86-cmov-converter-force-all|O2|Oz,levels|flag1,X8664|RISCV,clang14|clang18|clang20,cjump,140,NO,not_fixed
992,33,        t = (a->d[i] ^ b->d[i]) & condition;,&,openssl,crypto/bn/bn_lib.c,BN_consttime_swap,O1--x86-cmov-converter-force-all|Ofast--unswitch-threshold=0|Os--x86-cmov-converter-force-all|Ofast--unswitch-num-initial-unscaled-candidates=-1|O1-fglobal-isel|Oz--x86-cmov-converter-force-all|O2|O3--unswitch-num-initial-unscaled-candidates=-1|O3--unswitch-threshold=0,levels|flag1,X8664|RISCV,clang20,cjump,585,YES,not_fixed
398,18,        t2 = (t1 - c) & BN_MASK2;,-,openssl,crypto/bn/bn_asm.c,bn_sub_words,O1--disable-select-optimize=false|Ofast|O3|O2--disable-select-optimize=false,levels|flag1,AArch64,clang20,cjump,574,YES,not_fixed
405,18,        t2 = (t1 - c) & BN_MASK2;,-,openssl,crypto/bn/bn_asm.c,bn_sub_words,O1--disable-select-optimize=false|Ofast|O3|O2--disable-select-optimize=false,levels|flag1,AArch64,clang20,cjump,574,YES,not_fixed
152,21,        ta = ap[ai] & mask;,&,openssl,crypto/bn/bn_mod.c,bn_mod_sub_fixed_top,Oz-fglobal-isel|O2--fast-isel|Oz--fast-isel|O1--fast-isel|Ofast-fglobal-isel|Os-fglobal-isel|O3-fglobal-isel|O3--fast-isel|Ofast--fast-isel|O3--unroll-force-peel-count=50|Ofast--unroll-force-peel-count=50|Os--unroll-force-peel-count=50|O1-fglobal-isel|O2-fglobal-isel|Os--fast-isel|O2--unroll-force-peel-count=50,flag1,X8664|RISCV,clang14|clang18|clang20,cjump,171,YES,not_fixed
155,21,        tb = bp[bi] & mask;,&,openssl,crypto/bn/bn_mod.c,bn_mod_sub_fixed_top,Oz-fglobal-isel|O2--fast-isel|Oz--fast-isel|O1--fast-isel|Ofast-fglobal-isel|Os-fglobal-isel|O3-fglobal-isel|O3--fast-isel|Ofast--fast-isel|O3--unroll-force-peel-count=50|Ofast--unroll-force-peel-count=50|Os--unroll-force-peel-count=50|O1-fglobal-isel|O2-fglobal-isel|Os--fast-isel|O2--unroll-force-peel-count=50,flag1,X8664|RISCV,clang14|clang18|clang20,cjump,172,YES,not_fixed
76,25,        temp = ((ap[ai] & mask) + carry) & BN_MASK2;,&,openssl,crypto/bn/bn_mod.c,bn_mod_add_fixed_top,O3--mispredict-default-rate=0|O2--fast-isel|Oz--fast-isel|O1--fast-isel|O3--fast-isel|Ofast--fast-isel|O3--unroll-force-peel-count=50|Ofast--unroll-force-peel-count=50|Os--unroll-force-peel-count=50|O1-fglobal-isel|Ofast--mispredict-default-rate=0|Os--fast-isel|O2--unroll-force-peel-count=50,flag1,AArch64|X8664|RISCV,clang14|clang18|clang20,cjump,169,YES,not_fixed
76,33,        temp = ((ap[ai] & mask) + carry) & BN_MASK2;,+,openssl,crypto/bn/bn_mod.c,bn_mod_add_fixed_top,Ofast--disable-cgp|O3--disable-cgp|O2--disable-cgp|O1--disable-cgp|Os--disable-cgp|Oz--disable-cgp,flag1,RISCV,clang14,cjump,422,YES,not_fixed
80,26,        tp[i] = ((bp[bi] & mask) + temp) & BN_MASK2;,&,openssl,crypto/bn/bn_mod.c,bn_mod_add_fixed_top,O3--mispredict-default-rate=0|O2--fast-isel|Oz--fast-isel|O1--fast-isel|O3--fast-isel|Ofast--fast-isel|O3--unroll-force-peel-count=50|Ofast--unroll-force-peel-count=50|Os--unroll-force-peel-count=50|O1-fglobal-isel|Ofast--mispredict-default-rate=0|Os--fast-isel|O2--unroll-force-peel-count=50,flag1,AArch64|X8664|RISCV,clang14|clang18|clang20,cjump,170,YES,not_fixed
80,34,        tp[i] = ((bp[bi] & mask) + temp) & BN_MASK2;,+,openssl,crypto/bn/bn_mod.c,bn_mod_add_fixed_top,Ofast--disable-cgp|O3--disable-cgp|Ofast--unroll-force-peel-count=50|O2--disable-cgp|O3--unroll-force-peel-count=50|O1--disable-cgp|Os--unroll-force-peel-count=50|Os--disable-cgp|Oz--disable-cgp|O2--unroll-force-peel-count=50,flag1,RISCV,clang14,cjump,423,YES,not_fixed
127,16,        v = (v + carry + rp[nl]) & BN_MASK2;,+,openssl,crypto/bn/bn_mont.c,bn_from_montgomery_word,Ofast--unroll-runtime|O3--unroll-runtime,flag1,AArch64,clang20,cjump,586,YES,not_fixed
218,64,"        zero_index = constant_time_select_int(~found_zero_byte & equals0,",&,openssl,crypto/rsa/rsa_pk1.c,RSA_padding_check_PKCS1_type_2,O3--x86-cmov-converter-force-all|O1--x86-cmov-converter-force-all|O2--partial-unrolling-threshold=50|O3--partial-unrolling-threshold=50|Ofast--partial-unrolling-threshold=50|Os--x86-cmov-converter-force-all|O1-fglobal-isel|O2--x86-cmov-converter-force-all|Oz--x86-cmov-converter-force-all|Ofast--x86-cmov-converter-force-all,flag1,X8664|RISCV,clang14|clang20,cjump,442,YES,not_fixed
476,64,"        zero_index = constant_time_select_int(~found_zero_byte & equals0,",&,openssl,crypto/rsa/rsa_pk1.c,ossl_rsa_padding_check_PKCS1_type_2,O3--x86-cmov-converter-force-all|O1--x86-cmov-converter-force-all|O2--partial-unrolling-threshold=50|O3--partial-unrolling-threshold=50|Ofast--partial-unrolling-threshold=50|Os--x86-cmov-converter-force-all|O1-fglobal-isel|O2--x86-cmov-converter-force-all|Oz--x86-cmov-converter-force-all|Ofast--x86-cmov-converter-force-all,flag1,X8664|RISCV,clang14|clang20,cjump,442,YES,not_fixed
92,9,    *r0 -= (((int32_t)ML_DSA_Q_MINUS1_DIV2 - *r0) >> 31) & (int32_t)ML_DSA_Q;,-,openssl,crypto/ml_dsa/ml_dsa_key_compress.c,ossl_ml_dsa_key_compress_decompose|ossl_ml_dsa_key_compress_low_bits|ossl_ml_dsa_key_compress_use_hint,Ofast--disable-peephole|O3--x86-cmov-converter-force-all|O1--x86-cmov-converter-force-all|Ofast|Oz--disable-peephole|Os--disable-peephole|O1|O2--disable-peephole|Os|O3|Os--x86-cmov-converter-force-all|O3--disable-peephole|O2--x86-cmov-converter-force-all|Oz--x86-cmov-converter-force-all|Ofast--x86-cmov-converter-force-all|O2|Oz|O1--disable-peephole,levels|flag1,X8664|RISCV|ARM,clang14|clang18|clang20,mmem|cjump,192,YES,not_fixed
92,58,    *r0 -= (((int32_t)ML_DSA_Q_MINUS1_DIV2 - *r0) >> 31) & (int32_t)ML_DSA_Q;,&,openssl,crypto/ml_dsa/ml_dsa_key_compress.c,ossl_ml_dsa_key_compress_decompose|ossl_ml_dsa_key_compress_low_bits|ossl_ml_dsa_key_compress_use_hint,Oz-fglobal-isel|Ofast-fglobal-isel|Os-fglobal-isel|O3-fglobal-isel|O1-fglobal-isel|O2-fglobal-isel,flag1,RISCV,clang18|clang20,cjump,193,YES,not_fixed
75,21,    *reclen -= good & (padding_length + 1);,&,openssl,ssl/record/methods/tls_pad.c,ssl3_cbc_remove_padding_and_mac,O3--x86-cmov-converter-force-all|O1--x86-cmov-converter-force-all|Os--x86-cmov-converter-force-all|O1-fglobal-isel|O2--x86-cmov-converter-force-all|Oz--x86-cmov-converter-force-all|Ofast--x86-cmov-converter-force-all,flag1,X8664|RISCV,clang20,cjump,607,YES,not_fixed
77,14,    Slen = v * ((saltlen + v - 1) / v);,*,openssl,providers/implementations/kdfs/pkcs12kdf.c,kdf_pkcs12_derive,Ofast|O3|O2,levels,X8664,clang14|clang18|clang20,cjump,221,NO,not_fixed
141,10,    bits += 1 & mask;,+,openssl,crypto/bn/bn_lib.c,BN_num_bits,Ofast|Os--inline-call-penalty=100|Os--inline-threshold=100|O1|O3|O2,levels|flag1,RISCV,clang14,cjump,420,NO,not_fixed
117,10,    bits += 16 & mask;,+,openssl,crypto/bn/bn_lib.c,BN_num_bits|BN_num_bits_word,Ofast|O1|Os|O3|O2|Oz,levels,RISCV,clang14,cjump,416,NO,not_fixed
117,16,    bits += 16 & mask;,&,openssl,crypto/bn/bn_lib.c,BN_num_bits,O3--disable-loop-level-heuristics|Ofast--disable-loop-level-heuristics|O3--mispredict-default-rate=0|Ofast--mispredict-default-rate=0,flag1,AArch64,clang18,cjump,160,YES,not_fixed
135,10,    bits += 2 & mask;,+,openssl,crypto/bn/bn_lib.c,BN_num_bits|BN_num_bits_word,Ofast|O1|Os|O3|O2|Oz,levels,RISCV,clang14,cjump,419,NO,not_fixed
135,15,    bits += 2 & mask;,&,openssl,crypto/bn/bn_lib.c,BN_num_bits,O3--disable-loop-level-heuristics|Ofast--disable-loop-level-heuristics|O3--mispredict-default-rate=0|Ofast--mispredict-default-rate=0,flag1,AArch64,clang18,cjump,166,YES,not_fixed
110,10,    bits += 32 & mask;,+,openssl,crypto/bn/bn_lib.c,BN_num_bits|BN_num_bits_word,Ofast|O1|Os|O3|O2|Oz,levels,RISCV,clang14,cjump,415,NO,not_fixed
110,16,    bits += 32 & mask;,&,openssl,crypto/bn/bn_lib.c,BN_num_bits,O3--disable-loop-level-heuristics|Ofast--disable-loop-level-heuristics|O3--mispredict-default-rate=0|Ofast--mispredict-default-rate=0,flag1,AArch64,clang18,cjump,158,YES,not_fixed
129,10,    bits += 4 & mask;,+,openssl,crypto/bn/bn_lib.c,BN_num_bits|BN_num_bits_word,Ofast|O1|Os|O3|O2|Oz,levels,RISCV,clang14,cjump,418,NO,not_fixed
129,15,    bits += 4 & mask;,&,openssl,crypto/bn/bn_lib.c,BN_num_bits,O3--disable-loop-level-heuristics|Ofast--disable-loop-level-heuristics|O3--mispredict-default-rate=0|Ofast--mispredict-default-rate=0,flag1,AArch64,clang18,cjump,164,YES,not_fixed
123,10,    bits += 8 & mask;,+,openssl,crypto/bn/bn_lib.c,BN_num_bits|BN_num_bits_word,Ofast|O1|Os|O3|O2|Oz,levels,RISCV,clang14,cjump,417,NO,not_fixed
123,15,    bits += 8 & mask;,&,openssl,crypto/bn/bn_lib.c,BN_num_bits,O3--disable-loop-level-heuristics|Ofast--disable-loop-level-heuristics|O3--mispredict-default-rate=0|Ofast--mispredict-default-rate=0,flag1,AArch64,clang18,cjump,162,YES,not_fixed
891,24,    es->err_flags[top] |= clear;,|,openssl,crypto/err/err.c,err_clear_last_constant_time,O1--attributor-enable=all|Os--attributor-enable=all|O2--attributor-enable=all|O3--attributor-enable=all|Oz--attributor-enable=all,flag1,RISCV,clang14,cjump,429,NO,not_fixed
240,10,"    good &= constant_time_ge(tlen, mlen);",&,openssl,crypto/rsa/rsa_pk1.c,RSA_padding_check_PKCS1_type_2,O3--x86-cmov-converter-force-all|O1--x86-cmov-converter-force-all|Ofast|O1|Os|O3|Os--x86-cmov-converter-force-all|O1-fglobal-isel|O2--x86-cmov-converter-force-all|Oz--x86-cmov-converter-force-all|Ofast--x86-cmov-converter-force-all|O2|Oz,levels|flag1,X8664|RISCV,clang14|clang18|clang20,cjump,212,YES,not_fixed
299,10,"    good &= constant_time_ge(tlen, mlen);",&,openssl,crypto/rsa/rsa_oaep.c,RSA_padding_check_PKCS1_OAEP_mgf1,O3--x86-cmov-converter-force-all|O1--x86-cmov-converter-force-all|Ofast|O1|Os|O3|Os--x86-cmov-converter-force-all|O1-fglobal-isel|O2--x86-cmov-converter-force-all|Oz--x86-cmov-converter-force-all|Ofast--x86-cmov-converter-force-all|O2|Oz,levels|flag1,X8664|RISCV,clang14|clang18|clang20,cjump,210,YES,not_fixed
499,10,"    good &= constant_time_ge(tlen, num - msg_index);",&,openssl,crypto/rsa/rsa_pk1.c,ossl_rsa_padding_check_PKCS1_type_2,O3--x86-cmov-converter-force-all|O1--x86-cmov-converter-force-all|Ofast|O1|Os|O3|Os--x86-cmov-converter-force-all|O1-fglobal-isel|O2--x86-cmov-converter-force-all|Oz--x86-cmov-converter-force-all|Ofast--x86-cmov-converter-force-all|O2|Oz,levels|flag1,X8664|RISCV,clang14|clang18|clang20,cjump,213,YES,not_fixed
228,10,"    good &= constant_time_ge(zero_index, 2 + 8);",&,openssl,crypto/rsa/rsa_pk1.c,RSA_padding_check_PKCS1_type_2,O3--x86-cmov-converter-force-all|O1--x86-cmov-converter-force-all|Os--x86-cmov-converter-force-all|O1-fglobal-isel|O2--x86-cmov-converter-force-all|Oz--x86-cmov-converter-force-all|Ofast--x86-cmov-converter-force-all|Oz--disable-cgp,flag1,X8664|RISCV,clang14|clang20,cjump,443,YES,not_fixed
486,10,"    good &= constant_time_ge(zero_index, 2 + 8);",&,openssl,crypto/rsa/rsa_pk1.c,ossl_rsa_padding_check_PKCS1_type_2,O3--x86-cmov-converter-force-all|O1--x86-cmov-converter-force-all|Os--x86-cmov-converter-force-all|O1-fglobal-isel|O2--x86-cmov-converter-force-all|Oz--x86-cmov-converter-force-all|Ofast--x86-cmov-converter-force-all,flag1,X8664|RISCV,clang20,cjump,601,YES,not_fixed
271,10,"    good &= constant_time_is_zero(CRYPTO_memcmp(db, phash, mdlen));",&,openssl,crypto/rsa/rsa_oaep.c,RSA_padding_check_PKCS1_OAEP_mgf1,Ofast|O1|Os|O3|O2|Oz,levels,RISCV,clang14,cjump,441,YES,not_fixed
622,10,    good &= version_good;,&,openssl,crypto/rsa/rsa_pk1.c,ossl_rsa_padding_check_PKCS1_type_2_TLS,O3--x86-cmov-converter-force-all|O1--x86-cmov-converter-force-all|Oz--fast-isel|Os--x86-cmov-converter-force-all|O1-fglobal-isel|O2--x86-cmov-converter-force-all|Oz--x86-cmov-converter-force-all|Ofast--x86-cmov-converter-force-all,flag1,X8664|RISCV,clang18|clang20,cjump,214,YES,not_fixed
169,7,    h ^= s >> 52;,^,openssl,crypto/bn/bn_gf2m.c,bn_GF2m_mul_1x1,Ofast|O1|Os|O3|O2|Oz,levels,RISCV,clang14,cjump,414,YES,not_fixed
166,7,    h ^= s >> 56;,^,openssl,crypto/bn/bn_gf2m.c,bn_GF2m_mul_1x1,Ofast|O1|Os|O3|O2|Oz,levels,RISCV,clang14,cjump,413,YES,not_fixed
167,7,    i |= (xclass & V_ASN1_PRIVATE);,|,openssl,crypto/asn1/asn1_lib.c,ASN1_put_object,Ofast|O1|Os|O3|O2|Oz,levels,RISCV,clang14,cjump,408,NO,not_fixed
80,55,    int64_t low_mask = -((int64_t)(high_carry >> 63)) & 0x87;,&,openssl,crypto/modes/siv128.c,siv128_dbl|ossl_siv128_aad|siv128_do_s2v_p,Oz-fglobal-isel|O1-fglobal-isel,flag1,RISCV,clang18|clang20,cjump,204,YES,not_fixed
111,7,    l ^= (x ^ l) & mask;,^,openssl,crypto/bn/bn_lib.c,BN_num_bits|BN_num_bits_word,Oz-fglobal-isel|Oz--pre-RA-sched=linearize|Ofast-fglobal-isel|O2--x86-cmov-converter-force-all|Ofast--x86-cmov-converter-force-all|Ofast|Os--pre-RA-sched=linearize|Oz--pre-RA-sched=fast|O2-fglobal-isel|Oz--x86-cmov-converter-force-all|O2|O1--pre-RA-sched=linearize|O1--x86-cmov-converter-force-all|O3-fglobal-isel|Os--x86-cmov-converter-force-all|O3--pre-RA-sched=linearize|O3--x86-cmov-converter-force-all|O3--mispredict-default-rate=0|Os--inline-call-penalty=100|Os--inline-threshold=100|O1|O3|Os-fglobal-isel|Ofast--pre-RA-sched=linearize|O1-fglobal-isel|Ofast--mispredict-default-rate=0|O2--pre-RA-sched=linearize|Os--pre-RA-sched=fast,levels|flag1,AArch64|X8664|RISCV,clang14|clang18|clang20,cjump,159,YES,not_fixed
118,7,    l ^= (x ^ l) & mask;,^,openssl,crypto/bn/bn_lib.c,BN_num_bits|BN_num_bits_word,Oz-fglobal-isel|Oz--pre-RA-sched=linearize|Ofast-fglobal-isel|O2--x86-cmov-converter-force-all|Ofast--x86-cmov-converter-force-all|Ofast|Os--pre-RA-sched=linearize|Oz--pre-RA-sched=fast|O2-fglobal-isel|Oz--x86-cmov-converter-force-all|O2|O1--x86-cmov-converter-force-all|O3-fglobal-isel|Os--x86-cmov-converter-force-all|O3--x86-cmov-converter-force-all|O3--mispredict-default-rate=0|Os--inline-call-penalty=100|Os--inline-threshold=100|O1|O3|Os-fglobal-isel|O1-fglobal-isel|Ofast--mispredict-default-rate=0|Os--pre-RA-sched=fast,levels|flag1,AArch64|X8664|RISCV,clang14|clang18|clang20,cjump,161,YES,not_fixed
124,7,    l ^= (x ^ l) & mask;,^,openssl,crypto/bn/bn_lib.c,BN_num_bits|BN_num_bits_word,Oz-fglobal-isel|Oz--pre-RA-sched=linearize|Ofast-fglobal-isel|O2--x86-cmov-converter-force-all|Ofast--x86-cmov-converter-force-all|Ofast|Os--pre-RA-sched=linearize|Oz--pre-RA-sched=fast|O2-fglobal-isel|Oz--x86-cmov-converter-force-all|O2|O1--x86-cmov-converter-force-all|O3-fglobal-isel|Os--x86-cmov-converter-force-all|O3--x86-cmov-converter-force-all|O3--mispredict-default-rate=0|Os--inline-call-penalty=100|Os--inline-threshold=100|O1|O3|Os-fglobal-isel|O1-fglobal-isel|Ofast--mispredict-default-rate=0|Os--pre-RA-sched=fast,levels|flag1,AArch64|X8664|RISCV,clang14|clang18|clang20,cjump,161,YES,not_fixed
130,7,    l ^= (x ^ l) & mask;,^,openssl,crypto/bn/bn_lib.c,BN_num_bits|BN_num_bits_word,Oz-fglobal-isel|Oz--pre-RA-sched=linearize|Ofast-fglobal-isel|O2--x86-cmov-converter-force-all|Ofast--x86-cmov-converter-force-all|Ofast|Os--pre-RA-sched=linearize|Oz--pre-RA-sched=fast|O2-fglobal-isel|Oz--x86-cmov-converter-force-all|O2|O1--x86-cmov-converter-force-all|O3-fglobal-isel|Os--x86-cmov-converter-force-all|O3--x86-cmov-converter-force-all|O3--mispredict-default-rate=0|Os--inline-call-penalty=100|Os--inline-threshold=100|O1|O3|Os-fglobal-isel|O1-fglobal-isel|Ofast--mispredict-default-rate=0|Os--pre-RA-sched=fast,levels|flag1,AArch64|X8664|RISCV,clang14|clang18|clang20,cjump,161,YES,not_fixed
136,7,    l ^= (x ^ l) & mask;,^,openssl,crypto/bn/bn_lib.c,BN_num_bits|BN_num_bits_word,Oz-fglobal-isel|Ofast-fglobal-isel|O2--x86-cmov-converter-force-all|Ofast--x86-cmov-converter-force-all|Ofast|O2-fglobal-isel|Oz--x86-cmov-converter-force-all|O2|O1--x86-cmov-converter-force-all|O3-fglobal-isel|Os--x86-cmov-converter-force-all|O3--x86-cmov-converter-force-all|O3--mispredict-default-rate=0|Os--inline-call-penalty=100|Os--inline-threshold=100|O1|O3|Os-fglobal-isel|O1-fglobal-isel|Ofast--mispredict-default-rate=0,levels|flag1,AArch64|X8664|RISCV,clang14|clang18|clang20,cjump,167,YES,not_fixed
162,7,    l ^= s << 4;,^,openssl,crypto/bn/bn_gf2m.c,bn_GF2m_mul_1x1,Ofast|O1|Os|O3|O2|Oz,levels,RISCV,clang14,cjump,411,YES,not_fixed
165,7,    l ^= s << 8;,^,openssl,crypto/bn/bn_gf2m.c,bn_GF2m_mul_1x1,Ofast|O1|Os|O3|O2|Oz,levels,RISCV,clang14,cjump,412,YES,not_fixed
84,22,    low = (low << 1) ^ (uint64_t)low_mask;,^,openssl,crypto/modes/siv128.c,ossl_siv128_aad|siv128_do_s2v_p|siv128_dbl,Ofast|O1|Os|O3|O2|Oz,levels,RISCV,clang14,cjump,435,YES,not_fixed
68,23,    mask = (0 - mask) & 0x87;,&,openssl,crypto/modes/ocb128.c,ocb_lookup_l|CRYPTO_ocb128_aad|CRYPTO_ocb128_decrypt|CRYPTO_ocb128_encrypt|CRYPTO_ocb128_init|ocb_double,O3--disable-loop-level-heuristics|Oz-fglobal-isel|O2--fast-isel|Oz--fast-isel|O1--fast-isel|Ofast--disable-loop-level-heuristics|Ofast-fglobal-isel|Os-fglobal-isel|O3-fglobal-isel|O3--fast-isel|Ofast--fast-isel|O1-fglobal-isel|O2-fglobal-isel|Os--fast-isel,flag1,X8664|AArch64|RISCV,clang14|clang18|clang20,cjump,203,YES,not_fixed
34,33,    mask = -(int64_t)(t[1] & 1) & 0xe1;,&,openssl,providers/implementations/ciphers/cipher_aes_gcm_siv_polyval.c,ossl_polyval_ghash_init,O1-fglobal-isel,flag1,RISCV,clang20,cjump,603,YES,not_fixed
271,10,    olen *= blocklen;,*,openssl,crypto/cms/cms_pwri.c,kek_wrap_key,Ofast|O3|O2,levels,X8664,clang14|clang18|clang20,cjump,177,NO,not_fixed
72,16,    out->c[15] ^= mask;,^,openssl,crypto/modes/ocb128.c,ocb_lookup_l|CRYPTO_ocb128_aad|CRYPTO_ocb128_decrypt|CRYPTO_ocb128_encrypt|CRYPTO_ocb128_init|ocb_double,Ofast|O1|Os|O3|O2|Oz,levels,RISCV,clang14,cjump,434,YES,not_fixed
144,9,    ret &= ctx->have_user_tag;,&,openssl,providers/implementations/ciphers/cipher_aes_gcm_siv_hw.c,aes_gcm_siv_cipher,O1-fglobal-isel,flag1,RISCV,clang20,cjump,602,NO,not_fixed
83,22,    return (int)(res & 1);,&,openssl,crypto/des/set_key.c,DES_check_key_parity,O3--x86-cmov-converter-force-all|Ofast-fglobal-isel|O3-fglobal-isel|O2-fglobal-isel|O2--x86-cmov-converter-force-all|Ofast--x86-cmov-converter-force-all,flag1,X8664|RISCV,clang18,cjump,181,YES,not_fixed
475,18,    return (mask & x) | (~mask & subtracted);,&,openssl,crypto/ml_kem/ml_kem.c,scalar_mult|inner_product|scalar_add|scalar_ntt|genkey|decap|scalar_inverse_ntt|reduce|encrypt_cpa,O3--disable-loop-level-heuristics|Oz-fglobal-isel|O2--fast-isel|Oz--fast-isel|O1--fast-isel|Ofast--disable-loop-level-heuristics|O3--fast-isel|Ofast--fast-isel|O1-fglobal-isel|Os--fast-isel,flag1,X8664|AArch64|RISCV,clang14|clang18|clang20,cjump,196,YES,not_fixed
475,23,    return (mask & x) | (~mask & subtracted);,|,openssl,crypto/ml_kem/ml_kem.c,scalar_mult|inner_product|scalar_add|scalar_ntt|genkey|decap|scalar_inverse_ntt|reduce|encrypt_cpa,Ofast|O1|Os|O3|O2|Oz,levels,RISCV,clang14,cjump,431,YES,not_fixed
475,32,    return (mask & x) | (~mask & subtracted);,&,openssl,crypto/ml_kem/ml_kem.c,scalar_mult|inner_product|scalar_add|scalar_ntt|genkey|decap|scalar_inverse_ntt|reduce|encrypt_cpa,O3--x86-cmov-converter-force-all|Oz-fglobal-isel|O1--x86-cmov-converter-force-all|O2--fast-isel|Oz--fast-isel|O1--fast-isel|Os--x86-cmov-converter-force-all|O3--fast-isel|Ofast--fast-isel|O1-fglobal-isel|O2--x86-cmov-converter-force-all|Oz--x86-cmov-converter-force-all|Ofast--x86-cmov-converter-force-all|Os--fast-isel,flag1,X8664|RISCV,clang14|clang18|clang20,cjump,197,YES,not_fixed
341,33,    return (value_barrier(mask) & a) | (value_barrier(~mask) & b);,&,openssl,crypto/ec/curve448/curve448.c,ossl_curve448_precomputed_scalarmul,Ofast--attributor-enable=all|O3--attributor-enable=all|Os--attributor-enable=all|O2--attributor-enable=module|O3--attributor-enable=module|O2--attributor-enable=all|Os--attributor-enable=module|Ofast--attributor-enable=module,flag1,X8664,clang18|clang20,cjump,185,YES,not_fixed
341,38,    return (value_barrier(mask) & a) | (value_barrier(~mask) & b);,|,openssl,crypto/ml_dsa/ml_dsa_sign.c|crypto/bn/bn_lib.c|crypto/rsa/rsa_oaep.c|crypto/rsa/rsa_pmeth.c|crypto/ml_dsa/ml_dsa_key_compress.c|crypto/rsa/rsa_pk1.c|ssl/record/methods/ssl3_cbc.c,pkey_rsa_decrypt|ossl_ml_dsa_sign|BN_ucmp|RSA_padding_check_PKCS1_type_2|ossl_rsa_padding_check_PKCS1_type_2|ossl_ml_dsa_verify|ossl_ml_dsa_key_compress_power2_round|RSA_padding_check_PKCS1_OAEP_mgf1|ssl3_cbc_digest_record|bn_correct_top_consttime,O1--attributor-enable=all|O1--attributor-enable=cgscc|Ofast--attributor-enable=cgscc|O1--attributor-enable=module|Os--attributor-enable=all|Ofast--attributor-enable=all|O2--attributor-enable=module|O3--attributor-enable=module|O3--attributor-enable=cgscc|Os--attributor-enable=cgscc|O2--attributor-enable=all|O2--attributor-enable=cgscc|Ofast--attributor-enable=module|Os--attributor-enable=module|O3--attributor-enable=all|Oz--attributor-enable=cgscc|Oz--attributor-enable=module|Oz--attributor-enable=all,flag1,X8664|MIPS64|MIPS32EL|ARM|AArch64|RISCV,clang14|clang18|clang20,cjump|mmem,215,YES,not_fixed
341,62,    return (value_barrier(mask) & a) | (value_barrier(~mask) & b);,&,openssl,crypto/bn/bn_lib.c|crypto/ml_dsa/ml_dsa_key_compress.c,bn_correct_top_consttime|ossl_ml_dsa_key_compress_power2_round,O1--attributor-enable=all|O1--attributor-enable=cgscc|O1--attributor-enable=module|Ofast--attributor-enable=all|Os--attributor-enable=all|Ofast--attributor-enable=cgscc|O2--attributor-enable=module|O3--attributor-enable=module|O3--attributor-enable=cgscc|Os--attributor-enable=cgscc|O2--attributor-enable=all|O2--attributor-enable=cgscc|Ofast--attributor-enable=module|Os--attributor-enable=module|O3--attributor-enable=all|Oz--attributor-enable=cgscc|Oz--attributor-enable=module|Oz--attributor-enable=all,flag1,X8664|RISCV,clang14|clang18|clang20,cjump,194,YES,not_fixed
373,36,    return (value_barrier_32(mask) & a) | (value_barrier_32(~mask) & b);,&,openssl,crypto/ml_dsa/ml_dsa_sample.c,rej_bounded_poly,O1--attributor-enable=all|O1--attributor-enable=module,flag1,X8664,clang20,cjump,588,YES,not_fixed
373,41,    return (value_barrier_32(mask) & a) | (value_barrier_32(~mask) & b);,|,openssl,crypto/ml_dsa/ml_dsa_ntt.c|crypto/ml_dsa/ml_dsa_encoders.c|crypto/ml_dsa/ml_dsa_sample.c|crypto/ml_dsa/ml_dsa_matrix.c|crypto/ml_dsa/ml_dsa_key.c|crypto/ml_dsa/ml_dsa_key_compress.c|crypto/ml_dsa/ml_dsa_sign.c,ossl_ml_dsa_key_compress_make_hint|ossl_ml_dsa_poly_ntt_inverse|ossl_ml_dsa_sign|poly_encode_signed_two_to_power_17|poly_encode_signed_two_to_power_19|ossl_ml_dsa_matrix_mult_vector|coeff_from_nibble_2|poly_decode_signed_4|ossl_ml_dsa_poly_sample_in_ball|ossl_ml_dsa_sk_encode|ossl_ml_dsa_verify|ossl_ml_dsa_poly_decode_expand_mask|public_from_private|ossl_ml_dsa_sig_decode|rej_bounded_poly|poly_decode_signed_2|poly_encode_signed_2|poly_decode_signed_two_to_power_19|ossl_ml_dsa_sk_decode|ossl_ml_dsa_poly_ntt|ossl_ml_dsa_poly_ntt_mult|poly_decode_signed_two_to_power_17|coeff_from_nibble_4|poly_encode_signed_4|reduce_montgomery|ossl_ml_dsa_sig_encode,O1--attributor-enable=all|O1--attributor-enable=module|O1--attributor-enable=cgscc|Ofast--attributor-enable=cgscc|Os--attributor-enable=all|Ofast--attributor-enable=all|O2--attributor-enable=module|O3--attributor-enable=module|O3--attributor-enable=cgscc|Os--attributor-enable=cgscc|O2--attributor-enable=all|O2--attributor-enable=cgscc|Ofast--attributor-enable=module|Os--attributor-enable=module|O3--attributor-enable=all|Oz--attributor-enable=cgscc|Oz--attributor-enable=module|Oz--attributor-enable=all,flag1,AArch64|X8664|RISCV,clang14|clang18|clang20,cjump,190,YES,not_fixed
373,68,    return (value_barrier_32(mask) & a) | (value_barrier_32(~mask) & b);,&,openssl,crypto/ml_dsa/ml_dsa_sample.c,coeff_from_nibble_4|ossl_ml_dsa_poly_sample_in_ball|coeff_from_nibble_2,O1--attributor-enable=all|O1--attributor-enable=module,flag1,RISCV,clang20,cjump,589,YES,not_fixed
188,36,    return (value_barrier_bn(mask) & a) | (value_barrier_bn(~mask) & b);,&,openssl,crypto/bn/bn_gcd.c,BN_gcd,O1--attributor-enable=all,flag1,RISCV,clang14,cjump,410,YES,not_fixed
188,41,    return (value_barrier_bn(mask) & a) | (value_barrier_bn(~mask) & b);,|,openssl,crypto/bn/bn_gcd.c,BN_gcd,O1--attributor-enable=all|O1--attributor-enable=module|O1--attributor-enable=cgscc|Ofast--attributor-enable=cgscc|Os--attributor-enable=all|Ofast--attributor-enable=all|O2--attributor-enable=module|O3--attributor-enable=module|O3--attributor-enable=cgscc|Os--attributor-enable=cgscc|O2--attributor-enable=all|O2--attributor-enable=cgscc|Ofast--attributor-enable=module|Os--attributor-enable=module|O3--attributor-enable=all|Oz--attributor-enable=cgscc|Oz--attributor-enable=module|Oz--attributor-enable=all,flag1,RISCV,clang14|clang18|clang20,cjump,153,YES,not_fixed
348,35,    return (value_barrier_s(mask) & a) | (value_barrier_s(~mask) & b);,&,openssl,crypto/rsa/rsa_pmeth.c|providers/implementations/asymciphers/rsa_enc.c,rsa_decrypt|pkey_rsa_decrypt,O1--attributor-enable=all|Oz--attributor-enable=all|O2--attributor-enable=all|Os--attributor-enable=all,flag1,X8664,clang14,cjump,446,YES,not_fixed
348,40,    return (value_barrier_s(mask) & a) | (value_barrier_s(~mask) & b);,|,openssl,providers/implementations/asymciphers/rsa_enc.c|crypto/rsa/rsa_pmeth.c,rsa_decrypt|pkey_rsa_decrypt,O1--attributor-enable=cgscc|O1--attributor-enable=module|Ofast--attributor-enable=cgscc|O1--attributor-enable=all|O3--attributor-enable=all|Os--attributor-enable=all|O2--attributor-enable=module|O3--attributor-enable=module|O3--attributor-enable=cgscc|Os--attributor-enable=cgscc|O2--attributor-enable=all|O2--attributor-enable=cgscc|Os--attributor-enable=module|Ofast--attributor-enable=module|Oz--attributor-enable=cgscc|Oz--attributor-enable=module|Oz--attributor-enable=all,flag1,X8664|RISCV,clang14|clang18|clang20,cjump,220,YES,not_fixed
153,58,"    return ctr_BCC_block(ctr, ctr->KX, bltmp, num_of_blk * AES_BLOCK_SIZE);",*,openssl,providers/implementations/rands/drbg_ctr.c,ctr_update,Ofast|O1|Os--inline-instr-cost=0|O3|O2,levels|flag1,RISCV,clang14|clang18|clang20,cjump,225,NO,not_fixed
176,16,    return ret & mask;,&,openssl,crypto/bn/bn_lib.c,BN_bn2binpad|BN_bn2lebinpad|BN_num_bits|BN_bn2nativepad,Oz-fglobal-isel|O2--inline-instr-cost=0|Ofast-fglobal-isel|Ofast--inline-call-penalty=-1|Ofast--inline-instr-cost=-1|O2--x86-cmov-converter-force-all|Ofast--x86-cmov-converter-force-all|Ofast|O3--inline-instr-cost=0|O2-fglobal-isel|O2--inline-call-penalty=-1|O2--inline-instr-cost=-1|Oz--x86-cmov-converter-force-all|O2|Oz|O1--x86-cmov-converter-force-all|Ofast--inline-instr-cost=0|O3--inline-call-penalty=-1|Os|O3-fglobal-isel|Os--x86-cmov-converter-force-all|O3--inline-instr-cost=-1|O3--x86-cmov-converter-force-all|O1|O3|Os-fglobal-isel|O1-fglobal-isel,levels|flag1,X8664|RISCV,clang14|clang18|clang20,cjump,168,YES,not_fixed
96,17,    return succ & word_is_zero((word_t)buffer) & ~word_is_zero((word_t)scarry);,&,openssl,crypto/ec/curve448/f_generic.c,gf_deserialize,Oz-fglobal-isel|O1--x86-cmov-converter-force-all|Ofast|O1|Os|O3|Os--x86-cmov-converter-force-all|O1-fglobal-isel|O2--x86-cmov-converter-force-all|O2-fglobal-isel|Oz--x86-cmov-converter-force-all|O2|Oz,levels|flag1,X8664|RISCV,clang14|clang18|clang20,cjump,186,NO,not_fixed
96,48,    return succ & word_is_zero((word_t)buffer) & ~word_is_zero((word_t)scarry);,&,openssl,crypto/ec/curve448/f_generic.c,gf_deserialize,O3--x86-cmov-converter-force-all|Oz-fglobal-isel|O1--x86-cmov-converter-force-all|Ofast|O1|Os|O3|Os--x86-cmov-converter-force-all|O1-fglobal-isel|O2--x86-cmov-converter-force-all|O2-fglobal-isel|Oz--x86-cmov-converter-force-all|Ofast--x86-cmov-converter-force-all|O2|Oz,levels|flag1,X8664|RISCV,clang14|clang18|clang20,cjump,187,NO,not_fixed
350,10,"    succ &= gf_isr(p->t, p->x); /* 1/sqrt(num * denom) */",&,openssl,crypto/ec/curve448/curve448.c,ossl_curve448_point_decode_like_eddsa_and_mul_by_ratio,O3--x86-cmov-converter-force-all|O1--x86-cmov-converter-force-all|Os--x86-cmov-converter-force-all|O2--x86-cmov-converter-force-all|Oz--x86-cmov-converter-force-all|Ofast--x86-cmov-converter-force-all,flag1,X8664,clang18|clang20,cjump,184,NO,not_fixed
342,10,    succ &= word_is_zero(enc2[EDDSA_448_PRIVATE_BYTES - 1]);,&,openssl,crypto/ec/curve448/curve448.c,ossl_curve448_point_decode_like_eddsa_and_mul_by_ratio,Ofast|O1|Os|O3|O1-fglobal-isel|O2|Oz,levels|flag1,RISCV,clang14|clang20,cjump,426,NO,not_fixed
269,13,"    success *= BIO_printf(out, ""\n"") > 0;",*,openssl,apps/lib/s_socket.c,report_server_accept,O3--x86-cmov-converter-force-all|O1--x86-cmov-converter-force-all|Ofast|O1|Os|O3|Os--x86-cmov-converter-force-all|O1-fglobal-isel|O2--x86-cmov-converter-force-all|Oz--x86-cmov-converter-force-all|Ofast--x86-cmov-converter-force-all|O2|Oz,levels|flag1,X8664|RISCV,clang14|clang18|clang20,cjump,141,NO,not_fixed
632,28,    sz = (len + w - 1) / w * w;,*,openssl,providers/implementations/macs/kmac_prov.c,kmac_init|kmac_setkey,Ofast|O3|O2,levels,X8664,clang14|clang18|clang20,cjump,224,NO,not_fixed
986,59,    t = ((a->flags ^ b->flags) & BN_CONSTTIME_SWAP_FLAGS) & condition;,&,openssl,crypto/bn/bn_lib.c,BN_consttime_swap,O3--x86-cmov-converter-force-all|O1--x86-cmov-converter-force-all|Os--x86-cmov-converter-force-all|O1-fglobal-isel|O2--x86-cmov-converter-force-all|Oz--x86-cmov-converter-force-all|Ofast--x86-cmov-converter-force-all,flag1,X8664|RISCV,clang20,cjump,584,YES,not_fixed
958,27,    t = (a->neg ^ b->neg) & condition;,&,openssl,crypto/bn/bn_lib.c,BN_consttime_swap,O3--x86-cmov-converter-force-all|O1--x86-cmov-converter-force-all|Os--x86-cmov-converter-force-all|O1-fglobal-isel|O2--x86-cmov-converter-force-all|Oz--x86-cmov-converter-force-all|Ofast--x86-cmov-converter-force-all,flag1,X8664|RISCV,clang20,cjump,583,YES,not_fixed
954,27,    t = (a->top ^ b->top) & condition;,&,openssl,crypto/bn/bn_lib.c,BN_consttime_swap,O3--x86-cmov-converter-force-all|O1--x86-cmov-converter-force-all|Os--x86-cmov-converter-force-all|O1-fglobal-isel|O2--x86-cmov-converter-force-all|Oz--x86-cmov-converter-force-all|Ofast--x86-cmov-converter-force-all,flag1,X8664|RISCV,clang20,cjump,582,YES,not_fixed
4207,48,    uint8_t babs = b - ((uint8_t)((-bnegative) & b) << 1);,&,openssl,crypto/ec/curve25519.c,table_select,O3--x86-cmov-converter-force-all|O1--x86-cmov-converter-force-all|Oz--fast-isel|O1--fast-isel|Os--x86-cmov-converter-force-all|O1-fglobal-isel|O2--x86-cmov-converter-force-all|Oz--x86-cmov-converter-force-all|Ofast--x86-cmov-converter-force-all|Os--fast-isel,flag1,X8664|RISCV,clang14|clang18|clang20,cjump,183,YES,not_fixed
24,22,                t[k] += ((int16_t)t[k] >> 15) & KYBER_Q;,+,pqclean,polyvec.c,PQCLEAN_MLKEM512_CLEAN_polyvec_compress|PQCLEAN_MLKEM768_CLEAN_polyvec_compress|PQCLEAN_MLKEM1024_CLEAN_polyvec_compress,Ofast|O1|Os|O3|O2|Oz,levels,RISCV,clang14,cjump,479,YES,not_fixed
24,47,                t[k] += ((int16_t)t[k] >> 15) & KYBER_Q;,&,pqclean,polyvec.c,PQCLEAN_MLKEM512_CLEAN_polyvec_compress|PQCLEAN_MLKEM768_CLEAN_polyvec_compress|PQCLEAN_MLKEM1024_CLEAN_polyvec_compress,O3--disable-loop-level-heuristics|O3--select-opti-loop-cycle-gain-threshold=0|Ofast--disable-loop-level-heuristics|O3--global-isel|Oz--global-isel|O1--global-isel|Ofast--select-opti-loop-cycle-gain-threshold=0|Os--global-isel|O2--global-isel,flag1,AArch64|RISCV,clang18|clang20,cjump,253,YES,not_fixed
132,57,            X_sigma_p[i] = (mask12 & sigma_copy[i - 1]) ^ (~mask12 & X_sigma_p[i - 1]);,^,pqclean,reed_solomon.c,PQCLEAN_HQC128_CLEAN_reed_solomon_decode|PQCLEAN_HQC256_CLEAN_reed_solomon_decode|PQCLEAN_HQC192_CLEAN_reed_solomon_decode,Ofast|O1|Os|O3|O2|Oz,levels,RISCV,clang14,cjump,482,YES,not_fixed
132,68,            X_sigma_p[i] = (mask12 & sigma_copy[i - 1]) ^ (~mask12 & X_sigma_p[i - 1]);,&,pqclean,reed_solomon.c,PQCLEAN_HQC256_CLEAN_reed_solomon_decode|PQCLEAN_HQC128_CLEAN_reed_solomon_decode|PQCLEAN_HQC192_CLEAN_reed_solomon_decode,O3-fapple-kext|O1--global-isel|O3--unroll-full-max-count=0|Ofast--unroll-threshold=0|O2--global-isel|Ofast--unroll-threshold=50|O3--unroll-threshold=50|O3--unroll-threshold-aggressive=100|Ofast--unroll-threshold-aggressive=50|O3--unroll-threshold=100|Ofast--rotation-max-header-size=0|Oz--global-isel|Ofast--unroll-threshold-aggressive=100|O3--rotation-max-header-size=0|O2|Oz|Ofast-fapple-kext|Os|O3--pre-RA-sched=linearize|Ofast--unroll-threshold=100|Os--global-isel|Ofast-fno-unroll-loops|Ofast--unroll-count=0|Ofast--unroll-full-max-count=0|O1|Ofast--disable-cgp|Ofast--unroll-threshold-aggressive=0|O3-fno-unroll-loops|O3|Ofast--pre-RA-sched=fast|O3--disable-cgp|O3--pre-RA-sched=fast|O3--unroll-threshold-aggressive=50|Ofast--pre-RA-sched=linearize|O3--unroll-threshold=0|O3--unroll-count=0|O3--unroll-threshold-aggressive=0,levels|flag1,X8664|RISCV,clang14|clang18|clang20,cjump,483,YES,not_fixed
134,68,            X_sigma_p[i] = (mask12 & sigma_copy[i - 1]) ^ (~mask12 & X_sigma_p[i - 1]);,&,pqclean,reed_solomon.c,PQCLEAN_HQC128_CLEAN_reed_solomon_decode|PQCLEAN_HQC256_CLEAN_reed_solomon_decode|PQCLEAN_HQC192_CLEAN_reed_solomon_decode,Ofast--attributor-enable=cgscc|O1--attributor-enable=all|Ofast--attributor-enable=all|O1--attributor-enable=cgscc|O1--attributor-enable=module|Os--attributor-enable=all|O2--attributor-enable=module|O3--attributor-enable=module|O3--attributor-enable=cgscc|Os--attributor-enable=cgscc|O2--attributor-enable=all|O2--attributor-enable=cgscc|Ofast--attributor-enable=module|Os--attributor-enable=module|O3--attributor-enable=all|Oz--attributor-enable=cgscc|Oz--attributor-enable=module|Oz--attributor-enable=all,flag1,X8664|MIPS64|MIPS32EL|ARM|RISCV|AArch64,clang18,cjump,258,YES,not_fixed
1832,26,            a_lo += a_lo & (cA - 1);,&,pqclean,keygen.c,PQCLEAN_FALCONPADDED512_CLEAN_keygen|PQCLEAN_FALCONPADDED1024_CLEAN_keygen|solve_NTRU|PQCLEAN_FALCON1024_CLEAN_keygen|PQCLEAN_FALCON512_CLEAN_keygen,O3--disable-loop-level-heuristics|O3--x86-cmov-converter-force-all|O1--x86-cmov-converter-force-all|Ofast--disable-loop-level-heuristics|Oz--global-isel|O3--global-isel|Os--x86-cmov-converter-force-all|O1--global-isel|O2--x86-cmov-converter-force-all|O2--global-isel|Oz--x86-cmov-converter-force-all|Os--global-isel|Ofast--x86-cmov-converter-force-all,flag1,X8664|AArch64|RISCV,clang18|clang20,cjump,250,YES,not_fixed
232,23,            beta_j[j] += mask1 & mask2 & gf_exp[i];,+,pqclean,reed_solomon.c,compute_error_values|PQCLEAN_HQC256_CLEAN_reed_solomon_decode|PQCLEAN_HQC128_CLEAN_reed_solomon_decode|PQCLEAN_HQC192_CLEAN_reed_solomon_decode,O2--regalloc=basic|O1--prefetch-distance=100|O2--prefetch-distance=50|Oz--regalloc=pbqp|Os--regalloc=basic|Os--rotation-max-header-size=0|Os--disable-branch-fold|Os--unroll-count=100|Os--regalloc=fast|O2--partial-unrolling-threshold=100|O3--global-isel|O2--unroll-count=100|O3--unroll-full-max-count=0|O2--regalloc=pbqp|Ofast--unroll-threshold=0|O2--prefetch-distance=100|Ofast--unroll-threshold=50|Os--fast-isel|Os--prefetch-distance=100|O3--unroll-threshold-aggressive=100|O3--unroll-threshold=50|Ofast--unroll-threshold-aggressive=50|Ofast|Oz--disable-peephole|Os--disable-peephole|O2--fast-isel|Os--jump-threading-across-loop-headers|O1--fast-isel|O2--unroll-count=50|O3--unroll-threshold=100|O1--regalloc=pbqp|Oz--global-isel|Ofast--unroll-threshold-aggressive=100|O2|Oz|O1--disable-peephole|O3--disable-loop-level-heuristics|Os--regalloc=pbqp|O1--prefetch-distance=50|O2--jump-threading-across-loop-headers|O2--disable-peephole|Os|Os--unroll-count=50|O2--rotation-max-header-size=0|Os--unroll-force-peel-count=50|Ofast--unroll-threshold=100|Ofast-fno-unroll-loops|O2--regalloc=fast|Ofast--unroll-count=0|Os--prefetch-distance=50|O1--regalloc=fast|Ofast--unroll-full-max-count=0|O1|Oz--fast-isel|O1--rotation-max-header-size=0|O2--partial-unrolling-threshold=50|O3-fno-unroll-loops|O3|Ofast--unroll-threshold-aggressive=0|O1--disable-branch-fold|Oz--regalloc=basic|O1--regalloc=basic|O3--unroll-threshold-aggressive=50|Oz--misched=ilpmax|O3--unroll-threshold=0|O3--unroll-count=0|O2--disable-branch-fold|O3--unroll-threshold-aggressive=0,levels|flag1,X8664|MIPS64|MIPS32EL|ARM|AArch64|RISCV,clang14|clang18|clang20,mmem|cjump,487,YES,not_fixed
232,32,            beta_j[j] += mask1 & mask2 & gf_exp[i];,&,pqclean,reed_solomon.c,PQCLEAN_HQC256_CLEAN_reed_solomon_decode|PQCLEAN_HQC192_CLEAN_reed_solomon_decode,Ofast|Os|O3|O2,levels,X8664,clang14,cjump,488,YES,not_fixed
236,23,            beta_j[j] += mask1 & mask2 & gf_exp[i];,+,pqclean,reed_solomon.c,PQCLEAN_HQC256_CLEAN_reed_solomon_decode|PQCLEAN_HQC128_CLEAN_reed_solomon_decode|PQCLEAN_HQC192_CLEAN_reed_solomon_decode,O1--attributor-enable=all|O1--attributor-enable=module|O1--attributor-enable=cgscc|Os--attributor-enable=all|O2--attributor-enable=module|Os--attributor-enable=cgscc|O2--attributor-enable=all|O2--attributor-enable=cgscc|Os--attributor-enable=module|Oz--attributor-enable=cgscc|Oz--attributor-enable=module|Oz--attributor-enable=all,flag1,X8664|MIPS64|AArch64|MIPS32EL,clang18,mmem|cjump,259,YES,not_fixed
236,32,            beta_j[j] += mask1 & mask2 & gf_exp[i];,&,pqclean,reed_solomon.c,PQCLEAN_HQC128_CLEAN_reed_solomon_decode|PQCLEAN_HQC256_CLEAN_reed_solomon_decode|PQCLEAN_HQC192_CLEAN_reed_solomon_decode,O3--disable-loop-level-heuristics|O1-funroll-loops|O3--x86-cmov-converter-force-all|O1--x86-cmov-converter-force-all|Ofast--x86-cmov-converter-force-all|Ofast--disable-loop-level-heuristics|Os--x86-cmov-converter-force-all|O2--x86-cmov-converter-force-all|Oz--x86-cmov-converter-force-all|O1--lsr-complexity-limit=50,flag1,X8664|AArch64,clang18,cjump,260,YES,not_fixed
1747,16,            c0 &= (((aw | bw) + 0x7FFFFFFF) >> 31) - (uint32_t)1;,&,pqclean,keygen.c,PQCLEAN_FALCONPADDED512_CLEAN_keygen|PQCLEAN_FALCONPADDED1024_CLEAN_keygen|solve_NTRU|PQCLEAN_FALCON1024_CLEAN_keygen|PQCLEAN_FALCON512_CLEAN_keygen,O3--disable-loop-level-heuristics|O3--x86-cmov-converter-force-all|O1--x86-cmov-converter-force-all|Ofast--disable-loop-level-heuristics|Oz--global-isel|O3--global-isel|Os--x86-cmov-converter-force-all|O1--global-isel|O2--x86-cmov-converter-force-all|O2--global-isel|Oz--x86-cmov-converter-force-all|Os--global-isel|Ofast--x86-cmov-converter-force-all,flag1,X8664|AArch64|RISCV,clang18|clang20,cjump,249,YES,not_fixed
264,29,            error_values[i] += mask1 & mask2 & e_j[j];,+,pqclean,reed_solomon.c,compute_error_values|PQCLEAN_HQC256_CLEAN_reed_solomon_decode|PQCLEAN_HQC128_CLEAN_reed_solomon_decode|PQCLEAN_HQC192_CLEAN_reed_solomon_decode,O2--regalloc=basic|O3-fapple-kext|Os--unroll-count=100|Oz--unroll-count=50|O3--global-isel|O2--unroll-count=100|O1--global-isel|O3--unroll-force-peel-count=50|O2--regalloc=pbqp|O2--global-isel|O3--unroll-count=50|O2--slp-threshold=50|O2--max-sched-reorder=-1|Ofast--disable-peephole|Ofast|O2--unroll-count=50|O2-fno-tree-slp-vectorize|O2--slp-threshold=100|O2--slp-min-tree-size=50|O3--fast-isel|O2--pre-RA-sched=list-hybrid|O2-fapple-kext|Oz--global-isel|Ofast--unroll-count=100|O2|Oz|O2--unroll-force-peel-count=50|O3--disable-loop-level-heuristics|O2--disable-peephole|O2--slp-min-tree-size=100|Os|O3--unroll-count=100|Ofast--unroll-count=50|Os--unroll-count=50|O2--disable-lftr|O2--pre-RA-sched=list-burr|Ofast--fast-isel|Os--unroll-force-peel-count=50|O2--rotation-max-header-size=0|O3--disable-peephole|Ofast--unroll-force-peel-count=50|Os--global-isel|O2--greedy-reverse-local-assignment|Oz--unroll-count=100|O2--regalloc=fast|O2--pre-RA-sched=source|O2--mips-mixed-16-32|O1|O3|O2--slp-recursion-max-depth=0|O2-fno-slp-vectorize|Ofast-fapple-kext,levels|flag1,X8664|MIPS64|MIPS32EL|ARM|AArch64|RISCV,clang14|clang18|clang20,mmem|cjump,489,YES,not_fixed
264,38,            error_values[i] += mask1 & mask2 & e_j[j];,&,pqclean,reed_solomon.c,PQCLEAN_HQC256_CLEAN_reed_solomon_decode|PQCLEAN_HQC192_CLEAN_reed_solomon_decode,O3--unroll-full-max-count=0|Ofast--unroll-threshold=0|Ofast--unroll-threshold=50|O3--unroll-threshold=50|O3--unroll-threshold-aggressive=100|Ofast--unroll-threshold-aggressive=50|O3--unroll-threshold=100|Ofast--unroll-threshold-aggressive=100|O2|Os|Ofast--unroll-threshold=100|Ofast-fno-unroll-loops|Ofast--unroll-count=0|Ofast--unroll-full-max-count=0|Ofast--unroll-threshold-aggressive=0|O3-fno-unroll-loops|O3--unroll-threshold-aggressive=50|O3--unroll-threshold=0|O3--unroll-count=0|O3--unroll-threshold-aggressive=0,levels|flag1,X8664,clang14,cjump,490,YES,not_fixed
269,29,            error_values[i] += mask1 & mask2 & e_j[j];,+,pqclean,reed_solomon.c,PQCLEAN_HQC256_CLEAN_reed_solomon_decode|PQCLEAN_HQC128_CLEAN_reed_solomon_decode|PQCLEAN_HQC192_CLEAN_reed_solomon_decode,O1--attributor-enable=all|O1--attributor-enable=module|O1--attributor-enable=cgscc|Os--attributor-enable=all|Os--attributor-enable=cgscc|Os--attributor-enable=module|Oz--attributor-enable=cgscc|Oz--attributor-enable=module|Oz--attributor-enable=all,flag1,X8664,clang18,cjump,261,YES,not_fixed
269,38,            error_values[i] += mask1 & mask2 & e_j[j];,&,pqclean,reed_solomon.c,PQCLEAN_HQC128_CLEAN_reed_solomon_decode|PQCLEAN_HQC256_CLEAN_reed_solomon_decode|PQCLEAN_HQC192_CLEAN_reed_solomon_decode,O1-funroll-loops|O3-fapple-kext|Ofast--slp-threshold=100|O3--slp-min-tree-size=50|O2--x86-cmov-converter-force-all|Ofast-fno-slp-vectorize|Ofast--x86-cmov-converter-force-all|O2--slp-threshold=50|Ofast--slp-recursion-max-depth=0|Ofast--slp-min-tree-size=100|O2-fno-tree-slp-vectorize|O2--slp-threshold=100|O2--slp-min-tree-size=50|O3--slp-threshold=100|O2-fapple-kext|Ofast--slp-threshold=50|Oz--x86-cmov-converter-force-all|O3--slp-recursion-max-depth=0|O3--disable-loop-level-heuristics|O1--x86-cmov-converter-force-all|O3-fno-slp-vectorize|O2--slp-min-tree-size=100|Ofast--disable-loop-level-heuristics|Ofast--slp-min-tree-size=50|Os--x86-cmov-converter-force-all|O3--slp-threshold=50|O3--x86-cmov-converter-force-all|O3--slp-min-tree-size=100|O2--slp-recursion-max-depth=0|O2-fno-slp-vectorize|Ofast-fno-tree-slp-vectorize|Ofast-fapple-kext|O3-fno-tree-slp-vectorize,flag1,X8664|AArch64,clang18,cjump,262,YES,not_fixed
98,15,            g ^= (u[j] & (uint32_t)(0 - (1 - ((uint32_t)(tmp2 | (0 - tmp2)) >> 31))));,^,pqclean,gf.c,PQCLEAN_HQC192_CLEAN_gf_mul|PQCLEAN_HQC256_CLEAN_gf_mul|PQCLEAN_HQC128_CLEAN_gf_mul,Ofast|O1|Os|O3|O2|Oz,levels,RISCV,clang14,cjump,462,YES,not_fixed
98,24,            g ^= (u[j] & (uint32_t)(0 - (1 - ((uint32_t)(tmp2 | (0 - tmp2)) >> 31))));,&,pqclean,gf.c,PQCLEAN_HQC192_CLEAN_gf_mul|PQCLEAN_HQC128_CLEAN_gf_mul|PQCLEAN_HQC256_CLEAN_gf_mul,O1-funroll-loops|O3--unroll-threshold=0|Os--unroll-count=100|Oz--unroll-count=50|O3--global-isel|O1--global-isel|O3--unroll-full-max-count=0|Ofast--unroll-threshold=0|O2--global-isel|O2-fno-unroll-loops|Oz--unroll-threshold=50|Ofast|O2--unroll-count=0|O2--unroll-full-max-count=0|Oz--global-isel|O2|Oz--unroll-threshold=100|Oz|Os--unroll-optsize-threshold=100|Os|Os--unroll-count=50|O2--unroll-threshold-default=0|Os--unroll-force-peel-count=50|Os--global-isel|Oz--unroll-count=100|Ofast-fno-unroll-loops|Os--unroll-threshold=50|Ofast--unroll-count=0|O2--unroll-threshold=0|Ofast--unroll-full-max-count=0|O1|Ofast--unroll-threshold-aggressive=0|O3-fno-unroll-loops|O3|Oz--unroll-optsize-threshold=100|Os--unroll-threshold=100|O3--unroll-count=0|O3--unroll-threshold-aggressive=0,levels|flag1,X8664|RISCV,clang14|clang18|clang20,cjump,463,YES,not_fixed
64,15,            g ^= (u[j] & (uint64_t)(0 - (1 - ((uint64_t)(tmp2 | (0 - tmp2)) >> 63))));,^,pqclean,gf2x.c,karatsuba,Ofast|O1|Os|O3|O2|Oz,levels,RISCV,clang14,cjump,467,YES,not_fixed
64,24,            g ^= (u[j] & (uint64_t)(0 - (1 - ((uint64_t)(tmp2 | (0 - tmp2)) >> 63))));,&,pqclean,gf2x.c,karatsuba,O1-funroll-loops|Os--unroll-count=100|Oz--unroll-count=50|O3--global-isel|O1--global-isel|O2--disable-select-optimize=false|O2--global-isel|Ofast|O3--disable-select-optimize=false|Oz--global-isel|O2|Oz|Os--unroll-optsize-threshold=100|Os|Os--unroll-count=50|Os--unroll-force-peel-count=50|Os--global-isel|Oz--unroll-count=100|O1|O3|Os--unroll-threshold=100,levels|flag1,X8664|MIPS64|RISCV|MIPS32EL,clang14|clang18|clang20,cjump,468,YES,not_fixed
54,15,            in++;,+,pqclean,wots.c,PQCLEAN_SPHINCSSHAKE192SSIMPLE_CLEAN_chain_lengths|PQCLEAN_SPHINCSSHA2128SSIMPLE_CLEAN_chain_lengths|PQCLEAN_SPHINCSSHA2256SSIMPLE_CLEAN_chain_lengths|PQCLEAN_SPHINCSSHA2256FSIMPLE_CLEAN_chain_lengths|PQCLEAN_SPHINCSSHAKE128SSIMPLE_CLEAN_chain_lengths|PQCLEAN_SPHINCSSHA2192SSIMPLE_CLEAN_chain_lengths|PQCLEAN_SPHINCSSHAKE192FSIMPLE_CLEAN_chain_lengths|PQCLEAN_SPHINCSSHAKE128FSIMPLE_CLEAN_chain_lengths|PQCLEAN_SPHINCSSHA2192FSIMPLE_CLEAN_chain_lengths|PQCLEAN_SPHINCSSHAKE256FSIMPLE_CLEAN_chain_lengths|PQCLEAN_SPHINCSSHAKE256SSIMPLE_CLEAN_chain_lengths|PQCLEAN_SPHINCSSHA2128FSIMPLE_CLEAN_chain_lengths,O2--unroll-count=50|O3--unroll-count=100|Ofast--unroll-count=50|O2--unroll-count=100|O3--unroll-count=50|Ofast--unroll-count=100,flag1,X8664,clang14,cjump,501,NO,not_fixed
29,15,            u += (u >> 15) & KYBER_Q;,+,pqclean,poly.c,PQCLEAN_MLKEM1024_CLEAN_poly_compress,Ofast|O1|Os|O3|O3--global-isel|Oz--global-isel|O1--global-isel|Os--global-isel|O2--global-isel|O2|Oz,levels|flag1,RISCV,clang14|clang20,cjump,473,YES,not_fixed
29,28,            u += (u >> 15) & KYBER_Q;,&,pqclean,poly.c,PQCLEAN_MLKEM1024_CLEAN_poly_compress,O3--disable-loop-level-heuristics|Ofast--disable-loop-level-heuristics|Ofast--select-opti-loop-cycle-gain-threshold=0|O3--select-opti-loop-cycle-gain-threshold=0,flag1,AArch64,clang18,cjump,252,YES,not_fixed
30,15,            u += (u >> 15) & KYBER_Q;,+,pqclean,poly.c,PQCLEAN_MLKEM512_CLEAN_poly_compress|PQCLEAN_MLKEM768_CLEAN_poly_compress,Ofast|O1|Os|O3|O3--global-isel|Oz--global-isel|O1--global-isel|Os--global-isel|O2--global-isel|O2|Oz,levels|flag1,RISCV,clang14|clang20,cjump,473,YES,not_fixed
108,17,            val |= (bit_tab[j] & mask64);,|,pqclean,vector.c,PQCLEAN_HQC256_CLEAN_vect_set_random_fixed_weight|PQCLEAN_HQC128_CLEAN_vect_set_random_fixed_weight|PQCLEAN_HQC192_CLEAN_vect_set_random_fixed_weight,Os|O2|Oz|O1,levels,RISCV,clang14,cjump,492,YES,not_fixed
108,32,            val |= (bit_tab[j] & mask64);,&,pqclean,vector.c,PQCLEAN_HQC256_CLEAN_vect_set_random_fixed_weight|PQCLEAN_HQC128_CLEAN_vect_set_random_fixed_weight|PQCLEAN_HQC192_CLEAN_vect_set_random_fixed_weight,O3--disable-loop-level-heuristics|Ofast|O1|Os|O3|Oz--global-isel|O1--global-isel|Os--unroll-force-peel-count=50|Os--global-isel|O2--global-isel|O2|Oz,levels|flag1,AArch64|X8664|RISCV,clang14|clang18|clang20,cjump,493,YES,not_fixed
110,32,            val |= (bit_tab[j] & mask64);,&,pqclean,vector.c,PQCLEAN_HQC256_CLEAN_vect_set_random_fixed_weight|PQCLEAN_HQC128_CLEAN_vect_set_random_fixed_weight|PQCLEAN_HQC192_CLEAN_vect_set_random_fixed_weight,O1--attributor-enable=all|O1--attributor-enable=module|O1--attributor-enable=cgscc|Ofast--attributor-enable=all|Ofast--attributor-enable=cgscc|Os--attributor-enable=all|O2--attributor-enable=module|O3--attributor-enable=module|O3--attributor-enable=cgscc|Os--attributor-enable=cgscc|O2--attributor-enable=all|O2--attributor-enable=cgscc|Ofast--attributor-enable=module|Os--attributor-enable=module|O3--attributor-enable=all|Oz--attributor-enable=cgscc|Oz--attributor-enable=module|Oz--attributor-enable=all,flag1,X8664,clang18,cjump,269,YES,not_fixed
155,42,         | ((1U - (uint32_t)(-za >> 63)) & (uint32_t)(x >> 63));,&,pqclean,fpr.c,PQCLEAN_FALCON512_CLEAN_fpr_add|PQCLEAN_FALCON1024_CLEAN_fpr_add|PQCLEAN_FALCONPADDED512_CLEAN_fpr_add|PQCLEAN_FALCONPADDED1024_CLEAN_fpr_add,O3--x86-cmov-converter-force-all|O1--x86-cmov-converter-force-all|O3--global-isel|Oz--global-isel|Os--x86-cmov-converter-force-all|O1--global-isel|O2--x86-cmov-converter-force-all|O2--global-isel|Oz--x86-cmov-converter-force-all|Os--global-isel|Ofast--x86-cmov-converter-force-all,flag1,X8664|RISCV,clang18|clang20,cjump,236,YES,not_fixed
136,17,        abs = t ^ ((uint16_t)(-(t >> 15)) & (t ^ -t)); // t = abs(t),^,pqclean,reed_muller.c,PQCLEAN_HQC128_CLEAN_reed_muller_decode|PQCLEAN_HQC192_CLEAN_reed_muller_decode|PQCLEAN_HQC256_CLEAN_reed_muller_decode,O3--x86-cmov-converter-force-all|O1--x86-cmov-converter-force-all|Ofast--x86-cmov-converter-force-all|O2--unroll-count=50|Os--unroll-count=100|Oz--unroll-count=50|O3--unroll-count=100|Ofast--unroll-count=50|Os--unroll-count=50|O2--unroll-count=100|Os--x86-cmov-converter-force-all|O2--x86-cmov-converter-force-all|Oz--x86-cmov-converter-force-all|Oz--unroll-count=100|O3--unroll-count=50|Ofast--unroll-count=100,flag1,X8664|ARM,clang14|clang18|clang20,cjump,257,YES,not_fixed
1145,12,        aw ^= ((w & 0x7FFFFFFF) ^ aw) & m;,^,pqclean,keygen.c,PQCLEAN_FALCONPADDED512_CLEAN_keygen|PQCLEAN_FALCONPADDED1024_CLEAN_keygen|solve_NTRU|zint_rebuild_CRT|PQCLEAN_FALCON1024_CLEAN_keygen|PQCLEAN_FALCON512_CLEAN_keygen,O3--force-specialization|Ofast|O1--x86-cmov-converter-force-all|O1|O3--unswitch-num-initial-unscaled-candidates=-1|Os|O3|Os--x86-cmov-converter-force-all|O2--x86-cmov-converter-force-all|Oz--x86-cmov-converter-force-all|O2|Oz|O3--unswitch-threshold=0,levels|flag1,X8664|MIPS64|MIPS32EL|ARM|AArch64|RISCV,clang14|clang18|clang20,cjump,246,YES,not_fixed
123,19,        deg_sigma ^= mask12 & (deg_X_sigma_p ^ deg_sigma);,^,pqclean,reed_solomon.c,compute_elp,O2--unroll-count=50|Os--unroll-count=100|Oz--unroll-count=50|O3--unroll-count=100|Ofast--unroll-count=50|Os--unroll-count=50|O2--unroll-count=100|Oz--unroll-count=100|O3--unroll-count=50|Ofast--unroll-count=100,flag1,RISCV,clang14|clang18|clang20,cjump,481,YES,not_fixed
87,11,        g ^= (u[i] & (uint32_t)(0 - (1 - ((uint32_t)(tmp2 | (0 - tmp2)) >> 31))));,^,pqclean,gf.c,PQCLEAN_HQC192_CLEAN_gf_mul|PQCLEAN_HQC128_CLEAN_gf_mul|PQCLEAN_HQC256_CLEAN_gf_mul,Ofast|O1|Os|O3|O2|Oz,levels,RISCV,clang14,cjump,460,YES,not_fixed
87,20,        g ^= (u[i] & (uint32_t)(0 - (1 - ((uint32_t)(tmp2 | (0 - tmp2)) >> 31))));,&,pqclean,gf.c,PQCLEAN_HQC192_CLEAN_gf_mul|PQCLEAN_HQC256_CLEAN_gf_mul|PQCLEAN_HQC128_CLEAN_gf_mul,O1-funroll-loops|Ofast|O1|Os|Oz--unroll-count=50|O3|O3--global-isel|Oz--global-isel|Oz--unroll-threshold=100|O1--global-isel|Oz--unroll-optsize-threshold=100|Os--global-isel|O2--global-isel|Oz--unroll-count=100|O2|Oz|Oz--unroll-threshold=50,levels|flag1,X8664|RISCV,clang14|clang18|clang20,cjump,461,YES,not_fixed
52,11,        g ^= (u[i] & (uint64_t)(0 - (1 - ((uint64_t)(tmp2 | (0 - tmp2)) >> 63))));,^,pqclean,gf2x.c,karatsuba,Ofast|O1|Os|O3|O2|Oz,levels,RISCV,clang14,cjump,465,YES,not_fixed
52,20,        g ^= (u[i] & (uint64_t)(0 - (1 - ((uint64_t)(tmp2 | (0 - tmp2)) >> 63))));,&,pqclean,gf2x.c,karatsuba,O1-funroll-loops|O3--global-isel|O1--global-isel|O3--unroll-full-max-count=0|Ofast--unroll-threshold=0|O2--global-isel|O2-fno-unroll-loops|Ofast--unroll-threshold=50|O3--unroll-threshold=50|Ofast--unroll-threshold-aggressive=50|Ofast|O2--unroll-count=0|O2--unroll-full-max-count=0|Oz--global-isel|O2|Oz|Os|O2--unroll-threshold-default=0|Os--global-isel|Ofast-fno-unroll-loops|Ofast--unroll-count=0|O2--unroll-threshold=50|O2--unroll-threshold=0|Ofast--unroll-full-max-count=0|O1|Ofast--unroll-threshold-aggressive=0|O3-fno-unroll-loops|O3|O2--unroll-threshold-default=50|O3--unroll-threshold-aggressive=50|O3--unroll-threshold=0|O3--unroll-count=0|O3--unroll-threshold-aggressive=0,levels|flag1,X8664|RISCV,clang14|clang18|clang20,cjump,466,YES,not_fixed
67,11,        l ^= g << i;,^,pqclean,gf2x.c,karatsuba,O2--unroll-count=50|Os--unroll-count=100|Oz--unroll-count=50|O3--unroll-count=100|Ofast--unroll-count=50|Os--unroll-count=50|O2--unroll-count=100|Oz--unroll-count=100|O3--unroll-count=50|Ofast--unroll-count=100,flag1,RISCV,clang14,cjump,469,YES,not_fixed
101,11,        l ^= g << i;,^,pqclean,gf.c,PQCLEAN_HQC192_CLEAN_gf_mul|PQCLEAN_HQC256_CLEAN_gf_mul|PQCLEAN_HQC128_CLEAN_gf_mul,O1-funroll-loops|Ofast|Os--unroll-optsize-threshold=100|Os--unroll-count=100|Oz--unroll-count=50|O3|Os--unroll-count=50|Oz--unroll-optsize-threshold=100|Os--unroll-threshold=100|Oz--unroll-count=100|O2|Oz--unroll-threshold=100,levels|flag1,RISCV,clang14,cjump,464,YES,not_fixed
138,14,        peak ^= mask & (peak ^ t);,^,pqclean,reed_muller.c,PQCLEAN_HQC128_CLEAN_reed_muller_decode|PQCLEAN_HQC192_CLEAN_reed_muller_decode|PQCLEAN_HQC256_CLEAN_reed_muller_decode,Os--unroll-count=50|Oz--unroll-count=50|O3--unroll-count=50|O2--unroll-count=50,flag1,RISCV,clang20,cjump,635,YES,not_fixed
140,18,        peak_abs ^= mask & (peak_abs ^ abs);,^,pqclean,reed_muller.c,PQCLEAN_HQC128_CLEAN_reed_muller_decode|PQCLEAN_HQC192_CLEAN_reed_muller_decode|PQCLEAN_HQC256_CLEAN_reed_muller_decode,Os--unroll-count=50|Oz--unroll-count=50|O3--unroll-count=50|O2--unroll-count=50,flag1,RISCV,clang20,cjump,637,YES,not_fixed
139,13,        pos ^= mask & (pos ^ i);,^,pqclean,reed_muller.c,PQCLEAN_HQC128_CLEAN_reed_muller_decode|PQCLEAN_HQC192_CLEAN_reed_muller_decode|PQCLEAN_HQC256_CLEAN_reed_muller_decode,Os--unroll-count=50|Oz--unroll-count=50|O3--unroll-count=50|O2--unroll-count=50,flag1,RISCV,clang20,cjump,636,YES,not_fixed
361,11,        q |= b & 1;,|,pqclean,fpr.c,PQCLEAN_FALCON1024_CLEAN_fpr_div|PQCLEAN_FALCONPADDED1024_CLEAN_fpr_div|PQCLEAN_FALCON512_CLEAN_fpr_div|PQCLEAN_FALCONPADDED512_CLEAN_fpr_div,O2--unroll-count=50|Os--unroll-count=100|Oz--unroll-count=50|O3--unroll-count=100|Ofast--unroll-count=50|Os--unroll-count=50|O2--unroll-count=100|Os--unroll-force-peel-count=50|Oz--unroll-count=100|O3--unroll-count=50|Ofast--unroll-count=100,flag1,RISCV,clang14,cjump,458,YES,not_fixed
1287,17,        r |= cc & ((r & 1) - 1);,&,pqclean,keygen.c,zint_rebuild_CRT,O3--global-isel|O1--global-isel|O2--global-isel|O3--unroll-count=50|Ofast|O3--select-opti-loop-cycle-gain-threshold=0|Ofast--partial-unrolling-threshold=50|Oz--global-isel|O2|Oz|O3--disable-loop-level-heuristics|O3--partial-unrolling-threshold=50|Ofast--disable-loop-level-heuristics|Os|Ofast--partial-unrolling-threshold=100|Os--global-isel|Ofast--unroll-runtime|O3--mispredict-default-rate=0|O1|O3|O3--partial-unrolling-threshold=100|Ofast--select-opti-loop-cycle-gain-threshold=0|Ofast--mispredict-default-rate=0|O3--unroll-runtime,levels|flag1,X8664|AArch64|RISCV,clang18|clang20,cjump,248,YES,not_fixed
36,13,        ret |= mask & tmp;,|,pqclean,vector.c,PQCLEAN_HQC256_CLEAN_vect_set_random_fixed_weight|PQCLEAN_HQC128_CLEAN_vect_set_random_fixed_weight|PQCLEAN_HQC192_CLEAN_vect_set_random_fixed_weight,Oz,levels,RISCV,clang14,cjump,491,YES,not_fixed
36,21,        ret |= mask & tmp;,&,pqclean,vector.c,PQCLEAN_HQC256_CLEAN_vect_set_random_fixed_weight|PQCLEAN_HQC128_CLEAN_vect_set_random_fixed_weight|PQCLEAN_HQC192_CLEAN_vect_set_random_fixed_weight,O3--x86-cmov-converter-force-all|O1--x86-cmov-converter-force-all|Os--x86-cmov-converter-force-all|O1--global-isel|O2--x86-cmov-converter-force-all|Oz--global-isel|Oz--x86-cmov-converter-force-all|Ofast--x86-cmov-converter-force-all,flag1,X8664|RISCV,clang18|clang20,cjump,267,YES,not_fixed
285,26,        t = a->coeffs[i] - (t & 2 * a->coeffs[i]);,-,pqclean,poly.c,PQCLEAN_MLDSA65_CLEAN_poly_chknorm|PQCLEAN_MLDSA44_CLEAN_poly_chknorm|PQCLEAN_MLDSA87_CLEAN_poly_chknorm,Oz,levels,RISCV,clang14,cjump,478,YES,mldsa-native@PR371
285,31,        t = a->coeffs[i] - (t & 2 * a->coeffs[i]);,&,pqclean,poly.c,PQCLEAN_MLDSA87_CLEAN_poly_chknorm|PQCLEAN_MLDSA44_CLEAN_poly_chknorm|PQCLEAN_MLDSA65_CLEAN_poly_chknorm,Oz--global-isel,flag1,RISCV,clang20,cjump,629,YES,mldsa-native@PR371
83,12,        t0 += ((int16_t)t0 >> 15) & KYBER_Q;,+,pqclean,poly.c,PQCLEAN_MLKEM512_CLEAN_poly_tobytes|PQCLEAN_MLKEM768_CLEAN_poly_tobytes,Ofast|O1|Os|O3|O2|Oz,levels,RISCV,clang14,cjump,475,YES,not_fixed
83,35,        t0 += ((int16_t)t0 >> 15) & KYBER_Q;,&,pqclean,poly.c,PQCLEAN_MLKEM512_CLEAN_poly_tobytes|PQCLEAN_MLKEM768_CLEAN_poly_tobytes,O3--global-isel|O1--global-isel|Os--global-isel|Oz--global-isel|O2--global-isel,flag1,RISCV,clang20,cjump,626,YES,not_fixed
95,12,        t0 += ((int16_t)t0 >> 15) & KYBER_Q;,+,pqclean,poly.c,PQCLEAN_MLKEM1024_CLEAN_poly_tobytes,Ofast|O1|Os|O3|O2|Oz,levels,RISCV,clang14,cjump,475,YES,not_fixed
95,35,        t0 += ((int16_t)t0 >> 15) & KYBER_Q;,&,pqclean,poly.c,PQCLEAN_MLKEM1024_CLEAN_poly_tobytes,O3--global-isel|O1--global-isel|Os--global-isel|Oz--global-isel|O2--global-isel,flag1,RISCV,clang20,cjump,626,YES,not_fixed
97,12,        t1 += ((int16_t)t1 >> 15) & KYBER_Q;,+,pqclean,poly.c,PQCLEAN_MLKEM1024_CLEAN_poly_tobytes,Ofast|O1|Os|O3|O2|Oz,levels,RISCV,clang14,cjump,477,YES,not_fixed
97,35,        t1 += ((int16_t)t1 >> 15) & KYBER_Q;,&,pqclean,poly.c,PQCLEAN_MLKEM1024_CLEAN_poly_tobytes,O3--global-isel|O1--global-isel|Os--global-isel|Oz--global-isel|O2--global-isel,flag1,RISCV,clang20,cjump,628,YES,not_fixed
41,47,        uint32_t wots_k = info->wots_steps[i] | wots_k_mask; /* Set wots_k to */,|,pqclean,wotsx1.c,PQCLEAN_SPHINCSSHAKE192SSIMPLE_CLEAN_wots_gen_leafx1|PQCLEAN_SPHINCSSHAKE256FSIMPLE_CLEAN_wots_gen_leafx1|PQCLEAN_SPHINCSSHAKE256SSIMPLE_CLEAN_wots_gen_leafx1|PQCLEAN_SPHINCSSHA2256SSIMPLE_CLEAN_wots_gen_leafx1|PQCLEAN_SPHINCSSHA2128FSIMPLE_CLEAN_wots_gen_leafx1|PQCLEAN_SPHINCSSHA2256FSIMPLE_CLEAN_wots_gen_leafx1|PQCLEAN_SPHINCSSHA2192FSIMPLE_CLEAN_wots_gen_leafx1|PQCLEAN_SPHINCSSHAKE128SSIMPLE_CLEAN_wots_gen_leafx1|PQCLEAN_SPHINCSSHA2128SSIMPLE_CLEAN_wots_gen_leafx1|PQCLEAN_SPHINCSSHAKE128FSIMPLE_CLEAN_wots_gen_leafx1|PQCLEAN_SPHINCSSHAKE192FSIMPLE_CLEAN_wots_gen_leafx1|PQCLEAN_SPHINCSSHA2192SSIMPLE_CLEAN_wots_gen_leafx1,Ofast|O1--aarch64-stress-promote-const|Oz--aarch64-stress-promote-const|O1|Os--aarch64-stress-promote-const|O2--unroll-count=50|Os|Oz--unroll-count=50|O3|Ofast--aarch64-stress-promote-const|Os--unroll-count=50|O3--aarch64-stress-promote-const|O2--aarch64-stress-promote-const|O2|Oz,levels|flag1,X8664|MIPS64|MIPS32EL|ARM|AArch64|RISCV,clang14|clang18|clang20,cjump|mmem,279,NO,not_fixed
647,11,        w += Q & -(w >> 31);,+,pqclean,vrfy.c,PQCLEAN_FALCONPADDED1024_CLEAN_verify_raw|PQCLEAN_FALCON512_CLEAN_verify_raw|PQCLEAN_FALCON1024_CLEAN_verify_raw|PQCLEAN_FALCONPADDED512_CLEAN_verify_raw,Ofast|O1|Os|O3|O2|Oz,levels,RISCV,clang14,cjump,497,YES,not_fixed
647,16,        w += Q & -(w >> 31);,&,pqclean,vrfy.c,PQCLEAN_FALCONPADDED1024_CLEAN_verify_raw|PQCLEAN_FALCON512_CLEAN_verify_raw|PQCLEAN_FALCON1024_CLEAN_verify_raw|PQCLEAN_FALCONPADDED512_CLEAN_verify_raw,O3--global-isel|O1--global-isel|Os--global-isel|Oz--global-isel|O2--global-isel,flag1,RISCV,clang20,cjump,640,YES,not_fixed
761,11,        w += Q & -(w >> 31);,+,pqclean,vrfy.c,PQCLEAN_FALCON1024_CLEAN_is_invertible|PQCLEAN_FALCONPADDED1024_CLEAN_is_invertible|PQCLEAN_FALCONPADDED512_CLEAN_is_invertible|PQCLEAN_FALCON512_CLEAN_is_invertible,Ofast|O1|Os|O3|O2|Oz,levels,RISCV,clang14,cjump,497,YES,not_fixed
761,16,        w += Q & -(w >> 31);,&,pqclean,vrfy.c,PQCLEAN_FALCON1024_CLEAN_is_invertible|PQCLEAN_FALCONPADDED1024_CLEAN_is_invertible|PQCLEAN_FALCONPADDED512_CLEAN_is_invertible|PQCLEAN_FALCON512_CLEAN_is_invertible,O3--global-isel|O1--global-isel|Os--global-isel|Oz--global-isel|O2--global-isel,flag1,RISCV,clang20,cjump,640,YES,not_fixed
792,11,        w += Q & -(w >> 31);,+,pqclean,vrfy.c,PQCLEAN_FALCONPADDED1024_CLEAN_verify_recover|PQCLEAN_FALCONPADDED512_CLEAN_verify_recover|PQCLEAN_FALCON1024_CLEAN_verify_recover|PQCLEAN_FALCON512_CLEAN_verify_recover,Ofast|O1|Os|O3|O2|Oz,levels,RISCV,clang14,cjump,497,YES,not_fixed
792,16,        w += Q & -(w >> 31);,&,pqclean,vrfy.c,PQCLEAN_FALCONPADDED1024_CLEAN_verify_recover|PQCLEAN_FALCONPADDED512_CLEAN_verify_recover|PQCLEAN_FALCON1024_CLEAN_verify_recover|PQCLEAN_FALCON512_CLEAN_verify_recover,O1--disable-select-optimize=false|Ofast|O2--fast-isel|Oz--fast-isel|O1--fast-isel|O3--disable-select-optimize=false|O3|O3--global-isel|Oz--global-isel|O3--fast-isel|O1--global-isel|Ofast--fast-isel|O2--disable-select-optimize=false|Ofast--disable-select-optimize=false|O2--global-isel|Os--global-isel|Os--fast-isel,levels|flag1,X8664|MIPS64|MIPS32EL|ARM|RISCV|AArch64,clang14|clang18|clang20,cjump,277,NO,not_fixed
796,16,        w += Q & -(w >> 31);,&,pqclean,vrfy.c,PQCLEAN_FALCONPADDED1024_CLEAN_verify_recover|PQCLEAN_FALCONPADDED512_CLEAN_verify_recover|PQCLEAN_FALCON1024_CLEAN_verify_recover|PQCLEAN_FALCON512_CLEAN_verify_recover,O1--disable-select-optimize=false|O2--fast-isel|Oz--fast-isel|O1--fast-isel|O3--disable-select-optimize=false|O3--global-isel|Oz--global-isel|O3--fast-isel|O1--global-isel|Ofast--fast-isel|O2--disable-select-optimize=false|Ofast--disable-select-optimize=false|O2--global-isel|Os--global-isel|Os--fast-isel,flag1,X8664|MIPS64|MIPS32EL|RISCV,clang14|clang18|clang20,cjump,278,NO,not_fixed
840,11,        w += Q & -(w >> 31);,+,pqclean,vrfy.c,PQCLEAN_FALCON1024_CLEAN_count_nttzero|PQCLEAN_FALCONPADDED1024_CLEAN_count_nttzero|PQCLEAN_FALCONPADDED512_CLEAN_count_nttzero|PQCLEAN_FALCON512_CLEAN_count_nttzero,Ofast|O1|Os|O3|O2|Oz,levels,RISCV,clang14,cjump,497,YES,not_fixed
840,16,        w += Q & -(w >> 31);,&,pqclean,vrfy.c,PQCLEAN_FALCONPADDED512_CLEAN_count_nttzero|PQCLEAN_FALCONPADDED1024_CLEAN_count_nttzero|PQCLEAN_FALCON1024_CLEAN_count_nttzero|PQCLEAN_FALCON512_CLEAN_count_nttzero,O3--global-isel|O1--global-isel|Os--global-isel|Oz--global-isel|O2--global-isel,flag1,RISCV,clang20,cjump,640,YES,not_fixed
1199,11,        w += p & -(w >> 31);,+,pqclean,keygen.c,PQCLEAN_FALCONPADDED512_CLEAN_keygen|PQCLEAN_FALCONPADDED1024_CLEAN_keygen|solve_NTRU|poly_sub_scaled_ntt|zint_rebuild_CRT|make_fg_step|solve_NTRU_intermediate|PQCLEAN_FALCON1024_CLEAN_keygen|PQCLEAN_FALCON512_CLEAN_keygen|zint_mod_small_unsigned,O3--x86-cmov-converter-force-all|O3--mispredict-default-rate=0|Ofast|O1--x86-cmov-converter-force-all|O1|Os|O3|Os--x86-cmov-converter-force-all|O2--x86-cmov-converter-force-all|Ofast--mispredict-default-rate=0|Oz--x86-cmov-converter-force-all|Ofast--x86-cmov-converter-force-all|O2|Oz,levels|flag1,AArch64|X8664|RISCV,clang14|clang18|clang20,cjump,247,YES,not_fixed
737,11,        w -= (Q & ~ -((w - (Q >> 1)) >> 31));,-,pqclean,vrfy.c,PQCLEAN_FALCONPADDED1024_CLEAN_complete_private|PQCLEAN_FALCON512_CLEAN_complete_private|PQCLEAN_FALCON1024_CLEAN_complete_private|PQCLEAN_FALCONPADDED512_CLEAN_complete_private,O3--x86-cmov-converter-force-all|O1--x86-cmov-converter-force-all|Ofast|O1|Os|O3|Os--x86-cmov-converter-force-all|O2--x86-cmov-converter-force-all|Oz--x86-cmov-converter-force-all|Ofast--x86-cmov-converter-force-all|O2|Oz,levels|flag1,X8664|RISCV,clang14|clang18|clang20,cjump,276,YES,not_fixed
737,17,        w -= (Q & ~ -((w - (Q >> 1)) >> 31));,&,pqclean,vrfy.c,PQCLEAN_FALCONPADDED1024_CLEAN_complete_private|PQCLEAN_FALCON512_CLEAN_complete_private|PQCLEAN_FALCON1024_CLEAN_complete_private|PQCLEAN_FALCONPADDED512_CLEAN_complete_private,O3--global-isel|O1--global-isel|Os--global-isel|Oz--global-isel|O2--global-isel,flag1,RISCV,clang20,cjump,641,YES,not_fixed
666,11,        w -= (int32_t)(Q & -(((Q >> 1) - (uint32_t)w) >> 31));,-,pqclean,vrfy.c,PQCLEAN_FALCONPADDED1024_CLEAN_verify_raw|PQCLEAN_FALCON512_CLEAN_verify_raw|PQCLEAN_FALCON1024_CLEAN_verify_raw|PQCLEAN_FALCONPADDED512_CLEAN_verify_raw,O3--x86-cmov-converter-force-all|O1--x86-cmov-converter-force-all|Ofast|O1|Os|O3|Os--x86-cmov-converter-force-all|O2--x86-cmov-converter-force-all|Oz--x86-cmov-converter-force-all|Ofast--x86-cmov-converter-force-all|O2,levels|flag1,X8664|RISCV,clang14|clang18|clang20,cjump,274,NO,not_fixed
666,26,        w -= (int32_t)(Q & -(((Q >> 1) - (uint32_t)w) >> 31));,&,pqclean,vrfy.c,PQCLEAN_FALCONPADDED1024_CLEAN_verify_raw|PQCLEAN_FALCON512_CLEAN_verify_raw|PQCLEAN_FALCON1024_CLEAN_verify_raw|PQCLEAN_FALCONPADDED512_CLEAN_verify_raw,O2--fast-isel|Oz--fast-isel|O1--fast-isel|O3--global-isel|O3--fast-isel|O1--global-isel|Ofast--fast-isel|Os--global-isel|O2--global-isel|Os--fast-isel,flag1,X8664|RISCV,clang14|clang18|clang20,cjump,275,NO,not_fixed
360,12,        xu -= b & yu;,-,pqclean,fpr.c,PQCLEAN_FALCON1024_CLEAN_fpr_div|PQCLEAN_FALCONPADDED1024_CLEAN_fpr_div|PQCLEAN_FALCON512_CLEAN_fpr_div|PQCLEAN_FALCONPADDED512_CLEAN_fpr_div,O2--unroll-count=50|Os--unroll-count=100|Oz--unroll-count=50|O3--unroll-count=100|Ofast--unroll-count=50|Os--unroll-count=50|O2--unroll-count=100|Os--unroll-force-peel-count=50|Oz--unroll-count=100|O3--unroll-count=50|Ofast--unroll-count=100,flag1,RISCV,clang14,cjump,457,YES,not_fixed
807,11,        z ^= (z ^ z2) & -(uint32_t)((e >> i) & 1);,^,pqclean,keygen.c,modp_mkgm2,O3--x86-cmov-converter-force-all|O3--mispredict-default-rate=0|Ofast|O1--x86-cmov-converter-force-all|O1|Os|O3|Os--x86-cmov-converter-force-all|O2--x86-cmov-converter-force-all|Ofast--mispredict-default-rate=0|Oz--x86-cmov-converter-force-all|Ofast--x86-cmov-converter-force-all|O2|Oz,levels|flag1,AArch64|X8664|RISCV,clang18|clang20,cjump,245,YES,not_fixed
184,21,        z[i] = mask & sigma[i];,&,pqclean,reed_solomon.c,PQCLEAN_HQC128_CLEAN_reed_solomon_decode|PQCLEAN_HQC256_CLEAN_reed_solomon_decode|PQCLEAN_HQC192_CLEAN_reed_solomon_decode,Ofast|O1|Os|O3|O3--global-isel|Oz--global-isel|O1--global-isel|Os--global-isel|O2--global-isel|O2|Oz,levels|flag1,X8664|RISCV,clang14|clang20,cjump,484,YES,not_fixed
191,14,        z[i] ^= mask & syndromes[i - 1];,^,pqclean,reed_solomon.c,PQCLEAN_HQC128_CLEAN_reed_solomon_decode|PQCLEAN_HQC192_CLEAN_reed_solomon_decode,O2--unroll-count=50|Os--unroll-count=100|Oz--unroll-count=50|O3--unroll-count=100|Ofast--unroll-count=50|Os--unroll-count=50|O2--unroll-count=100|Oz--unroll-count=100|O3--unroll-count=50|Ofast--unroll-count=100,flag1,RISCV,clang14,cjump,486,YES,not_fixed
47,9,    *a0 -= (((Q - 1) / 2 - *a0) >> 31) & Q;,-,pqclean,rounding.c,PQCLEAN_MLDSA44_CLEAN_use_hint|PQCLEAN_MLDSA65_CLEAN_use_hint|PQCLEAN_MLDSA87_CLEAN_use_hint|PQCLEAN_MLDSA44_CLEAN_decompose|PQCLEAN_MLDSA87_CLEAN_decompose|PQCLEAN_MLDSA65_CLEAN_decompose,Ofast--disable-peephole|O3--x86-cmov-converter-force-all|O1--x86-cmov-converter-force-all|Ofast|Oz--disable-peephole|Os--disable-peephole|O1|O2--disable-peephole|Os|O3|Os--x86-cmov-converter-force-all|O3--disable-peephole|O2--x86-cmov-converter-force-all|Oz--x86-cmov-converter-force-all|Ofast--x86-cmov-converter-force-all|O2|Oz|O1--disable-peephole,levels|flag1,X8664|RISCV|ARM,clang14|clang18|clang20,cjump|mmem,264,YES,mldsa-native@PR371
47,40,    *a0 -= (((Q - 1) / 2 - *a0) >> 31) & Q;,&,pqclean,rounding.c,PQCLEAN_MLDSA44_CLEAN_use_hint|PQCLEAN_MLDSA65_CLEAN_use_hint|PQCLEAN_MLDSA87_CLEAN_use_hint|PQCLEAN_MLDSA44_CLEAN_decompose|PQCLEAN_MLDSA87_CLEAN_decompose|PQCLEAN_MLDSA65_CLEAN_decompose,O3--global-isel|O1--global-isel|Os--global-isel|Oz--global-isel|O2--global-isel,flag1,RISCV,clang20,cjump,638,YES,mldsa-native@PR371
51,7,    a += (a >> 31) & Q;,+,pqclean,reduce.c,PQCLEAN_MLDSA65_CLEAN_caddq|PQCLEAN_MLDSA44_CLEAN_caddq|PQCLEAN_MLDSA87_CLEAN_caddq|PQCLEAN_MLDSA44_CLEAN_freeze|PQCLEAN_MLDSA65_CLEAN_freeze|PQCLEAN_MLDSA87_CLEAN_freeze,Ofast|O1|Os|O3|O2|Oz,levels,RISCV,clang14,cjump,480,YES,mldsa-native@PR371
51,20,    a += (a >> 31) & Q;,&,pqclean,reduce.c,PQCLEAN_MLDSA65_CLEAN_caddq|PQCLEAN_MLDSA44_CLEAN_caddq|PQCLEAN_MLDSA87_CLEAN_caddq|PQCLEAN_MLDSA44_CLEAN_freeze|PQCLEAN_MLDSA65_CLEAN_freeze|PQCLEAN_MLDSA87_CLEAN_freeze,O3--global-isel|O1--global-isel|Os--global-isel|Oz--global-isel|O2--global-isel,flag1,RISCV,clang20,cjump,630,YES,mldsa-native@PR371
44,8,    a1 ^= ((43 - a1) >> 31) & a1;,^,pqclean,rounding.c,PQCLEAN_MLDSA44_CLEAN_use_hint|PQCLEAN_MLDSA44_CLEAN_decompose,O3--x86-cmov-converter-force-all|O1--x86-cmov-converter-force-all|Ofast|O1|Os|O3|O3--global-isel|Oz--global-isel|Os--x86-cmov-converter-force-all|O1--global-isel|O2--x86-cmov-converter-force-all|O2--global-isel|Oz--x86-cmov-converter-force-all|Os--global-isel|Ofast--x86-cmov-converter-force-all|O2|Oz,levels|flag1,X8664|RISCV,clang14|clang18|clang20,cjump,263,YES,mldsa-native@PR371
355,7,    d += Q & -(d >> 31);,+,pqclean,vrfy.c,PQCLEAN_FALCONPADDED1024_CLEAN_verify_raw|PQCLEAN_FALCON512_CLEAN_compute_public|PQCLEAN_FALCON512_CLEAN_verify_recover|mq_NTT|PQCLEAN_FALCON512_CLEAN_count_nttzero|PQCLEAN_FALCONPADDED512_CLEAN_to_ntt_monty|PQCLEAN_FALCON512_CLEAN_to_ntt_monty|mq_iNTT|PQCLEAN_FALCON1024_CLEAN_verify_recover|PQCLEAN_FALCON1024_CLEAN_is_invertible|PQCLEAN_FALCON1024_CLEAN_compute_public|PQCLEAN_FALCON1024_CLEAN_complete_private|PQCLEAN_FALCONPADDED1024_CLEAN_verify_recover|PQCLEAN_FALCONPADDED512_CLEAN_compute_public|PQCLEAN_FALCON512_CLEAN_complete_private|PQCLEAN_FALCON512_CLEAN_verify_raw|PQCLEAN_FALCONPADDED1024_CLEAN_count_nttzero|PQCLEAN_FALCONPADDED512_CLEAN_complete_private|PQCLEAN_FALCONPADDED512_CLEAN_is_invertible|PQCLEAN_FALCON1024_CLEAN_count_nttzero|PQCLEAN_FALCONPADDED1024_CLEAN_to_ntt_monty|PQCLEAN_FALCONPADDED1024_CLEAN_complete_private|PQCLEAN_FALCONPADDED512_CLEAN_verify_raw|PQCLEAN_FALCONPADDED512_CLEAN_verify_recover|PQCLEAN_FALCONPADDED512_CLEAN_count_nttzero|PQCLEAN_FALCONPADDED1024_CLEAN_compute_public|PQCLEAN_FALCON1024_CLEAN_verify_raw|PQCLEAN_FALCON1024_CLEAN_to_ntt_monty|PQCLEAN_FALCONPADDED1024_CLEAN_is_invertible|PQCLEAN_FALCON512_CLEAN_is_invertible,Ofast|O1|Os|O3|O3--global-isel|Oz--global-isel|O1--global-isel|Os--global-isel|O2--global-isel|O2|Oz,levels|flag1,RISCV,clang14|clang20,cjump,495,YES,not_fixed
371,7,    d += Q & -(d >> 31);,+,pqclean,vrfy.c,PQCLEAN_FALCONPADDED1024_CLEAN_verify_raw|PQCLEAN_FALCON512_CLEAN_compute_public|PQCLEAN_FALCON512_CLEAN_verify_recover|mq_NTT|PQCLEAN_FALCON512_CLEAN_to_ntt_monty|PQCLEAN_FALCONPADDED512_CLEAN_to_ntt_monty|PQCLEAN_FALCON512_CLEAN_count_nttzero|mq_iNTT|PQCLEAN_FALCON1024_CLEAN_verify_recover|PQCLEAN_FALCON1024_CLEAN_is_invertible|PQCLEAN_FALCON1024_CLEAN_compute_public|PQCLEAN_FALCON1024_CLEAN_complete_private|PQCLEAN_FALCONPADDED1024_CLEAN_verify_recover|PQCLEAN_FALCONPADDED512_CLEAN_compute_public|PQCLEAN_FALCON512_CLEAN_complete_private|PQCLEAN_FALCON512_CLEAN_verify_raw|PQCLEAN_FALCONPADDED1024_CLEAN_count_nttzero|PQCLEAN_FALCONPADDED512_CLEAN_complete_private|PQCLEAN_FALCON1024_CLEAN_count_nttzero|PQCLEAN_FALCONPADDED512_CLEAN_is_invertible|PQCLEAN_FALCONPADDED1024_CLEAN_to_ntt_monty|PQCLEAN_FALCONPADDED1024_CLEAN_complete_private|PQCLEAN_FALCONPADDED512_CLEAN_verify_raw|PQCLEAN_FALCONPADDED512_CLEAN_verify_recover|PQCLEAN_FALCONPADDED512_CLEAN_count_nttzero|PQCLEAN_FALCON1024_CLEAN_verify_raw|PQCLEAN_FALCONPADDED1024_CLEAN_compute_public|PQCLEAN_FALCON1024_CLEAN_to_ntt_monty|PQCLEAN_FALCONPADDED1024_CLEAN_is_invertible|PQCLEAN_FALCON512_CLEAN_is_invertible,Ofast|O1|Os|O3|O2|Oz,levels,RISCV,clang14,cjump,496,YES,not_fixed
371,12,    d += Q & -(d >> 31);,&,pqclean,vrfy.c,PQCLEAN_FALCONPADDED1024_CLEAN_verify_raw|PQCLEAN_FALCON512_CLEAN_compute_public|PQCLEAN_FALCON512_CLEAN_verify_recover|mq_NTT|PQCLEAN_FALCON512_CLEAN_to_ntt_monty|PQCLEAN_FALCONPADDED512_CLEAN_to_ntt_monty|PQCLEAN_FALCON512_CLEAN_count_nttzero|mq_iNTT|PQCLEAN_FALCON1024_CLEAN_verify_recover|PQCLEAN_FALCON1024_CLEAN_is_invertible|PQCLEAN_FALCON1024_CLEAN_compute_public|PQCLEAN_FALCON1024_CLEAN_complete_private|PQCLEAN_FALCONPADDED1024_CLEAN_verify_recover|PQCLEAN_FALCONPADDED512_CLEAN_compute_public|PQCLEAN_FALCON512_CLEAN_complete_private|PQCLEAN_FALCON512_CLEAN_verify_raw|PQCLEAN_FALCONPADDED1024_CLEAN_count_nttzero|PQCLEAN_FALCONPADDED512_CLEAN_complete_private|PQCLEAN_FALCON1024_CLEAN_count_nttzero|PQCLEAN_FALCONPADDED512_CLEAN_is_invertible|PQCLEAN_FALCONPADDED1024_CLEAN_to_ntt_monty|PQCLEAN_FALCONPADDED1024_CLEAN_complete_private|PQCLEAN_FALCONPADDED512_CLEAN_verify_raw|PQCLEAN_FALCONPADDED512_CLEAN_verify_recover|PQCLEAN_FALCONPADDED1024_CLEAN_compute_public|PQCLEAN_FALCONPADDED512_CLEAN_count_nttzero|PQCLEAN_FALCON1024_CLEAN_verify_raw|PQCLEAN_FALCON1024_CLEAN_to_ntt_monty|PQCLEAN_FALCONPADDED1024_CLEAN_is_invertible|PQCLEAN_FALCON512_CLEAN_is_invertible,O1--disable-select-optimize=false|Ofast|O2--fast-isel|Oz--fast-isel|O1--fast-isel|O3--disable-select-optimize=false|O3|O3--global-isel|Oz--global-isel|O3--fast-isel|O1--global-isel|Ofast--fast-isel|O2--disable-select-optimize=false|Ofast--disable-select-optimize=false|O2--global-isel|Os--global-isel|Os--fast-isel,levels|flag1,X8664|MIPS64|MIPS32EL|ARM|RISCV|AArch64,clang14|clang18|clang20,cjump,271,YES,not_fixed
683,7,    d += p & -(d >> 31);,+,pqclean,keygen.c,modp_iNTT2_ext|PQCLEAN_FALCONPADDED512_CLEAN_keygen|PQCLEAN_FALCONPADDED1024_CLEAN_keygen|solve_NTRU|poly_sub_scaled_ntt|zint_rebuild_CRT|make_fg_step|modp_R2|solve_NTRU_intermediate|modp_NTT2_ext|make_fg|PQCLEAN_FALCON1024_CLEAN_keygen|PQCLEAN_FALCON512_CLEAN_keygen|zint_mod_small_unsigned|modp_mkgm2,O3--x86-cmov-converter-force-all|O3--mispredict-default-rate=0|Ofast|O1--x86-cmov-converter-force-all|O1|Os|O3|Os--x86-cmov-converter-force-all|O2--x86-cmov-converter-force-all|Ofast--mispredict-default-rate=0|Oz--x86-cmov-converter-force-all|Ofast--x86-cmov-converter-force-all|O2|Oz,levels|flag1,AArch64|X8664|RISCV,clang14|clang18|clang20,cjump,242,YES,not_fixed
695,7,    d += p & -(d >> 31);,+,pqclean,keygen.c,modp_iNTT2_ext|PQCLEAN_FALCONPADDED512_CLEAN_keygen|PQCLEAN_FALCONPADDED1024_CLEAN_keygen|solve_NTRU|poly_sub_scaled_ntt|zint_rebuild_CRT|make_fg_step|solve_NTRU_intermediate|modp_NTT2_ext|make_fg|PQCLEAN_FALCON1024_CLEAN_keygen|PQCLEAN_FALCON512_CLEAN_keygen|zint_mod_small_signed,Ofast|O1|Os|O3|O2|Oz,levels,RISCV,clang14,cjump,472,YES,not_fixed
695,12,    d += p & -(d >> 31);,&,pqclean,keygen.c,modp_iNTT2_ext|PQCLEAN_FALCONPADDED512_CLEAN_keygen|PQCLEAN_FALCONPADDED1024_CLEAN_keygen|solve_NTRU|poly_sub_scaled_ntt|zint_rebuild_CRT|make_fg_step|solve_NTRU_intermediate|modp_NTT2_ext|make_fg|PQCLEAN_FALCON1024_CLEAN_keygen|PQCLEAN_FALCON512_CLEAN_keygen|zint_mod_small_signed,O3--disable-loop-level-heuristics|O3--mispredict-default-rate=0|Oz--fast-isel|O2--fast-isel|O1--fast-isel|Ofast--disable-loop-level-heuristics|O3--global-isel|Oz--global-isel|O3--fast-isel|O1--global-isel|Ofast--fast-isel|Os--global-isel|Ofast--mispredict-default-rate=0|O2--global-isel|Os--fast-isel,flag1,X8664|AArch64|RISCV,clang14|clang18|clang20,cjump,243,YES,not_fixed
723,7,    d += p & -(d >> 31);,+,pqclean,keygen.c,modp_iNTT2_ext|modp_montymul|PQCLEAN_FALCONPADDED512_CLEAN_keygen|PQCLEAN_FALCONPADDED1024_CLEAN_keygen|solve_NTRU|zint_mod_small_unsigned|poly_sub_scaled_ntt|zint_rebuild_CRT|make_fg_step|modp_R2|solve_NTRU_intermediate|modp_NTT2_ext|make_fg|PQCLEAN_FALCON1024_CLEAN_keygen|PQCLEAN_FALCON512_CLEAN_keygen|modp_poly_rec_res|modp_mkgm2|modp_Rx,O3--x86-cmov-converter-force-all|O3--mispredict-default-rate=0|Ofast|O1--x86-cmov-converter-force-all|O1|Os|O3|Os--x86-cmov-converter-force-all|O2--x86-cmov-converter-force-all|Ofast--mispredict-default-rate=0|Oz--x86-cmov-converter-force-all|Ofast--x86-cmov-converter-force-all|O2|Oz,levels|flag1,AArch64|X8664|RISCV,clang14|clang18|clang20,cjump,242,YES,not_fixed
682,11,    d = a + b - p;,+,pqclean,keygen.c,zint_mod_small_unsigned,Os--unroll-force-peel-count=50,flag1,RISCV,clang14,cjump,471,YES,not_fixed
125,7,    e &= -(int)t;,&,pqclean,fpr.c,PQCLEAN_FALCON512_CLEAN_fpr_scaled|PQCLEAN_FALCONPADDED512_CLEAN_fpr_scaled|PQCLEAN_FALCONPADDED1024_CLEAN_fpr_scaled|PQCLEAN_FALCON1024_CLEAN_fpr_scaled,Oz--pre-RA-sched=fast|Oz--pre-RA-sched=linearize,flag1,RISCV,clang14,cjump,455,YES,not_fixed
180,7,    e += 1076;,+,pqclean,fpr.c,PQCLEAN_FALCONPADDED1024_CLEAN_fpr_scaled|PQCLEAN_FALCONPADDED512_CLEAN_fpr_scaled|PQCLEAN_FALCON512_CLEAN_fpr_scaled|PQCLEAN_FALCON1024_CLEAN_fpr_scaled,Ofast|Oz--inline-threshold=100|O1|Os|O3|Oz--inline-call-penalty=100|O2,levels|flag1,RISCV,clang14,cjump,456,YES,not_fixed
40,42,    first_word ^= BIT0MASK(message >> 0) & 0xaaaaaaaa;,&,pqclean,reed_muller.c,PQCLEAN_HQC128_CLEAN_reed_muller_encode|PQCLEAN_HQC192_CLEAN_reed_muller_encode|PQCLEAN_HQC256_CLEAN_reed_muller_encode,O3--global-isel|O1--global-isel|Os--global-isel|Oz--global-isel|O2--global-isel,flag1,RISCV,clang18|clang20,cjump,631,YES,not_fixed
41,42,    first_word ^= BIT0MASK(message >> 1) & 0xcccccccc;,&,pqclean,reed_muller.c,PQCLEAN_HQC128_CLEAN_reed_muller_encode|PQCLEAN_HQC192_CLEAN_reed_muller_encode|PQCLEAN_HQC256_CLEAN_reed_muller_encode,O3--global-isel|O1--global-isel|Os--global-isel|Oz--global-isel|O2--global-isel,flag1,RISCV,clang18|clang20,cjump,632,YES,not_fixed
42,42,    first_word ^= BIT0MASK(message >> 2) & 0xf0f0f0f0;,&,pqclean,reed_muller.c,PQCLEAN_HQC128_CLEAN_reed_muller_encode|PQCLEAN_HQC192_CLEAN_reed_muller_encode|PQCLEAN_HQC256_CLEAN_reed_muller_encode,O3--global-isel|O1--global-isel|Os--global-isel|Oz--global-isel|O2--global-isel,flag1,RISCV,clang18|clang20,cjump,633,YES,not_fixed
43,42,    first_word ^= BIT0MASK(message >> 3) & 0xff00ff00;,&,pqclean,reed_muller.c,PQCLEAN_HQC128_CLEAN_reed_muller_encode|PQCLEAN_HQC192_CLEAN_reed_muller_encode|PQCLEAN_HQC256_CLEAN_reed_muller_encode,O3--global-isel|O1--global-isel|Os--global-isel|Oz--global-isel|O2--global-isel,flag1,RISCV,clang18|clang20,cjump,634,YES,not_fixed
44,42,    first_word ^= BIT0MASK(message >> 4) & 0xffff0000;,&,pqclean,reed_muller.c,PQCLEAN_HQC128_CLEAN_reed_muller_encode|PQCLEAN_HQC192_CLEAN_reed_muller_encode|PQCLEAN_HQC256_CLEAN_reed_muller_encode,O3--disable-loop-level-heuristics|Ofast--disable-loop-level-heuristics|O3--global-isel|Oz--global-isel|O1--global-isel|Os--global-isel|O2--global-isel,flag1,AArch64|RISCV,clang18|clang20,cjump,254,YES,not_fixed
182,7,    m &= (uint64_t)t - 1;,&,pqclean,fpr.c,PQCLEAN_FALCON512_CLEAN_fpr_add|PQCLEAN_FALCONPADDED512_CLEAN_fpr_scaled|PQCLEAN_FALCON512_CLEAN_fpr_mul|PQCLEAN_FALCON512_CLEAN_fpr_scaled|PQCLEAN_FALCONPADDED1024_CLEAN_fpr_mul|PQCLEAN_FALCONPADDED1024_CLEAN_fpr_add|PQCLEAN_FALCONPADDED1024_CLEAN_fpr_div|PQCLEAN_FALCONPADDED512_CLEAN_fpr_add|PQCLEAN_FALCONPADDED1024_CLEAN_fpr_scaled|PQCLEAN_FALCON1024_CLEAN_fpr_add|PQCLEAN_FALCON1024_CLEAN_fpr_div|PQCLEAN_FALCONPADDED512_CLEAN_fpr_mul|PQCLEAN_FALCON1024_CLEAN_fpr_scaled|PQCLEAN_FALCON512_CLEAN_fpr_div|PQCLEAN_FALCON1024_CLEAN_fpr_mul|PQCLEAN_FALCONPADDED512_CLEAN_fpr_div,O3--x86-cmov-converter-force-all|O1--x86-cmov-converter-force-all|O3--global-isel|Os--x86-cmov-converter-force-all|O1--global-isel|O2--x86-cmov-converter-force-all|O2--global-isel|Os--global-isel|Ofast--x86-cmov-converter-force-all,flag1,X8664|RISCV,clang18|clang20,cjump,237,YES,not_fixed
285,7,    m &= -(uint64_t)((uint32_t)(e - 64) >> 31);,&,pqclean,sign.c|keygen.c,PQCLEAN_FALCONPADDED512_CLEAN_keygen|PQCLEAN_FALCONPADDED1024_CLEAN_keygen|PQCLEAN_FALCON1024_CLEAN_sign_tree|PQCLEAN_FALCON512_CLEAN_keygen|PQCLEAN_FALCON512_CLEAN_sign_dyn|PQCLEAN_FALCONPADDED512_CLEAN_sign_dyn|solve_NTRU|PQCLEAN_FALCONPADDED1024_CLEAN_sign_tree|PQCLEAN_FALCONPADDED512_CLEAN_sign_tree|PQCLEAN_FALCON512_CLEAN_sign_tree|PQCLEAN_FALCONPADDED1024_CLEAN_sign_dyn|solve_NTRU_intermediate|PQCLEAN_FALCON1024_CLEAN_keygen|PQCLEAN_FALCON1024_CLEAN_sign_dyn,O3--disable-loop-level-heuristics|O3--x86-cmov-converter-force-all|O1--x86-cmov-converter-force-all|Ofast|O1|Os|Ofast--disable-loop-level-heuristics|O3|O3--global-isel|Os--x86-cmov-converter-force-all|O1--global-isel|O2--x86-cmov-converter-force-all|O2--global-isel|Os--global-isel|Ofast--x86-cmov-converter-force-all|O2,levels|flag1,AArch64|X8664|RISCV,clang14|clang18|clang20,cjump,251,YES,not_fixed
124,7,    m &= -(uint64_t)t;,&,pqclean,fpr.c,PQCLEAN_FALCON512_CLEAN_fpr_scaled|PQCLEAN_FALCONPADDED512_CLEAN_fpr_scaled|PQCLEAN_FALCONPADDED1024_CLEAN_fpr_scaled|PQCLEAN_FALCON1024_CLEAN_fpr_scaled,O3--x86-cmov-converter-force-all|O1--x86-cmov-converter-force-all|Ofast|O1|Os|O3|O3--global-isel|Oz--global-isel|Os--x86-cmov-converter-force-all|O1--global-isel|O2--x86-cmov-converter-force-all|O2--global-isel|Oz--x86-cmov-converter-force-all|Os--global-isel|Ofast--x86-cmov-converter-force-all|O2|Oz,levels|flag1,X8664|RISCV,clang14|clang18|clang20,cjump,235,YES,not_fixed
1867,43,    return (int)((1 - ((rc | -rc) >> 31)) & x[0] & y[0]);,&,pqclean,keygen.c,PQCLEAN_FALCONPADDED512_CLEAN_keygen|PQCLEAN_FALCONPADDED1024_CLEAN_keygen|solve_NTRU|PQCLEAN_FALCON1024_CLEAN_keygen|PQCLEAN_FALCON512_CLEAN_keygen,O3--global-isel|O1--global-isel|Os--global-isel|Oz--global-isel|O2--global-isel,flag1,RISCV,clang20,cjump,614,YES,not_fixed
475,31,    return cc0 ^ ((cc0 ^ cc1) & (int)((x & y) >> 63));,&,pqclean,keygen.c,PQCLEAN_FALCONPADDED512_CLEAN_keygen|PQCLEAN_FALCONPADDED1024_CLEAN_keygen|solve_NTRU|solve_NTRU_intermediate|PQCLEAN_FALCON1024_CLEAN_keygen|PQCLEAN_FALCON512_CLEAN_keygen,O3--disable-loop-level-heuristics|O3--x86-cmov-converter-force-all|O1--x86-cmov-converter-force-all|Ofast--disable-loop-level-heuristics|O3--global-isel|Os--x86-cmov-converter-force-all|O1--global-isel|O2--x86-cmov-converter-force-all|O2--global-isel|Os--global-isel|Ofast--x86-cmov-converter-force-all,flag1,X8664|AArch64|RISCV,clang18|clang20,cjump,240,YES,not_fixed
47,14,    return r + (n & mask);,+,pqclean,vector.c,PQCLEAN_HQC256_CLEAN_vect_set_random_fixed_weight|PQCLEAN_HQC128_CLEAN_vect_set_random_fixed_weight|PQCLEAN_HQC192_CLEAN_vect_set_random_fixed_weight,O3--x86-cmov-converter-force-all|O1--x86-cmov-converter-force-all|Ofast|Os|O3|Os--x86-cmov-converter-force-all|O2--x86-cmov-converter-force-all|Oz--x86-cmov-converter-force-all|Ofast--x86-cmov-converter-force-all|O2|Oz,levels|flag1,X8664|RISCV,clang14|clang18|clang20,cjump,268,YES,not_fixed
1043,8,    sw ^= (sw ^ 63) & -((63 - sw) >> 31);,^,pqclean,sign.c,PQCLEAN_FALCONPADDED1024_CLEAN_sampler|PQCLEAN_FALCON1024_CLEAN_sampler|PQCLEAN_FALCON512_CLEAN_sampler|PQCLEAN_FALCONPADDED512_CLEAN_sampler,O1|Os|O3|O2|Oz,levels,RISCV,clang20,cjump,639,YES,not_fixed
635,7,    w += p & -(w >> 31);,+,pqclean,keygen.c,PQCLEAN_FALCONPADDED512_CLEAN_keygen|PQCLEAN_FALCONPADDED1024_CLEAN_keygen|solve_NTRU|poly_sub_scaled_ntt|make_fg|PQCLEAN_FALCON1024_CLEAN_keygen|PQCLEAN_FALCON512_CLEAN_keygen,Ofast|O1|Os|O3|O2|Oz,levels,RISCV,clang14,cjump,470,YES,not_fixed
635,12,    w += p & -(w >> 31);,&,pqclean,keygen.c,PQCLEAN_FALCONPADDED512_CLEAN_keygen|PQCLEAN_FALCONPADDED1024_CLEAN_keygen|solve_NTRU|poly_sub_scaled_ntt|make_fg|PQCLEAN_FALCON1024_CLEAN_keygen|PQCLEAN_FALCON512_CLEAN_keygen,O3--global-isel|O1--global-isel|O2--x86-cmov-converter-force-all|O2--global-isel|Ofast--x86-cmov-converter-force-all|Ofast|O3--select-opti-loop-cycle-gain-threshold=0|Oz--global-isel|Oz--x86-cmov-converter-force-all|O2|Oz|O3--disable-loop-level-heuristics|O1--x86-cmov-converter-force-all|Os|Ofast--disable-loop-level-heuristics|Os--x86-cmov-converter-force-all|Os--global-isel|O3--x86-cmov-converter-force-all|O1|O3|Ofast--select-opti-loop-cycle-gain-threshold=0,levels|flag1,AArch64|X8664|RISCV,clang14|clang18|clang20,cjump,241,YES,not_fixed
412,7,    x &= (uint64_t)t - 1;,&,pqclean,fft.c|sign.c,PQCLEAN_FALCONPADDED1024_CLEAN_poly_split_fft|PQCLEAN_FALCONPADDED512_CLEAN_poly_split_fft|PQCLEAN_FALCON512_CLEAN_sampler|PQCLEAN_FALCON1024_CLEAN_sampler|PQCLEAN_FALCON1024_CLEAN_poly_split_fft|PQCLEAN_FALCON512_CLEAN_poly_split_fft|ffSampling_fft|PQCLEAN_FALCONPADDED512_CLEAN_sampler|PQCLEAN_FALCONPADDED1024_CLEAN_sampler,O3--disable-loop-level-heuristics|O3--x86-cmov-converter-force-all|O1--x86-cmov-converter-force-all|Ofast--disable-loop-level-heuristics|O3--global-isel|Oz--global-isel|Os--x86-cmov-converter-force-all|O1--global-isel|O2--x86-cmov-converter-force-all|O2--global-isel|Oz--x86-cmov-converter-force-all|Os--global-isel|Ofast--x86-cmov-converter-force-all,flag1,X8664|AArch64|RISCV,clang18|clang20,cjump,234,YES,not_fixed
380,12,    x += Q & -(x & 1);,&,pqclean,vrfy.c,mq_iNTT,O2--fast-isel|Oz--fast-isel|O1--fast-isel|O3--fast-isel|Ofast--fast-isel|Os--fast-isel,flag1,X8664,clang18|clang20,cjump,272,YES,not_fixed
352,8,    xi ^= (xi ^ -(int64_t)t) & -(int64_t)((uint32_t)(63 - cc) >> 31);,^,pqclean,sign.c,PQCLEAN_FALCONPADDED1024_CLEAN_sampler|PQCLEAN_FALCONPADDED512_CLEAN_sampler|PQCLEAN_FALCON512_CLEAN_sampler|PQCLEAN_FALCON1024_CLEAN_sampler,O3--x86-cmov-converter-force-all|O1--x86-cmov-converter-force-all|Ofast|O1|Os|O3|Os--x86-cmov-converter-force-all|O2--x86-cmov-converter-force-all|Oz--x86-cmov-converter-force-all|Ofast--x86-cmov-converter-force-all|O2|Oz,levels|flag1,X8664|RISCV,clang18|clang20,cjump,265,YES,not_fixed
377,8,    xu &= -(uint64_t)((uint32_t)(cc - 64) >> 31);,&,pqclean,sign.c|fpr.c,PQCLEAN_FALCON512_CLEAN_fpr_expm_p63|PQCLEAN_FALCONPADDED512_CLEAN_fpr_expm_p63|PQCLEAN_FALCON1024_CLEAN_sampler|PQCLEAN_FALCON1024_CLEAN_fpr_expm_p63|PQCLEAN_FALCON512_CLEAN_sampler|PQCLEAN_FALCONPADDED1024_CLEAN_fpr_expm_p63|PQCLEAN_FALCONPADDED512_CLEAN_sampler|PQCLEAN_FALCONPADDED1024_CLEAN_sampler,O3--disable-loop-level-heuristics|O3--x86-cmov-converter-force-all|O1--x86-cmov-converter-force-all|Ofast--disable-loop-level-heuristics|O3--global-isel|Oz--global-isel|Os--x86-cmov-converter-force-all|O1--global-isel|O2--x86-cmov-converter-force-all|O2--global-isel|Oz--x86-cmov-converter-force-all|Os--global-isel|Ofast--x86-cmov-converter-force-all,flag1,X8664|AArch64|RISCV,clang18|clang20,cjump,239,YES,not_fixed
383,14,    xu = (xu ^ -t) + t;,^,pqclean,fpr.c|sign.c,PQCLEAN_FALCON512_CLEAN_fpr_expm_p63|PQCLEAN_FALCONPADDED512_CLEAN_fpr_expm_p63|PQCLEAN_FALCONPADDED512_CLEAN_sampler|PQCLEAN_FALCON512_CLEAN_sampler|PQCLEAN_FALCONPADDED1024_CLEAN_fpr_expm_p63|PQCLEAN_FALCON1024_CLEAN_fpr_expm_p63|PQCLEAN_FALCON1024_CLEAN_sampler|PQCLEAN_FALCONPADDED1024_CLEAN_sampler,Ofast|O1|Os|O3|O2|Oz,levels,RISCV,clang14,cjump,459,YES,not_fixed
336,7,    y += Q & -(y >> 31);,+,pqclean,vrfy.c,PQCLEAN_FALCONPADDED1024_CLEAN_complete_private|PQCLEAN_FALCON512_CLEAN_compute_public|PQCLEAN_FALCON1024_CLEAN_compute_public|PQCLEAN_FALCON1024_CLEAN_complete_private|PQCLEAN_FALCONPADDED1024_CLEAN_compute_public|PQCLEAN_FALCONPADDED512_CLEAN_compute_public|PQCLEAN_FALCON512_CLEAN_complete_private|PQCLEAN_FALCONPADDED512_CLEAN_complete_private,Ofast|O1|Os|O3|O2|Oz,levels,RISCV,clang14,cjump,494,YES,not_fixed
336,12,    y += Q & -(y >> 31);,&,pqclean,vrfy.c,PQCLEAN_FALCONPADDED1024_CLEAN_complete_private|PQCLEAN_FALCON512_CLEAN_compute_public|PQCLEAN_FALCON1024_CLEAN_compute_public|PQCLEAN_FALCON1024_CLEAN_complete_private|PQCLEAN_FALCONPADDED1024_CLEAN_compute_public|PQCLEAN_FALCONPADDED512_CLEAN_compute_public|PQCLEAN_FALCON512_CLEAN_complete_private|PQCLEAN_FALCONPADDED512_CLEAN_complete_private,O3--disable-loop-level-heuristics|O3--select-opti-loop-cycle-gain-threshold=0|Ofast--disable-loop-level-heuristics|O3--global-isel|Oz--global-isel|O1--global-isel|Ofast--select-opti-loop-cycle-gain-threshold=0|Os--global-isel|O2--global-isel,flag1,AArch64|RISCV,clang18|clang20,cjump,270,YES,not_fixed
185,8,    yu &= -(uint64_t)((uint32_t)(cc - 60) >> 31);,&,pqclean,fpr.c,PQCLEAN_FALCON1024_CLEAN_fpr_add|PQCLEAN_FALCON512_CLEAN_fpr_add|PQCLEAN_FALCONPADDED1024_CLEAN_fpr_add|PQCLEAN_FALCONPADDED512_CLEAN_fpr_add,O3--x86-cmov-converter-force-all|O1--x86-cmov-converter-force-all|O3--global-isel|Oz--global-isel|Os--x86-cmov-converter-force-all|O1--global-isel|O2--x86-cmov-converter-force-all|O2--global-isel|Oz--x86-cmov-converter-force-all|Os--global-isel|Ofast--x86-cmov-converter-force-all,flag1,X8664|RISCV,clang18|clang20,cjump,238,YES,not_fixed
417,7,    z += Q & -(z >> 31);,+,pqclean,vrfy.c,PQCLEAN_FALCONPADDED1024_CLEAN_verify_raw|PQCLEAN_FALCON512_CLEAN_compute_public|PQCLEAN_FALCON512_CLEAN_verify_recover|mq_NTT|PQCLEAN_FALCON512_CLEAN_count_nttzero|PQCLEAN_FALCONPADDED512_CLEAN_to_ntt_monty|PQCLEAN_FALCON512_CLEAN_to_ntt_monty|mq_iNTT|mq_div_12289|PQCLEAN_FALCON1024_CLEAN_verify_recover|PQCLEAN_FALCON1024_CLEAN_is_invertible|PQCLEAN_FALCON1024_CLEAN_compute_public|PQCLEAN_FALCON1024_CLEAN_complete_private|mq_poly_montymul_ntt|PQCLEAN_FALCONPADDED512_CLEAN_compute_public|PQCLEAN_FALCONPADDED1024_CLEAN_verify_recover|PQCLEAN_FALCON512_CLEAN_complete_private|PQCLEAN_FALCON512_CLEAN_verify_raw|PQCLEAN_FALCONPADDED1024_CLEAN_count_nttzero|PQCLEAN_FALCONPADDED512_CLEAN_complete_private|PQCLEAN_FALCONPADDED512_CLEAN_is_invertible|PQCLEAN_FALCON1024_CLEAN_count_nttzero|PQCLEAN_FALCONPADDED1024_CLEAN_to_ntt_monty|PQCLEAN_FALCONPADDED1024_CLEAN_complete_private|PQCLEAN_FALCONPADDED512_CLEAN_verify_raw|PQCLEAN_FALCONPADDED512_CLEAN_verify_recover|PQCLEAN_FALCONPADDED1024_CLEAN_compute_public|PQCLEAN_FALCON1024_CLEAN_verify_raw|PQCLEAN_FALCONPADDED512_CLEAN_count_nttzero|PQCLEAN_FALCON1024_CLEAN_to_ntt_monty|PQCLEAN_FALCONPADDED1024_CLEAN_is_invertible|PQCLEAN_FALCON512_CLEAN_is_invertible|mq_montymul,O3--x86-cmov-converter-force-all|O1--x86-cmov-converter-force-all|Ofast|O1|Os|O3|O3--global-isel|Oz--global-isel|Os--x86-cmov-converter-force-all|O1--global-isel|O2--x86-cmov-converter-force-all|O2--global-isel|Oz--x86-cmov-converter-force-all|Os--global-isel|Ofast--x86-cmov-converter-force-all|O2|Oz,levels|flag1,X8664|RISCV,clang14|clang18|clang20,cjump,273,YES,not_fixed
1057,43,"    z = ((fpr_expm_p63(r, ccs) << 1) - 1) >> s;",>,pqclean,sign.c,PQCLEAN_FALCONPADDED512_CLEAN_sampler|PQCLEAN_FALCON1024_CLEAN_sampler|PQCLEAN_FALCONPADDED1024_CLEAN_sampler|PQCLEAN_FALCON512_CLEAN_sampler,O3--x86-cmov-converter-force-all|O1--x86-cmov-converter-force-all|Ofast|O1|Os|O3|Os--x86-cmov-converter-force-all|O2--x86-cmov-converter-force-all|Oz--x86-cmov-converter-force-all|Ofast--x86-cmov-converter-force-all|O2|Oz,levels|flag1,X8664|RISCV,clang14|clang18|clang20,cjump,266,YES,not_fixed
754,17,    z = (z + (p & -(z & 1))) >> 1;,&,pqclean,keygen.c,PQCLEAN_FALCONPADDED512_CLEAN_keygen|PQCLEAN_FALCONPADDED1024_CLEAN_keygen|solve_NTRU|poly_sub_scaled_ntt|zint_rebuild_CRT|make_fg_step|modp_R2|solve_NTRU_intermediate|PQCLEAN_FALCON1024_CLEAN_keygen|PQCLEAN_FALCON512_CLEAN_keygen|modp_mkgm2,O3--global-isel|O1--global-isel|Os--global-isel|Oz--global-isel|O2--global-isel,flag1,RISCV,clang20,cjump,613,YES,not_fixed
187,10,    z[1] ^= syndromes[0];,^,pqclean,reed_solomon.c,PQCLEAN_HQC128_CLEAN_reed_solomon_decode|PQCLEAN_HQC256_CLEAN_reed_solomon_decode|PQCLEAN_HQC192_CLEAN_reed_solomon_decode,Ofast--disable-peephole|Ofast|O2--disable-peephole|Os--unroll-count=100|Oz--unroll-count=50|O3|Os--unroll-count=50|Os--unroll-force-peel-count=50|O3--disable-peephole|Oz--unroll-count=100|O2,levels|flag1,RISCV|ARM,clang14,cjump|mmem,485,YES,not_fixed
1269,61,                                           WOLFSSL_BIT_SIZE + 1);,+,wolfssl,wolfcrypt/src/dh.c,wc_DhGenerateKeyPair,Ofast--two-entry-phi-node-folding-threshold=100|Ofast--two-entry-phi-node-folding-threshold=50,flag1,RISCV,clang14|clang18,cjump,302,NO,not_fixed
41776,63,                        args->lastErr = (ret & (~lenErrMask)) |,|,wolfssl,src/internal.c,DoClientKeyExchange|DoHandShakeMsgType,O3--x86-cmov-converter-force-all|O1--x86-cmov-converter-force-all|Ofast|Ofast--x86-cmov-converter-force-all|O1|Os|O3|Os--x86-cmov-converter-force-all|O3--fast-isel|Ofast--fast-isel|O2--x86-cmov-converter-force-all|Oz--x86-cmov-converter-force-all|O2|Oz,levels|flag1,X8664|RISCV,clang14|clang18|clang20,cjump,287,YES,not_fixed
3656,27,"                        c &= (signed char)ctMaskLT((int)i, (int)outLen);",&,wolfssl,wolfcrypt/src/rsa.c,RsaPrivateDecryptEx,O3--x86-cmov-converter-force-all|Oz-fglobal-isel|Ofast--x86-cmov-converter-force-all|Ofast-fglobal-isel|Os-fglobal-isel|O3-fglobal-isel|Os--x86-cmov-converter-force-all|O1-fglobal-isel|O2--x86-cmov-converter-force-all|O2-fglobal-isel|Oz--x86-cmov-converter-force-all,flag1,X8664|RISCV,clang20,cjump,648,YES,not_fixed
2662,29,"                    listLen -= min(ENUM_LEN + OPAQUE16_LEN + sniLen, listLen);",-,wolfssl,src/tls.c,TLSX_SNI_GetFromBuffer,O3--x86-cmov-converter-force-all|O1--x86-cmov-converter-force-all|Os--x86-cmov-converter-force-all|O2--x86-cmov-converter-force-all|Oz--x86-cmov-converter-force-all|Ofast--x86-cmov-converter-force-all,flag1,X8664,clang18|clang20,cjump,290,NO,not_fixed
21935,29,"                    padding &= ctMaskLTE((int)i,",&,wolfssl,src/internal.c,ProcessReplyEx,O3--x86-cmov-converter-force-all|Ofast|O2--fast-isel|Oz--fast-isel|Os|O3|Os--x86-cmov-converter-force-all|O3--fast-isel|Ofast--fast-isel|O2--x86-cmov-converter-force-all|Oz--x86-cmov-converter-force-all|Ofast--x86-cmov-converter-force-all|O2|Os--fast-isel|Oz,levels|flag1,X8664|RISCV,clang14|clang18|clang20,cjump,286,YES,wolfssl@aa87b35
9643,24,"            *outSz = 1 + SetLength(outerLen, NULL) + outerLen;",+,wolfssl,wolfcrypt/src/asn.c,wc_EncryptPKCS8Key_ex,Ofast--bonus-inst-threshold=100|Ofast--bonus-inst-threshold=50|O3--bonus-inst-threshold=50|Ofast--aarch64-stress-promote-const|O3--bonus-inst-threshold=100|O3--aarch64-stress-promote-const,flag1,AArch64|RISCV,clang18|clang20,mmem|cjump,295,NO,not_fixed
17346,34,            ASN_CONSTRUCTED : 0) | ASN_CONTEXT_SPECIFIC | number);,|,wolfssl,wolfcrypt/src/asn.c,SetImplicit,Os--aarch64-stress-promote-const|Os--fast-isel|Ofast|O2--fast-isel|O1--fast-isel|O3--fast-isel|O0|O2|Oz|Os|Ofast--aarch64-stress-promote-const|Ofast--fast-isel|O2--aarch64-stress-promote-const|Oz--aarch64-stress-promote-const|O1--aarch64-stress-promote-const|O1|Oz--fast-isel|O3|O3--aarch64-stress-promote-const,levels|flag1,X8664|AArch64|RISCV,clang14|clang18|clang20,mmem|cjump,298,NO,not_fixed
17418,22,            a->dp[i] &=,&,wolfssl,wolfcrypt/src/sp_int.c,_sp_mont_red|sp_mont_red_ex,Oz-fglobal-isel|Oz--lsr-complexity-limit=50|Ofast-fglobal-isel|Oz--unroll-force-peel-count=50|Ofast|Oz--lsr-complexity-limit=100|Oz--inline-call-penalty=-1|O2-fglobal-isel|O2|Oz|Os|O3-fglobal-isel|Os--unroll-force-peel-count=50|O1|O3|Os-fglobal-isel|O1-fglobal-isel|Oz--lsr-preferred-addressing-mode=postindexed|Oz--lsr-setupcost-depth-limit=0,levels|flag1,X8664|MIPS64|MIPS32EL|ARM|AArch64|RISCV,clang18|clang20,mmem|cjump,314,YES,not_fixed
2374,23,            agree_src += (mask & requested_agreeSz);,+,wolfssl,wolfcrypt/src/dh.c,wc_DhAgree_ct,Ofast|O1|Os|O3|O2|Oz,levels,X8664|RISCV,clang14|clang18,cjump,303,YES,wolfssl@aa87b35
2374,32,            agree_src += (mask & requested_agreeSz);,&,wolfssl,wolfcrypt/src/dh.c,wc_DhAgree_ct,Oz-fglobal-isel|Ofast|O1|Ofast-fglobal-isel|Os|O3|O3-fglobal-isel|Os-fglobal-isel|O1-fglobal-isel|O2-fglobal-isel|O2|Oz,levels|flag1,X8664|RISCV,clang20,cjump,647,YES,wolfssl@aa87b35
1069,33,            b &= (unsigned char)~(word32)pastEoc;,~,wolfssl,src/tls.c,TLS_hmac|Hmac_UpdateFinal_CT,O3--x86-cmov-converter-force-all|O1--x86-cmov-converter-force-all|O2--fast-isel|Oz--fast-isel|O1--fast-isel|Os--x86-cmov-converter-force-all|O3--fast-isel|Ofast--fast-isel|O2--x86-cmov-converter-force-all|Oz--x86-cmov-converter-force-all|Ofast--x86-cmov-converter-force-all|Os--fast-isel,flag1,X8664,clang18,cjump,289,YES,wolfssl@aa87b35
144,50,"            b->dp[i] ^= (mp_get_digit(a, (int)i) ^ mp_get_digit(b, (int)i)) & mask;",^,wolfssl,wolfcrypt/src/wolfmath.c,mp_cond_copy,Ofast--unroll-count=100|Os--unroll-force-peel-count=100|O2--unroll-count=50|O3--unroll-count=100|Ofast--unroll-count=50|O2--unroll-count=100|O3--unroll-count=50|O2--unroll-force-peel-count=100,flag1,RISCV,clang14,cjump,536,YES,not_fixed
10812,19,            buf[sz+i] = (byte)(padSz & 0xFF);,+,wolfssl,wolfcrypt/src/asn.c,EncryptContent|wc_PkcsPad,Ofast--prefer-predicate-over-epilogue=predicate-else-scalar-epilogue|O3--prefer-predicate-over-epilogue=predicate-else-scalar-epilogue|O2--prefer-predicate-over-epilogue=predicate-dont-vectorize|O2--prefer-predicate-over-epilogue=predicate-else-scalar-epilogue|O3--prefer-predicate-over-epilogue=predicate-dont-vectorize|Ofast--prefer-predicate-over-epilogue=predicate-dont-vectorize,flag1,X8664|AArch64,clang20,cjump,646,NO,not_fixed
9354,15,            i &= (sp_size_t)(((unsigned int)i >> (sizeof(i) * 8 - 1)) - 1U);,&,wolfssl,wolfcrypt/src/sp_int.c,_sp_mul,O3--x86-cmov-converter-force-all|Oz-fglobal-isel|O1--x86-cmov-converter-force-all|Ofast-fglobal-isel|Os-fglobal-isel|O3-fglobal-isel|Os--x86-cmov-converter-force-all|O1-fglobal-isel|O2--x86-cmov-converter-force-all|O2-fglobal-isel|Oz--x86-cmov-converter-force-all|Ofast--x86-cmov-converter-force-all,flag1,X8664|RISCV,clang18|clang20,cjump,313,NO,not_fixed
24995,28,            length += (idx - startIdx);,-,wolfssl,wolfcrypt/src/asn.c,wc_GetSubjectPubKeyInfoDerFromCert,O1--x86-cmov-converter-force-all,flag1,X8664,clang18,cjump,299,NO,not_fixed
20977,31,            mac[j] |= started & notEnded & data[i + j];,&,wolfssl,src/internal.c,TimingPadVerify,O3--x86-cmov-converter-force-all|Oz-fglobal-isel|O1--x86-cmov-converter-force-all|O2--fast-isel|Oz--fast-isel|O1--fast-isel|Ofast-fglobal-isel|Os-fglobal-isel|O3-fglobal-isel|Os--x86-cmov-converter-force-all|O3--fast-isel|Ofast--fast-isel|O1-fglobal-isel|O2--x86-cmov-converter-force-all|O2-fglobal-isel|Oz--x86-cmov-converter-force-all|Ofast--x86-cmov-converter-force-all|Os--fast-isel,flag1,X8664|RISCV,clang18|clang20,cjump,285,YES,wolfssl@aa87b35;wolfssl#9618
18272,18,            mask &= (sp_int_digit)0 - (i < (unsigned int)a->used - 1);,&,wolfssl,wolfcrypt/src/sp_int.c,sp_to_unsigned_bin_len_ct,Oz-fglobal-isel|Ofast|Ofast--aarch64-enable-global-isel-at-O=100|O1|Ofast-fglobal-isel|Os|O3--aarch64-enable-global-isel-at-O=100|O3|O3--aarch64-enable-global-isel-at-O=50|O3-fglobal-isel|Os-fglobal-isel|O3--fast-isel|Ofast--aarch64-enable-global-isel-at-O=50|Ofast--fast-isel|O1-fglobal-isel|O2-fglobal-isel|O2|Oz,levels|flag1,AArch64|RISCV,clang14|clang18|clang20,cjump,535,YES,fixed_before_report:wolfssl#9618
910,37,            out[idx++] = asn[i].tag |,|,wolfssl,wolfcrypt/src/asn.c,SetASN_Items,Oz--instcombine-max-iterations=0|O2--instcombine-max-iterations=0|O1--instcombine-max-iterations=0|Os--instcombine-max-iterations=0|O0|O3--instcombine-max-iterations=0|Ofast--instcombine-max-iterations=0,levels|flag1,RISCV,clang14,cjump,532,NO,not_fixed
10728,22,            outputSz += cipherExtraData(ssl);,+,wolfssl,src/internal.c,SendHandshakeMsg,O1,levels,RISCV,clang14,cjump,502,NO,not_fixed
25770,22,            outputSz += cipherExtraData(ssl);,+,wolfssl,src/internal.c,SendData,O1,levels,RISCV,clang14,cjump,502,NO,not_fixed
9783,33,            ret = (int)inOutIdx + length;,+,wolfssl,wolfcrypt/src/asn.c,ToTraditionalEnc|wc_DecryptPKCS8Key,O1--x86-cmov-converter-force-all|O1--rotation-max-header-size=0|O1--inline-instr-cost=-1|O1--inline-instr-cost=0|O1--inline-call-penalty=-1,flag1,X8664|RISCV,clang18,cjump,296,NO,not_fixed
24544,20,            sendSz += cipherExtraData(ssl);,+,wolfssl,src/internal.c,SendCertificate,O1,levels,RISCV,clang14,cjump,505,NO,not_fixed
1058,57,"            unsigned char atEoc = ctMaskEq(j, eocIndex) & isEocBlock;",&,wolfssl,src/tls.c,TLS_hmac|Hmac_UpdateFinal_CT,O2--unroll-force-peel-count=50|Os--unroll-force-peel-count=100|O2--fast-isel|Oz--fast-isel|O1--fast-isel|Ofast--unroll-force-peel-count=100|O3--fast-isel|Ofast--fast-isel|O3--unroll-force-peel-count=50|Ofast--unroll-force-peel-count=50|Os--unroll-force-peel-count=50|O3--unroll-force-peel-count=100|Os--fast-isel|O2--unroll-force-peel-count=100,flag1,X8664|RISCV,clang14,cjump,508,YES,wolfssl@aa87b35
1059,59,"            unsigned char pastEoc = ctMaskGT(j, eocIndex) & isEocBlock;",&,wolfssl,src/tls.c,TLS_hmac|Hmac_UpdateFinal_CT,Oz-fglobal-isel|Oz--fast-isel|Ofast-fglobal-isel|Os-fglobal-isel|O3-fglobal-isel|O1-fglobal-isel|O2-fglobal-isel|Oz--x86-cmov-converter-force-all,flag1,X8664|RISCV,clang20,cjump,645,YES,wolfssl@aa87b35
7398,23,            w         += a->dp[i] & mask_a;,+,wolfssl,wolfcrypt/src/sp_int.c,sp_div_2_mod_ct,Ofast|O1|Os|O3|O2|Oz,levels,RISCV,clang14,cjump,534,YES,wolfssl#9618
7398,35,            w         += a->dp[i] & mask_a;,&,wolfssl,wolfcrypt/src/sp_int.c,sp_div_2_mod_ct,Oz-fglobal-isel|Ofast|O1|Ofast-fglobal-isel|Os|O3|O3-fglobal-isel|Os-fglobal-isel|O1-fglobal-isel|O2-fglobal-isel|O2|Oz,levels|flag1,X8664|RISCV,clang20,cjump,649,YES,wolfssl#9618
8107,35,            w         += a->dp[i] & mask_a;,&,wolfssl,wolfcrypt/src/sp_int.c,sp_addmod_ct,Os--unroll-force-peel-count=50|O3--unroll-force-peel-count=50|Oz--unroll-force-peel-count=50|O2--unroll-force-peel-count=50,flag1,X8664,clang20,cjump,650,YES,not_fixed
8108,35,            w         += b->dp[i] & mask_b;,&,wolfssl,wolfcrypt/src/sp_int.c,sp_addmod_ct,Os--unroll-force-peel-count=50|O3--unroll-force-peel-count=50|Oz--unroll-force-peel-count=50|O2--unroll-force-peel-count=50,flag1,X8664,clang20,cjump,651,YES,not_fixed
7396,35,            w         += m->dp[i] & mask;,&,wolfssl,wolfcrypt/src/sp_int.c,sp_div_2_mod_ct,Oz-fglobal-isel|Ofast|Os-fglobal-isel|O3|O1-fglobal-isel|O2-fglobal-isel,levels|flag1,X8664|MIPS64|MIPS32EL|ARM|RISCV|AArch64,clang18|clang20,cjump,311,YES,not_fixed
8164,35,            w         -= m->dp[i] & mask;,&,wolfssl,wolfcrypt/src/sp_int.c,sp_addmod_ct,Oz|Oz-fglobal-isel|O1|Os|Os-fglobal-isel|Ofast--unswitch-threshold=0|Ofast--unswitch-num-initial-unscaled-candidates=-1|O1-fglobal-isel|O2-fglobal-isel|O2|O3--unswitch-num-initial-unscaled-candidates=-1|O3--unswitch-threshold=0,levels|flag1,X8664|RISCV,clang20,cjump,652,YES,not_fixed
485,54,"        XorWordsOut(&tpo.wp, &tpb.wp, &tpm.wp, count >> WOLFSSL_WORD_SIZE_LOG2);",>,wolfssl,wolfcrypt/src/chacha.c,wc_Chacha_Process,O1--x86-cmov-converter-force-all|Os--x86-cmov-converter-force-all,flag1,X8664,clang18|clang20,cjump,300,NO,not_fixed
1922,34,        e |= (word32)(t[lo0 + i] & ((word32)0 - (((word32)hi0 - 0x01) >> 31))),&,wolfssl,wolfcrypt/src/aes.c,wc_AesCbcDecrypt|GetTable8_4,Oz-fglobal-isel|Ofast|O1|Ofast-fglobal-isel|Os|O3|O3-fglobal-isel|Os-fglobal-isel|O1-fglobal-isel|O2-fglobal-isel|O2|Oz,levels|flag1,RISCV,clang14|clang20,cjump,528,YES,not_fixed
1925,34,        e |= (word32)(t[lo1 + i] & ((word32)0 - (((word32)hi1 - 0x01) >> 31))),&,wolfssl,wolfcrypt/src/aes.c,wc_AesCbcDecrypt|GetTable8_4,Oz-fglobal-isel|Ofast|O1|Ofast-fglobal-isel|Os|O3|O3-fglobal-isel|Os-fglobal-isel|O1-fglobal-isel|O2-fglobal-isel|O2|Oz,levels|flag1,RISCV,clang14|clang20,cjump,529,YES,not_fixed
1928,34,        e |= (word32)(t[lo2 + i] & ((word32)0 - (((word32)hi2 - 0x01) >> 31))),&,wolfssl,wolfcrypt/src/aes.c,wc_AesCbcDecrypt|GetTable8_4,Oz-fglobal-isel|Ofast|O1|Ofast-fglobal-isel|Os|O3|O3-fglobal-isel|Os-fglobal-isel|O1-fglobal-isel|O2-fglobal-isel|O2|Oz,levels|flag1,RISCV,clang14|clang20,cjump,530,YES,not_fixed
1931,34,        e |= (word32)(t[lo3 + i] & ((word32)0 - (((word32)hi3 - 0x01) >> 31))),&,wolfssl,wolfcrypt/src/aes.c,wc_AesCbcDecrypt|GetTable8_4,Oz-fglobal-isel|Ofast|O1|Ofast-fglobal-isel|Os|O3|O3-fglobal-isel|Os-fglobal-isel|O1-fglobal-isel|O2-fglobal-isel|O2|Oz,levels|flag1,RISCV,clang14|clang20,cjump,531,YES,not_fixed
1792,11,        e |= t[lo + i] & ((word32)0 - (((word32)hi - 0x01) >> 31));,|,wolfssl,wolfcrypt/src/aes.c,wc_AesSetKey|GetTable,Ofast|O1|Os|O3|O2|Oz,levels,RISCV,clang14,cjump,510,YES,not_fixed
1792,24,        e |= t[lo + i] & ((word32)0 - (((word32)hi - 0x01) >> 31));,&,wolfssl,wolfcrypt/src/aes.c,wc_AesSetKey|GetTable,Oz-fglobal-isel|Ofast|O2--unroll-force-peel-count=50|Os--unroll-force-peel-count=100|O2--unroll-count=50|Ofast-fglobal-isel|Os--unroll-count=100|Oz--unroll-count=50|O3|Os-fglobal-isel|O3-fglobal-isel|Os--unroll-count=50|O2--unroll-count=100|Os--unroll-force-peel-count=50|O1-fglobal-isel|O2-fglobal-isel|Oz--unroll-count=100|O2--unroll-force-peel-count=100,levels|flag1,RISCV,clang14|clang20,cjump,511,YES,not_fixed
1862,12,        e0 |= t[lo0 + i] & ((word32)0 - (((word32)hi0 - 0x01) >> 31));,|,wolfssl,wolfcrypt/src/aes.c,wc_AesCbcDecrypt|wc_AesEncrypt|GetTable_Multi,Ofast|O1|Os|O3|O2|Oz,levels,RISCV,clang14,cjump,512,YES,not_fixed
1862,26,        e0 |= t[lo0 + i] & ((word32)0 - (((word32)hi0 - 0x01) >> 31));,&,wolfssl,wolfcrypt/src/aes.c,wc_AesCbcDecrypt|wc_AesEncrypt|GetTable_Multi,Oz-fglobal-isel|Ofast-fglobal-isel|Os--unroll-count=100|Oz--unroll-count=50|O2--unroll-count=100|O3--unroll-force-peel-count=50|O3--unroll-count=50|O2--unroll-force-peel-count=100|Os--unroll-force-peel-count=100|O2--unroll-count=50|O2-fglobal-isel|Ofast--unroll-count=100|O2--unroll-force-peel-count=50|O3--unroll-count=100|O3-fglobal-isel|Ofast--unroll-count=50|Os--unroll-count=50|Ofast--unroll-force-peel-count=50|Os--unroll-force-peel-count=50|Ofast--unroll-force-peel-count=100|O3--unroll-force-peel-count=100|Oz--unroll-count=100|Os-fglobal-isel|O1-fglobal-isel,flag1,RISCV,clang14|clang20,cjump,513,YES,not_fixed
1894,12,        e0 |= t[lo0 + i] & ((word32)0 - (((word32)hi0 - 0x01) >> 31));,|,wolfssl,wolfcrypt/src/aes.c,wc_AesCbcDecrypt|wc_AesEncrypt|XorTable_Multi,Ofast|O1|Os|O3|O2|Oz,levels,RISCV,clang14,cjump,512,YES,not_fixed
1894,26,        e0 |= t[lo0 + i] & ((word32)0 - (((word32)hi0 - 0x01) >> 31));,&,wolfssl,wolfcrypt/src/aes.c,wc_AesCbcDecrypt|wc_AesEncrypt|XorTable_Multi,Oz-fglobal-isel|Ofast-fglobal-isel|Os--unroll-count=100|Oz--unroll-count=50|O2--unroll-count=100|O3--unroll-force-peel-count=50|O3--unroll-count=50|O2--unroll-force-peel-count=100|Os--unroll-force-peel-count=100|O2--unroll-count=50|O2-fglobal-isel|Ofast--unroll-count=100|O2--unroll-force-peel-count=50|O3--unroll-count=100|O3-fglobal-isel|Ofast--unroll-count=50|Os--unroll-count=50|Ofast--unroll-force-peel-count=50|Os--unroll-force-peel-count=50|Ofast--unroll-force-peel-count=100|O3--unroll-force-peel-count=100|Oz--unroll-count=100|Os-fglobal-isel|O1-fglobal-isel,flag1,RISCV,clang14|clang20,cjump,513,YES,not_fixed
1864,12,        e1 |= t[lo1 + i] & ((word32)0 - (((word32)hi1 - 0x01) >> 31));,|,wolfssl,wolfcrypt/src/aes.c,wc_AesCbcDecrypt|wc_AesEncrypt|GetTable_Multi,Ofast|O1|Os|O3|O2|Oz,levels,RISCV,clang14,cjump,514,YES,not_fixed
1864,26,        e1 |= t[lo1 + i] & ((word32)0 - (((word32)hi1 - 0x01) >> 31));,&,wolfssl,wolfcrypt/src/aes.c,wc_AesCbcDecrypt|wc_AesEncrypt|GetTable_Multi,Oz-fglobal-isel|Ofast-fglobal-isel|Os--unroll-count=100|Oz--unroll-count=50|O2--unroll-count=100|O3--unroll-force-peel-count=50|O3--unroll-count=50|O2--unroll-force-peel-count=100|Os--unroll-force-peel-count=100|O2--unroll-count=50|O2-fglobal-isel|Ofast--unroll-count=100|O2--unroll-force-peel-count=50|O3--unroll-count=100|O3-fglobal-isel|Ofast--unroll-count=50|Os--unroll-count=50|Ofast--unroll-force-peel-count=50|Os--unroll-force-peel-count=50|Ofast--unroll-force-peel-count=100|O3--unroll-force-peel-count=100|Oz--unroll-count=100|Os-fglobal-isel|O1-fglobal-isel,flag1,RISCV,clang14|clang20,cjump,515,YES,not_fixed
1896,12,        e1 |= t[lo1 + i] & ((word32)0 - (((word32)hi1 - 0x01) >> 31));,|,wolfssl,wolfcrypt/src/aes.c,wc_AesCbcDecrypt|wc_AesEncrypt|XorTable_Multi,Ofast|O1|Os|O3|O2|Oz,levels,RISCV,clang14,cjump,514,YES,not_fixed
1896,26,        e1 |= t[lo1 + i] & ((word32)0 - (((word32)hi1 - 0x01) >> 31));,&,wolfssl,wolfcrypt/src/aes.c,wc_AesCbcDecrypt|wc_AesEncrypt|XorTable_Multi,Oz-fglobal-isel|Ofast-fglobal-isel|Os--unroll-count=100|Oz--unroll-count=50|O2--unroll-count=100|O3--unroll-force-peel-count=50|O3--unroll-count=50|O2--unroll-force-peel-count=100|Os--unroll-force-peel-count=100|O2--unroll-count=50|O2-fglobal-isel|Ofast--unroll-count=100|O2--unroll-force-peel-count=50|O3--unroll-count=100|O3-fglobal-isel|Ofast--unroll-count=50|Os--unroll-count=50|Ofast--unroll-force-peel-count=50|Os--unroll-force-peel-count=50|Ofast--unroll-force-peel-count=100|O3--unroll-force-peel-count=100|Oz--unroll-count=100|Os-fglobal-isel|O1-fglobal-isel,flag1,RISCV,clang14|clang20,cjump,515,YES,not_fixed
1866,12,        e2 |= t[lo2 + i] & ((word32)0 - (((word32)hi2 - 0x01) >> 31));,|,wolfssl,wolfcrypt/src/aes.c,wc_AesCbcDecrypt|wc_AesEncrypt|GetTable_Multi,Ofast|O1|Os|O3|O2|Oz,levels,RISCV,clang14,cjump,516,YES,not_fixed
1866,26,        e2 |= t[lo2 + i] & ((word32)0 - (((word32)hi2 - 0x01) >> 31));,&,wolfssl,wolfcrypt/src/aes.c,wc_AesCbcDecrypt|wc_AesEncrypt|GetTable_Multi,Oz-fglobal-isel|Ofast-fglobal-isel|Os--unroll-count=100|Oz--unroll-count=50|O2--unroll-count=100|O3--unroll-force-peel-count=50|O3--unroll-count=50|O2--unroll-force-peel-count=100|Os--unroll-force-peel-count=100|O2--unroll-count=50|O2-fglobal-isel|Ofast--unroll-count=100|O2--unroll-force-peel-count=50|O3--unroll-count=100|O3-fglobal-isel|Ofast--unroll-count=50|Os--unroll-count=50|Ofast--unroll-force-peel-count=50|Os--unroll-force-peel-count=50|Ofast--unroll-force-peel-count=100|O3--unroll-force-peel-count=100|Oz--unroll-count=100|Os-fglobal-isel|O1-fglobal-isel,flag1,RISCV,clang14|clang20,cjump,517,YES,not_fixed
1898,12,        e2 |= t[lo2 + i] & ((word32)0 - (((word32)hi2 - 0x01) >> 31));,|,wolfssl,wolfcrypt/src/aes.c,wc_AesCbcDecrypt|wc_AesEncrypt|XorTable_Multi,Ofast|O1|Os|O3|O2|Oz,levels,RISCV,clang14,cjump,516,YES,not_fixed
1898,26,        e2 |= t[lo2 + i] & ((word32)0 - (((word32)hi2 - 0x01) >> 31));,&,wolfssl,wolfcrypt/src/aes.c,wc_AesCbcDecrypt|wc_AesEncrypt|XorTable_Multi,Oz-fglobal-isel|Ofast-fglobal-isel|Os--unroll-count=100|Oz--unroll-count=50|O2--unroll-count=100|O3--unroll-force-peel-count=50|O3--unroll-count=50|O2--unroll-force-peel-count=100|Os--unroll-force-peel-count=100|O2--unroll-count=50|O2-fglobal-isel|Ofast--unroll-count=100|O2--unroll-force-peel-count=50|O3--unroll-count=100|O3-fglobal-isel|Ofast--unroll-count=50|Os--unroll-count=50|Ofast--unroll-force-peel-count=50|Os--unroll-force-peel-count=50|Ofast--unroll-force-peel-count=100|O3--unroll-force-peel-count=100|Oz--unroll-count=100|Os-fglobal-isel|O1-fglobal-isel,flag1,RISCV,clang14|clang20,cjump,517,YES,not_fixed
1868,12,        e3 |= t[lo3 + i] & ((word32)0 - (((word32)hi3 - 0x01) >> 31));,|,wolfssl,wolfcrypt/src/aes.c,wc_AesCbcDecrypt|wc_AesEncrypt|GetTable_Multi,Ofast|O1|Os|O3|O2|Oz,levels,RISCV,clang14,cjump,518,YES,not_fixed
1868,26,        e3 |= t[lo3 + i] & ((word32)0 - (((word32)hi3 - 0x01) >> 31));,&,wolfssl,wolfcrypt/src/aes.c,wc_AesCbcDecrypt|wc_AesEncrypt|GetTable_Multi,Oz-fglobal-isel|Ofast-fglobal-isel|Os--unroll-count=100|Oz--unroll-count=50|O2--unroll-count=100|O3--unroll-force-peel-count=50|O3--unroll-count=50|O2--unroll-force-peel-count=100|Os--unroll-force-peel-count=100|O2--unroll-count=50|O2-fglobal-isel|Ofast--unroll-count=100|O2--unroll-force-peel-count=50|O3--unroll-count=100|O3-fglobal-isel|Ofast--unroll-count=50|Os--unroll-count=50|Ofast--unroll-force-peel-count=50|Os--unroll-force-peel-count=50|Ofast--unroll-force-peel-count=100|O3--unroll-force-peel-count=100|Oz--unroll-count=100|Os-fglobal-isel|O1-fglobal-isel,flag1,RISCV,clang14|clang20,cjump,519,YES,not_fixed
1900,12,        e3 |= t[lo3 + i] & ((word32)0 - (((word32)hi3 - 0x01) >> 31));,|,wolfssl,wolfcrypt/src/aes.c,wc_AesCbcDecrypt|wc_AesEncrypt|XorTable_Multi,Ofast|O1|Os|O3|O2|Oz,levels,RISCV,clang14,cjump,518,YES,not_fixed
1900,26,        e3 |= t[lo3 + i] & ((word32)0 - (((word32)hi3 - 0x01) >> 31));,&,wolfssl,wolfcrypt/src/aes.c,wc_AesCbcDecrypt|wc_AesEncrypt|XorTable_Multi,Oz-fglobal-isel|Ofast-fglobal-isel|Os--unroll-count=100|Oz--unroll-count=50|O2--unroll-count=100|O3--unroll-force-peel-count=50|O3--unroll-count=50|O2--unroll-force-peel-count=100|Os--unroll-force-peel-count=100|O2--unroll-count=50|O2-fglobal-isel|Ofast--unroll-count=100|O2--unroll-force-peel-count=50|O3--unroll-count=100|O3-fglobal-isel|Ofast--unroll-count=50|Os--unroll-count=50|Ofast--unroll-force-peel-count=50|Os--unroll-force-peel-count=50|Ofast--unroll-force-peel-count=100|O3--unroll-force-peel-count=100|Oz--unroll-count=100|Os-fglobal-isel|O1-fglobal-isel,flag1,RISCV,clang14|clang20,cjump,519,YES,not_fixed
20929,14,        good |= mask & (data[sz - 1 - i] ^ paddingSz);,|,wolfssl,src/internal.c,TimingPadVerify,Ofast|Os|O3|O2|Oz,levels,RISCV,clang14,cjump,504,YES,wolfssl@aa87b35
20929,22,        good |= mask & (data[sz - 1 - i] ^ paddingSz);,&,wolfssl,src/internal.c,TimingPadVerify,O3--x86-cmov-converter-force-all|Oz-fglobal-isel|O1--x86-cmov-converter-force-all|Oz--fast-isel|O2--fast-isel|O1--fast-isel|Ofast-fglobal-isel|Os-fglobal-isel|O3-fglobal-isel|Os--x86-cmov-converter-force-all|O3--fast-isel|Ofast--fast-isel|O1-fglobal-isel|O2--x86-cmov-converter-force-all|O2-fglobal-isel|Oz--x86-cmov-converter-force-all|Ofast--x86-cmov-converter-force-all|Os--fast-isel,flag1,X8664|RISCV,clang14|clang18|clang20,cjump,282,YES,wolfssl@aa87b35
1639,13,        inc &= 1 - (((word32)0 - pkcsBlock[i]) >> 31);,&,wolfssl,wolfcrypt/src/rsa.c,wc_RsaUnPad_ex,O3--x86-cmov-converter-force-all|Oz-fglobal-isel|O1--x86-cmov-converter-force-all|Ofast-fglobal-isel|Os-fglobal-isel|O3-fglobal-isel|Os--x86-cmov-converter-force-all|O1-fglobal-isel|O2--x86-cmov-converter-force-all|O2-fglobal-isel|Oz--x86-cmov-converter-force-all|Ofast--x86-cmov-converter-force-all,flag1,X8664|RISCV,clang18|clang20,cjump,305,YES,wolfssl@aa87b35
1869,17,        invalid |= (byte)~pastSep;,|,wolfssl,wolfcrypt/src/rsa.c,wc_RsaUnPad_ex,O3--x86-cmov-converter-force-all|O1--x86-cmov-converter-force-all|Ofast|O1|O2--fast-isel|O1--fast-isel|Os|Oz--fast-isel|O3|Os--x86-cmov-converter-force-all|O3--fast-isel|Ofast--fast-isel|O2--x86-cmov-converter-force-all|Oz--x86-cmov-converter-force-all|Ofast--x86-cmov-converter-force-all|O2|Os--fast-isel|Oz,levels|flag1,X8664|RISCV,clang14|clang18|clang20,cjump,306,YES,wolfssl@aa87b35
1871,17,"        invalid |= ctMaskNotEq(pkcsBlock[0], 0x00);",|,wolfssl,wolfcrypt/src/rsa.c,wc_RsaPrivateDecrypt|wc_RsaPrivateDecryptInline,Ofast--inline-instr-cost=0|O3--inline-instr-cost=0|O2--inline-instr-cost=0|O1--inline-instr-cost=0,flag1,RISCV,clang18,cjump,307,YES,wolfssl@aa87b35
2673,15,"        len16 -= min(2 * OPAQUE16_LEN + extLen, len16);",-,wolfssl,src/tls.c,TLSX_SNI_GetFromBuffer,O3--x86-cmov-converter-force-all|O1--x86-cmov-converter-force-all|Os--x86-cmov-converter-force-all|O2--x86-cmov-converter-force-all|Oz--x86-cmov-converter-force-all|Ofast--x86-cmov-converter-force-all,flag1,X8664,clang18|clang20,cjump,291,NO,not_fixed
7301,46,        r->dp[i] = (a->dp[i] >> 1) | (a->dp[i+1] << (SP_WORD_SIZE - 1));,+,wolfssl,wolfcrypt/src/sp_int.c,sp_div_2|_sp_invmod|sp_div_2_mod_ct,Ofast|O3|O2,levels,X8664|AArch64,clang14|clang18|clang20,cjump,310,NO,not_fixed
1876,47,        ret = ((int)-1 + (int)(invalid >> 7)) & ((int)pkcsBlockLen - i);,&,wolfssl,wolfcrypt/src/rsa.c,wc_RsaPrivateDecrypt|wc_RsaPrivateDecryptInline|wc_RsaUnPad_ex,Oz-fglobal-isel|Ofast-fglobal-isel|O1--force-specialization|O2--x86-cmov-converter-force-all|Ofast--x86-cmov-converter-force-all|Os--fast-isel|O3--force-specialization|O2--fast-isel|O1--fast-isel|O3--fast-isel|O2-fglobal-isel|Oz--x86-cmov-converter-force-all|O1--x86-cmov-converter-force-all|O3-fglobal-isel|Os--x86-cmov-converter-force-all|Ofast--force-specialization|Ofast--fast-isel|O3--x86-cmov-converter-force-all|Os-fglobal-isel|O2--force-specialization|O1-fglobal-isel,flag1,X8664|RISCV,clang18|clang20,cjump,308,YES,wolfssl@aa87b35
773,32,        return (a & ~gte_mask) | (b & gte_mask);,|,wolfssl,src/internal.c|src/tls13.c|wolfcrypt/src/md5.c|wolfcrypt/src/pwdbased.c|wolfcrypt/src/sha256.c|wolfcrypt/src/hmac.c|wolfcrypt/src/sha.c|src/ssl.c|wolfcrypt/src/dh.c|wolfcrypt/src/sha512.c|./src/ssl_sess.c|wolfcrypt/src/chacha.c|wolfcrypt/src/random.c,BuildMessage|TlsSessionCacheGetAndLock|wc_Chacha_Process|wc_DhGenerateKeyPair|SendTls13Certificate|wc_PBKDF1_ex|wc_Sha512Update|wolfSSL_GetSessionClient|wc_PKCS12_PBKDF_ex|DoCertificateVerify|_InitRng|wolfSSL_get_shared_ciphers|wc_PBKDF2_ex|ProcessReplyEx|wc_ShaUpdate|wc_HKDF_Expand_ex|DoServerKeyExchange|SendCertificate|wc_Sha256Update|DoHandShakeMsgType|Sha512Update|wc_Md5Update|AddCertExt|DoTls13HandShakeMsg|wc_Sha384Update,O3--x86-cmov-converter-force-all|O1--x86-cmov-converter-force-all|Ofast|O1|O2--fast-isel|O1--fast-isel|Os|Oz--fast-isel|O3|Os--x86-cmov-converter-force-all|O3--fast-isel|Ofast--fast-isel|O2--x86-cmov-converter-force-all|Oz--x86-cmov-converter-force-all|Ofast--x86-cmov-converter-force-all|O2|Os--fast-isel|Oz,levels|flag1,X8664|RISCV,clang14|clang18|clang20,cjump,301,YES,wolfssl#9618
24789,16,        sendSz += cipherExtraData(ssl);,+,wolfssl,src/internal.c,SendCertificateRequest,O1,levels,RISCV,clang14,cjump,506,NO,not_fixed
16619,29,        timeDiff = diffSign * (diffHH*60 + diffMM) * 60 ;,*,wolfssl,wolfcrypt/src/asn.c,wc_ValidateDate,O3--x86-cmov-converter-force-all|O1--x86-cmov-converter-force-all|Ofast|O1|Os|O3|Os--x86-cmov-converter-force-all|O2--x86-cmov-converter-force-all|Oz--x86-cmov-converter-force-all|Ofast--x86-cmov-converter-force-all|O2|Oz,levels|flag1,X8664|RISCV,clang14|clang18|clang20,cjump,297,NO,not_fixed
8248,31,        w         += a->dp[i] & mask_a;,&,wolfssl,wolfcrypt/src/sp_int.c,_sp_submod_ct,Os--unroll-force-peel-count=50|O3--unroll-force-peel-count=50|Oz--unroll-force-peel-count=50|O2--unroll-force-peel-count=50,flag1,X8664,clang20,cjump,653,YES,not_fixed
8249,31,        w         -= b->dp[i] & mask_b;,&,wolfssl,wolfcrypt/src/sp_int.c,sp_mont_red_ex|_sp_submod_ct,O2--inline-instr-cost=0|O1--force-specialization|Ofast--inline-call-penalty=-1|Ofast--inline-instr-cost=-1|O3--unroll-force-peel-count=50|Oz--unroll-force-peel-count=50|O1--inline-call-penalty=-1|O3--force-specialization|O1--inline-instr-cost=-1|Os--inline-call-penalty=-1|O3--inline-instr-cost=0|O2--inline-instr-cost=-1|O2--inline-call-penalty=-1|O2--unroll-force-peel-count=50|Ofast--inline-instr-cost=0|O3--inline-call-penalty=-1|O1--inline-instr-cost=0|Ofast--force-specialization|Os--unroll-force-peel-count=50|O3--inline-instr-cost=-1|Os--inline-instr-cost=0|O2--force-specialization|Os--inline-instr-cost=-1,flag1,X8664,clang18|clang20,cjump,312,YES,not_fixed
7198,29,        w -= (sp_int_word)t * d;,*,wolfssl,wolfcrypt/src/sp_int.c,sp_mod_d,Ofast--unroll-force-peel-count=50|O3--unroll-force-peel-count=50,flag1,X8664,clang18,cjump,309,NO,not_fixed
15675,14,    *pLength += length;,+,wolfssl,src/tls.c,TLSX_GetResponseSize,Oz,levels,RISCV|ARM,clang14,mmem|cjump,509,NO,not_fixed
6580,52,    byte borrow = (byte)((0x00U - (x[15] & 0x01U)) & 0xE1U);,&,wolfssl,wolfcrypt/src/aes.c,RIGHTSHIFTX|GenerateM0,Oz-fglobal-isel|O2--fast-isel|Oz--fast-isel|O1--fast-isel|Ofast-fglobal-isel|Os-fglobal-isel|O3-fglobal-isel|O3--fast-isel|Ofast--fast-isel|O1-fglobal-isel|O2-fglobal-isel|Os--fast-isel,flag1,X8664|RISCV,clang18|clang20,cjump,292,YES,not_fixed
20957,14,"    macStart &= ctMaskIntGTE(macStart, 0);",&,wolfssl,src/internal.c,TimingPadVerify,O3--x86-cmov-converter-force-all|Oz-fglobal-isel|O1--x86-cmov-converter-force-all|Ofast-fglobal-isel|Os-fglobal-isel|O3-fglobal-isel|Os--x86-cmov-converter-force-all|O1-fglobal-isel|O2--x86-cmov-converter-force-all|O2-fglobal-isel|Oz--x86-cmov-converter-force-all|Ofast--x86-cmov-converter-force-all,flag1,X8664|RISCV,clang18|clang20,cjump,284,YES,wolfssl@aa87b35;wolfssl#9618
5400,9,    ret &= (int)(sword8)(~mask);,&,wolfssl,src/internal.c,DoClientKeyExchange|RsaDec,Oz-fglobal-isel|Ofast-fglobal-isel|Os-fglobal-isel|O3-fglobal-isel|O1-fglobal-isel|O2-fglobal-isel,flag1,RISCV,clang20,cjump,644,YES,not_fixed
9241,24,    ret = (ret & ~res) | (res & WC_NO_ERR_TRACE(AES_GCM_AUTH_E));,|,wolfssl,wolfcrypt/src/aes.c,wc_AesGcmDecrypt,O1--sroa-skip-mem2reg,flag1,RISCV,clang18|clang20,cjump,293,YES,wolfssl#9618
9241,31,    ret = (ret & ~res) | (res & WC_NO_ERR_TRACE(AES_GCM_AUTH_E));,&,wolfssl,wolfcrypt/src/aes.c,wc_AesGcmDecrypt,Oz-fglobal-isel|O2--bonus-inst-threshold=100|Ofast-fglobal-isel|Os--regalloc=fast|Oz--unroll-force-peel-count=50|O2--x86-cmov-converter-force-all|Ofast--x86-cmov-converter-force-all|Os--bonus-inst-threshold=100|O3--force-specialization|Ofast|Ofast--regalloc=fast|O2-fglobal-isel|Oz--x86-cmov-converter-force-all|O2|Oz|O3--regalloc=fast|O1--x86-cmov-converter-force-all|Os--bonus-inst-threshold=50|Os|O3-fglobal-isel|Ofast--force-specialization|Os--x86-cmov-converter-force-all|O2--bonus-inst-threshold=50|O2--regalloc=fast|O3--x86-cmov-converter-force-all|O1|O3|Os-fglobal-isel|O2--force-specialization|O1-fglobal-isel,levels|flag1,X8664|MIPS64|MIPS32EL|ARM|AArch64|RISCV,clang14|clang18|clang20,cjump,294,YES,wolfssl#9618
739,65,    return (((word32)b & (word32)(~(signed int)(signed char)m)) |,|,wolfssl,wolfcrypt/src/rsa.c,wc_RsaUnPad_ex,Ofast|O1|Os|O3|O2|Oz,levels,RISCV,clang18|clang20,cjump,304,YES,wolfssl@aa87b35
726,44,    return (byte)((b & ((byte)~(word32)m)) | (a & m));,|,wolfssl,src/tls.c,TLS_hmac|Hmac_UpdateFinal_CT,Ofast|O1|Oz--inline-instr-cost=0|Oz--fast-isel|Os|O3|Oz--inline-instr-cost=-1|Oz--inline-call-penalty=-1|Oz--x86-cmov-converter-force-all|O2|Oz,levels|flag1,X8664|RISCV,clang18|clang20,cjump,288,YES,wolfssl@aa87b35
726,49,    return (byte)((b & ((byte)~(word32)m)) | (a & m));,&,wolfssl,src/internal.c,DoClientKeyExchange|DoHandShakeMsgType,Oz-fglobal-isel|O2--fast-isel|Oz--fast-isel|O1--fast-isel|Os-fglobal-isel|Os--x86-cmov-converter-force-all|O1-fglobal-isel|O2--x86-cmov-converter-force-all|O2-fglobal-isel|Oz--x86-cmov-converter-force-all|Os--fast-isel,flag1,X8664|RISCV,clang18|clang20,cjump,281,YES,not_fixed
684,43,"    return (byte)((byte)(~ctMaskGT(a, b)) & (byte)(~ctMaskLT(a, b)));",&,wolfssl,wolfcrypt/src/sp_int.c|src/tls.c,sp_read_radix|Hmac_UpdateFinal_CT,O3--disable-loop-level-heuristics|O3--x86-cmov-converter-force-all|O1--x86-cmov-converter-force-all|O2--fast-isel|Ofast--enable-module-inliner|O1--fast-isel|Ofast--disable-loop-level-heuristics|Os--x86-cmov-converter-force-all|Os--enable-module-inliner|O3--fast-isel|Ofast--fast-isel|O2--x86-cmov-converter-force-all|O3--enable-module-inliner|Ofast--x86-cmov-converter-force-all|O1--enable-module-inliner|O2--enable-module-inliner|Os--fast-isel,flag1,AArch64|X8664|RISCV,clang14|clang18,cjump,315,YES,not_fixed
918,31,"    return (ctMaskEq(ch, ' ') |",|,wolfssl,wolfcrypt/src/sp_int.c,sp_read_radix,Ofast--enable-module-inliner|Os--enable-module-inliner|O3--enable-module-inliner|O1--enable-module-inliner|O2--enable-module-inliner,flag1,RISCV,clang14,cjump,533,YES,not_fixed
11460,70,    return (ssl->buffers.inputBuffer.idx - ssl->curStartIdx) + msgSz + extra,+,wolfssl,src/internal.c,isLastMsg,Oz--attributor-enable=cgscc|Oz--attributor-enable=module|Oz--attributor-enable=all,flag1,RISCV,clang14,cjump,503,NO,not_fixed
20956,15,"    scanStart &= ctMaskIntGTE(scanStart, 0);",&,wolfssl,src/internal.c,TimingPadVerify,O3--x86-cmov-converter-force-all|Oz-fglobal-isel|O1--x86-cmov-converter-force-all|Ofast-fglobal-isel|Os-fglobal-isel|O3-fglobal-isel|Os--x86-cmov-converter-force-all|O1-fglobal-isel|O2--x86-cmov-converter-force-all|O2-fglobal-isel|Oz--x86-cmov-converter-force-all|Ofast--x86-cmov-converter-force-all,flag1,X8664|RISCV,clang18|clang20,cjump,283,YES,wolfssl@aa87b35;wolfssl#9618
729,12, vec ret = -b;,-,libgcrypt,mceliece6688128f.c,_gcry_mceliece6688128f_dec,Os--vectorize-num-stores-pred=50|O2--vectorize-num-stores-pred=100|Os--vectorize-num-stores-pred=100|O2--vectorize-num-stores-pred=50,flag1,AArch64,clang14,cjump,655,NO,not_fixed
89,40,        h4 += (LOAD32_LE(m + 12) >> 8) | hibit;,|,libsodium,crypto_onetimeauth/poly1305/donna/poly1305_donna.c,poly1305_update,O3--hot-callsite-rel-freq=0,flag1,RISCV,clang14,cjump,656,NO,not_fixed
211,36,        dest[i] = (src1[i] & mask) | (src2[i] & not_mask);,|,mbedtls,../tf-psa-crypto/drivers/builtin/src/constant_time.c,mbedtls_ct_memcpy_offset,Os-fgnuc-version=0|O2-fms-compatibility|O1-fgnuc-version=0|O2-fgnuc-version=0|Os-fms-compatibility|O1-fms-compatibility,flag1,RISCV,clang14,cjump,657,NO,not_fixed
833,25,        output[data_len + i] = (unsigned char) padding_len;,+,mbedtls,../tf-psa-crypto/drivers/builtin/src/cipher.c,add_pkcs_padding,O2--prefer-predicate-over-epilogue=predicate-dont-vectorize|O2--prefer-predicate-over-epilogue=predicate-else-scalar-epilogue|O3--prefer-predicate-over-epilogue=predicate-else-scalar-epilogue|O3--prefer-predicate-over-epilogue=predicate-dont-vectorize,flag1,AArch64,clang14,cjump,658,NO,not_fixed
198,61,        uint64_t a = mbedtls_get_unaligned_uint64(src1 + i) & mask;,&,mbedtls,../tf-psa-crypto/drivers/builtin/src/constant_time.c,mbedtls_ct_memcpy_offset,O2-fms-compatibility|O1-fgnuc-version=0|O2-fgnuc-version=0|O1-fms-compatibility,flag1,X8664,clang20,cjump,659,NO,not_fixed
193,15,    ctx->y[0] |= (ctx->add_len > 0) << 6;,|,mbedtls,../tf-psa-crypto/drivers/builtin/src/ccm.c,mbedtls_ccm_set_lengths|ccm_calculate_first_block_if_ready,O3--memssa-check-limit=0|O3--hot-callsite-rel-freq=0|O1--memssa-check-limit=0|Os--memssa-check-limit=0|O2--memssa-check-limit=0|Oz--memssa-check-limit=0,flag1,RISCV,clang14,cjump,660,NO,not_fixed
1107,12,    slot = *p_slot;,*,mbedtls,../tf-psa-crypto/core/psa_crypto.c,psa_mac_setup|psa_mac_compute_internal|psa_aead_setup,O2--enable-partial-inlining|O3--enable-partial-inlining|O1--enable-partial-inlining,flag1,RISCV,clang14|clang18|clang20,cjump,661,NO,not_fixed
701,46,                co_list[i].next = &co_list[i + 1];,+,openssl,ssl/ssl_ciph.c,ssl_create_cipher_list,Os--vectorize-num-stores-pred=100|Os--vectorize-num-stores-pred=50,flag1,AArch64|X8664,clang14,cjump,662,NO,not_fixed
700,46,                co_list[i].prev = &co_list[i - 1];,-,openssl,ssl/ssl_ciph.c,ssl_create_cipher_list,Os--vectorize-num-stores-pred=100|Os--vectorize-num-stores-pred=50,flag1,AArch64|X8664,clang14,cjump,663,NO,not_fixed
441,49,                tmpls[j].buf = &(buf[tot]) + (j * split_send_fragment);,*,openssl,ssl/record/rec_layer_s3.c,ssl3_write_bytes,Os--vectorize-num-stores-pred=100|Os--vectorize-num-stores-pred=50,flag1,AArch64,clang14,cjump,664,NO,not_fixed
64,21,            acc_len -= 8;,-,pqclean,codec.c,PQCLEAN_FALCONPADDED512_CLEAN_modq_encode|PQCLEAN_FALCON1024_CLEAN_modq_encode|PQCLEAN_FALCONPADDED1024_CLEAN_modq_encode|PQCLEAN_FALCON512_CLEAN_modq_encode,Os--replexitval=always,flag1,AArch64|X8664,clang14,cjump,665,NO,not_fixed
147,21,            acc_len -= 8;,-,pqclean,codec.c,PQCLEAN_FALCON512_CLEAN_trim_i16_encode|PQCLEAN_FALCONPADDED1024_CLEAN_trim_i16_encode|PQCLEAN_FALCONPADDED512_CLEAN_trim_i16_encode|PQCLEAN_FALCON1024_CLEAN_trim_i16_encode,Os--replexitval=always,flag1,AArch64|X8664,clang14,cjump,666,NO,not_fixed
241,21,            acc_len -= 8;,-,pqclean,codec.c,PQCLEAN_FALCON512_CLEAN_trim_i8_encode|PQCLEAN_FALCONPADDED1024_CLEAN_trim_i8_encode|PQCLEAN_FALCON1024_CLEAN_trim_i8_encode|PQCLEAN_FALCONPADDED512_CLEAN_trim_i8_encode,Os--replexitval=always,flag1,AArch64|X8664,clang14,cjump,667,NO,not_fixed
232,40,            beta_j[j] += mask1 & mask2 & gf_exp[i];,&,pqclean,reed_solomon.c,PQCLEAN_HQC128_CLEAN_reed_solomon_decode|PQCLEAN_HQC192_CLEAN_reed_solomon_decode|PQCLEAN_HQC256_CLEAN_reed_solomon_decode,Oz--sroa-skip-mem2reg|O1--sroa-skip-mem2reg|Os--sroa-skip-mem2reg|O2--sroa-skip-mem2reg,flag1,X8664,clang18|clang20,cjump,668,YES,not_fixed
264,46,            error_values[i] += mask1 & mask2 & e_j[j];,&,pqclean,reed_solomon.c,PQCLEAN_HQC128_CLEAN_reed_solomon_decode|PQCLEAN_HQC192_CLEAN_reed_solomon_decode|PQCLEAN_HQC256_CLEAN_reed_solomon_decode,Oz--sroa-skip-mem2reg|O1--sroa-skip-mem2reg|Os--sroa-skip-mem2reg,flag1,X8664,clang18|clang20,cjump,669,YES,not_fixed
308,59,        h2 += (((t1 >> 24)             ) & 0x3ffffffffff) | hibit;,|,wolfssl,wolfcrypt/src/poly1305.c,wc_Poly1305Update,O3--hot-callsite-rel-freq=0,flag1,RISCV,clang14,cjump,670,NO,not_fixed
