function	file	line	col	source	char	type	optimization
depack_do_implicit_stream_create	ssl/quic/quic_rx_depack.c	401	17	    peer_role = ch->is_server	c	mmem	O0-fprofile-generate
tls13_change_cipher_state	ssl/tls13_enc.c	744	16	            : ((which &SSL3_CC_HANDSHAKE) != 0	(	mmem	O0-fprofile-generate
cipher_hw_aes_initkey	providers/implementations/ciphers/cipher_aes_hw.c	63	31	            dat->stream.cbc = (dat->mode == EVP_CIPH_CBC_MODE)	(	mmem	O0-fprofile-generate|O1-fcs-profile-generate|O1-fprofile-generate|O2-fprofile-generate|O3-fprofile-generate|Ofast-fprofile-generate|Os-fprofile-generate|Oz-fprofile-generate
ssl_module_init	crypto/conf/conf_ssl.c	92	17	                cmds == NULL	c	mmem	O0-fprofile-generate|O1-fcs-profile-generate
tls_post_encryption_processing_default	ssl/record/methods/tls_common.c	1687	24	    size_t headerlen = rl->isdtls ? DTLS1_RT_HEADER_LENGTH	r	mmem	O0-fprofile-generate
tls13_change_cipher_state	ssl/tls13_enc.c	511	21	    int direction = (which & SSL3_CC_READ) != 0 ? OSSL_RECORD_DIRECTION_READ	(	mmem	O0-fprofile-generate
cipher_hw_camellia_initkey	providers/implementations/ciphers/cipher_camellia_hw.c	35	27	        dat->stream.cbc = mode == EVP_CIPH_CBC_MODE ?	m	mmem	O0-fprofile-generate|O1-fcs-profile-generate|O1-fprofile-generate|O2-fprofile-generate|O3-fprofile-generate|Ofast-fprofile-generate|Os-fprofile-generate|Oz-fprofile-generate
build_chain	crypto/x509/x509_vfy.c	3607	35	                                  num == 1	n	mmem	O0-fprofile-generate|O1-fcs-profile-generate|O1-fprofile-generate|O2-fcs-profile-generate|O2-fprofile-generate|O3-fcs-profile-generate|O3-fprofile-generate|Ofast-fcs-profile-generate|Ofast-fprofile-generate|Os-fcs-profile-generate|Os-fprofile-generate|Oz-fcs-profile-generate|Oz-fprofile-generate
ossl_statem_client13_write_transition	ssl/statem/statem_clnt.c	513	26	        st->hand_state = (s->s3.tmp.cert_req == 1) ? TLS_ST_CW_CERT_VRFY	(	mmem	O0-fprofile-generate
new_raw_key_int	crypto/evp/p_lib.c	468	29	                            key_is_priv ? OSSL_PKEY_PARAM_PRIV_KEY	k	mmem	O0-fprofile-generate
dtls1_retransmit_message	ssl/statem/statem_dtls.c	1237	29	    ret = dtls1_do_write(s, frag->msg_header.is_ccs ?	f	mmem	O0-fprofile-generate|O1-fcs-profile-generate|O1-fprofile-generate|O2-fcs-profile-generate|O2-fprofile-generate|O3-fcs-profile-generate|O3-fprofile-generate|Ofast-fcs-profile-generate|Ofast-fprofile-generate|Os-fcs-profile-generate|Os-fprofile-generate
rsa_to_text	providers/implementations/encode_decode/encode_key2text.c	577	33	                               (hashalg_nid == NID_sha1	h	mmem	O0-fprofile-generate|O1-fcs-profile-generate|O1-fprofile-generate|O2-fcs-profile-generate|O2-fprofile-generate|O3-fcs-profile-generate|O3-fprofile-generate|Ofast-fcs-profile-generate|Ofast-fprofile-generate|Os-fcs-profile-generate|Os-fprofile-generate
cipher_hw_camellia_initkey	providers/implementations/ciphers/cipher_camellia_hw.c	39	27	        dat->stream.cbc = mode == EVP_CIPH_CBC_MODE ?	m	mmem	O0-fprofile-generate|O1-fcs-profile-generate|O1-fprofile-generate|O2-fprofile-generate|O3-fprofile-generate|Ofast-fprofile-generate|Os-fprofile-generate|Oz-fprofile-generate
ssl3_change_cipher_state	ssl/s3_enc.c	101	21	    int direction = (which & SSL3_CC_READ) != 0 ? OSSL_RECORD_DIRECTION_READ	(	mmem	O0-fprofile-generate
ssl_module_init	crypto/conf/conf_ssl.c	72	13	            cmd_lists == NULL	c	mmem	O0-fprofile-generate|O1-fcs-profile-generate|O1-fprofile-generate
camellia_init_key	crypto/evp/e_camellia.c	209	27	        dat->stream.cbc = mode == EVP_CIPH_CBC_MODE ?	m	mmem	O0-fprofile-generate|O1-fcs-profile-generate|O1-fprofile-generate|O2-fprofile-generate|O3-fprofile-generate|Ofast-fprofile-generate|Os-fprofile-generate|Oz-fprofile-generate
ossl_quic_channel_new_stream_local	ssl/quic/quic_channel.c	3912	12	    type = ch->is_server ? QUIC_STREAM_INITIATOR_SERVER	c	mmem	O0-fprofile-generate
tls_parse_stoc_sct	ssl/statem/extensions_clnt.c	1566	25	        ENDPOINT role = (context & SSL_EXT_TLS1_2_SERVER_HELLO) != 0	(	mmem	O0-fprofile-generate
simple_get_asn1	crypto/x509/x_all.c	119	27	    size_t max_resp_len = (it == ASN1_ITEM_rptr(X509_CRL)) ?	(	mmem	O0-fprofile-generate|Os-fcs-profile-generate|Os-fprofile-generate|Oz-fcs-profile-generate|Oz-fprofile-generate
EC_GROUP_set_curve_name	crypto/ec/ec_lib.c	488	9	        (nid != NID_undef)	(	mmem	O0-fprofile-generate
cipher_hw_aes_initkey	providers/implementations/ciphers/cipher_aes_hw.c	108	27	        dat->stream.cbc = (dat->mode == EVP_CIPH_CBC_MODE)	(	mmem	O0-fprofile-generate|O1-fcs-profile-generate|O1-fprofile-generate|O2-fprofile-generate|O3-fprofile-generate|Ofast-fprofile-generate|Os-fprofile-generate|Oz-fprofile-generate
OSSL_HTTP_REQ_CTX_nbio	crypto/http/http_client.c	770	31	                rctx->state = i < HTTP_STATUS_CODES_NONFATAL_ERROR	i	mmem	O0-fprofile-generate|O1-fcs-profile-generate|O1-fprofile-generate|Os-fcs-profile-generate|Os-fprofile-generate|Oz-fcs-profile-generate|Oz-fprofile-generate
verify_ss_cert_trans	crypto/cmp/cmp_genm.c	277	30	                       desc, trusted == NULL ? "using trust store"	t	mmem	O0-fprofile-generate|O1-fcs-profile-generate|O1-fprofile-generate|O2-fcs-profile-generate|O2-fprofile-generate|O3-fcs-profile-generate|O3-fprofile-generate|Ofast-fcs-profile-generate|Ofast-fprofile-generate|Os-fcs-profile-generate|Os-fprofile-generate
aes_init_key	crypto/evp/e_aes.c	2447	31	            dat->stream.cbc = mode == EVP_CIPH_CBC_MODE ?	m	mmem	O0-fprofile-generate|O1-fcs-profile-generate|O1-fprofile-generate|O2-fprofile-generate|O3-fprofile-generate|Ofast-fprofile-generate|Os-fprofile-generate|Oz-fprofile-generate
query_cmp	crypto/property/property.c	198	15	            : b->provider < a->provider ? -1	b	mmem	O0-fprofile-generate
dh_gen_init_base	providers/implementations/keymgmt/dh_kmgmt.c	475	26	        gctx->gen_type = (type == DH_FLAG_TYPE_DHX)	(	mmem	O0-fprofile-generate
ssl_srp_server_param_with_username_intern	ssl/tls_srp.c	223	12	    return ((s->srp_ctx.B =	(	mmem	O0-fprofile-generate|O1-fcs-profile-generate|O1-fprofile-generate|O2-fcs-profile-generate|O2-fprofile-generate|O3-fcs-profile-generate|O3-fprofile-generate|Ofast-fcs-profile-generate|Ofast-fprofile-generate|Os-fcs-profile-generate|Os-fprofile-generate|Oz-fcs-profile-generate|Oz-fprofile-generate
ossl_qtx_flush_net	ssl/quic/quic_record_tx.c	1000	12	    return total_written > 0	t	mmem	O0-fprofile-generate|O1-fcs-profile-generate|O1-fprofile-generate|O2-fcs-profile-generate|O2-fprofile-generate|O3-fcs-profile-generate|O3-fprofile-generate|Ofast-fcs-profile-generate|Ofast-fprofile-generate|Os-fcs-profile-generate|Os-fprofile-generate
ossl_quic_tls_configure	ssl/quic/quic_tls.c	732	41	                                        qtls->args.is_server ? ENDPOINT_SERVER	q	mmem	O0-fprofile-generate
build_chain	crypto/x509/x509_vfy.c	3611	31	                              ctx->num_untrusted < num	c	mmem	O0-fprofile-generate|O1-fprofile-generate|O2-fprofile-generate|O3-fprofile-generate|Ofast-fprofile-generate|Os-fprofile-generate|Oz-fprofile-generate
check_msg_all_certs	crypto/cmp/cmp_vfy.c	449	36	                                   mode_3gpp ? "self-issued extraCerts"	m	mmem	O0-fprofile-generate
ackm_get_pto_time_and_space	ssl/quic/quic_ackm.c	851	18	        *space = ackm->discarded[QUIC_PN_SPACE_INITIAL]	a	mmem	O0-fprofile-generate
camellia_init_key	crypto/evp/e_camellia.c	213	27	        dat->stream.cbc = mode == EVP_CIPH_CBC_MODE ?	m	mmem	O0-fprofile-generate|O1-fcs-profile-generate|O1-fprofile-generate|O2-fprofile-generate|O3-fprofile-generate|Ofast-fprofile-generate|Os-fprofile-generate|Oz-fprofile-generate
inner_loader_fetch	crypto/store/store_meth.c	355	13	            unsupported	u	mmem	O0-fprofile-generate
ASN1_item_sign_ctx	crypto/asn1/a_sign.c	246	21	        paramtype = pkey->ameth->pkey_flags & ASN1_PKEY_SIGPARAM_NULL ?	p	mmem	O0-fprofile-generate|O1-fcs-profile-generate|O1-fprofile-generate|O2-fcs-profile-generate|O2-fprofile-generate|O3-fcs-profile-generate|O3-fprofile-generate|Ofast-fcs-profile-generate|Ofast-fprofile-generate|Os-fcs-profile-generate|Os-fprofile-generate|Oz-fcs-profile-generate|Oz-fprofile-generate
tls13_update_key	ssl/tls13_enc.c	784	21	    int direction = sending ? OSSL_RECORD_DIRECTION_WRITE	s	mmem	O0-fprofile-generate
X509_ALGOR_set_md	crypto/asn1/x_algor.c	91	16	    int type = md->flags & EVP_MD_FLAG_DIGALGID_ABSENT ? V_ASN1_UNDEF	m	mmem	O0-fprofile-generate|O1-fcs-profile-generate|O1-fprofile-generate
PKCS12_pbe_crypt_ex	crypto/pkcs12/p12_decr.c	93	24	                       passlen == 0 ? "empty password"	p	mmem	O0-fprofile-generate|O1-fcs-profile-generate|O1-fprofile-generate|O2-fcs-profile-generate|O2-fprofile-generate|O3-fcs-profile-generate|O3-fprofile-generate|Ofast-fcs-profile-generate|Ofast-fprofile-generate|Os-fcs-profile-generate|Os-fprofile-generate
ossl_quic_channel_new_stream_remote	ssl/quic/quic_channel.c	3949	17	    peer_role = ch->is_server	c	mmem	O0-fprofile-generate
qc_wait_for_default_xso_for_read	ssl/quic/quic_impl.c	2141	17	    expect_id = qc->as_server	q	mmem	O0-fprofile-generate
SSL_read_early_data	ssl/ssl_lib.c	2450	24	                return ret > 0 ? SSL_READ_EARLY_DATA_SUCCESS	r	mmem	O0-fprofile-generate
aes_init_key	crypto/evp/e_aes.c	2487	27	        dat->stream.cbc = mode == EVP_CIPH_CBC_MODE ?	m	mmem	O0-fprofile-generate|O1-fcs-profile-generate|O1-fprofile-generate|O2-fprofile-generate|O3-fprofile-generate|Ofast-fprofile-generate|Os-fprofile-generate|Oz-fprofile-generate
ossl_quic_conn_set_blocking_mode	ssl/quic/quic_impl.c	1270	12	    mode = (blocking != 0)	(	mmem	O0-fprofile-generate
a2d_ASN1_OBJECT	crypto/asn1/a_object.c	130	35	            blsize = (blsize + 6) / 7;	/	cjump	O0--expand-div-rem-bits=0|O1--expand-div-rem-bits=0|O2--expand-div-rem-bits=0|O3--expand-div-rem-bits=0|Ofast--expand-div-rem-bits=0|Os--expand-div-rem-bits=0|Oz--expand-div-rem-bits=0
n_fold	providers/implementations/kdfs/krb5kdf.c	330	33	               | constant[rbyte % constant_len] >> rshift)	%	cjump	O0--expand-div-rem-bits=0
n_fold	providers/implementations/kdfs/krb5kdf.c	318	15	        b = l % blocksize;	%	cjump	O0--expand-div-rem-bits=0
OSSL_sleep	crypto/sleep.c	62	36	    ts.tv_sec = (long int) (millis / 1000);	/	cjump	O0--expand-div-rem-bits=0|O0--expand-div-rem-bits=50|O1--expand-div-rem-bits=0|O1--expand-div-rem-bits=50|O2--expand-div-rem-bits=0|O2--expand-div-rem-bits=50|O3--expand-div-rem-bits=0|O3--expand-div-rem-bits=50|Ofast--expand-div-rem-bits=0|Ofast--expand-div-rem-bits=50|Os--expand-div-rem-bits=0|Os--expand-div-rem-bits=50|Oz--expand-div-rem-bits=0|Oz--expand-div-rem-bits=50
fill_segment	providers/implementations/kdfs/argon2.c	525	34	        ref_lane = ((rnd >> 32)) % ctx->lanes;	%	cjump	O0--expand-div-rem-bits=0|O0--expand-div-rem-bits=50|O1--expand-div-rem-bits=0|O1--expand-div-rem-bits=50|O2--expand-div-rem-bits=0|O3--expand-div-rem-bits=0|Ofast--expand-div-rem-bits=0|Os--expand-div-rem-bits=0|Oz--expand-div-rem-bits=0
julian_adj	crypto/o_time.c	140	29	    offset_day = offset_sec / SECS_PER_DAY;	/	cjump	O0--expand-div-rem-bits=0|Os--expand-div-rem-bits=0|Oz--expand-div-rem-bits=0
ssl3_cbc_digest_record	ssl/record/methods/ssl3_cbc.c	278	13	         1) / md_block_size;	/	cjump	O0--expand-div-rem-bits=0
n_fold	providers/implementations/kdfs/krb5kdf.c	321	27	        rotbits = 13 * (l / constant_len);	/	cjump	O0--expand-div-rem-bits=0
BUF_MEM_grow	crypto/buffer/buffer.c	91	19	    n = (len + 3) / 3 * 4;	/	cjump	O0--expand-div-rem-bits=0|O1--expand-div-rem-bits=0|O2--expand-div-rem-bits=0|O3--expand-div-rem-bits=0|Ofast--expand-div-rem-bits=0|Os--expand-div-rem-bits=0|Oz--expand-div-rem-bits=0
ssl3_cbc_digest_record	ssl/record/methods/ssl3_cbc.c	263	36	                                   / md_block_size) + 1);	/	cjump	O0--expand-div-rem-bits=0
fmtfp	crypto/bio/bio_print.c	696	51	        iconvert[iplace++] = "0123456789"[intpart % 10];	%	cjump	O0--expand-div-rem-bits=0
julian_to_date	crypto/o_time.c	193	26	    i = (4000 * (L + 1)) / 1461001;	/	cjump	O0--expand-div-rem-bits=0
ssl3_write_bytes	ssl/record/rec_layer_s3.c	448	28	            tmppipelen = n / maxpipes;	/	cjump	O0--expand-div-rem-bits=0
ossl_asn1_time_from_tm	crypto/asn1/a_time.c	308	49	                                    ts->tm_year % 100, ts->tm_mon + 1,	%	cjump	O0--expand-div-rem-bits=0|O1--expand-div-rem-bits=0|O2--expand-div-rem-bits=0|O3--expand-div-rem-bits=0|Ofast--expand-div-rem-bits=0|Os--expand-div-rem-bits=0|Oz--expand-div-rem-bits=0
s_time_main	apps/s_time.c	400	73	             nConn, (long)time(NULL) - finishtime + maxtime, bytes_read / nConn);	/	cjump	O0--expand-div-rem-bits=0|O1--expand-div-rem-bits=0|O2--expand-div-rem-bits=0|O3--expand-div-rem-bits=0|Ofast--expand-div-rem-bits=0|Os--expand-div-rem-bits=0|Oz--expand-div-rem-bits=0
ssl3_cbc_digest_record	ssl/record/methods/ssl3_cbc.c	311	49	    index_b = (mac_end_offset + md_length_size) / md_block_size;	/	cjump	O0--expand-div-rem-bits=0
BN_bn2dec	crypto/bn/bn_conv.c	63	23	    num = (i / 10 + i / 1000 + 1) + 1;	/	cjump	O0--expand-div-rem-bits=0|O1--expand-div-rem-bits=0|O2--expand-div-rem-bits=0|O3--expand-div-rem-bits=0|Ofast--expand-div-rem-bits=0|Os--expand-div-rem-bits=0|Oz--expand-div-rem-bits=0
rsa_multiprime_keygen	crypto/rsa/rsa_gen.c	321	16	    quo = bits / primes;	/	cjump	O0--expand-div-rem-bits=0|O3--expand-div-rem-bits=0|Ofast--expand-div-rem-bits=0
OPENSSL_LH_node_usage_stats_bio	crypto/lhash/lh_stats.c	125	28	               (int)(total / n_used), (int)((total % n_used) * 100 / n_used));	/	cjump	O0--expand-div-rem-bits=0|O1--expand-div-rem-bits=0|O2--expand-div-rem-bits=0|O3--expand-div-rem-bits=0|Ofast--expand-div-rem-bits=0|Os--expand-div-rem-bits=0|Oz--expand-div-rem-bits=0
probable_prime_dh	crypto/bn/bn_prime.c	602	38	                 : (mods[i] + delta) % primes[i] == 0) {	%	cjump	O0--expand-div-rem-bits=0
CMAC_Update	crypto/cmac/cmac.c	212	39	    max_burst_blocks = LOCAL_BUF_SIZE / bl;	/	cjump	O0--expand-div-rem-bits=0|O1--expand-div-rem-bits=0|O2--expand-div-rem-bits=0|Os--expand-div-rem-bits=0|Oz--expand-div-rem-bits=0
DES_quad_cksum	crypto/des/qud_cksm.c	69	34	                  & 0xffffffffL) % 0x7fffffffL;	%	cjump	O0--expand-div-rem-bits=0|O1--expand-div-rem-bits=0|O2--expand-div-rem-bits=0|O3--expand-div-rem-bits=0|Ofast--expand-div-rem-bits=0|Os--expand-div-rem-bits=0|Oz--expand-div-rem-bits=0
bytepad	providers/implementations/macs/kmac_prov.c	632	24	    sz = (len + w - 1) / w * w;	/	cjump	O0--expand-div-rem-bits=0
ssl3_cipher	ssl/record/methods/ssl3_meth.c	132	21	        i = bs - (l % bs);	%	cjump	O0--expand-div-rem-bits=0|O1--expand-div-rem-bits=0|O2--expand-div-rem-bits=0|O3--expand-div-rem-bits=0|Ofast--expand-div-rem-bits=0|Os--expand-div-rem-bits=0|Oz--expand-div-rem-bits=0
err_string_data_hash	crypto/err/err.c	174	23	    return (ret ^ ret % 19 * 13);	%	cjump	O0--expand-div-rem-bits=0|O1--expand-div-rem-bits=0|O2--expand-div-rem-bits=0|O3--expand-div-rem-bits=0|Ofast--expand-div-rem-bits=0|Os--expand-div-rem-bits=0|Oz--expand-div-rem-bits=0
OPENSSL_LH_node_usage_stats_bio	crypto/lhash/lh_stats.c	124	29	               (int)((total % lh->num_nodes) * 100 / lh->num_nodes),	%	cjump	O0--expand-div-rem-bits=0
tls_collect_extensions	ssl/statem/extensions.c	659	22	        idx = thisex - raw_extensions;	-	cjump	O0--expand-div-rem-bits=0|O1--expand-div-rem-bits=0|O2--expand-div-rem-bits=0|O3--expand-div-rem-bits=0|Ofast--expand-div-rem-bits=0|Os--expand-div-rem-bits=0|Oz--expand-div-rem-bits=0
cmd_Certificate	ssl/ssl_conf.c	465	60	            char **pfilename = &cctx->cert_filename[c->key - c->pkeys];	-	cjump	O0--expand-div-rem-bits=0
ssl3_cbc_digest_record	ssl/record/methods/ssl3_cbc.c	306	30	    index_a = mac_end_offset / md_block_size;	/	cjump	O0--expand-div-rem-bits=0
ossl_ec_wNAF_mul	crypto/ec/ec_mult.c	596	59	                    numblocks = (tmp_len + blocksize - 1) / blocksize;	/	cjump	O0--expand-div-rem-bits=0|O1--expand-div-rem-bits=0|O2--expand-div-rem-bits=0|O3--expand-div-rem-bits=0|Ofast--expand-div-rem-bits=0|Os--expand-div-rem-bits=0|Oz--expand-div-rem-bits=0
md5crypt	apps/passwd.c	449	44	             dest++, source = (source + 6) % 17)	%	cjump	O0--expand-div-rem-bits=0|O1--expand-div-rem-bits=0|Os--expand-div-rem-bits=0|Oz--expand-div-rem-bits=0
getrn	crypto/lhash/lhash.c	333	15	    nn = hash % lh->pmax;	%	cjump	O0--expand-div-rem-bits=0|Os--expand-div-rem-bits=0|Oz--expand-div-rem-bits=0
ossl_crypto_condvar_wait_timeout	crypto/thread/arch/thread_posix.c	197	42	            = (ossl_time2ticks(deadline) % OSSL_TIME_SECOND) / OSSL_TIME_NS;	%	cjump	O0--expand-div-rem-bits=0|O0--expand-div-rem-bits=50
ssl_cert_dup	ssl/ssl_cert.c	114	38	    ret->key = &ret->pkeys[cert->key - cert->pkeys];	-	cjump	O0--expand-div-rem-bits=0
OPENSSL_gmtime_adj	crypto/o_time.c	94	28	    tm->tm_hour = time_sec / 3600;	/	cjump	O0--expand-div-rem-bits=0|O1--expand-div-rem-bits=0|O2--expand-div-rem-bits=0|O3--expand-div-rem-bits=0|Ofast--expand-div-rem-bits=0|Os--expand-div-rem-bits=0|Oz--expand-div-rem-bits=0
OPENSSL_LH_node_usage_stats_bio	crypto/lhash/lh_stats.c	123	28	               (int)(total / lh->num_nodes),	/	cjump	O0--expand-div-rem-bits=0|O1--expand-div-rem-bits=0|O2--expand-div-rem-bits=0|O3--expand-div-rem-bits=0|Ofast--expand-div-rem-bits=0|Os--expand-div-rem-bits=0|Oz--expand-div-rem-bits=0
ossl_ec_wNAF_mul	crypto/ec/ec_mult.c	481	46	            numblocks = (BN_num_bits(scalar) / blocksize) + 1;	/	cjump	O0--expand-div-rem-bits=0|O1--expand-div-rem-bits=0|O2--expand-div-rem-bits=0|O3--expand-div-rem-bits=0|Ofast--expand-div-rem-bits=0|Os--expand-div-rem-bits=0|Oz--expand-div-rem-bits=0
timestamp_print	crypto/ct/ct_prn.c	37	46	                             (int)(timestamp / 86400000),	/	cjump	O0--expand-div-rem-bits=0|O0--expand-div-rem-bits=50
calculate_columns	apps/lib/columns.c	25	28	    dc->columns = (80 - 1) / dc->width;	/	cjump	O0--expand-div-rem-bits=0|O1--expand-div-rem-bits=0|O2--expand-div-rem-bits=0|O3--expand-div-rem-bits=0|Ofast--expand-div-rem-bits=0|Os--expand-div-rem-bits=0|Oz--expand-div-rem-bits=0
julian_to_date	crypto/o_time.c	196	25	    *d = L - (2447 * j) / 80;	/	cjump	O0--expand-div-rem-bits=0
pkcs12kdf_derive	providers/implementations/kdfs/pkcs12kdf.c	113	25	            B[j] = Ai[j % u];	%	cjump	O0--expand-div-rem-bits=0
probable_prime	crypto/bn/bn_prime.c	522	38	                 : (mods[i] + delta) % primes[i] == 0) {	%	cjump	O0--expand-div-rem-bits=0
ossl_rand_pool_adin_mix_in	crypto/rand/rand_pool.c	443	28	            pool->buffer[i % pool->len] ^= adin[i];	%	cjump	O0--expand-div-rem-bits=0|O1--expand-div-rem-bits=0|O2--expand-div-rem-bits=0|O3--expand-div-rem-bits=0|Ofast--expand-div-rem-bits=0|Os--expand-div-rem-bits=0|Oz--expand-div-rem-bits=0
n_fold	providers/implementations/kdfs/krb5kdf.c	307	36	    lcm = blocksize * constant_len / gcd;	/	cjump	O0--expand-div-rem-bits=0
timestamp_print	crypto/ct/ct_prn.c	38	41	                             (timestamp % 86400000) / 1000);	%	cjump	O0--expand-div-rem-bits=0|O0--expand-div-rem-bits=50
add_entry	apps/rehash.c	129	38	    unsigned int ndx = (type + hash) % OSSL_NELEM(hash_table);	%	cjump	O0--expand-div-rem-bits=0|O1--expand-div-rem-bits=0|O2--expand-div-rem-bits=0|O3--expand-div-rem-bits=0|Ofast--expand-div-rem-bits=0|Os--expand-div-rem-bits=0|Oz--expand-div-rem-bits=0
sh_setbit	crypto/mem_sec.c	388	45	    bit = (ONE << list) + ((ptr - sh.arena) / (sh.arena_size >> list));	/	cjump	O0--expand-div-rem-bits=0|O1--expand-div-rem-bits=0|O2--expand-div-rem-bits=0|O3--expand-div-rem-bits=0|Ofast--expand-div-rem-bits=0|Os--expand-div-rem-bits=0|Oz--expand-div-rem-bits=0
determine_days	crypto/asn1/a_time.c	71	7	    y %= 100;	%	cjump	O0--expand-div-rem-bits=0
fmtint	crypto/bio/bio_print.c	469	26	        uvalue = (uvalue / (unsigned)base);	/	cjump	O0--expand-div-rem-bits=0|O0--expand-div-rem-bits=50|O1--expand-div-rem-bits=0|O1--expand-div-rem-bits=50|O2--expand-div-rem-bits=0|O2--expand-div-rem-bits=50|O3--expand-div-rem-bits=0|O3--expand-div-rem-bits=50|Ofast--expand-div-rem-bits=0|Ofast--expand-div-rem-bits=50|Os--expand-div-rem-bits=0|Os--expand-div-rem-bits=50|Oz--expand-div-rem-bits=0|Oz--expand-div-rem-bits=50
BN_bn2dec	crypto/bn/bn_conv.c	63	14	    num = (i / 10 + i / 1000 + 1) + 1;	/	cjump	O0--expand-div-rem-bits=0|O1--expand-div-rem-bits=0|O2--expand-div-rem-bits=0|O3--expand-div-rem-bits=0|Ofast--expand-div-rem-bits=0|Os--expand-div-rem-bits=0|Oz--expand-div-rem-bits=0
sh_actual_size	crypto/mem_sec.c	747	26	    return sh.arena_size / (ONE << list);	/	cjump	O0--expand-div-rem-bits=0
HKDF_Expand	providers/implementations/kdfs/hkdf.c	631	17	    n = okm_len / dig_len;	/	cjump	O0--expand-div-rem-bits=0|O1--expand-div-rem-bits=0|O2--expand-div-rem-bits=0|O3--expand-div-rem-bits=0|Ofast--expand-div-rem-bits=0|Os--expand-div-rem-bits=0|Oz--expand-div-rem-bits=0
fmtfp	crypto/bio/bio_print.c	714	30	        fracpart = (fracpart / 10);	/	cjump	O0--expand-div-rem-bits=0|O1--expand-div-rem-bits=0|O2--expand-div-rem-bits=0|O3--expand-div-rem-bits=0|Ofast--expand-div-rem-bits=0|Os--expand-div-rem-bits=0|Oz--expand-div-rem-bits=0
scryptROMix	providers/implementations/kdfs/scrypt.c	408	33	        j = X[16 * (2 * r - 1)] % N;	%	cjump	O0--expand-div-rem-bits=0|O0--expand-div-rem-bits=50
fmtfp	crypto/bio/bio_print.c	713	52	        fconvert[fplace++] = "0123456789"[fracpart % 10];	%	cjump	O0--expand-div-rem-bits=0
inverse	crypto/idea/i_skey.c	104	21	            r = (n1 % n2);	%	cjump	O0--expand-div-rem-bits=0
timestamp_print	crypto/ct/ct_prn.c	38	53	                             (timestamp % 86400000) / 1000);	/	cjump	O0--expand-div-rem-bits=0|O0--expand-div-rem-bits=50
julian_to_date	crypto/o_time.c	197	11	    L = j / 11;	/	cjump	O0--expand-div-rem-bits=0
adapt	crypto/punycode.c	57	45	    return k + (((base - tmin + 1) * delta) / (delta + skew));	/	cjump	O0--expand-div-rem-bits=0
BIO_dump_indent_cb	crypto/bio/bio_dump.c	44	16	    rows = len / dump_width;	/	cjump	O0--expand-div-rem-bits=0|O1--expand-div-rem-bits=0|O2--expand-div-rem-bits=0|O3--expand-div-rem-bits=0|Ofast--expand-div-rem-bits=0|Os--expand-div-rem-bits=0|Oz--expand-div-rem-bits=0
OSSL_sleep	crypto/sleep.c	63	37	    ts.tv_nsec = (long int) (millis % 1000) * 1000000ul;	%	cjump	O0--expand-div-rem-bits=0|O0--expand-div-rem-bits=50
fmtfp	crypto/bio/bio_print.c	728	54	            econvert[eplace++] = "0123456789"[tmpexp % 10];	%	cjump	O0--expand-div-rem-bits=0
adapt	crypto/punycode.c	50	27	    delta = delta + delta / numpoints;	/	cjump	O0--expand-div-rem-bits=0
ssl3_mac	ssl/record/methods/ssl3_meth.c	235	16	    npad = (48 / md_size) * md_size;	/	cjump	O0--expand-div-rem-bits=0
n_fold	providers/implementations/kdfs/krb5kdf.c	302	19	        tmp = gcd % remainder;	%	cjump	O0--expand-div-rem-bits=0
pkcs12kdf_derive	providers/implementations/kdfs/pkcs12kdf.c	90	23	        *p++ = salt[i % saltlen];	%	cjump	O0--expand-div-rem-bits=0
DTLS_get_data_mtu	ssl/d1_lib.c	965	21	        mtu -= (mtu % blocksize);	%	cjump	O0--expand-div-rem-bits=0|O1--expand-div-rem-bits=0|O2--expand-div-rem-bits=0|O3--expand-div-rem-bits=0|Ofast--expand-div-rem-bits=0|Os--expand-div-rem-bits=0|Oz--expand-div-rem-bits=0
OPENSSL_LH_node_usage_stats_bio	crypto/lhash/lh_stats.c	125	52	               (int)(total / n_used), (int)((total % n_used) * 100 / n_used));	%	cjump	O0--expand-div-rem-bits=0
julian_to_date	crypto/o_time.c	195	18	    j = (80 * L) / 2447;	/	cjump	O0--expand-div-rem-bits=0
BN_mod_exp_mont_word	crypto/bn/bn_exp.c	1213	11	        a %= m->d[0];           /* make sure that 'a' is reduced */	%	cjump	O0--expand-div-rem-bits=0|O1--expand-div-rem-bits=0|O2--expand-div-rem-bits=0|O3--expand-div-rem-bits=0|Ofast--expand-div-rem-bits=0|Os--expand-div-rem-bits=0|Oz--expand-div-rem-bits=0
ssl_cache_cipherlist	ssl/ssl_lib.c	7079	61	        size_t numciphers = PACKET_remaining(cipher_suites) / n;	/	cjump	O0--expand-div-rem-bits=0|O1--expand-div-rem-bits=0|O2--expand-div-rem-bits=0|O3--expand-div-rem-bits=0|Ofast--expand-div-rem-bits=0|Os--expand-div-rem-bits=0|Oz--expand-div-rem-bits=0
kek_wrap_key	crypto/cms/cms_pwri.c	270	39	    olen = (inlen + 4 + blocklen - 1) / blocklen;	/	cjump	O0--expand-div-rem-bits=0
date_to_julian	crypto/o_time.c	183	36	        (3 * ((y + 4900 + (m - 14) / 12) / 100)) / 4 + d - 32075;	/	cjump	O0--expand-div-rem-bits=0
added_obj_hash	crypto/objects/obj_dat.c	134	37	            ret ^= p[i] << ((i * 3) % 24);	%	cjump	O0--expand-div-rem-bits=0|O1--expand-div-rem-bits=0|O2--expand-div-rem-bits=0|O3--expand-div-rem-bits=0|Ofast--expand-div-rem-bits=0|Os--expand-div-rem-bits=0|Oz--expand-div-rem-bits=0
bn_mod_exp_mont_fixed_top	crypto/bn/bn_exp.c	1086	30	        window0 = (bits - 1) % window + 1;	%	cjump	O0--expand-div-rem-bits=0
BN_bn2dec	crypto/bn/bn_conv.c	65	23	    bn_data_num = num / BN_DEC_NUM + 1;	/	cjump	O0--expand-div-rem-bits=0|O1--expand-div-rem-bits=0|O2--expand-div-rem-bits=0|O3--expand-div-rem-bits=0|Ofast--expand-div-rem-bits=0|Os--expand-div-rem-bits=0|Oz--expand-div-rem-bits=0
date_to_julian	crypto/o_time.c	183	42	        (3 * ((y + 4900 + (m - 14) / 12) / 100)) / 4 + d - 32075;	/	cjump	O0--expand-div-rem-bits=0
OPENSSL_LH_delete	crypto/lhash/lhash.c	167	57	        (lh->down_load >= (lh->num_items * LH_LOAD_MULT / lh->num_nodes)))	/	cjump	O0--expand-div-rem-bits=0|O1--expand-div-rem-bits=0|O2--expand-div-rem-bits=0|O3--expand-div-rem-bits=0|Ofast--expand-div-rem-bits=0|Os--expand-div-rem-bits=0|Oz--expand-div-rem-bits=0
tls1_check_chain	ssl/t1_lib.c	4027	29	            idx = (int)(cpk - c->pkeys);	-	cjump	O0--expand-div-rem-bits=0|O1--expand-div-rem-bits=0|O2--expand-div-rem-bits=0|O3--expand-div-rem-bits=0|Ofast--expand-div-rem-bits=0|Os--expand-div-rem-bits=0|Oz--expand-div-rem-bits=0
determine_days	crypto/asn1/a_time.c	73	33	    tm->tm_wday = (d + (13 * m) / 5 + y + y / 4 + c / 4 + 5 * c + 6) % 7;	/	cjump	O0--expand-div-rem-bits=0
ssl3_write_bytes	ssl/record/rec_layer_s3.c	449	24	            remain = n % maxpipes;	%	cjump	O0--expand-div-rem-bits=0
ossl_sha3_squeeze	crypto/sha/sha3.c	192	29	        len = bsz * (outlen / bsz);	/	cjump	O0--expand-div-rem-bits=0
bn_div_words	crypto/bn/bn_asm.c	233	19	            q = h / dh;	/	cjump	O0--expand-div-rem-bits=0
OPENSSL_gmtime_adj	crypto/o_time.c	95	34	    tm->tm_min = (time_sec / 60) % 60;	%	cjump	O0--expand-div-rem-bits=0|O1--expand-div-rem-bits=0|O2--expand-div-rem-bits=0|O3--expand-div-rem-bits=0|Ofast--expand-div-rem-bits=0|Os--expand-div-rem-bits=0|Oz--expand-div-rem-bits=0
tls1_get_legacy_sigalg	ssl/t1_lib.c	2495	32	            idx = s->cert->key - s->cert->pkeys;	-	cjump	O0--expand-div-rem-bits=0|O1--expand-div-rem-bits=0|O2--expand-div-rem-bits=0|O3--expand-div-rem-bits=0|Ofast--expand-div-rem-bits=0|Os--expand-div-rem-bits=0|Oz--expand-div-rem-bits=0
json_u64	ssl/quic/json_enc.c	552	28	            *--p = '0' + v % 10;	%	cjump	O0--expand-div-rem-bits=0|O0--expand-div-rem-bits=50
pkcs12kdf_derive	providers/implementations/kdfs/pkcs12kdf.c	77	35	    Slen = v * ((saltlen + v - 1) / v);	/	cjump	O0--expand-div-rem-bits=0
adapt	crypto/punycode.c	53	23	        delta = delta / (base - tmin);	/	cjump	O0--expand-div-rem-bits=0
ilog_e	crypto/rsa/rsa_lib.c	301	31	    r = (r * (uint64_t)scale) / log_e;	/	cjump	O0--expand-div-rem-bits=0|O0--expand-div-rem-bits=50
cmd_Certificate	ssl/ssl_conf.c	460	33	        size_t fileidx = c->key - c->pkeys;	-	cjump	O0--expand-div-rem-bits=0|O1--expand-div-rem-bits=0|O2--expand-div-rem-bits=0|Os--expand-div-rem-bits=0|Oz--expand-div-rem-bits=0
fmtint	crypto/bio/bio_print.c	468	21	            [uvalue % (unsigned)base];	%	cjump	O0--expand-div-rem-bits=0|O0--expand-div-rem-bits=50
recode_wnaf	crypto/ec/curve448/curve448.c	558	48	    unsigned int table_size = C448_SCALAR_BITS / (table_bits + 1) + 3;	/	cjump	O0--expand-div-rem-bits=0|O1--expand-div-rem-bits=0|O2--expand-div-rem-bits=0|Os--expand-div-rem-bits=0|Oz--expand-div-rem-bits=0
ossl_punycode_decode	crypto/punycode.c	181	19	        n = n + i / (written_out + 1);	/	cjump	O0--expand-div-rem-bits=0
BUF_MEM_grow_clean	crypto/buffer/buffer.c	128	19	    n = (len + 3) / 3 * 4;	/	cjump	O0--expand-div-rem-bits=0|O1--expand-div-rem-bits=0|O2--expand-div-rem-bits=0|O3--expand-div-rem-bits=0|Ofast--expand-div-rem-bits=0|Os--expand-div-rem-bits=0|Oz--expand-div-rem-bits=0
ssl_cert_set_current	ssl/ssl_cert.c	400	31	        idx = (size_t)(c->key - c->pkeys + 1);	-	cjump	O0--expand-div-rem-bits=0|O1--expand-div-rem-bits=0|O2--expand-div-rem-bits=0|O3--expand-div-rem-bits=0|Ofast--expand-div-rem-bits=0|Os--expand-div-rem-bits=0|Oz--expand-div-rem-bits=0
tls_get_max_records_default	ssl/record/methods/tls_common.c	1533	28	        pipes = ((len - 1) / *preffrag) + 1;	/	cjump	O0--expand-div-rem-bits=0|O1--expand-div-rem-bits=0|O2--expand-div-rem-bits=0|O3--expand-div-rem-bits=0|Ofast--expand-div-rem-bits=0|Os--expand-div-rem-bits=0|Oz--expand-div-rem-bits=0
b64_write	crypto/evp/bio_b64.c	424	24	                n -= n % 3;	%	cjump	O0--expand-div-rem-bits=0|O1--expand-div-rem-bits=0|O2--expand-div-rem-bits=0|O3--expand-div-rem-bits=0|Ofast--expand-div-rem-bits=0|Os--expand-div-rem-bits=0|Oz--expand-div-rem-bits=0
sh_getlist	crypto/mem_sec.c	347	51	    size_t bit = (sh.arena_size + ptr - sh.arena) / sh.minsize;	/	cjump	O0--expand-div-rem-bits=0|Os--expand-div-rem-bits=0|Oz--expand-div-rem-bits=0
ossl_ifc_ffc_compute_security_bits	crypto/rsa/rsa_lib.c	376	20	                   / log_2);	/	cjump	O0--expand-div-rem-bits=0|O0--expand-div-rem-bits=50|O1--expand-div-rem-bits=0|O1--expand-div-rem-bits=50|O2--expand-div-rem-bits=0|O2--expand-div-rem-bits=50|O3--expand-div-rem-bits=0|O3--expand-div-rem-bits=50|Ofast--expand-div-rem-bits=0|Ofast--expand-div-rem-bits=50|Os--expand-div-rem-bits=0|Os--expand-div-rem-bits=50|Oz--expand-div-rem-bits=0|Oz--expand-div-rem-bits=50
OBJ_obj2txt	crypto/objects/obj_dat.c	563	29	                i = (int)(l / 40);	/	cjump	O0--expand-div-rem-bits=0|O1--expand-div-rem-bits=0
n_fold	providers/implementations/kdfs/krb5kdf.c	329	35	        tmp = (constant[(rbyte-1) % constant_len] << (8 - rshift)	%	cjump	O0--expand-div-rem-bits=0
julian_to_date	crypto/o_time.c	189	22	    long n = (4 * L) / 146097;	/	cjump	O0--expand-div-rem-bits=0
BN_mod_word	crypto/bn/bn_word.c	52	59	        ret = ((ret << BN_BITS4) | (a->d[i] & BN_MASK2l)) % w;	%	cjump	O0--expand-div-rem-bits=0
OPENSSL_gmtime_adj	crypto/o_time.c	96	27	    tm->tm_sec = time_sec % 60;	%	cjump	O0--expand-div-rem-bits=0
determine_days	crypto/asn1/a_time.c	73	70	    tm->tm_wday = (d + (13 * m) / 5 + y + y / 4 + c / 4 + 5 * c + 6) % 7;	%	cjump	O0--expand-div-rem-bits=0
t_tob64	crypto/srp/srp_vfy.c	152	23	    leadz = 3 - (size % 3);	%	cjump	O0--expand-div-rem-bits=0|O1--expand-div-rem-bits=0|O2--expand-div-rem-bits=0|O3--expand-div-rem-bits=0|Ofast--expand-div-rem-bits=0|Os--expand-div-rem-bits=0|Oz--expand-div-rem-bits=0
date_to_julian	crypto/o_time.c	182	48	        (367 * (m - 2 - 12 * ((m - 14) / 12))) / 12 -	/	cjump	O0--expand-div-rem-bits=0
sh_init	crypto/mem_sec.c	473	39	    sh.bittable_size = (sh.arena_size / sh.minsize) * 2;	/	cjump	O0--expand-div-rem-bits=0
ossl_ffc_params_FIPS186_2_gen_verify	crypto/ffc/ffc_params_generate.c	947	21	        n = (L - 1) / 160;	/	cjump	O0--expand-div-rem-bits=0
fmtfp	crypto/bio/bio_print.c	729	30	            tmpexp = (tmpexp / 10);	/	cjump	O0--expand-div-rem-bits=0|O1--expand-div-rem-bits=0|O2--expand-div-rem-bits=0|O3--expand-div-rem-bits=0|Ofast--expand-div-rem-bits=0|Os--expand-div-rem-bits=0|Oz--expand-div-rem-bits=0
OPENSSL_LH_node_usage_stats_bio	crypto/lhash/lh_stats.c	125	68	               (int)(total / n_used), (int)((total % n_used) * 100 / n_used));	/	cjump	O0--expand-div-rem-bits=0|O1--expand-div-rem-bits=0|O2--expand-div-rem-bits=0|O3--expand-div-rem-bits=0|Ofast--expand-div-rem-bits=0|Os--expand-div-rem-bits=0|Oz--expand-div-rem-bits=0
determine_days	crypto/asn1/a_time.c	70	11	    c = y / 100;	/	cjump	O0--expand-div-rem-bits=0
rcidm_roll	ssl/quic/quic_rcidm.c	484	29	        rcidm->packets_sent %= PACKETS_PER_RCID;	%	cjump	O0--expand-div-rem-bits=0|O0--expand-div-rem-bits=50
update_qp	crypto/threads_pthread.c	400	39	        (lock->current_alloc_idx + 1) % lock->group_count;	%	cjump	O0--expand-div-rem-bits=0
OPENSSL_LH_node_usage_stats_bio	crypto/lhash/lh_stats.c	124	52	               (int)((total % lh->num_nodes) * 100 / lh->num_nodes),	/	cjump	O0--expand-div-rem-bits=0|O1--expand-div-rem-bits=0|O2--expand-div-rem-bits=0|O3--expand-div-rem-bits=0|Ofast--expand-div-rem-bits=0|Os--expand-div-rem-bits=0|Oz--expand-div-rem-bits=0
tls_choose_sigalg	ssl/t1_lib.c	4685	51	                        int cc_idx = s->cert->key - s->cert->pkeys;	-	cjump	O0--expand-div-rem-bits=0|O1--expand-div-rem-bits=0|O2--expand-div-rem-bits=0|O3--expand-div-rem-bits=0|Ofast--expand-div-rem-bits=0|Os--expand-div-rem-bits=0|Oz--expand-div-rem-bits=0
ossl_ffc_params_FIPS186_4_gen_verify	crypto/ffc/ffc_params_generate.c	679	17	    n = (L - 1) / (mdsize << 3);	/	cjump	O0--expand-div-rem-bits=0|O2--expand-div-rem-bits=0|O3--expand-div-rem-bits=0|Ofast--expand-div-rem-bits=0|Os--expand-div-rem-bits=0
ossl_cipher_generic_block_update	providers/implementations/ciphers/ciphercommon.c	608	35	            padnum = blksz - (inl % blksz);	%	cjump	O0--expand-div-rem-bits=0|O1--expand-div-rem-bits=0|O2--expand-div-rem-bits=0|O3--expand-div-rem-bits=0|Ofast--expand-div-rem-bits=0|Os--expand-div-rem-bits=0|Oz--expand-div-rem-bits=0
rsa_multiprime_keygen	crypto/rsa/rsa_gen.c	322	16	    rmd = bits % primes;	%	cjump	O0--expand-div-rem-bits=0
BN_dec2bn	crypto/bn/bn_conv.c	236	24	    j = BN_DEC_NUM - i % BN_DEC_NUM;	%	cjump	O0--expand-div-rem-bits=0|O1--expand-div-rem-bits=0|O2--expand-div-rem-bits=0|O3--expand-div-rem-bits=0|Ofast--expand-div-rem-bits=0|Os--expand-div-rem-bits=0|Oz--expand-div-rem-bits=0
dh_builtin_genparams	crypto/dh/dh_gen.c	225	26	                   + 24) / 25 * 25;	/	cjump	O0--expand-div-rem-bits=0
tls1_cipher	ssl/record/methods/tls1_meth.c	292	40	            padnum = bs - (reclen[ctr] % bs);	%	cjump	O0--expand-div-rem-bits=0|O1--expand-div-rem-bits=0|O2--expand-div-rem-bits=0|O3--expand-div-rem-bits=0|Ofast--expand-div-rem-bits=0|Os--expand-div-rem-bits=0|Oz--expand-div-rem-bits=0
index_alpha	providers/implementations/kdfs/argon2.c	461	37	    abs_pos = (start_pos + rel_pos) % ctx->lane_length;	%	cjump	O0--expand-div-rem-bits=0|O0--expand-div-rem-bits=50
pkcs12kdf_derive	providers/implementations/kdfs/pkcs12kdf.c	92	23	        *p++ = pass[i % passlen];	%	cjump	O0--expand-div-rem-bits=0
ssl3_cbc_digest_record	ssl/record/methods/ssl3_cbc.c	301	24	    c = mac_end_offset % md_block_size;	%	cjump	O0--expand-div-rem-bits=0
date_to_julian	crypto/o_time.c	181	41	    return (1461 * (y + 4800 + (m - 14) / 12)) / 4 +	/	cjump	O0--expand-div-rem-bits=0
inverse	crypto/idea/i_skey.c	105	26	            q = (n1 - r) / n2;	/	cjump	O0--expand-div-rem-bits=0|Oz--expand-div-rem-bits=0
bytepad	providers/implementations/macs/kmac_prov.c	612	33	        *out_len = (sz + w - 1) / w * w;	/	cjump	O0--expand-div-rem-bits=0
DES_quad_cksum	crypto/des/qud_cksm.c	70	70	            z1 = ((t0 * ((t1 + NOISE) & 0xffffffffL)) & 0xffffffffL) %	%	cjump	O0--expand-div-rem-bits=0|O1--expand-div-rem-bits=0|O2--expand-div-rem-bits=0|O3--expand-div-rem-bits=0|Ofast--expand-div-rem-bits=0|Os--expand-div-rem-bits=0|Oz--expand-div-rem-bits=0
timestamp_print	crypto/ct/ct_prn.c	44	71	                 ASN1_STRING_get0_data(gen), (unsigned int)(timestamp % 1000));	%	cjump	O0--expand-div-rem-bits=0|O0--expand-div-rem-bits=50
ossl_ec_wNAF_precompute_mult	crypto/ec/ec_mult.c	876	40	    numblocks = (bits + blocksize - 1) / blocksize; /* max. number of blocks	/	cjump	O0--expand-div-rem-bits=0
OPENSSL_gmtime_adj	crypto/o_time.c	95	28	    tm->tm_min = (time_sec / 60) % 60;	/	cjump	O0--expand-div-rem-bits=0|O1--expand-div-rem-bits=0|O2--expand-div-rem-bits=0|O3--expand-div-rem-bits=0|Ofast--expand-div-rem-bits=0|Os--expand-div-rem-bits=0|Oz--expand-div-rem-bits=0
getrn	crypto/lhash/lhash.c	335	19	        nn = hash % lh->num_alloc_nodes;	%	cjump	O0--expand-div-rem-bits=0|Os--expand-div-rem-bits=0|Oz--expand-div-rem-bits=0
date_to_julian	crypto/o_time.c	182	40	        (367 * (m - 2 - 12 * ((m - 14) / 12))) / 12 -	/	cjump	O0--expand-div-rem-bits=0
ossl_punycode_decode	crypto/punycode.c	182	11	        i %= (written_out + 1);	%	cjump	O0--expand-div-rem-bits=0
CMAC_Update	crypto/cmac/cmac.c	213	32	    cipher_blocks = (dlen - 1) / bl;	/	cjump	O0--expand-div-rem-bits=0|O1--expand-div-rem-bits=0|O2--expand-div-rem-bits=0|Os--expand-div-rem-bits=0|Oz--expand-div-rem-bits=0
base64encode	crypto/http/http_client.c	1406	17	    outl = (len / 3);	/	cjump	O0--expand-div-rem-bits=0
ossl_curve448_scalar_decode_long	crypto/ec/curve448/scalar.c	187	28	    i = ser_len - (ser_len % C448_SCALAR_BYTES);	%	cjump	O0--expand-div-rem-bits=0|O1--expand-div-rem-bits=0|O2--expand-div-rem-bits=0|O3--expand-div-rem-bits=0|Ofast--expand-div-rem-bits=0|Os--expand-div-rem-bits=0|Oz--expand-div-rem-bits=0
kdf_argon2_derive	providers/implementations/kdfs/argon2.c	1098	36	    segment_length = memory_blocks / (ctx->lanes * ARGON2_SYNC_POINTS);	/	cjump	O0--expand-div-rem-bits=0|O1--expand-div-rem-bits=0|O2--expand-div-rem-bits=0|O3--expand-div-rem-bits=0|Ofast--expand-div-rem-bits=0|Os--expand-div-rem-bits=0|Oz--expand-div-rem-bits=0
fmtfp	crypto/bio/bio_print.c	697	28	        intpart = (intpart / 10);	/	cjump	O0--expand-div-rem-bits=0|O1--expand-div-rem-bits=0|O2--expand-div-rem-bits=0|O3--expand-div-rem-bits=0|Ofast--expand-div-rem-bits=0|Os--expand-div-rem-bits=0|Oz--expand-div-rem-bits=0
fmtfp	crypto/bio/bio_print.c	708	33	            fracpart = fracpart / 10;	/	cjump	O0--expand-div-rem-bits=0|O1--expand-div-rem-bits=0|O2--expand-div-rem-bits=0|O3--expand-div-rem-bits=0|Ofast--expand-div-rem-bits=0|Os--expand-div-rem-bits=0|Oz--expand-div-rem-bits=0
sh_clearbit	crypto/mem_sec.c	376	45	    bit = (ONE << list) + ((ptr - sh.arena) / (sh.arena_size >> list));	/	cjump	O0--expand-div-rem-bits=0|O1--expand-div-rem-bits=0|O2--expand-div-rem-bits=0|O3--expand-div-rem-bits=0|Ofast--expand-div-rem-bits=0|Os--expand-div-rem-bits=0|Oz--expand-div-rem-bits=0
sh_find_my_buddy	crypto/mem_sec.c	623	44	    bit = (ONE << list) + (ptr - sh.arena) / (sh.arena_size >> list);	/	cjump	O0--expand-div-rem-bits=0|Os--expand-div-rem-bits=0|Oz--expand-div-rem-bits=0
tls13_add_record_padding	ssl/record/methods/tls13_meth.c	384	38	                    remainder = rlen % bp;	%	cjump	O0--expand-div-rem-bits=0|O1--expand-div-rem-bits=0|O2--expand-div-rem-bits=0|O3--expand-div-rem-bits=0|Ofast--expand-div-rem-bits=0|Os--expand-div-rem-bits=0|Oz--expand-div-rem-bits=0
BN_mod_word	crypto/bn/bn_word.c	51	73	        ret = ((ret << BN_BITS4) | ((a->d[i] >> BN_BITS4) & BN_MASK2l)) % w;	%	cjump	O0--expand-div-rem-bits=0
pkcs12kdf_derive	providers/implementations/kdfs/pkcs12kdf.c	79	39	        Plen = v * ((passlen + v - 1) / v);	/	cjump	O0--expand-div-rem-bits=0
gf_sub	crypto/ec/curve448/f_generic.c	42	36	    uint32_t co1 = ((1 << 28) - 1) * amt, co2 = co1 - amt;	*	cjump	O0-ftrapv
dtls_record_bitmap_update	ssl/record/methods/dtls_meth.c	72	25	            bitmap->map <<= shift, bitmap->map |= 1UL;	<	mmem	O0--pre-RA-sched=linearize|O0--pre-RA-sched=list-burr|O0--pre-RA-sched=list-hybrid|O0-fmemory-profile
ossl_slh_ht_sign	crypto/slh_dsa/slh_hypertree.c	87	21	            tree_id >>= hm;	>	mmem	O0--pre-RA-sched=list-burr|O0--pre-RA-sched=list-hybrid
scalar_decode	crypto/ml_kem/ml_kem.c	710	19	            accum >>= todo;	>	mmem	O0--pre-RA-sched=list-burr|O0--pre-RA-sched=list-hybrid|O1-fno-inline|O1-fno-inline-functions
ossl_slh_ht_verify	crypto/slh_dsa/slh_hypertree.c	132	17	        tree_id >>= tree_height;	>	mmem	O0--pre-RA-sched=list-burr|O0--pre-RA-sched=list-hybrid
scalar_decode	crypto/ml_kem/ml_kem.c	705	19	            accum >>= bits;	>	mmem	O0--pre-RA-sched=list-burr|O0--pre-RA-sched=list-hybrid|O1-fno-inline|O1-fno-inline-functions
BN_BLINDING_invert_ex	crypto/bn/bn_blind.c	185	25	                n->d[i] &= mask;	&	mmem	O1-fglobal-isel|O2-fglobal-isel|O3-fglobal-isel|Ofast-fglobal-isel|Os-fglobal-isel|Oz-fglobal-isel
ossl_ml_dsa_key_compress_decompose	crypto/ml_dsa/ml_dsa_key_compress.c	92	58	    *r0 -= (((int32_t)ML_DSA_Q_MINUS1_DIV2 - *r0) >> 31) & (int32_t)ML_DSA_Q;	&	mmem	O1-fcs-profile-generate|O1-fprofile-generate|O2-fcs-profile-generate|O2-fprofile-generate|O3-fcs-profile-generate|O3-fprofile-generate|Ofast-fcs-profile-generate|Ofast-fprofile-generate|Os-fcs-profile-generate|Os-fprofile-generate
ctr_update	providers/implementations/rands/drbg_ctr.c	153	58	    return ctr_BCC_block(ctr, ctr->KX, bltmp, num_of_blk * AES_BLOCK_SIZE);	*	mmem	O1-fprofile-generate|O2-fprofile-generate|O3-fprofile-generate|Ofast-fprofile-generate|Os-fprofile-generate
ENGINE_ctrl	crypto/engine/eng_ctrl.c	118	33	        return strlen(strcpy(s, cdp->cmd_desc == NULL ? int_no_description	c	mmem	O1-fcs-profile-generate|O1-fprofile-generate
ossl_ml_dsa_key_compress_use_hint	crypto/ml_dsa/ml_dsa_key_compress.c	92	58	    *r0 -= (((int32_t)ML_DSA_Q_MINUS1_DIV2 - *r0) >> 31) & (int32_t)ML_DSA_Q;	&	mmem	O1-fcs-profile-generate|O1-fprofile-generate|O2-fcs-profile-generate|O2-fprofile-generate|O3-fcs-profile-generate|O3-fprofile-generate|Ofast-fcs-profile-generate|Ofast-fprofile-generate|Os-fcs-profile-generate|Os-fprofile-generate
internal_find	crypto/stack/stack.c	359	17	                ++*pnum;	+	cjump	O1-fcs-profile-generate|O1-fmemory-profile|O1-fprofile-generate
ossl_quic_reactor_set_poll_r	ssl/quic/quic_reactor.c	80	9	        = ossl_quic_reactor_can_support_poll_descriptor(rtor, &rtor->poll_r);	=	mmem	O1-fcs-profile-generate|O1-fprofile-generate|O2-fcs-profile-generate|O2-fprofile-generate|O3-fcs-profile-generate|O3-fprofile-generate|Ofast-fcs-profile-generate|Ofast-fprofile-generate|Os-fcs-profile-generate|Os-fprofile-generate
ssl3_cbc_remove_padding_and_mac	ssl/record/methods/tls_pad.c	75	21	    *reclen -= good & (padding_length + 1);	&	mmem	O1-fcs-profile-generate|O1-fprofile-generate
report_server_accept	apps/lib/s_socket.c	268	17	        success *= BIO_printf(out, " PID=%d", getpid()) > 0;	*	mmem	O1-fcs-profile-generate|O1-fprofile-generate|O2-fcs-profile-generate|O2-fprofile-generate|O3-fcs-profile-generate|O3-fprofile-generate|Ofast-fcs-profile-generate|Ofast-fprofile-generate|Os-fcs-profile-generate|Os-fprofile-generate|Oz-fcs-profile-generate|Oz-fprofile-generate
ossl_x509_algor_new_from_md	crypto/asn1/x_algor.c	91	16	    int type = md->flags & EVP_MD_FLAG_DIGALGID_ABSENT ? V_ASN1_UNDEF	m	mmem	O1-fprofile-generate
ossl_statem_client_write_transition	ssl/statem/statem_clnt.c	513	26	        st->hand_state = (s->s3.tmp.cert_req == 1) ? TLS_ST_CW_CERT_VRFY	(	mmem	O1-fcs-profile-generate|O1-fprofile-generate|O2-fcs-profile-generate|O2-fprofile-generate|O3-fcs-profile-generate|O3-fprofile-generate|Ofast-fcs-profile-generate|Ofast-fprofile-generate
put_str	crypto/property/property_parse.c	645	22	        *needed += 2 * quotes;	*	mmem	O1-fcs-profile-generate|O1-fprofile-generate|O2-fcs-profile-generate|O2-fprofile-generate|O3-fcs-profile-generate|O3-fprofile-generate|Ofast-fcs-profile-generate|Ofast-fprofile-generate|Os-fcs-profile-generate|Os-fprofile-generate
DES_is_weak_key	crypto/des/set_key.c	126	13	        res |= constant_time_is_zero((unsigned int)j);	|	mmem	O1-fcs-profile-generate|O1-fprofile-generate|O2-fcs-profile-generate|O2-fprofile-generate|O3-fcs-profile-generate|O3-fprofile-generate|Ofast-fcs-profile-generate|Ofast-fprofile-generate|Os-fcs-profile-generate|Os-fprofile-generate
BN_num_bits	crypto/bn/bn_lib.c	176	16	    return ret & mask;	&	mmem	O1-fcs-profile-generate|O1-fprofile-generate|O2-fcs-profile-generate|O2-fprofile-generate|O3-fcs-profile-generate|O3-fprofile-generate|Ofast-fcs-profile-generate|Ofast-fprofile-generate|Os-fcs-profile-generate|Os-fprofile-generate|Oz-fcs-profile-generate|Oz-fprofile-generate
bn2binpad	crypto/bn/bn_lib.c	176	16	    return ret & mask;	&	mmem	O1-fcs-profile-generate|O1-fprofile-generate|O2-fcs-profile-generate|O2-fprofile-generate|O3-fcs-profile-generate|O3-fprofile-generate|Ofast-fcs-profile-generate|Ofast-fprofile-generate|Os-fprofile-generate
internal_find	crypto/stack/stack.c	342	23	                *pnum = 1;	=	cjump	O1--regalloc=fast|O1-fcs-profile-generate|O1-fmemory-profile|O1-fprofile-generate|O2--regalloc=fast|O2-fcs-profile-generate|O2-fmemory-profile|O2-fprofile-generate|O3-fprofile-generate|Ofast-fprofile-generate|Os--regalloc=fast|Os-fcs-profile-generate|Os-fmemory-profile|Os-fprofile-generate|Oz-fcs-profile-generate|Oz-fmemory-profile|Oz-fprofile-generate
ossl_quic_reactor_set_poll_w	ssl/quic/quic_reactor.c	91	9	        = ossl_quic_reactor_can_support_poll_descriptor(rtor, &rtor->poll_w);	=	mmem	O1-fcs-profile-generate|O1-fprofile-generate|O2-fcs-profile-generate|O2-fprofile-generate|O3-fcs-profile-generate|O3-fprofile-generate|Ofast-fcs-profile-generate|Ofast-fprofile-generate|Os-fcs-profile-generate|Os-fprofile-generate|Oz--fast-isel|Oz--regalloc=pbqp|Oz-fcs-profile-generate
ossl_ml_dsa_key_compress_low_bits	crypto/ml_dsa/ml_dsa_key_compress.c	92	58	    *r0 -= (((int32_t)ML_DSA_Q_MINUS1_DIV2 - *r0) >> 31) & (int32_t)ML_DSA_Q;	&	mmem	O1-fcs-profile-generate|O1-fprofile-generate|O2-fcs-profile-generate|O2-fprofile-generate|O3-fcs-profile-generate|O3-fprofile-generate|Ofast-fcs-profile-generate|Ofast-fprofile-generate|Os-fcs-profile-generate|Os-fprofile-generate
ossl_aes_gcm_siv_set_ctx_params	providers/implementations/ciphers/cipher_aes_gcm_siv.c	242	20	        ctx->speed = !!speed;	=	mmem	O1-fcs-profile-generate|O1-fprofile-generate|O2-fcs-profile-generate|O2-fprofile-generate|O3-fcs-profile-generate|O3-fprofile-generate|Ofast-fcs-profile-generate|Ofast-fprofile-generate|Os-fcs-profile-generate|Os-fprofile-generate|Oz-fcs-profile-generate|Oz-fprofile-generate
ENGINE_ctrl	crypto/engine/eng_ctrl.c	115	23	        return strlen(cdp->cmd_desc == NULL ? int_no_description	c	mmem	O1-fcs-profile-generate|O1-fprofile-generate
cert_acceptable	crypto/cmp/cmp_vfy.c	277	19	        int err = time_cmp > 0 ? X509_V_ERR_CERT_HAS_EXPIRED	t	mmem	O1-fcs-profile-generate|O1-fprofile-generate|O2-fcs-profile-generate|O2-fprofile-generate|O3-fcs-profile-generate|O3-fprofile-generate|Ofast-fcs-profile-generate|Ofast-fprofile-generate|Oz-fcs-profile-generate|Oz-fprofile-generate
gf_deserialize	crypto/ec/curve448/f_generic.c	96	17	    return succ & word_is_zero((word_t)buffer) & ~word_is_zero((word_t)scarry);	&	mmem	O1-fcs-profile-generate|O1-fprofile-generate|O2-fprofile-generate|O3-fprofile-generate|Ofast-fprofile-generate
ERR_vset_error	crypto/err/err_blocks.c	44	9	        lib == ERR_LIB_SYS	l	mmem	O1-fcs-profile-generate|O1-fprofile-generate|O2-fprofile-generate|O3-fprofile-generate|Ofast-fprofile-generate|Os-fprofile-generate
aes_gcm_siv_cipher	providers/implementations/ciphers/cipher_aes_gcm_siv_hw.c	144	9	    ret &= ctx->have_user_tag;	&	mmem	O1-fcs-profile-generate|O1-fprofile-generate
ossl_statm_update_rtt	ssl/quic/quic_statm.c	195	12	    return a.t > b.t ? ossl_time_subtract(a, b)	a	mmem	O1-fcs-profile-generate|O1-fprofile-generate|O2-fcs-profile-generate|O2-fprofile-generate|O3-fcs-profile-generate|O3-fprofile-generate|Ofast-fcs-profile-generate|Ofast-fprofile-generate|Os-fcs-profile-generate|Os-fprofile-generate|Oz-fcs-profile-generate|Oz-fprofile-generate
ossl_quic_channel_raise_protocol_error_loc	ssl/quic/quic_channel.c	3509	22	    int err_reason = error_code == OSSL_QUIC_ERR_INTERNAL_ERROR	e	mmem	O1-fcs-profile-generate|O1-fprofile-generate
gf_deserialize	crypto/ec/curve448/f_generic.c	96	48	    return succ & word_is_zero((word_t)buffer) & ~word_is_zero((word_t)scarry);	&	mmem	O1-fcs-profile-generate|O1-fprofile-generate
ossl_quic_sstream_get_stream_frame	ssl/quic/quic_sstream.c	159	17	    hdr->is_fin = qss->have_final_size	=	mmem	O1-fcs-profile-generate|O1-fprofile-generate|O2-fcs-profile-generate|O2-fprofile-generate|O3-fcs-profile-generate|O3-fprofile-generate|Ofast-fcs-profile-generate|Ofast-fprofile-generate|Os-fcs-profile-generate|Os-fprofile-generate|Oz-fcs-profile-generate|Oz-fprofile-generate
ossl_quic_obj_init	ssl/quic/quic_obj.c	40	29	    obj->is_port_leader     = is_port_leader;	=	mmem	O1-fprofile-generate|O2-fcs-profile-generate|O2-fprofile-generate|O3-fcs-profile-generate|O3-fprofile-generate|Ofast-fcs-profile-generate|Ofast-fprofile-generate|Os-fcs-profile-generate|Os-fprofile-generate|Oz-fcs-profile-generate
X509_load_http	crypto/x509/x_all.c	119	27	    size_t max_resp_len = (it == ASN1_ITEM_rptr(X509_CRL)) ?	(	mmem	O1-fcs-profile-generate|O1-fprofile-generate|O2-fcs-profile-generate|O2-fprofile-generate|O3-fcs-profile-generate|O3-fprofile-generate|Ofast-fcs-profile-generate|Ofast-fprofile-generate
X509_CRL_load_http	crypto/x509/x_all.c	119	27	    size_t max_resp_len = (it == ASN1_ITEM_rptr(X509_CRL)) ?	(	mmem	O1-fcs-profile-generate|O1-fprofile-generate|O2-fcs-profile-generate|O2-fprofile-generate|O3-fcs-profile-generate|O3-fprofile-generate|Ofast-fcs-profile-generate|Ofast-fprofile-generate
DES_set_key	crypto/des/set_key.c	126	13	        res |= constant_time_is_zero((unsigned int)j);	|	mmem	O1-fcs-profile-generate|O1-fprofile-generate|O2-fprofile-generate|O3-fprofile-generate|Ofast-fprofile-generate|Os-fcs-profile-generate|Os-fprofile-generate
ossl_quic_tx_packetiser_generate	ssl/quic/quic_txp.c	2930	37	    tpkt->ackm_pkt.is_inflight      = !can_be_non_inflight;	=	mmem	O1-fcs-profile-generate|O1-fprofile-generate|O2-fcs-profile-generate|O2-fprofile-generate|O3-fcs-profile-generate|O3-fprofile-generate|Ofast-fcs-profile-generate|Ofast-fprofile-generate|Os-fcs-profile-generate|Os-fprofile-generate|Oz-fcs-profile-generate|Oz-fprofile-generate
ssl3_cbc_digest_record	ssl/record/methods/ssl3_cbc.c	452	36	            mac_out[j] |= block[j] & is_block_b;	&	mmem	O1-fcs-profile-generate
ossl_quic_obj_init	ssl/quic/quic_obj.c	39	29	    obj->is_event_leader    = is_event_leader;	=	mmem	O1-fcs-profile-generate|Oz-fprofile-generate
BN_usub	crypto/bn/bn_add.c	159	16	        borrow &= (t1 == 0);	&	mmem	O1-fcs-profile-generate|O2-fcs-profile-generate|O3-fcs-profile-generate|Ofast-fcs-profile-generate|Os-fcs-profile-generate|Oz-fcs-profile-generate
BN_bn2bin	crypto/bn/bn_lib.c	164	34	        ret += BN_BITS2 & (~mask & ~past_i);	&	mmem	O1-fcs-profile-generate|O2-fcs-profile-generate|O3-fcs-profile-generate|Ofast-fcs-profile-generate
BN_num_bits	crypto/bn/bn_lib.c	164	34	        ret += BN_BITS2 & (~mask & ~past_i);	&	mmem	O1-fcs-profile-generate|O2-fcs-profile-generate|O3-fcs-profile-generate|Ofast-fcs-profile-generate|Os-fcs-profile-generate|Oz-fcs-profile-generate
tls1_set_groups	ssl/t1_lib.c	1118	19	        *dup_list |= idmask;	|	mmem	O1-fcs-profile-generate
RSA_padding_check_PKCS1_OAEP_mgf1	crypto/rsa/rsa_oaep.c	245	17	        *--em = *from & mask;	*	mmem	O1-fcs-profile-generate|O2-fcs-profile-generate|O3-fcs-profile-generate|Ofast-fcs-profile-generate|Os-fcs-profile-generate
BN_uadd	crypto/bn/bn_add.c	114	15	        carry &= (t2 == 0);	&	mmem	O1-fcs-profile-generate|O2-fcs-profile-generate|O3-fcs-profile-generate|Ofast-fcs-profile-generate|Os-fcs-profile-generate|Oz-fcs-profile-generate
ssl3_cbc_copy_mac	ssl/record/methods/tls_pad.c	355	48	    return (unsigned char)constant_time_select(mask, a, b);	m	mmem	O1-fcs-profile-generate
ssl_cipher_list_to_bytes	ssl/statem/statem_clnt.c	4172	13	            !maxverok	!	mmem	O1-fcs-profile-generate
bn2binpad	crypto/bn/bn_lib.c	164	34	        ret += BN_BITS2 & (~mask & ~past_i);	&	mmem	O1-fcs-profile-generate|O2-fcs-profile-generate|O3-fcs-profile-generate|Ofast-fcs-profile-generate|Os-fcs-profile-generate
bn_compute_wNAF	crypto/bn/bn_intern.c	114	23	        r[j++] = sign * digit;	*	mmem	O1-fcs-profile-generate|O2-fcs-profile-generate|Os-fcs-profile-generate|Oz-fcs-profile-generate
BN_add	crypto/bn/bn_add.c	114	15	        carry &= (t2 == 0);	&	mmem	O1-fcs-profile-generate|O2-fcs-profile-generate|O3-fcs-profile-generate|Ofast-fcs-profile-generate
DH_compute_key	crypto/dh/dh_key.c	130	14	        mask &= !key[i];	&	mmem	O1--disable-peephole|O1-fcs-profile-generate|O2--disable-peephole|O2-fcs-profile-generate|O3--disable-peephole|O3-fcs-profile-generate|Ofast--disable-peephole|Ofast-fcs-profile-generate|Os--disable-peephole|Os-fcs-profile-generate|Oz--disable-peephole
ch_start_terminating	ssl/quic/quic_channel.c	3191	44	            ch_record_state_transition(ch, tcause->remote	t	mmem	O1-fcs-profile-generate|O2-fcs-profile-generate|O2-fprofile-generate|O3-fcs-profile-generate|O3-fprofile-generate|Ofast-fcs-profile-generate|Ofast-fprofile-generate|Os-fcs-profile-generate|Os-fprofile-generate
DES_set_key_checked	crypto/des/set_key.c	126	13	        res |= constant_time_is_zero((unsigned int)j);	|	mmem	O1-fcs-profile-generate|Os-fcs-profile-generate
DES_key_sched	crypto/des/set_key.c	126	13	        res |= constant_time_is_zero((unsigned int)j);	|	mmem	O1-fcs-profile-generate
BN_sub	crypto/bn/bn_add.c	114	15	        carry &= (t2 == 0);	&	mmem	O1-fcs-profile-generate|O2-fcs-profile-generate|O3-fcs-profile-generate|Ofast-fcs-profile-generate
tls1_cbc_remove_padding_and_mac	ssl/record/methods/tls_pad.c	158	25	        *reclen -= good & (padding_length + 1);	&	mmem	O1-fcs-profile-generate
BN_bn2bin	crypto/bn/bn_lib.c	176	16	    return ret & mask;	&	mmem	O1-fcs-profile-generate
RSA_padding_check_PKCS1_type_2	crypto/rsa/rsa_pk1.c	207	17	        *--em = *from & mask;	*	mmem	O1-fcs-profile-generate|O2-fcs-profile-generate|O3-fcs-profile-generate|Ofast-fcs-profile-generate|Os-fcs-profile-generate
ossl_ifc_ffc_compute_security_bits	crypto/rsa/rsa_lib.c	301	31	    r = (r * (uint64_t)scale) / log_e;	/	cjump	O1--expand-div-rem-bits=0|O1--expand-div-rem-bits=50|O2--expand-div-rem-bits=0|O2--expand-div-rem-bits=50|O3--expand-div-rem-bits=0|O3--expand-div-rem-bits=50|Ofast--expand-div-rem-bits=0|Ofast--expand-div-rem-bits=50|Os--expand-div-rem-bits=0|Os--expand-div-rem-bits=50|Oz--expand-div-rem-bits=0|Oz--expand-div-rem-bits=50
CRYPTO_secure_malloc	crypto/mem_sec.c	365	45	    bit = (ONE << list) + ((ptr - sh.arena) / (sh.arena_size >> list));	/	cjump	O1--expand-div-rem-bits=0|O2--expand-div-rem-bits=0|O3--expand-div-rem-bits=0|Ofast--expand-div-rem-bits=0
kmac_init	providers/implementations/macs/kmac_prov.c	632	28	    sz = (len + w - 1) / w * w;	*	cjump	O1--expand-div-rem-bits=0|O2--expand-div-rem-bits=0|O3--expand-div-rem-bits=0|Ofast--expand-div-rem-bits=0|Os--expand-div-rem-bits=0
ossl_punycode_decode	crypto/punycode.c	50	27	    delta = delta + delta / numpoints;	/	cjump	O1--expand-div-rem-bits=0|O2--expand-div-rem-bits=0|O3--expand-div-rem-bits=0|Ofast--expand-div-rem-bits=0|Os--expand-div-rem-bits=0|Oz--expand-div-rem-bits=0
OPENSSL_LH_delete	crypto/lhash/lhash.c	335	19	        nn = hash % lh->num_alloc_nodes;	%	cjump	O1--expand-div-rem-bits=0|O2--expand-div-rem-bits=0|O3--expand-div-rem-bits=0|Ofast--expand-div-rem-bits=0
ossl_cms_RecipientInfo_pwri_crypt	crypto/cms/cms_pwri.c	271	10	    olen *= blocklen;	*	cjump	O1--expand-div-rem-bits=0|O2--expand-div-rem-bits=0|O3--expand-div-rem-bits=0|Ofast--expand-div-rem-bits=0|Os--expand-div-rem-bits=0
kdf_scrypt_derive	providers/implementations/kdfs/scrypt.c	408	33	        j = X[16 * (2 * r - 1)] % N;	%	cjump	O1--expand-div-rem-bits=0|O1--expand-div-rem-bits=50|O2--expand-div-rem-bits=0|O2--expand-div-rem-bits=50|O3--expand-div-rem-bits=0|O3--expand-div-rem-bits=50|Ofast--expand-div-rem-bits=0|Ofast--expand-div-rem-bits=50|Os--expand-div-rem-bits=0|Os--expand-div-rem-bits=50|Oz--expand-div-rem-bits=0|Oz--expand-div-rem-bits=50
kmac_setkey	providers/implementations/macs/kmac_prov.c	632	28	    sz = (len + w - 1) / w * w;	*	cjump	O1--expand-div-rem-bits=0|O2--expand-div-rem-bits=0|O3--expand-div-rem-bits=0|Ofast--expand-div-rem-bits=0|Os--expand-div-rem-bits=0
kmac_init	providers/implementations/macs/kmac_prov.c	612	37	        *out_len = (sz + w - 1) / w * w;	*	cjump	O1--expand-div-rem-bits=0|O2--expand-div-rem-bits=0|O3--expand-div-rem-bits=0|Ofast--expand-div-rem-bits=0|Os--expand-div-rem-bits=0|Oz--expand-div-rem-bits=0
kmac_setkey	providers/implementations/macs/kmac_prov.c	612	37	        *out_len = (sz + w - 1) / w * w;	*	cjump	O1--expand-div-rem-bits=0|O2--expand-div-rem-bits=0|O3--expand-div-rem-bits=0|Ofast--expand-div-rem-bits=0|Os--expand-div-rem-bits=0|Oz--expand-div-rem-bits=0
ossl_asn1_time_to_tm	crypto/asn1/a_time.c	73	33	    tm->tm_wday = (d + (13 * m) / 5 + y + y / 4 + c / 4 + 5 * c + 6) % 7;	/	cjump	O1--expand-div-rem-bits=0|O2--expand-div-rem-bits=0|O3--expand-div-rem-bits=0|Ofast--expand-div-rem-bits=0|Os--expand-div-rem-bits=0|Oz--expand-div-rem-bits=0
dtls1_ctrl	ssl/d1_lib.c	110	43	    tv.tv_usec = (t.t % OSSL_TIME_SECOND) / OSSL_TIME_US;	/	cjump	O1--expand-div-rem-bits=0|O1--expand-div-rem-bits=50|O2--expand-div-rem-bits=0|O3--expand-div-rem-bits=0|Ofast--expand-div-rem-bits=0|Os--expand-div-rem-bits=0|Oz--expand-div-rem-bits=0
OPENSSL_LH_insert	crypto/lhash/lhash.c	335	19	        nn = hash % lh->num_alloc_nodes;	%	cjump	O1--expand-div-rem-bits=0|O2--expand-div-rem-bits=0|O3--expand-div-rem-bits=0|Ofast--expand-div-rem-bits=0
SSL_SESSION_print	ssl/ssl_txt.c	132	25	    return (time_t)(t.t / OSSL_TIME_SECOND);	/	cjump	O1--expand-div-rem-bits=0|O1--expand-div-rem-bits=50|O2--expand-div-rem-bits=0|O2--expand-div-rem-bits=50|O3--expand-div-rem-bits=0|O3--expand-div-rem-bits=50|Ofast--expand-div-rem-bits=0|Ofast--expand-div-rem-bits=50|Os--expand-div-rem-bits=0|Os--expand-div-rem-bits=50|Oz--expand-div-rem-bits=0|Oz--expand-div-rem-bits=50
SSL_SESSION_get_time_ex	ssl/ssl_sess.c	132	25	    return (time_t)(t.t / OSSL_TIME_SECOND);	/	cjump	O1--expand-div-rem-bits=0|O1--expand-div-rem-bits=50|O2--expand-div-rem-bits=0|O2--expand-div-rem-bits=50|O3--expand-div-rem-bits=0|O3--expand-div-rem-bits=50|Ofast--expand-div-rem-bits=0|Ofast--expand-div-rem-bits=50|Os--expand-div-rem-bits=0|Os--expand-div-rem-bits=50|Oz--expand-div-rem-bits=0|Oz--expand-div-rem-bits=50
sh_free	crypto/mem_sec.c	623	44	    bit = (ONE << list) + (ptr - sh.arena) / (sh.arena_size >> list);	/	cjump	O1--expand-div-rem-bits=0|O2--expand-div-rem-bits=0|O3--expand-div-rem-bits=0|Ofast--expand-div-rem-bits=0
ossl_quic_sstream_mark_acked	ssl/quic/quic_sstream.c	209	38	        size_t idx = r->ctail_offset % r->alloc;	%	cjump	O1--expand-div-rem-bits=0|O1--expand-div-rem-bits=50|O2--expand-div-rem-bits=0|O2--expand-div-rem-bits=50|O3--expand-div-rem-bits=0|O3--expand-div-rem-bits=50|Ofast--expand-div-rem-bits=0|Ofast--expand-div-rem-bits=50|Os--expand-div-rem-bits=0|Os--expand-div-rem-bits=50|Oz--expand-div-rem-bits=0|Oz--expand-div-rem-bits=50
OPENSSL_gmtime_adj	crypto/o_time.c	195	18	    j = (80 * L) / 2447;	/	cjump	O1--expand-div-rem-bits=0|O2--expand-div-rem-bits=0|O3--expand-div-rem-bits=0|Ofast--expand-div-rem-bits=0|Os--expand-div-rem-bits=0|Oz--expand-div-rem-bits=0
kdf_pkcs12_derive	providers/implementations/kdfs/pkcs12kdf.c	113	25	            B[j] = Ai[j % u];	%	cjump	O1--expand-div-rem-bits=0|O2--expand-div-rem-bits=0|O3--expand-div-rem-bits=0|Ofast--expand-div-rem-bits=0|Os--expand-div-rem-bits=0|Oz--expand-div-rem-bits=0
krb5kdf_derive	providers/implementations/kdfs/krb5kdf.c	307	36	    lcm = blocksize * constant_len / gcd;	/	cjump	O1--expand-div-rem-bits=0|O2--expand-div-rem-bits=0|O3--expand-div-rem-bits=0|Ofast--expand-div-rem-bits=0|Os--expand-div-rem-bits=0|Oz--expand-div-rem-bits=0
OPENSSL_gmtime_adj	crypto/o_time.c	189	22	    long n = (4 * L) / 146097;	/	cjump	O1--expand-div-rem-bits=0|O2--expand-div-rem-bits=0|O3--expand-div-rem-bits=0|Ofast--expand-div-rem-bits=0|Os--expand-div-rem-bits=0|Oz--expand-div-rem-bits=0
dgram_read	crypto/bio/bss_dgram.c	108	30	    tv.tv_sec = (time_t)(t.t / OSSL_TIME_SECOND);	/	cjump	O1--expand-div-rem-bits=0|O1--expand-div-rem-bits=50|O2--expand-div-rem-bits=0|O2--expand-div-rem-bits=50|O3--expand-div-rem-bits=0|O3--expand-div-rem-bits=50|Ofast--expand-div-rem-bits=0|Ofast--expand-div-rem-bits=50|Os--expand-div-rem-bits=0|Os--expand-div-rem-bits=50|Oz--expand-div-rem-bits=0|Oz--expand-div-rem-bits=50
ossl_quic_rstream_get_record	ssl/quic/quic_rstream.c	155	26	    idx = logical_offset % r->alloc;	%	cjump	O1--expand-div-rem-bits=0|O1--expand-div-rem-bits=50|O2--expand-div-rem-bits=0|O2--expand-div-rem-bits=50|O3--expand-div-rem-bits=0|O3--expand-div-rem-bits=50|Ofast--expand-div-rem-bits=0|Ofast--expand-div-rem-bits=50|Os--expand-div-rem-bits=0|Os--expand-div-rem-bits=50
OPENSSL_gmtime_diff	crypto/o_time.c	182	48	        (367 * (m - 2 - 12 * ((m - 14) / 12))) / 12 -	/	cjump	O1--expand-div-rem-bits=0|O2--expand-div-rem-bits=0|O3--expand-div-rem-bits=0|Ofast--expand-div-rem-bits=0
dtls1_start_timer	ssl/d1_lib.c	110	43	    tv.tv_usec = (t.t % OSSL_TIME_SECOND) / OSSL_TIME_US;	/	cjump	O1--expand-div-rem-bits=0|O1--expand-div-rem-bits=50|O2--expand-div-rem-bits=0|O3--expand-div-rem-bits=0|Ofast--expand-div-rem-bits=0|Os--expand-div-rem-bits=0
i2d_SSL_SESSION	ssl/ssl_asn1.c	132	25	    return (time_t)(t.t / OSSL_TIME_SECOND);	/	cjump	O1--expand-div-rem-bits=0|O1--expand-div-rem-bits=50|O2--expand-div-rem-bits=0|O2--expand-div-rem-bits=50|O3--expand-div-rem-bits=0|O3--expand-div-rem-bits=50|Ofast--expand-div-rem-bits=0|Ofast--expand-div-rem-bits=50|Os--expand-div-rem-bits=0|Os--expand-div-rem-bits=50|Oz--expand-div-rem-bits=0|Oz--expand-div-rem-bits=50
SSL_SESSION_get_time	ssl/ssl_sess.c	132	25	    return (time_t)(t.t / OSSL_TIME_SECOND);	/	cjump	O1--expand-div-rem-bits=0|O1--expand-div-rem-bits=50|O2--expand-div-rem-bits=0|O2--expand-div-rem-bits=50|O3--expand-div-rem-bits=0|O3--expand-div-rem-bits=50|Ofast--expand-div-rem-bits=0|Ofast--expand-div-rem-bits=50|Os--expand-div-rem-bits=0|Os--expand-div-rem-bits=50|Oz--expand-div-rem-bits=0|Oz--expand-div-rem-bits=50
sh_actual_size	crypto/mem_sec.c	347	51	    size_t bit = (sh.arena_size + ptr - sh.arena) / sh.minsize;	/	cjump	O1--expand-div-rem-bits=0|O2--expand-div-rem-bits=0|O3--expand-div-rem-bits=0|Ofast--expand-div-rem-bits=0
OPENSSL_LH_retrieve	crypto/lhash/lhash.c	335	19	        nn = hash % lh->num_alloc_nodes;	%	cjump	O1--expand-div-rem-bits=0|O2--expand-div-rem-bits=0|O3--expand-div-rem-bits=0|Ofast--expand-div-rem-bits=0
fill_segment	providers/implementations/kdfs/argon2.c	461	37	    abs_pos = (start_pos + rel_pos) % ctx->lane_length;	%	cjump	O1--expand-div-rem-bits=0|O1--expand-div-rem-bits=50|O2--expand-div-rem-bits=0|O2--expand-div-rem-bits=50|O3--expand-div-rem-bits=0|O3--expand-div-rem-bits=50|Ofast--expand-div-rem-bits=0|Ofast--expand-div-rem-bits=50|Os--expand-div-rem-bits=0|Os--expand-div-rem-bits=50|Oz--expand-div-rem-bits=0|Oz--expand-div-rem-bits=50
OPENSSL_gmtime_diff	crypto/o_time.c	183	42	        (3 * ((y + 4900 + (m - 14) / 12) / 100)) / 4 + d - 32075;	/	cjump	O1--expand-div-rem-bits=0|O2--expand-div-rem-bits=0|O3--expand-div-rem-bits=0|Ofast--expand-div-rem-bits=0
SSL_SESSION_get_timeout	ssl/ssl_sess.c	132	25	    return (time_t)(t.t / OSSL_TIME_SECOND);	/	cjump	O1--expand-div-rem-bits=0|O1--expand-div-rem-bits=50|O2--expand-div-rem-bits=0|O2--expand-div-rem-bits=50|O3--expand-div-rem-bits=0|O3--expand-div-rem-bits=50|Ofast--expand-div-rem-bits=0|Ofast--expand-div-rem-bits=50|Os--expand-div-rem-bits=0|Os--expand-div-rem-bits=50|Oz--expand-div-rem-bits=0|Oz--expand-div-rem-bits=50
ossl_quic_sstream_append	ssl/quic/quic_sstream.c	131	30	        idx = r->head_offset % r->alloc;	%	cjump	O1--expand-div-rem-bits=0|O1--expand-div-rem-bits=50|O2--expand-div-rem-bits=0|O2--expand-div-rem-bits=50|O3--expand-div-rem-bits=0|O3--expand-div-rem-bits=50|Ofast--expand-div-rem-bits=0|Ofast--expand-div-rem-bits=50|Os--expand-div-rem-bits=0|Os--expand-div-rem-bits=50
read_internal	ssl/quic/quic_rstream.c	155	26	    idx = logical_offset % r->alloc;	%	cjump	O1--expand-div-rem-bits=0|O1--expand-div-rem-bits=50|O2--expand-div-rem-bits=0|O2--expand-div-rem-bits=50|O3--expand-div-rem-bits=0|O3--expand-div-rem-bits=50|Ofast--expand-div-rem-bits=0|Ofast--expand-div-rem-bits=50|Os--expand-div-rem-bits=0|Os--expand-div-rem-bits=50
kdf_pkcs12_derive	providers/implementations/kdfs/pkcs12kdf.c	77	14	    Slen = v * ((saltlen + v - 1) / v);	*	cjump	O1--expand-div-rem-bits=0|O2--expand-div-rem-bits=0|O3--expand-div-rem-bits=0|Ofast--expand-div-rem-bits=0|Os--expand-div-rem-bits=0|Oz--expand-div-rem-bits=0
DH_generate_parameters_ex	crypto/dh/dh_gen.c	225	31	                   + 24) / 25 * 25;	*	cjump	O1--expand-div-rem-bits=0|O2--expand-div-rem-bits=0|O3--expand-div-rem-bits=0|Ofast--expand-div-rem-bits=0|Os--expand-div-rem-bits=0|Oz--expand-div-rem-bits=0
RSA_generate_multi_prime_key	crypto/rsa/rsa_gen.c	321	16	    quo = bits / primes;	/	cjump	O1--expand-div-rem-bits=0|O2--expand-div-rem-bits=0|Os--expand-div-rem-bits=0|Oz--expand-div-rem-bits=0
OPENSSL_gmtime_adj	crypto/o_time.c	140	29	    offset_day = offset_sec / SECS_PER_DAY;	/	cjump	O1--expand-div-rem-bits=0|O2--expand-div-rem-bits=0|O3--expand-div-rem-bits=0|Ofast--expand-div-rem-bits=0
OPENSSL_gmtime_adj	crypto/o_time.c	181	41	    return (1461 * (y + 4800 + (m - 14) / 12)) / 4 +	/	cjump	O1--expand-div-rem-bits=0|O2--expand-div-rem-bits=0|O3--expand-div-rem-bits=0|Ofast--expand-div-rem-bits=0
dgram_read	crypto/bio/bss_dgram.c	110	43	    tv.tv_usec = (t.t % OSSL_TIME_SECOND) / OSSL_TIME_US;	/	cjump	O1--expand-div-rem-bits=0|O1--expand-div-rem-bits=50|O2--expand-div-rem-bits=0|O3--expand-div-rem-bits=0|Ofast--expand-div-rem-bits=0|Os--expand-div-rem-bits=0|Oz--expand-div-rem-bits=0
ossl_quic_get_event_timeout	ssl/quic/quic_impl.c	110	43	    tv.tv_usec = (t.t % OSSL_TIME_SECOND) / OSSL_TIME_US;	/	cjump	O1--expand-div-rem-bits=0|O1--expand-div-rem-bits=50|O2--expand-div-rem-bits=0|O3--expand-div-rem-bits=0|Ofast--expand-div-rem-bits=0|Os--expand-div-rem-bits=0|Oz--expand-div-rem-bits=0
SCT_print	crypto/ct/ct_prn.c	44	71	                 ASN1_STRING_get0_data(gen), (unsigned int)(timestamp % 1000));	%	cjump	O1--expand-div-rem-bits=0|O1--expand-div-rem-bits=50|O2--expand-div-rem-bits=0|O2--expand-div-rem-bits=50|O3--expand-div-rem-bits=0|O3--expand-div-rem-bits=50|Ofast--expand-div-rem-bits=0|Ofast--expand-div-rem-bits=50|Os--expand-div-rem-bits=0|Os--expand-div-rem-bits=50|Oz--expand-div-rem-bits=0|Oz--expand-div-rem-bits=50
SCT_print	crypto/ct/ct_prn.c	37	46	                             (int)(timestamp / 86400000),	/	cjump	O1--expand-div-rem-bits=0|O1--expand-div-rem-bits=50|O2--expand-div-rem-bits=0|O2--expand-div-rem-bits=50|O3--expand-div-rem-bits=0|O3--expand-div-rem-bits=50|Ofast--expand-div-rem-bits=0|Ofast--expand-div-rem-bits=50|Os--expand-div-rem-bits=0|Os--expand-div-rem-bits=50|Oz--expand-div-rem-bits=0|Oz--expand-div-rem-bits=50
def_time_cb	crypto/ts/ts_rsp_sign.c	108	30	    tv.tv_sec = (time_t)(t.t / OSSL_TIME_SECOND);	/	cjump	O1--expand-div-rem-bits=0|O1--expand-div-rem-bits=50|O2--expand-div-rem-bits=0|O2--expand-div-rem-bits=50|O3--expand-div-rem-bits=0|O3--expand-div-rem-bits=50|Ofast--expand-div-rem-bits=0|Ofast--expand-div-rem-bits=50|Os--expand-div-rem-bits=0|Os--expand-div-rem-bits=50|Oz--expand-div-rem-bits=0|Oz--expand-div-rem-bits=50
ossl_synchronize_rcu	crypto/threads_pthread.c	400	39	        (lock->current_alloc_idx + 1) % lock->group_count;	%	cjump	O1--expand-div-rem-bits=0|O2--expand-div-rem-bits=0|O3--expand-div-rem-bits=0|Ofast--expand-div-rem-bits=0|Os--expand-div-rem-bits=0|Oz--expand-div-rem-bits=0
SCT_print	crypto/ct/ct_prn.c	38	53	                             (timestamp % 86400000) / 1000);	/	cjump	O1--expand-div-rem-bits=0|O1--expand-div-rem-bits=50|O2--expand-div-rem-bits=0|O3--expand-div-rem-bits=0|Ofast--expand-div-rem-bits=0|Os--expand-div-rem-bits=0|Oz--expand-div-rem-bits=0
ossl_punycode_decode	crypto/punycode.c	53	23	        delta = delta / (base - tmin);	/	cjump	O1--expand-div-rem-bits=0|O2--expand-div-rem-bits=0|O3--expand-div-rem-bits=0|Ofast--expand-div-rem-bits=0|Os--expand-div-rem-bits=0|Oz--expand-div-rem-bits=0
ssl3_mac	ssl/record/methods/ssl3_meth.c	235	27	    npad = (48 / md_size) * md_size;	*	cjump	O1--expand-div-rem-bits=0|O2--expand-div-rem-bits=0|O3--expand-div-rem-bits=0|Ofast--expand-div-rem-bits=0|Os--expand-div-rem-bits=0|Oz--expand-div-rem-bits=0
OPENSSL_gmtime_adj	crypto/o_time.c	183	42	        (3 * ((y + 4900 + (m - 14) / 12) / 100)) / 4 + d - 32075;	/	cjump	O1--expand-div-rem-bits=0|O2--expand-div-rem-bits=0|O3--expand-div-rem-bits=0|Ofast--expand-div-rem-bits=0
dtls1_ctrl	ssl/d1_lib.c	108	30	    tv.tv_sec = (time_t)(t.t / OSSL_TIME_SECOND);	/	cjump	O1--expand-div-rem-bits=0|O1--expand-div-rem-bits=50|O2--expand-div-rem-bits=0|O2--expand-div-rem-bits=50|O3--expand-div-rem-bits=0|O3--expand-div-rem-bits=50|Ofast--expand-div-rem-bits=0|Ofast--expand-div-rem-bits=50|Os--expand-div-rem-bits=0|Os--expand-div-rem-bits=50|Oz--expand-div-rem-bits=0|Oz--expand-div-rem-bits=50
kek_wrap_key	crypto/cms/cms_pwri.c	271	10	    olen *= blocklen;	*	cjump	O1--expand-div-rem-bits=0|O2--expand-div-rem-bits=0|O3--expand-div-rem-bits=0|Ofast--expand-div-rem-bits=0|Os--expand-div-rem-bits=0|Oz--expand-div-rem-bits=0
ossl_quic_get_event_timeout	ssl/quic/quic_impl.c	108	30	    tv.tv_sec = (time_t)(t.t / OSSL_TIME_SECOND);	/	cjump	O1--expand-div-rem-bits=0|O1--expand-div-rem-bits=50|O2--expand-div-rem-bits=0|O2--expand-div-rem-bits=50|O3--expand-div-rem-bits=0|O3--expand-div-rem-bits=50|Ofast--expand-div-rem-bits=0|Ofast--expand-div-rem-bits=50|Os--expand-div-rem-bits=0|Os--expand-div-rem-bits=50|Oz--expand-div-rem-bits=0|Oz--expand-div-rem-bits=50
OPENSSL_LH_delete	crypto/lhash/lhash.c	333	15	    nn = hash % lh->pmax;	%	cjump	O1--expand-div-rem-bits=0|O2--expand-div-rem-bits=0|O3--expand-div-rem-bits=0|Ofast--expand-div-rem-bits=0
def_time_cb	crypto/ts/ts_rsp_sign.c	110	43	    tv.tv_usec = (t.t % OSSL_TIME_SECOND) / OSSL_TIME_US;	/	cjump	O1--expand-div-rem-bits=0|O1--expand-div-rem-bits=50|O2--expand-div-rem-bits=0|O3--expand-div-rem-bits=0|Ofast--expand-div-rem-bits=0|Os--expand-div-rem-bits=0|Oz--expand-div-rem-bits=0
ossl_asn1_time_to_tm	crypto/asn1/a_time.c	73	53	    tm->tm_wday = (d + (13 * m) / 5 + y + y / 4 + c / 4 + 5 * c + 6) % 7;	/	cjump	O1--expand-div-rem-bits=0|O2--expand-div-rem-bits=0|O3--expand-div-rem-bits=0|Ofast--expand-div-rem-bits=0|Os--expand-div-rem-bits=0|Oz--expand-div-rem-bits=0
kdf_pkcs12_derive	providers/implementations/kdfs/pkcs12kdf.c	90	23	        *p++ = salt[i % saltlen];	%	cjump	O1--expand-div-rem-bits=0|O2--expand-div-rem-bits=0|O3--expand-div-rem-bits=0|Ofast--expand-div-rem-bits=0|Os--expand-div-rem-bits=0|Oz--expand-div-rem-bits=0
ossl_sha3_squeeze	crypto/sha/sha3.c	192	19	        len = bsz * (outlen / bsz);	*	cjump	O1--expand-div-rem-bits=0|O2--expand-div-rem-bits=0|O3--expand-div-rem-bits=0|Ofast--expand-div-rem-bits=0|Os--expand-div-rem-bits=0|Oz--expand-div-rem-bits=0
CRYPTO_secure_malloc	crypto/mem_sec.c	623	44	    bit = (ONE << list) + (ptr - sh.arena) / (sh.arena_size >> list);	/	cjump	O1--expand-div-rem-bits=0|O2--expand-div-rem-bits=0|O3--expand-div-rem-bits=0|Ofast--expand-div-rem-bits=0
sh_actual_size	crypto/mem_sec.c	365	45	    bit = (ONE << list) + ((ptr - sh.arena) / (sh.arena_size >> list));	/	cjump	O1--expand-div-rem-bits=0|O2--expand-div-rem-bits=0|O3--expand-div-rem-bits=0|Ofast--expand-div-rem-bits=0
krb5kdf_derive	providers/implementations/kdfs/krb5kdf.c	330	33	               | constant[rbyte % constant_len] >> rshift)	%	cjump	O1--expand-div-rem-bits=0|O2--expand-div-rem-bits=0|O3--expand-div-rem-bits=0|Ofast--expand-div-rem-bits=0|Oz--expand-div-rem-bits=0
OPENSSL_gmtime_adj	crypto/o_time.c	193	26	    i = (4000 * (L + 1)) / 1461001;	/	cjump	O1--expand-div-rem-bits=0|O2--expand-div-rem-bits=0|O3--expand-div-rem-bits=0|Ofast--expand-div-rem-bits=0|Os--expand-div-rem-bits=0|Oz--expand-div-rem-bits=0
krb5kdf_derive	providers/implementations/kdfs/krb5kdf.c	302	19	        tmp = gcd % remainder;	%	cjump	O1--expand-div-rem-bits=0|O2--expand-div-rem-bits=0|O3--expand-div-rem-bits=0|Ofast--expand-div-rem-bits=0|Os--expand-div-rem-bits=0|Oz--expand-div-rem-bits=0
dtls1_start_timer	ssl/d1_lib.c	108	30	    tv.tv_sec = (time_t)(t.t / OSSL_TIME_SECOND);	/	cjump	O1--expand-div-rem-bits=0|O1--expand-div-rem-bits=50|O2--expand-div-rem-bits=0|O2--expand-div-rem-bits=50|O3--expand-div-rem-bits=0|O3--expand-div-rem-bits=50|Ofast--expand-div-rem-bits=0|Ofast--expand-div-rem-bits=50|Os--expand-div-rem-bits=0|Os--expand-div-rem-bits=50
OPENSSL_LH_insert	crypto/lhash/lhash.c	333	15	    nn = hash % lh->pmax;	%	cjump	O1--expand-div-rem-bits=0|O2--expand-div-rem-bits=0|O3--expand-div-rem-bits=0|Ofast--expand-div-rem-bits=0
OPENSSL_LH_retrieve	crypto/lhash/lhash.c	333	15	    nn = hash % lh->pmax;	%	cjump	O1--expand-div-rem-bits=0|O2--expand-div-rem-bits=0|O3--expand-div-rem-bits=0|Ofast--expand-div-rem-bits=0
OPENSSL_gmtime_adj	crypto/o_time.c	196	25	    *d = L - (2447 * j) / 80;	/	cjump	O1--expand-div-rem-bits=0|O2--expand-div-rem-bits=0|O3--expand-div-rem-bits=0|Ofast--expand-div-rem-bits=0|Os--expand-div-rem-bits=0|Oz--expand-div-rem-bits=0
OPENSSL_gmtime_adj	crypto/o_time.c	197	11	    L = j / 11;	/	cjump	O1--expand-div-rem-bits=0|O2--expand-div-rem-bits=0|O3--expand-div-rem-bits=0|Ofast--expand-div-rem-bits=0|Os--expand-div-rem-bits=0|Oz--expand-div-rem-bits=0
sh_free	crypto/mem_sec.c	347	51	    size_t bit = (sh.arena_size + ptr - sh.arena) / sh.minsize;	/	cjump	O1--expand-div-rem-bits=0|O2--expand-div-rem-bits=0|O3--expand-div-rem-bits=0|Ofast--expand-div-rem-bits=0
OSSL_HTTP_proxy_connect	crypto/http/http_client.c	1406	17	    outl = (len / 3);	/	cjump	O1--expand-div-rem-bits=0|O2--expand-div-rem-bits=0|O3--expand-div-rem-bits=0|Ofast--expand-div-rem-bits=0|Os--expand-div-rem-bits=0|Oz--expand-div-rem-bits=0
krb5kdf_derive	providers/implementations/kdfs/krb5kdf.c	329	35	        tmp = (constant[(rbyte-1) % constant_len] << (8 - rshift)	%	cjump	O1--expand-div-rem-bits=0|Oz--expand-div-rem-bits=0
ossl_punycode_decode	crypto/punycode.c	57	45	    return k + (((base - tmin + 1) * delta) / (delta + skew));	/	cjump	O1--expand-div-rem-bits=0|O2--expand-div-rem-bits=0|O3--expand-div-rem-bits=0|Ofast--expand-div-rem-bits=0|Os--expand-div-rem-bits=0|Oz--expand-div-rem-bits=0
kdf_pkcs12_derive	providers/implementations/kdfs/pkcs12kdf.c	79	18	        Plen = v * ((passlen + v - 1) / v);	*	cjump	O1--expand-div-rem-bits=0|O2--expand-div-rem-bits=0|O3--expand-div-rem-bits=0|Ofast--expand-div-rem-bits=0|Os--expand-div-rem-bits=0|Oz--expand-div-rem-bits=0
sh_free	crypto/mem_sec.c	365	45	    bit = (ONE << list) + ((ptr - sh.arena) / (sh.arena_size >> list));	/	cjump	O1--expand-div-rem-bits=0|O2--expand-div-rem-bits=0|O3--expand-div-rem-bits=0|Ofast--expand-div-rem-bits=0
kdf_pkcs12_derive	providers/implementations/kdfs/pkcs12kdf.c	92	23	        *p++ = pass[i % passlen];	%	cjump	O1--expand-div-rem-bits=0|O2--expand-div-rem-bits=0|O3--expand-div-rem-bits=0|Ofast--expand-div-rem-bits=0|Os--expand-div-rem-bits=0|Oz--expand-div-rem-bits=0
IDEA_set_decrypt_key	crypto/idea/i_skey.c	105	26	            q = (n1 - r) / n2;	/	cjump	O1--expand-div-rem-bits=0|O2--expand-div-rem-bits=0|O3--expand-div-rem-bits=0|Ofast--expand-div-rem-bits=0|Os--expand-div-rem-bits=0
krb5kdf_derive	providers/implementations/kdfs/krb5kdf.c	321	27	        rotbits = 13 * (l / constant_len);	/	cjump	O1--expand-div-rem-bits=0|Oz--expand-div-rem-bits=0
ossl_asn1_time_to_tm	crypto/asn1/a_time.c	70	11	    c = y / 100;	/	cjump	O1--expand-div-rem-bits=0|O2--expand-div-rem-bits=0|O3--expand-div-rem-bits=0|Ofast--expand-div-rem-bits=0|Os--expand-div-rem-bits=0|Oz--expand-div-rem-bits=0
OPENSSL_gmtime_diff	crypto/o_time.c	181	41	    return (1461 * (y + 4800 + (m - 14) / 12)) / 4 +	/	cjump	O1--expand-div-rem-bits=0|O2--expand-div-rem-bits=0|O3--expand-div-rem-bits=0|Ofast--expand-div-rem-bits=0
ossl_asn1_time_to_tm	crypto/asn1/a_time.c	73	70	    tm->tm_wday = (d + (13 * m) / 5 + y + y / 4 + c / 4 + 5 * c + 6) % 7;	%	cjump	O1--expand-div-rem-bits=0|O2--expand-div-rem-bits=0|O3--expand-div-rem-bits=0|Ofast--expand-div-rem-bits=0|Os--expand-div-rem-bits=0|Oz--expand-div-rem-bits=0
krb5kdf_derive	providers/implementations/kdfs/krb5kdf.c	318	15	        b = l % blocksize;	%	cjump	O1--expand-div-rem-bits=0|O2--expand-div-rem-bits=0|O3--expand-div-rem-bits=0|Ofast--expand-div-rem-bits=0|Os--expand-div-rem-bits=0|Oz--expand-div-rem-bits=0
OPENSSL_gmtime_adj	crypto/o_time.c	182	48	        (367 * (m - 2 - 12 * ((m - 14) / 12))) / 12 -	/	cjump	O1--expand-div-rem-bits=0|O2--expand-div-rem-bits=0|O3--expand-div-rem-bits=0|Ofast--expand-div-rem-bits=0
openssl_digests	crypto/engine/eng_openssl.c	386	28	            digest_nids[pos++] = EVP_MD_get_type(md);	+	cjump	O1-ftrapv|O2-ftrapv|O3-ftrapv|Ofast-ftrapv|Os-ftrapv|Oz-ftrapv
EVP_MD_CTX_copy_ex	crypto/evp/digest.c	41	77	    *ret = atomic_fetch_add_explicit(&refcnt->val, 1, memory_order_relaxed) + 1;	+	cjump	O1-ftrapv|O2-ftrapv|O3-ftrapv|Ofast-ftrapv|Os-ftrapv|Oz-ftrapv
qc_try_create_default_xso_for_write	ssl/quic/quic_impl.c	64	77	    *ret = atomic_fetch_sub_explicit(&refcnt->val, 1, memory_order_release) - 1;	-	cjump	O1-ftrapv|O2-ftrapv|O3-ftrapv|Ofast-ftrapv
EVP_CIPHER_free	crypto/evp/evp_enc.c	64	77	    *ret = atomic_fetch_sub_explicit(&refcnt->val, 1, memory_order_release) - 1;	-	cjump	O1-ftrapv|O2-ftrapv|O3-ftrapv|Ofast-ftrapv|Os-ftrapv|Oz-ftrapv
up_ref_loader	crypto/store/store_meth.c	41	77	    *ret = atomic_fetch_add_explicit(&refcnt->val, 1, memory_order_relaxed) + 1;	+	cjump	O1-ftrapv|O2-ftrapv|O3-ftrapv|Ofast-ftrapv|Os-ftrapv|Oz-ftrapv
BIO_get_new_index	crypto/bio/bio_meth.c	41	77	    *ret = atomic_fetch_add_explicit(&refcnt->val, 1, memory_order_relaxed) + 1;	+	cjump	O1-ftrapv|O2-ftrapv|O3-ftrapv|Ofast-ftrapv|Os-ftrapv|Oz-ftrapv
ossl_ssl_init	ssl/ssl_lib.c	41	77	    *ret = atomic_fetch_add_explicit(&refcnt->val, 1, memory_order_relaxed) + 1;	+	cjump	O1-ftrapv|O2-ftrapv|O3-ftrapv|Ofast-ftrapv|Os-ftrapv|Oz-ftrapv
ossl_quic_get_peer_token	ssl/quic/quic_impl.c	64	77	    *ret = atomic_fetch_sub_explicit(&refcnt->val, 1, memory_order_release) - 1;	-	cjump	O1-ftrapv|O2-ftrapv|O3-ftrapv|Ofast-ftrapv
ossl_asn1_do_lock	crypto/asn1/tasn_utl.c	64	77	    *ret = atomic_fetch_sub_explicit(&refcnt->val, 1, memory_order_release) - 1;	-	cjump	O1-ftrapv|O2-ftrapv|O3-ftrapv|Ofast-ftrapv|Os-ftrapv|Oz-ftrapv
ossl_core_bio_new_from_bio	crypto/bio/ossl_core_bio.c	64	77	    *ret = atomic_fetch_sub_explicit(&refcnt->val, 1, memory_order_release) - 1;	-	cjump	O1-ftrapv|O2-ftrapv|O3-ftrapv|Ofast-ftrapv
free_loader	crypto/store/store_meth.c	64	77	    *ret = atomic_fetch_sub_explicit(&refcnt->val, 1, memory_order_release) - 1;	-	cjump	O1-ftrapv|O2-ftrapv|O3-ftrapv|Ofast-ftrapv
EVP_KEYMGMT_free	crypto/evp/keymgmt_meth.c	64	77	    *ret = atomic_fetch_sub_explicit(&refcnt->val, 1, memory_order_release) - 1;	-	cjump	O1-ftrapv|O2-ftrapv|O3-ftrapv|Ofast-ftrapv|Os-ftrapv|Oz-ftrapv
SSL_get1_session	ssl/ssl_sess.c	41	77	    *ret = atomic_fetch_add_explicit(&refcnt->val, 1, memory_order_relaxed) + 1;	+	cjump	O1-ftrapv|O2-ftrapv|O3-ftrapv|Ofast-ftrapv|Os-ftrapv|Oz-ftrapv
qc_wait_for_default_xso_for_read	ssl/quic/quic_impl.c	64	77	    *ret = atomic_fetch_sub_explicit(&refcnt->val, 1, memory_order_release) - 1;	-	cjump	O1-ftrapv|O2-ftrapv|O3-ftrapv|Ofast-ftrapv
BIO_free	crypto/bio/bio_lib.c	64	77	    *ret = atomic_fetch_sub_explicit(&refcnt->val, 1, memory_order_release) - 1;	-	cjump	O1-ftrapv|O2-ftrapv|O3-ftrapv|Ofast-ftrapv|Os-ftrapv|Oz-ftrapv
evp_pkey_signature_init	crypto/evp/signature.c	64	77	    *ret = atomic_fetch_sub_explicit(&refcnt->val, 1, memory_order_release) - 1;	-	cjump	O1-ftrapv|O2-ftrapv|O3-ftrapv|Ofast-ftrapv
evp_md_init_internal	crypto/evp/digest.c	64	77	    *ret = atomic_fetch_sub_explicit(&refcnt->val, 1, memory_order_release) - 1;	-	cjump	O1-ftrapv|O2-ftrapv|O3-ftrapv|Ofast-ftrapv
construct_loader	crypto/store/store_meth.c	64	77	    *ret = atomic_fetch_sub_explicit(&refcnt->val, 1, memory_order_release) - 1;	-	cjump	O1-ftrapv|O2-ftrapv|O3-ftrapv|Ofast-ftrapv
BIO_up_ref	crypto/bio/bio_lib.c	41	77	    *ret = atomic_fetch_add_explicit(&refcnt->val, 1, memory_order_relaxed) + 1;	+	cjump	O1-ftrapv|O2-ftrapv|O3-ftrapv|Ofast-ftrapv|Os-ftrapv|Oz-ftrapv
DSO_up_ref	crypto/dso/dso_lib.c	41	77	    *ret = atomic_fetch_add_explicit(&refcnt->val, 1, memory_order_relaxed) + 1;	+	cjump	O1-ftrapv|O2-ftrapv|O3-ftrapv|Ofast-ftrapv|Os-ftrapv|Oz-ftrapv
EVP_SKEY_to_provider	crypto/evp/s_lib.c	41	77	    *ret = atomic_fetch_add_explicit(&refcnt->val, 1, memory_order_relaxed) + 1;	+	cjump	O1-ftrapv|O2-ftrapv|O3-ftrapv|Ofast-ftrapv|Os-ftrapv|Oz-ftrapv
lookup_sess_in_cache	ssl/ssl_sess.c	41	77	    *ret = atomic_fetch_add_explicit(&refcnt->val, 1, memory_order_relaxed) + 1;	+	cjump	O1-ftrapv|O2-ftrapv|O3-ftrapv|Ofast-ftrapv|Os-ftrapv|Oz-ftrapv
DSO_free	crypto/dso/dso_lib.c	64	77	    *ret = atomic_fetch_sub_explicit(&refcnt->val, 1, memory_order_release) - 1;	-	cjump	O1-ftrapv|O2-ftrapv|O3-ftrapv|Ofast-ftrapv|Os-ftrapv|Oz-ftrapv
SSL_CTX_free	ssl/ssl_lib.c	64	77	    *ret = atomic_fetch_sub_explicit(&refcnt->val, 1, memory_order_release) - 1;	-	cjump	O1-ftrapv|O2-ftrapv|O3-ftrapv|Ofast-ftrapv|Os-ftrapv|Oz-ftrapv
core_provider_up_ref_intern	crypto/provider_core.c	41	77	    *ret = atomic_fetch_add_explicit(&refcnt->val, 1, memory_order_relaxed) + 1;	+	cjump	O1-ftrapv|O2-ftrapv|O3-ftrapv|Ofast-ftrapv
evp_cipher_init_internal	crypto/evp/evp_enc.c	64	77	    *ret = atomic_fetch_sub_explicit(&refcnt->val, 1, memory_order_release) - 1;	-	cjump	O1-ftrapv|O2-ftrapv|O3-ftrapv|Ofast-ftrapv
ENGINE_get_prev	crypto/engine/eng_list.c	41	77	    *ret = atomic_fetch_add_explicit(&refcnt->val, 1, memory_order_relaxed) + 1;	+	cjump	O1-ftrapv|O2-ftrapv|O3-ftrapv|Ofast-ftrapv|Os-ftrapv|Oz-ftrapv
ERR_new	crypto/err/err_blocks.c	16	24	    es->top = (es->top + 1) % ERR_NUM_ERRORS;	+	cjump	O1-ftrapv|O2-ftrapv|O3-ftrapv|Ofast-ftrapv|Os-ftrapv|Oz-ftrapv
openssl_ciphers	crypto/engine/eng_openssl.c	288	28	            cipher_nids[pos++] = EVP_CIPHER_get_nid(cipher);	+	cjump	O1-ftrapv|O2-ftrapv|O3-ftrapv|Ofast-ftrapv|Os-ftrapv|Oz-ftrapv
evp_rand_from_algorithm	crypto/evp/evp_rand.c	64	77	    *ret = atomic_fetch_sub_explicit(&refcnt->val, 1, memory_order_release) - 1;	-	cjump	O1-ftrapv|O2-ftrapv|O3-ftrapv|Ofast-ftrapv
EVP_CIPHER_CTX_reset	crypto/evp/evp_enc.c	64	77	    *ret = atomic_fetch_sub_explicit(&refcnt->val, 1, memory_order_release) - 1;	-	cjump	O1-ftrapv|O2-ftrapv|O3-ftrapv|Ofast-ftrapv
EVP_SIGNATURE_free	crypto/evp/signature.c	64	77	    *ret = atomic_fetch_sub_explicit(&refcnt->val, 1, memory_order_release) - 1;	-	cjump	O1-ftrapv|O2-ftrapv|O3-ftrapv|Ofast-ftrapv|Os-ftrapv|Oz-ftrapv
ENGINE_get_last	crypto/engine/eng_list.c	41	77	    *ret = atomic_fetch_add_explicit(&refcnt->val, 1, memory_order_relaxed) + 1;	+	cjump	O1-ftrapv|O2-ftrapv|O3-ftrapv|Ofast-ftrapv|Os-ftrapv|Oz-ftrapv
EC_KEY_up_ref	crypto/ec/ec_key.c	41	77	    *ret = atomic_fetch_add_explicit(&refcnt->val, 1, memory_order_relaxed) + 1;	+	cjump	O1-ftrapv|O2-ftrapv|O3-ftrapv|Ofast-ftrapv|Os-ftrapv|Oz-ftrapv
ossl_ecx_key_up_ref	crypto/ec/ecx_key.c	41	77	    *ret = atomic_fetch_add_explicit(&refcnt->val, 1, memory_order_relaxed) + 1;	+	cjump	O1-ftrapv|O2-ftrapv|O3-ftrapv|Ofast-ftrapv|Os-ftrapv|Oz-ftrapv
SSL_up_ref	ssl/ssl_lib.c	41	77	    *ret = atomic_fetch_add_explicit(&refcnt->val, 1, memory_order_relaxed) + 1;	+	cjump	O1-ftrapv|O2-ftrapv|O3-ftrapv|Ofast-ftrapv|Os-ftrapv|Oz-ftrapv
openssl_ciphers	crypto/engine/eng_openssl.c	290	28	            cipher_nids[pos++] = EVP_CIPHER_get_nid(cipher);	+	cjump	O1-ftrapv|O2-ftrapv|O3-ftrapv|Ofast-ftrapv|Os-ftrapv|Oz-ftrapv
evp_cipher_from_algorithm	crypto/evp/evp_enc.c	64	77	    *ret = atomic_fetch_sub_explicit(&refcnt->val, 1, memory_order_release) - 1;	-	cjump	O1-ftrapv|O2-ftrapv|O3-ftrapv|Ofast-ftrapv
EC_ec_pre_comp_free	crypto/ec/ec_mult.c	64	77	    *ret = atomic_fetch_sub_explicit(&refcnt->val, 1, memory_order_release) - 1;	-	cjump	O1-ftrapv|O2-ftrapv|O3-ftrapv|Ofast-ftrapv|Os-ftrapv|Oz-ftrapv
SSL_CTX_up_ref	ssl/ssl_lib.c	41	77	    *ret = atomic_fetch_add_explicit(&refcnt->val, 1, memory_order_relaxed) + 1;	+	cjump	O1-ftrapv|O2-ftrapv|O3-ftrapv|Ofast-ftrapv|Os-ftrapv|Oz-ftrapv
ossl_provider_doall_activated	crypto/provider_core.c	64	77	    *ret = atomic_fetch_sub_explicit(&refcnt->val, 1, memory_order_release) - 1;	-	cjump	O1-ftrapv|O2-ftrapv|O3-ftrapv|Ofast-ftrapv|Os-ftrapv|Oz-ftrapv
ossl_core_bio_free	crypto/bio/ossl_core_bio.c	64	77	    *ret = atomic_fetch_sub_explicit(&refcnt->val, 1, memory_order_release) - 1;	-	cjump	O1-ftrapv|O2-ftrapv|O3-ftrapv|Ofast-ftrapv|Os-ftrapv|Oz-ftrapv
EVP_KEYEXCH_free	crypto/evp/exchange.c	64	77	    *ret = atomic_fetch_sub_explicit(&refcnt->val, 1, memory_order_release) - 1;	-	cjump	O1-ftrapv|O2-ftrapv|O3-ftrapv|Ofast-ftrapv|Os-ftrapv|Oz-ftrapv
ssl_cert_free	ssl/ssl_cert.c	64	77	    *ret = atomic_fetch_sub_explicit(&refcnt->val, 1, memory_order_release) - 1;	-	cjump	O1-ftrapv|O2-ftrapv|O3-ftrapv|Ofast-ftrapv|Os-ftrapv|Oz-ftrapv
EVP_MD_up_ref	crypto/evp/digest.c	41	77	    *ret = atomic_fetch_add_explicit(&refcnt->val, 1, memory_order_relaxed) + 1;	+	cjump	O1-ftrapv|O2-ftrapv|O3-ftrapv|Ofast-ftrapv|Os-ftrapv|Oz-ftrapv
cmp_main	apps/cmp.c	3756	9	        goto err;	g	cjump	O1--disable-cgp|O1--disable-machine-licm|O1--greedy-reverse-local-assignment|O1--pre-RA-sched=list-burr|O1--pre-RA-sched=source|O1--rotation-max-header-size=0|O1-ftrapv|O2--simplifycfg-branch-fold-threshold=0|O3--regalloc=basic|O3--scalar-evolution-huge-expr-threshold=0|O3--scev-cheap-expansion-budget=0|Ofast--regalloc=basic|Ofast--scalar-evolution-huge-expr-threshold=0|Ofast--scev-cheap-expansion-budget=0
ossl_quic_free_peer_token	ssl/quic/quic_impl.c	64	77	    *ret = atomic_fetch_sub_explicit(&refcnt->val, 1, memory_order_release) - 1;	-	cjump	O1-ftrapv|O2-ftrapv|O3-ftrapv|Ofast-ftrapv|Os-ftrapv|Oz-ftrapv
ENGINE_get_next	crypto/engine/eng_list.c	41	77	    *ret = atomic_fetch_add_explicit(&refcnt->val, 1, memory_order_relaxed) + 1;	+	cjump	O1-ftrapv|O2-ftrapv|O3-ftrapv|Ofast-ftrapv|Os-ftrapv|Oz-ftrapv
EVP_SKEY_free	crypto/evp/s_lib.c	64	77	    *ret = atomic_fetch_sub_explicit(&refcnt->val, 1, memory_order_release) - 1;	-	cjump	O1-ftrapv|O2-ftrapv|O3-ftrapv|Ofast-ftrapv|Os-ftrapv|Oz-ftrapv
evp_rand_free	crypto/evp/evp_rand.c	64	77	    *ret = atomic_fetch_sub_explicit(&refcnt->val, 1, memory_order_release) - 1;	-	cjump	O1-ftrapv|O2-ftrapv|O3-ftrapv|Ofast-ftrapv|Os-ftrapv|Oz-ftrapv
EVP_SKEY_generate	crypto/evp/s_lib.c	64	77	    *ret = atomic_fetch_sub_explicit(&refcnt->val, 1, memory_order_release) - 1;	-	cjump	O1-ftrapv|O2-ftrapv|O3-ftrapv|Ofast-ftrapv
SSL_set_session	ssl/ssl_sess.c	41	77	    *ret = atomic_fetch_add_explicit(&refcnt->val, 1, memory_order_relaxed) + 1;	+	cjump	O1-ftrapv|O2-ftrapv|O3-ftrapv|Ofast-ftrapv|Os-ftrapv|Oz-ftrapv
ENGINE_add	crypto/engine/eng_list.c	41	77	    *ret = atomic_fetch_add_explicit(&refcnt->val, 1, memory_order_relaxed) + 1;	+	cjump	O1-ftrapv|O2-ftrapv|O3-ftrapv|Ofast-ftrapv|Os-ftrapv|Oz-ftrapv
evp_cipher_free	crypto/evp/evp_enc.c	64	77	    *ret = atomic_fetch_sub_explicit(&refcnt->val, 1, memory_order_release) - 1;	-	cjump	O1-ftrapv|O2-ftrapv|O3-ftrapv|Ofast-ftrapv
ossl_provider_find	crypto/provider_core.c	41	77	    *ret = atomic_fetch_add_explicit(&refcnt->val, 1, memory_order_relaxed) + 1;	+	cjump	O1-ftrapv|O2-ftrapv|O3-ftrapv|Ofast-ftrapv
EVP_PKEY_free	crypto/evp/p_lib.c	64	77	    *ret = atomic_fetch_sub_explicit(&refcnt->val, 1, memory_order_release) - 1;	-	cjump	O1-ftrapv|O2-ftrapv|O3-ftrapv|Ofast-ftrapv|Os-ftrapv|Oz-ftrapv
EVP_KDF_free	crypto/evp/kdf_meth.c	64	77	    *ret = atomic_fetch_sub_explicit(&refcnt->val, 1, memory_order_release) - 1;	-	cjump	O1-ftrapv|O2-ftrapv|O3-ftrapv|Ofast-ftrapv
DH_free	crypto/dh/dh_lib.c	64	77	    *ret = atomic_fetch_sub_explicit(&refcnt->val, 1, memory_order_release) - 1;	-	cjump	O1-ftrapv|O2-ftrapv|O3-ftrapv|Ofast-ftrapv|Os-ftrapv|Oz-ftrapv
EVP_SKEY_import	crypto/evp/s_lib.c	64	77	    *ret = atomic_fetch_sub_explicit(&refcnt->val, 1, memory_order_release) - 1;	-	cjump	O1-ftrapv|O2-ftrapv|O3-ftrapv|Ofast-ftrapv
EVP_PKEY_up_ref	crypto/evp/p_lib.c	41	77	    *ret = atomic_fetch_add_explicit(&refcnt->val, 1, memory_order_relaxed) + 1;	+	cjump	O1-ftrapv|O2-ftrapv|O3-ftrapv|Ofast-ftrapv|Os-ftrapv|Oz-ftrapv
ossl_quic_attach_stream	ssl/quic/quic_impl.c	64	77	    *ret = atomic_fetch_sub_explicit(&refcnt->val, 1, memory_order_release) - 1;	-	cjump	O1-ftrapv|O2-ftrapv|O3-ftrapv|Ofast-ftrapv
ossl_mac_key_free	providers/implementations/keymgmt/mac_legacy_kmgmt.c	64	77	    *ret = atomic_fetch_sub_explicit(&refcnt->val, 1, memory_order_release) - 1;	-	cjump	O1-ftrapv|O2-ftrapv|O3-ftrapv|Ofast-ftrapv|Os-ftrapv|Oz-ftrapv
ossl_quic_get_peer_token	ssl/quic/quic_impl.c	41	77	    *ret = atomic_fetch_add_explicit(&refcnt->val, 1, memory_order_relaxed) + 1;	+	cjump	O1-ftrapv|O2-ftrapv|O3-ftrapv|Ofast-ftrapv|Os-ftrapv|Oz-ftrapv
EVP_MD_CTX_copy_ex	crypto/evp/digest.c	64	77	    *ret = atomic_fetch_sub_explicit(&refcnt->val, 1, memory_order_release) - 1;	-	cjump	O1-ftrapv|O2-ftrapv|O3-ftrapv|Ofast-ftrapv
OSSL_STORE_LOADER_up_ref	crypto/store/store_meth.c	41	77	    *ret = atomic_fetch_add_explicit(&refcnt->val, 1, memory_order_relaxed) + 1;	+	cjump	O1-ftrapv|O2-ftrapv|O3-ftrapv|Ofast-ftrapv|Os-ftrapv|Oz-ftrapv
evp_kdf_free	crypto/evp/kdf_meth.c	64	77	    *ret = atomic_fetch_sub_explicit(&refcnt->val, 1, memory_order_release) - 1;	-	cjump	O1-ftrapv|O2-ftrapv|O3-ftrapv|Ofast-ftrapv|Os-ftrapv|Oz-ftrapv
kdf_freedata	providers/implementations/keymgmt/kdf_legacy_kmgmt.c	64	77	    *ret = atomic_fetch_sub_explicit(&refcnt->val, 1, memory_order_release) - 1;	-	cjump	O1-ftrapv|O2-ftrapv|O3-ftrapv|Ofast-ftrapv
EVP_CipherInit_SKEY	crypto/evp/evp_enc.c	64	77	    *ret = atomic_fetch_sub_explicit(&refcnt->val, 1, memory_order_release) - 1;	-	cjump	O1-ftrapv
ENGINE_add	crypto/engine/eng_list.c	64	77	    *ret = atomic_fetch_sub_explicit(&refcnt->val, 1, memory_order_release) - 1;	-	cjump	O1-ftrapv|O2-ftrapv|O3-ftrapv|Ofast-ftrapv|Os-ftrapv|Oz-ftrapv
free_this_token	ssl/quic/quic_impl.c	64	77	    *ret = atomic_fetch_sub_explicit(&refcnt->val, 1, memory_order_release) - 1;	-	cjump	O1-ftrapv|O2-ftrapv|O3-ftrapv|Ofast-ftrapv
ossl_provider_free	crypto/provider_core.c	64	77	    *ret = atomic_fetch_sub_explicit(&refcnt->val, 1, memory_order_release) - 1;	-	cjump	O1-ftrapv|O2-ftrapv|O3-ftrapv|Ofast-ftrapv|Os-ftrapv|Oz-ftrapv
SSL_dup	ssl/ssl_lib.c	41	77	    *ret = atomic_fetch_add_explicit(&refcnt->val, 1, memory_order_relaxed) + 1;	+	cjump	O1-ftrapv|O2-ftrapv|O3-ftrapv|Ofast-ftrapv|Os-ftrapv|Oz-ftrapv
keymgmt_from_algorithm	crypto/evp/keymgmt_meth.c	64	77	    *ret = atomic_fetch_sub_explicit(&refcnt->val, 1, memory_order_release) - 1;	-	cjump	O1-ftrapv|O2-ftrapv|O3-ftrapv|Ofast-ftrapv
EVP_SKEYMGMT_free	crypto/evp/skeymgmt_meth.c	64	77	    *ret = atomic_fetch_sub_explicit(&refcnt->val, 1, memory_order_release) - 1;	-	cjump	O1-ftrapv|O2-ftrapv|O3-ftrapv|Ofast-ftrapv|Os-ftrapv|Oz-ftrapv
DSA_up_ref	crypto/dsa/dsa_lib.c	41	77	    *ret = atomic_fetch_add_explicit(&refcnt->val, 1, memory_order_relaxed) + 1;	+	cjump	O1-ftrapv|O2-ftrapv|O3-ftrapv|Ofast-ftrapv|Os-ftrapv|Oz-ftrapv
EVP_SKEY_up_ref	crypto/evp/s_lib.c	41	77	    *ret = atomic_fetch_add_explicit(&refcnt->val, 1, memory_order_relaxed) + 1;	+	cjump	O1-ftrapv|O2-ftrapv|O3-ftrapv|Ofast-ftrapv|Os-ftrapv|Oz-ftrapv
RSA_up_ref	crypto/rsa/rsa_lib.c	41	77	    *ret = atomic_fetch_add_explicit(&refcnt->val, 1, memory_order_relaxed) + 1;	+	cjump	O1-ftrapv|O2-ftrapv|O3-ftrapv|Ofast-ftrapv|Os-ftrapv|Oz-ftrapv
evp_signature_free	crypto/evp/signature.c	64	77	    *ret = atomic_fetch_sub_explicit(&refcnt->val, 1, memory_order_release) - 1;	-	cjump	O1-ftrapv|O2-ftrapv|O3-ftrapv|Ofast-ftrapv
ENGINE_by_id	crypto/engine/eng_list.c	41	77	    *ret = atomic_fetch_add_explicit(&refcnt->val, 1, memory_order_relaxed) + 1;	+	cjump	O1-ftrapv|O2-ftrapv|O3-ftrapv|Ofast-ftrapv|Os-ftrapv|Oz-ftrapv
evp_kem_init	crypto/evp/kem.c	64	77	    *ret = atomic_fetch_sub_explicit(&refcnt->val, 1, memory_order_release) - 1;	-	cjump	O1-ftrapv|O2-ftrapv|O3-ftrapv|Ofast-ftrapv
EC_KEY_free	crypto/ec/ec_key.c	64	77	    *ret = atomic_fetch_sub_explicit(&refcnt->val, 1, memory_order_release) - 1;	-	cjump	O1-ftrapv|O2-ftrapv|O3-ftrapv|Ofast-ftrapv|Os-ftrapv|Oz-ftrapv
X509_STORE_free	crypto/x509/x509_lu.c	64	77	    *ret = atomic_fetch_sub_explicit(&refcnt->val, 1, memory_order_release) - 1;	-	cjump	O1-ftrapv|O2-ftrapv|O3-ftrapv|Ofast-ftrapv|Os-ftrapv|Oz-ftrapv
evp_md_ctx_clear_digest	crypto/evp/digest.c	64	77	    *ret = atomic_fetch_sub_explicit(&refcnt->val, 1, memory_order_release) - 1;	-	cjump	O1-ftrapv|O2-ftrapv|O3-ftrapv|Ofast-ftrapv
evp_md_up_ref	crypto/evp/digest.c	41	77	    *ret = atomic_fetch_add_explicit(&refcnt->val, 1, memory_order_relaxed) + 1;	+	cjump	O1-ftrapv|O2-ftrapv|O3-ftrapv|Ofast-ftrapv|Os-ftrapv|Oz-ftrapv
ENGINE_get_first	crypto/engine/eng_list.c	41	77	    *ret = atomic_fetch_add_explicit(&refcnt->val, 1, memory_order_relaxed) + 1;	+	cjump	O1-ftrapv|O2-ftrapv|O3-ftrapv|Ofast-ftrapv|Os-ftrapv|Oz-ftrapv
ossl_quic_free_token_store	ssl/quic/quic_impl.c	64	77	    *ret = atomic_fetch_sub_explicit(&refcnt->val, 1, memory_order_release) - 1;	-	cjump	O1-ftrapv|O2-ftrapv|O3-ftrapv|Ofast-ftrapv|Os-ftrapv|Oz-ftrapv
EVP_RAND_up_ref	crypto/evp/evp_rand.c	41	77	    *ret = atomic_fetch_add_explicit(&refcnt->val, 1, memory_order_relaxed) + 1;	+	cjump	O1-ftrapv|O2-ftrapv|O3-ftrapv|Ofast-ftrapv|Os-ftrapv|Oz-ftrapv
EVP_RAND_CTX_free	crypto/evp/evp_rand.c	64	77	    *ret = atomic_fetch_sub_explicit(&refcnt->val, 1, memory_order_release) - 1;	-	cjump	O1-ftrapv|O2-ftrapv|O3-ftrapv|Ofast-ftrapv|Os-ftrapv|Oz-ftrapv
SSL_SESSION_up_ref	ssl/ssl_sess.c	41	77	    *ret = atomic_fetch_add_explicit(&refcnt->val, 1, memory_order_relaxed) + 1;	+	cjump	O1-ftrapv|O2-ftrapv|O3-ftrapv|Ofast-ftrapv|Os-ftrapv|Oz-ftrapv
ossl_provider_add_to_store	crypto/provider_core.c	41	77	    *ret = atomic_fetch_add_explicit(&refcnt->val, 1, memory_order_relaxed) + 1;	+	cjump	O1-ftrapv|O2-ftrapv|O3-ftrapv|Ofast-ftrapv
mac_gen	providers/implementations/keymgmt/mac_legacy_kmgmt.c	64	77	    *ret = atomic_fetch_sub_explicit(&refcnt->val, 1, memory_order_release) - 1;	-	cjump	O1-ftrapv|O2-ftrapv|O3-ftrapv|Ofast-ftrapv
EVP_RAND_free	crypto/evp/evp_rand.c	64	77	    *ret = atomic_fetch_sub_explicit(&refcnt->val, 1, memory_order_release) - 1;	-	cjump	O1-ftrapv|O2-ftrapv|O3-ftrapv|Ofast-ftrapv
ossl_quic_set_peer_token	ssl/quic/quic_impl.c	64	77	    *ret = atomic_fetch_sub_explicit(&refcnt->val, 1, memory_order_release) - 1;	-	cjump	O1-ftrapv|O2-ftrapv|O3-ftrapv|Ofast-ftrapv
ossl_ssl_connection_new_int	ssl/ssl_lib.c	64	77	    *ret = atomic_fetch_sub_explicit(&refcnt->val, 1, memory_order_release) - 1;	-	cjump	O1-ftrapv|O2-ftrapv|O3-ftrapv|Ofast-ftrapv
ENGINE_up_ref	crypto/engine/eng_list.c	41	77	    *ret = atomic_fetch_add_explicit(&refcnt->val, 1, memory_order_relaxed) + 1;	+	cjump	O1-ftrapv|O2-ftrapv|O3-ftrapv|Ofast-ftrapv|Os-ftrapv|Oz-ftrapv
evp_md_from_algorithm	crypto/evp/digest.c	64	77	    *ret = atomic_fetch_sub_explicit(&refcnt->val, 1, memory_order_release) - 1;	-	cjump	O1-ftrapv|O2-ftrapv|O3-ftrapv|Ofast-ftrapv
destruct_loader	crypto/store/store_meth.c	64	77	    *ret = atomic_fetch_sub_explicit(&refcnt->val, 1, memory_order_release) - 1;	-	cjump	O1-ftrapv|O2-ftrapv|O3-ftrapv|Ofast-ftrapv
ossl_provider_doall_activated	crypto/provider_core.c	41	77	    *ret = atomic_fetch_add_explicit(&refcnt->val, 1, memory_order_relaxed) + 1;	+	cjump	O1-ftrapv|O2-ftrapv|O3-ftrapv|Ofast-ftrapv|Os-ftrapv|Oz-ftrapv
evp_md_free	crypto/evp/digest.c	64	77	    *ret = atomic_fetch_sub_explicit(&refcnt->val, 1, memory_order_release) - 1;	-	cjump	O1-ftrapv|O2-ftrapv|O3-ftrapv|Ofast-ftrapv
EVP_PKEY_derive_init_ex	crypto/evp/exchange.c	64	77	    *ret = atomic_fetch_sub_explicit(&refcnt->val, 1, memory_order_release) - 1;	-	cjump	O1-ftrapv|O2-ftrapv|O3-ftrapv|Ofast-ftrapv
EVP_KEM_free	crypto/evp/kem.c	64	77	    *ret = atomic_fetch_sub_explicit(&refcnt->val, 1, memory_order_release) - 1;	-	cjump	O1-ftrapv|O2-ftrapv|O3-ftrapv|Ofast-ftrapv|Os-ftrapv|Oz-ftrapv
mac_free	providers/implementations/keymgmt/mac_legacy_kmgmt.c	64	77	    *ret = atomic_fetch_sub_explicit(&refcnt->val, 1, memory_order_release) - 1;	-	cjump	O1-ftrapv|O2-ftrapv|O3-ftrapv|Ofast-ftrapv
EVP_MD_free	crypto/evp/digest.c	64	77	    *ret = atomic_fetch_sub_explicit(&refcnt->val, 1, memory_order_release) - 1;	-	cjump	O1-ftrapv|O2-ftrapv|O3-ftrapv|Ofast-ftrapv|Os-ftrapv|Oz-ftrapv
evp_rand_up_ref	crypto/evp/evp_rand.c	41	77	    *ret = atomic_fetch_add_explicit(&refcnt->val, 1, memory_order_relaxed) + 1;	+	cjump	O1-ftrapv|O2-ftrapv|O3-ftrapv|Ofast-ftrapv|Os-ftrapv|Oz-ftrapv
ossl_provider_up_ref	crypto/provider_core.c	41	77	    *ret = atomic_fetch_add_explicit(&refcnt->val, 1, memory_order_relaxed) + 1;	+	cjump	O1-ftrapv|O2-ftrapv|O3-ftrapv|Ofast-ftrapv|Os-ftrapv|Oz-ftrapv
X509_up_ref	crypto/x509/x509_set.c	41	77	    *ret = atomic_fetch_add_explicit(&refcnt->val, 1, memory_order_relaxed) + 1;	+	cjump	O1-ftrapv|O2-ftrapv|O3-ftrapv|Ofast-ftrapv|Os-ftrapv|Oz-ftrapv
ossl_kdf_data_free	providers/implementations/keymgmt/kdf_legacy_kmgmt.c	64	77	    *ret = atomic_fetch_sub_explicit(&refcnt->val, 1, memory_order_release) - 1;	-	cjump	O1-ftrapv|O2-ftrapv|O3-ftrapv|Ofast-ftrapv|Os-ftrapv|Oz-ftrapv
EVP_RAND_CTX_new	crypto/evp/evp_rand.c	41	77	    *ret = atomic_fetch_add_explicit(&refcnt->val, 1, memory_order_relaxed) + 1;	+	cjump	O1-ftrapv|O2-ftrapv|O3-ftrapv|Ofast-ftrapv|Os-ftrapv|Oz-ftrapv
evp_keymgmt_free	crypto/evp/keymgmt_meth.c	64	77	    *ret = atomic_fetch_sub_explicit(&refcnt->val, 1, memory_order_release) - 1;	-	cjump	O1-ftrapv|O2-ftrapv|O3-ftrapv|Ofast-ftrapv
SSL_set_SSL_CTX	ssl/ssl_lib.c	41	77	    *ret = atomic_fetch_add_explicit(&refcnt->val, 1, memory_order_relaxed) + 1;	+	cjump	O1-ftrapv|O2-ftrapv|O3-ftrapv|Ofast-ftrapv|Os-ftrapv|Oz-ftrapv
SSL_copy_session_id	ssl/ssl_lib.c	41	77	    *ret = atomic_fetch_add_explicit(&refcnt->val, 1, memory_order_relaxed) + 1;	+	cjump	O1-ftrapv|O2-ftrapv|O3-ftrapv|Ofast-ftrapv|Os-ftrapv|Oz-ftrapv
X509_CRL_up_ref	crypto/x509/x509cset.c	41	77	    *ret = atomic_fetch_add_explicit(&refcnt->val, 1, memory_order_relaxed) + 1;	+	cjump	O1-ftrapv|O2-ftrapv|O3-ftrapv|Ofast-ftrapv|Os-ftrapv|Oz-ftrapv
evp_signature_from_algorithm	crypto/evp/signature.c	64	77	    *ret = atomic_fetch_sub_explicit(&refcnt->val, 1, memory_order_release) - 1;	-	cjump	O1-ftrapv|O2-ftrapv|O3-ftrapv|Ofast-ftrapv
X509_STORE_up_ref	crypto/x509/x509_lu.c	41	77	    *ret = atomic_fetch_add_explicit(&refcnt->val, 1, memory_order_relaxed) + 1;	+	cjump	O1-ftrapv|O2-ftrapv|O3-ftrapv|Ofast-ftrapv|Os-ftrapv|Oz-ftrapv
ossl_ssl_connection_new_int	ssl/ssl_lib.c	41	77	    *ret = atomic_fetch_add_explicit(&refcnt->val, 1, memory_order_relaxed) + 1;	+	cjump	O1-ftrapv|O2-ftrapv|O3-ftrapv|Ofast-ftrapv|Os-ftrapv|Oz-ftrapv
SSL_dup	ssl/ssl_lib.c	64	77	    *ret = atomic_fetch_sub_explicit(&refcnt->val, 1, memory_order_release) - 1;	-	cjump	O1-ftrapv|O2-ftrapv|O3-ftrapv|Ofast-ftrapv
ossl_ecx_key_free	crypto/ec/ecx_key.c	64	77	    *ret = atomic_fetch_sub_explicit(&refcnt->val, 1, memory_order_release) - 1;	-	cjump	O1-ftrapv|O2-ftrapv|O3-ftrapv|Ofast-ftrapv|Os-ftrapv|Oz-ftrapv
OSSL_ERR_STATE_restore	crypto/err/err_save.c	16	24	    es->top = (es->top + 1) % ERR_NUM_ERRORS;	+	cjump	O1-ftrapv|O2-ftrapv|O3-ftrapv|Ofast-ftrapv|Os-ftrapv|Oz-ftrapv
skeymgmt_from_algorithm	crypto/evp/skeymgmt_meth.c	64	77	    *ret = atomic_fetch_sub_explicit(&refcnt->val, 1, memory_order_release) - 1;	-	cjump	O1-ftrapv|O2-ftrapv|O3-ftrapv|Ofast-ftrapv
OSSL_STORE_LOADER_free	crypto/store/store_meth.c	64	77	    *ret = atomic_fetch_sub_explicit(&refcnt->val, 1, memory_order_release) - 1;	-	cjump	O1-ftrapv|O2-ftrapv|O3-ftrapv|Ofast-ftrapv|Os-ftrapv|Oz-ftrapv
evp_kem_free	crypto/evp/kem.c	64	77	    *ret = atomic_fetch_sub_explicit(&refcnt->val, 1, memory_order_release) - 1;	-	cjump	O1-ftrapv|O2-ftrapv|O3-ftrapv|Ofast-ftrapv
RSA_free	crypto/rsa/rsa_lib.c	64	77	    *ret = atomic_fetch_sub_explicit(&refcnt->val, 1, memory_order_release) - 1;	-	cjump	O1-ftrapv|O2-ftrapv|O3-ftrapv|Ofast-ftrapv|Os-ftrapv|Oz-ftrapv
EVP_Q_digest	crypto/evp/digest.c	64	77	    *ret = atomic_fetch_sub_explicit(&refcnt->val, 1, memory_order_release) - 1;	-	cjump	O1-ftrapv|O2-ftrapv|O3-ftrapv|Ofast-ftrapv
EVP_MAC_free	crypto/evp/mac_meth.c	64	77	    *ret = atomic_fetch_sub_explicit(&refcnt->val, 1, memory_order_release) - 1;	-	cjump	O1-ftrapv|O2-ftrapv|O3-ftrapv|Ofast-ftrapv
engine_free_util	crypto/engine/eng_lib.c	64	77	    *ret = atomic_fetch_sub_explicit(&refcnt->val, 1, memory_order_release) - 1;	-	cjump	O1-ftrapv|O2-ftrapv|O3-ftrapv|Ofast-ftrapv|Os-ftrapv|Oz-ftrapv
ossl_quic_build_new_token	ssl/quic/quic_impl.c	64	77	    *ret = atomic_fetch_sub_explicit(&refcnt->val, 1, memory_order_release) - 1;	-	cjump	O1-ftrapv|O2-ftrapv|O3-ftrapv|Ofast-ftrapv
ENGINE_pkey_asn1_find_str	crypto/engine/tb_asnmth.c	41	77	    *ret = atomic_fetch_add_explicit(&refcnt->val, 1, memory_order_relaxed) + 1;	+	cjump	O1-ftrapv|O2-ftrapv|O3-ftrapv|Ofast-ftrapv|Os-ftrapv|Oz-ftrapv
evp_keyexch_free	crypto/evp/exchange.c	64	77	    *ret = atomic_fetch_sub_explicit(&refcnt->val, 1, memory_order_release) - 1;	-	cjump	O1-ftrapv|O2-ftrapv|O3-ftrapv|Ofast-ftrapv
SSL_CTX_add_session	ssl/ssl_sess.c	41	77	    *ret = atomic_fetch_add_explicit(&refcnt->val, 1, memory_order_relaxed) + 1;	+	cjump	O1-ftrapv|O2-ftrapv|O3-ftrapv|Ofast-ftrapv|Os-ftrapv|Oz-ftrapv
evp_md_init_internal	crypto/evp/digest.c	41	77	    *ret = atomic_fetch_add_explicit(&refcnt->val, 1, memory_order_relaxed) + 1;	+	cjump	O1-ftrapv|O2-ftrapv|O3-ftrapv|Ofast-ftrapv|Os-ftrapv|Oz-ftrapv
evp_mac_free	crypto/evp/mac_meth.c	64	77	    *ret = atomic_fetch_sub_explicit(&refcnt->val, 1, memory_order_release) - 1;	-	cjump	O1-ftrapv|O2-ftrapv|O3-ftrapv|Ofast-ftrapv|Os-ftrapv|Oz-ftrapv
ossl_quic_new_token_store	ssl/quic/quic_impl.c	64	77	    *ret = atomic_fetch_sub_explicit(&refcnt->val, 1, memory_order_release) - 1;	-	cjump	O1-ftrapv|O2-ftrapv|O3-ftrapv|Ofast-ftrapv
SSL_free	ssl/ssl_lib.c	64	77	    *ret = atomic_fetch_sub_explicit(&refcnt->val, 1, memory_order_release) - 1;	-	cjump	O1-ftrapv|O2-ftrapv|O3-ftrapv|Ofast-ftrapv|Os-ftrapv|Oz-ftrapv
SSL_SESSION_free	ssl/ssl_sess.c	64	77	    *ret = atomic_fetch_sub_explicit(&refcnt->val, 1, memory_order_release) - 1;	-	cjump	O1-ftrapv|O2-ftrapv|O3-ftrapv|Ofast-ftrapv|Os-ftrapv|Oz-ftrapv
DH_up_ref	crypto/dh/dh_lib.c	41	77	    *ret = atomic_fetch_add_explicit(&refcnt->val, 1, memory_order_relaxed) + 1;	+	cjump	O1-ftrapv|O2-ftrapv|O3-ftrapv|Ofast-ftrapv|Os-ftrapv|Oz-ftrapv
ossl_ec_wNAF_precompute_mult	crypto/ec/ec_mult.c	64	77	    *ret = atomic_fetch_sub_explicit(&refcnt->val, 1, memory_order_release) - 1;	-	cjump	O1-ftrapv|O2-ftrapv|O3-ftrapv|Ofast-ftrapv
send_receive_check	crypto/cmp/cmp_client.c	186	12	    *rep = (*transfer_cb)(ctx, req);	(	cjump	O1--attributor-enable=all|O1--attributor-enable=cgscc|O1--attributor-enable=module|O2--attributor-enable=all|O2--attributor-enable=cgscc|O2--attributor-enable=module|O3--attributor-enable=all|O3--attributor-enable=cgscc|O3--attributor-enable=module|Ofast--attributor-enable=all|Ofast--attributor-enable=cgscc|Ofast--attributor-enable=module|Os--attributor-enable=all|Os--attributor-enable=cgscc|Os--attributor-enable=module|Oz--attributor-enable=all|Oz--attributor-enable=cgscc|Oz--attributor-enable=module
RSA_padding_check_PKCS1_type_2	crypto/rsa/rsa_pk1.c	341	38	    return (value_barrier(mask) & a) | (value_barrier(~mask) & b);	|	mmem	O1--attributor-enable=all|O1--attributor-enable=module|O2--attributor-enable=all|O2--attributor-enable=module|O3--attributor-enable=all|O3--attributor-enable=module|Ofast--attributor-enable=all|Ofast--attributor-enable=module|Os--attributor-enable=all|Os--attributor-enable=module|Oz--attributor-enable=all|Oz--attributor-enable=module
ossl_sa_doall_arg	crypto/sparse_array.c	93	21	                    (*leaf)(idx, p[n], arg);	(	cjump	O1--attributor-enable=all|O1--attributor-enable=module|O2--attributor-enable=all|O2--attributor-enable=module
setup_certs	apps/cmp.c	1056	10	    ok = (*set1_fn)(ctx, certs);	(	cjump	O1--attributor-enable=all|O1--attributor-enable=cgscc|O2--attributor-enable=all|O2--attributor-enable=cgscc|O3--attributor-enable=all|O3--attributor-enable=cgscc|Ofast--attributor-enable=all|Ofast--attributor-enable=cgscc|Os--attributor-enable=all|Os--attributor-enable=cgscc|Oz--attributor-enable=all|Oz--attributor-enable=cgscc
setup_cert	apps/cmp.c	1040	10	    ok = (*set1_fn)(ctx, cert);	(	cjump	O1--attributor-enable=all|O1--attributor-enable=cgscc|O2--attributor-enable=all|O2--attributor-enable=cgscc|O3--attributor-enable=all|O3--attributor-enable=cgscc|Ofast--attributor-enable=all|Ofast--attributor-enable=cgscc|Os--attributor-enable=all|Os--attributor-enable=cgscc|Oz--attributor-enable=all|Oz--attributor-enable=cgscc
srp_main	apps/srp.c	546	25	                        goto end;	g	cjump	O1--regalloc=pbqp
ENGINE_ctrl	crypto/engine/eng_ctrl.c	115	23	        return strlen(cdp->cmd_desc == NULL ? int_no_description	c	cjump	O1-fprofile-arcs|O1-fprofile-instr-generate|O2-fprofile-arcs|O2-fprofile-instr-generate|O3-fprofile-arcs|O3-fprofile-instr-generate|Ofast-fprofile-arcs|Ofast-fprofile-instr-generate|Os-fprofile-arcs|Os-fprofile-instr-generate|Oz-fprofile-arcs|Oz-fprofile-instr-generate
ossl_statm_update_rtt	ssl/quic/quic_statm.c	195	12	    return a.t > b.t ? ossl_time_subtract(a, b)	a	cjump	O1-fprofile-arcs|O1-fprofile-instr-generate|O2-fprofile-arcs|O2-fprofile-instr-generate|O3-fprofile-arcs|O3-fprofile-instr-generate|Ofast-fprofile-arcs|Ofast-fprofile-instr-generate|Os-fprofile-arcs|Os-fprofile-instr-generate|Oz-fprofile-arcs|Oz-fprofile-instr-generate
ERR_vset_error	crypto/err/err_blocks.c	44	9	        lib == ERR_LIB_SYS	l	cjump	O1-fprofile-arcs|O1-fprofile-instr-generate|O2-fprofile-arcs|O2-fprofile-instr-generate|O3-fprofile-arcs|O3-fprofile-instr-generate|Ofast-fprofile-arcs|Ofast-fprofile-instr-generate|Os-fprofile-arcs|Os-fprofile-instr-generate|Oz-fprofile-arcs|Oz-fprofile-instr-generate
ENGINE_ctrl	crypto/engine/eng_ctrl.c	118	33	        return strlen(strcpy(s, cdp->cmd_desc == NULL ? int_no_description	c	cjump	O1-fprofile-arcs|O1-fprofile-instr-generate|O2-fprofile-arcs|O2-fprofile-instr-generate|O3-fprofile-arcs|O3-fprofile-instr-generate|Ofast-fprofile-arcs|Ofast-fprofile-instr-generate|Os-fprofile-arcs|Os-fprofile-instr-generate|Oz-fprofile-arcs|Oz-fprofile-instr-generate
port_validate_token	ssl/quic/quic_port.c	195	12	    return a.t > b.t ? ossl_time_subtract(a, b)	a	cjump	O1-fprofile-arcs|O2-fprofile-arcs|O3-fprofile-arcs|O3-fprofile-instr-generate|Ofast-fprofile-arcs|Ofast-fprofile-instr-generate|Os-fprofile-arcs
ssl3_cbc_digest_record	ssl/record/methods/ssl3_cbc.c	452	24	            mac_out[j] |= block[j] & is_block_b;	|	mmem	O1--disable-peephole|O2--disable-peephole|Os--disable-peephole|Oz--disable-peephole
ossl_ml_dsa_key_compress_decompose	crypto/ml_dsa/ml_dsa_key_compress.c	92	9	    *r0 -= (((int32_t)ML_DSA_Q_MINUS1_DIV2 - *r0) >> 31) & (int32_t)ML_DSA_Q;	-	mmem	O1--disable-peephole|O2--disable-peephole|O3--disable-peephole|Ofast--disable-peephole|Os--disable-peephole|Oz--disable-peephole
internal_find	crypto/stack/stack.c	345	15	        *pnum = 0;	=	cjump	O2--aggressive-machine-cse|O2--fast-isel|O2--pre-RA-sched=linearize|O2-fcs-profile-generate|O2-fglobal-isel|O2-fmemory-profile|O2-fprofile-generate|O3-fprofile-generate|Ofast-fprofile-generate|Os--aggressive-machine-cse|Os--fast-isel|Os--pre-RA-sched=linearize|Os-fcs-profile-generate|Os-fmemory-profile|Os-fprofile-generate|Oz--fast-isel|Oz--pre-RA-sched=linearize|Oz-fcs-profile-generate|Oz-fmemory-profile|Oz-fprofile-generate
BN_nist_mod_521	crypto/bn/bn_nist.c	281	18	        dst[i] = src[i];	s	mmem	O2--fast-isel|O3--fast-isel|Ofast--fast-isel
BN_nist_mod_384	crypto/bn/bn_nist.c	281	18	        dst[i] = src[i];	s	mmem	O2--fast-isel|O3--fast-isel|Ofast--fast-isel
BN_nist_mod_256	crypto/bn/bn_nist.c	281	18	        dst[i] = src[i];	s	mmem	O2--fast-isel|O3--fast-isel|Ofast--fast-isel
BN_nist_mod_192	crypto/bn/bn_nist.c	281	18	        dst[i] = src[i];	s	mmem	O2--fast-isel|O3--fast-isel|Ofast--fast-isel
ossl_ml_dsa_key_compress_low_bits	crypto/ml_dsa/ml_dsa_key_compress.c	72	12	        r1 ^= ((43 - r1) >> 31) & r1;	^	mmem	O2-fcs-profile-generate|O2-fprofile-generate|O3-fcs-profile-generate|O3-fprofile-generate|Ofast-fcs-profile-generate|Ofast-fprofile-generate|Os-fcs-profile-generate|Os-fprofile-generate
ossl_ml_dsa_key_compress_make_hint	crypto/ml_dsa/ml_dsa_key_compress.c	72	12	        r1 ^= ((43 - r1) >> 31) & r1;	^	mmem	O2-fcs-profile-generate|O2-fprofile-generate|O3-fcs-profile-generate|O3-fprofile-generate|Ofast-fcs-profile-generate|Ofast-fprofile-generate|Os-fcs-profile-generate|Os-fprofile-generate
ossl_ml_dsa_key_compress_high_bits	crypto/ml_dsa/ml_dsa_key_compress.c	72	12	        r1 ^= ((43 - r1) >> 31) & r1;	^	mmem	O2-fcs-profile-generate|O2-fprofile-generate|O3-fcs-profile-generate|O3-fprofile-generate|Ofast-fcs-profile-generate|Ofast-fprofile-generate|Os-fcs-profile-generate|Os-fprofile-generate
ossl_ml_dsa_key_compress_use_hint	crypto/ml_dsa/ml_dsa_key_compress.c	72	12	        r1 ^= ((43 - r1) >> 31) & r1;	^	mmem	O2-fcs-profile-generate|O2-fprofile-generate|O3-fcs-profile-generate|O3-fprofile-generate|Ofast-fcs-profile-generate|Ofast-fprofile-generate|Os-fcs-profile-generate|Os-fprofile-generate
ossl_ml_dsa_key_compress_decompose	crypto/ml_dsa/ml_dsa_key_compress.c	72	12	        r1 ^= ((43 - r1) >> 31) & r1;	^	mmem	O2-fcs-profile-generate|O2-fprofile-generate|O3-fcs-profile-generate|O3-fprofile-generate|Ofast-fcs-profile-generate|Ofast-fprofile-generate|Os-fcs-profile-generate|Os-fprofile-generate
DES_fcrypt	crypto/des/fcrypt.c	142	15	            c <<= 1;	<	mmem	O2-fcs-profile-generate|O3-fcs-profile-generate|Ofast-fcs-profile-generate
bn_from_montgomery_word	crypto/bn/bn_mont.c	113	15	        rp[i] &= v;	&	mmem	O2-fcs-profile-generate|O3-fcs-profile-generate|Ofast-fcs-profile-generate|Os-fcs-profile-generate
OSSL_STORE_open_ex	crypto/store/store_lib.c	100	30	            schemes[schemes_n++] = scheme_copy;	+	cjump	O2-fcs-profile-generate|O3-fcs-profile-generate|Ofast-fcs-profile-generate|Os-fcs-profile-generate|Oz-fcs-profile-generate
OBJ_obj2txt	crypto/objects/obj_dat.c	564	31	                l -= (long)(i * 40);	*	mmem	O2-fcs-profile-generate|O3-fcs-profile-generate|Ofast-fcs-profile-generate|Os-fcs-profile-generate|Oz-fcs-profile-generate
IDEA_set_decrypt_key	crypto/idea/i_skey.c	104	21	            r = (n1 % n2);	%	cjump	O2--expand-div-rem-bits=0|O3--expand-div-rem-bits=0|Ofast--expand-div-rem-bits=0|Os--expand-div-rem-bits=0
evp_kem_from_algorithm	crypto/evp/kem.c	64	77	    *ret = atomic_fetch_sub_explicit(&refcnt->val, 1, memory_order_release) - 1;	-	cjump	O2-ftrapv|O3-ftrapv|Ofast-ftrapv
evp_keyexch_from_algorithm	crypto/evp/exchange.c	64	77	    *ret = atomic_fetch_sub_explicit(&refcnt->val, 1, memory_order_release) - 1;	-	cjump	O2-ftrapv|O3-ftrapv|Ofast-ftrapv
ssl_cipher_list_to_bytes	ssl/statem/statem_clnt.c	4172	13	            !maxverok	!	cjump	O2--simplifycfg-branch-fold-threshold=0|O2-fprofile-arcs|O3--simplifycfg-branch-fold-threshold=0|O3-fprofile-arcs|Ofast--simplifycfg-branch-fold-threshold=0|Ofast-fprofile-arcs|Os--simplifycfg-branch-fold-threshold=0|Os-fprofile-arcs
OPENSSL_sk_find_all	crypto/stack/stack.c	345	15	        *pnum = 0;	=	cjump	O3--aggressive-machine-cse|O3--fast-isel|O3--pre-RA-sched=linearize|O3--rotation-max-header-size=0|O3-fcs-profile-generate|O3-fglobal-isel|O3-fmemory-profile|Ofast--aggressive-machine-cse|Ofast--fast-isel|Ofast--pre-RA-sched=linearize|Ofast--rotation-max-header-size=0|Ofast-fcs-profile-generate|Ofast-fglobal-isel|Ofast-fmemory-profile
OPENSSL_sk_find_all	crypto/stack/stack.c	342	23	                *pnum = 1;	=	cjump	O3--regalloc=fast|O3-fcs-profile-generate|O3-fmemory-profile|Ofast--regalloc=fast|Ofast-fcs-profile-generate|Ofast-fmemory-profile
ossl_curve448_point_decode_like_eddsa_and_mul_by_ratio	crypto/ec/curve448/curve448.c	342	10	    succ &= word_is_zero(enc2[EDDSA_448_PRIVATE_BYTES - 1]);	&	mmem	O3-fcs-profile-generate|Ofast-fcs-profile-generate|Os-fprofile-generate|Oz-fcs-profile-generate|Oz-fprofile-generate
BN_generate_prime_ex2	crypto/bn/bn_prime.c	522	38	                 : (mods[i] + delta) % primes[i] == 0) {	%	cjump	O3--expand-div-rem-bits=0|Ofast--expand-div-rem-bits=0
dtls1_handle_timeout	ssl/d1_lib.c	108	30	    tv.tv_sec = (time_t)(t.t / OSSL_TIME_SECOND);	/	cjump	O3--expand-div-rem-bits=0|O3--expand-div-rem-bits=50|Ofast--expand-div-rem-bits=0|Ofast--expand-div-rem-bits=50
dtls1_handle_timeout	ssl/d1_lib.c	110	43	    tv.tv_usec = (t.t % OSSL_TIME_SECOND) / OSSL_TIME_US;	/	cjump	O3--expand-div-rem-bits=0|Ofast--expand-div-rem-bits=0
BN_generate_prime_ex2	crypto/bn/bn_prime.c	602	38	                 : (mods[i] + delta) % primes[i] == 0) {	%	cjump	O3--expand-div-rem-bits=0|Ofast--expand-div-rem-bits=0
ASN1_TIME_normalize	crypto/asn1/a_time.c	308	49	                                    ts->tm_year % 100, ts->tm_mon + 1,	%	cjump	O3--expand-div-rem-bits=0|Ofast--expand-div-rem-bits=0
new_raw_key_int	crypto/evp/p_lib.c	64	77	    *ret = atomic_fetch_sub_explicit(&refcnt->val, 1, memory_order_release) - 1;	-	cjump	O3-ftrapv|Ofast-ftrapv
EVP_PKEY_copy_parameters	crypto/evp/p_lib.c	64	77	    *ret = atomic_fetch_sub_explicit(&refcnt->val, 1, memory_order_release) - 1;	-	cjump	O3-ftrapv|Ofast-ftrapv
ENGINE_free	crypto/engine/eng_lib.c	64	77	    *ret = atomic_fetch_sub_explicit(&refcnt->val, 1, memory_order_release) - 1;	-	cjump	O3-ftrapv|Ofast-ftrapv
evp_pkey_get_legacy	crypto/evp/p_lib.c	64	77	    *ret = atomic_fetch_sub_explicit(&refcnt->val, 1, memory_order_release) - 1;	-	cjump	O3-ftrapv|Ofast-ftrapv
OPENSSL_sk_find_all	crypto/stack/stack.c	359	17	                ++*pnum;	+	cjump	O3--unswitch-threshold=0|Ofast--unswitch-threshold=0
julian_adj	crypto/o_time.c	181	41	    return (1461 * (y + 4800 + (m - 14) / 12)) / 4 +	/	cjump	Os--expand-div-rem-bits=0|Oz--expand-div-rem-bits=0
julian_adj	crypto/o_time.c	183	42	        (3 * ((y + 4900 + (m - 14) / 12) / 100)) / 4 + d - 32075;	/	cjump	Os--expand-div-rem-bits=0|Oz--expand-div-rem-bits=0
julian_adj	crypto/o_time.c	182	48	        (367 * (m - 2 - 12 * ((m - 14) / 12))) / 12 -	/	cjump	Os--expand-div-rem-bits=0|Oz--expand-div-rem-bits=0
qc_set_default_xso_keep_ref	ssl/quic/quic_impl.c	64	77	    *ret = atomic_fetch_sub_explicit(&refcnt->val, 1, memory_order_release) - 1;	-	cjump	Os-ftrapv|Oz-ftrapv
sa_doall	crypto/sparse_array.c	93	21	                    (*leaf)(idx, p[n], arg);	(	cjump	Os--attributor-enable=all|Os--attributor-enable=module|Oz--attributor-enable=all|Oz--attributor-enable=module
speed_main	apps/speed.c	4537	44	                   ecdh_results[k][0], 1.0 / ecdh_results[k][0]);	/	mdiv	Oz--disable-lsr|Oz--disable-machine-licm|Oz--enable-tail-merge=false|Oz--fast-isel|Oz--greedy-reverse-local-assignment|Oz--pre-RA-sched=linearize|Oz--pre-RA-sched=source|Oz--regalloc=basic|Oz--regalloc=fast|Oz--regalloc=pbqp|Oz--scalar-evolution-huge-expr-threshold=0|Oz--simplifycfg-branch-fold-threshold=0|Oz--tail-merge-threshold=0|Oz-fapple-kext|Oz-fpseudo-probe-for-profiling
bytepad	providers/implementations/macs/kmac_prov.c	612	37	        *out_len = (sz + w - 1) / w * w;	*	cjump	Oz--expand-div-rem-bits=0
dtls1_bio_set_next_timeout	ssl/d1_lib.c	108	30	    tv.tv_sec = (time_t)(t.t / OSSL_TIME_SECOND);	/	cjump	Oz--expand-div-rem-bits=0|Oz--expand-div-rem-bits=50
dtls1_bio_set_next_timeout	ssl/d1_lib.c	110	43	    tv.tv_usec = (t.t % OSSL_TIME_SECOND) / OSSL_TIME_US;	/	cjump	Oz--expand-div-rem-bits=0
bytepad	providers/implementations/macs/kmac_prov.c	632	28	    sz = (len + w - 1) / w * w;	*	cjump	Oz--expand-div-rem-bits=0
port_default_packet_handler	ssl/quic/quic_port.c	195	12	    return a.t > b.t ? ossl_time_subtract(a, b)	a	cjump	Oz-fprofile-arcs|Oz-fprofile-instr-generate
