function	file	line	col	source	char	type	optimization
PQCLEAN_MLDSA44_CLEAN_poly_uniform	poly.c	361	22	        off = buflen % 3;	%	cjump	O0--expand-div-rem-bits=0|O1--expand-div-rem-bits=0|O2--expand-div-rem-bits=0|O3--expand-div-rem-bits=0|Os--expand-div-rem-bits=0|Oz--expand-div-rem-bits=0
compute_error_values	reed_solomon.c	251	111	            tmp2 = PQCLEAN_HQC128_CLEAN_gf_mul(tmp2, (1 ^ PQCLEAN_HQC128_CLEAN_gf_mul(inverse, beta_j[(i + k) % PARAM_DELTA])));	%	cjump	O0--expand-div-rem-bits=0|O0--expand-div-rem-bits=50
PQCLEAN_MLDSA65_CLEAN_poly_uniform	poly.c	361	22	        off = buflen % 3;	%	cjump	O0--expand-div-rem-bits=0|O1--expand-div-rem-bits=0|O2--expand-div-rem-bits=0|O3--expand-div-rem-bits=0|Os--expand-div-rem-bits=0|Oz--expand-div-rem-bits=0
PQCLEAN_MLDSA87_CLEAN_poly_uniform	poly.c	361	22	        off = buflen % 3;	%	cjump	O0--expand-div-rem-bits=0|O1--expand-div-rem-bits=0|O2--expand-div-rem-bits=0|O3--expand-div-rem-bits=0|Os--expand-div-rem-bits=0|Oz--expand-div-rem-bits=0
solve_NTRU_intermediate	keygen.c	3212	34	        sch = (uint32_t)(scale_k / 31);	/	cjump	O0--expand-div-rem-bits=0|O1--expand-div-rem-bits=0|O2--expand-div-rem-bits=0|O3--expand-div-rem-bits=0|Os--expand-div-rem-bits=0|Oz--expand-div-rem-bits=0
solve_NTRU_intermediate	keygen.c	3213	34	        scl = (uint32_t)(scale_k % 31);	%	cjump	O0--expand-div-rem-bits=0|O1--expand-div-rem-bits=0|O2--expand-div-rem-bits=0|O3--expand-div-rem-bits=0|Os--expand-div-rem-bits=0|Oz--expand-div-rem-bits=0
PQCLEAN_FALCON1024_CLEAN_crypto_sign_verify	pqclean.c	237	13	            != PQCLEAN_FALCON1024_CLEAN_CRYPTO_PUBLICKEYBYTES - 1) {	!	cjump	O1--enable-partial-inlining|O2--enable-partial-inlining|O3--enable-partial-inlining|O3--hot-callsite-rel-freq=0|O3--inline-instr-cost=0
PQCLEAN_FALCON1024_CLEAN_crypto_sign_open	pqclean.c	237	13	            != PQCLEAN_FALCON1024_CLEAN_CRYPTO_PUBLICKEYBYTES - 1) {	!	cjump	O1--enable-partial-inlining|O2--enable-partial-inlining|O3--enable-partial-inlining|O3--hot-callsite-rel-freq=0|O3--inline-instr-cost=0
PQCLEAN_FALCON512_CLEAN_crypto_sign_open	pqclean.c	237	13	            != PQCLEAN_FALCON512_CLEAN_CRYPTO_PUBLICKEYBYTES - 1) {	!	cjump	O1--enable-partial-inlining|O2--enable-partial-inlining|O3--enable-partial-inlining|O3--hot-callsite-rel-freq=0|O3--inline-instr-cost=0
PQCLEAN_FALCON512_CLEAN_crypto_sign_verify	pqclean.c	237	13	            != PQCLEAN_FALCON512_CLEAN_CRYPTO_PUBLICKEYBYTES - 1) {	!	cjump	O1--enable-partial-inlining|O2--enable-partial-inlining|O3--enable-partial-inlining|O3--hot-callsite-rel-freq=0|O3--inline-instr-cost=0
PQCLEAN_HQC256_CLEAN_reed_solomon_decode	reed_solomon.c	251	111	            tmp2 = PQCLEAN_HQC256_CLEAN_gf_mul(tmp2, (1 ^ PQCLEAN_HQC256_CLEAN_gf_mul(inverse, beta_j[(i + k) % PARAM_DELTA])));	%	cjump	O1--expand-div-rem-bits=0|O1--expand-div-rem-bits=50|O2--expand-div-rem-bits=0|O2--expand-div-rem-bits=50|O3--expand-div-rem-bits=0|O3--expand-div-rem-bits=50|Os--expand-div-rem-bits=0|Os--expand-div-rem-bits=50|Oz--expand-div-rem-bits=0|Oz--expand-div-rem-bits=50
PQCLEAN_HQC128_CLEAN_reed_solomon_decode	reed_solomon.c	251	111	            tmp2 = PQCLEAN_HQC128_CLEAN_gf_mul(tmp2, (1 ^ PQCLEAN_HQC128_CLEAN_gf_mul(inverse, beta_j[(i + k) % PARAM_DELTA])));	%	cjump	O1--expand-div-rem-bits=0|O1--expand-div-rem-bits=50|O2--expand-div-rem-bits=0|O2--expand-div-rem-bits=50|O3--expand-div-rem-bits=0|O3--expand-div-rem-bits=50|O3--x86-cmov-converter-force-all|Os--expand-div-rem-bits=0|Os--expand-div-rem-bits=50|Oz--expand-div-rem-bits=0|Oz--expand-div-rem-bits=50
PQCLEAN_FALCONPADDED1024_CLEAN_verify_raw	vrfy.c	666	26	        w -= (int32_t)(Q & -(((Q >> 1) - (uint32_t)w) >> 31));	&	cjump	O1--fast-isel|O2--fast-isel|O3--fast-isel|Os--fast-isel|Oz--fast-isel
PQCLEAN_FALCONPADDED1024_CLEAN_verify_recover	vrfy.c	796	16	        w += Q & -(w >> 31);	&	cjump	O1--fast-isel|O2--fast-isel|O3--fast-isel|Os--fast-isel|Oz--fast-isel
PQCLEAN_FALCONPADDED512_CLEAN_hash_to_point_vartime	common.c	59	13	            while (w >= 12289) {	w	mdiv	O1--fast-isel|O2--fast-isel|O3--fast-isel|Os--fast-isel
PQCLEAN_FALCON512_CLEAN_hash_to_point_vartime	common.c	59	13	            while (w >= 12289) {	w	mdiv	O1--fast-isel|O2--fast-isel|O3--fast-isel|Os--fast-isel
PQCLEAN_HQC128_CLEAN_reed_solomon_decode	reed_solomon.c	251	106	            tmp2 = PQCLEAN_HQC128_CLEAN_gf_mul(tmp2, (1 ^ PQCLEAN_HQC128_CLEAN_gf_mul(inverse, beta_j[(i + k) % PARAM_DELTA])));	+	mdiv	O1--fast-isel|O2--fast-isel|Os--fast-isel|Oz--jump-threading-across-loop-headers
PQCLEAN_FALCONPADDED512_CLEAN_verify_raw	vrfy.c	666	26	        w -= (int32_t)(Q & -(((Q >> 1) - (uint32_t)w) >> 31));	&	cjump	O1--fast-isel|O2--fast-isel|O3--fast-isel|Os--fast-isel|Oz--fast-isel
modp_iNTT2_ext	keygen.c	695	12	    d += p & -(d >> 31);	&	cjump	O1--fast-isel|O2--fast-isel|Os--fast-isel|Oz--fast-isel
PQCLEAN_FALCONPADDED512_CLEAN_verify_recover	vrfy.c	796	16	        w += Q & -(w >> 31);	&	cjump	O1--fast-isel|O2--fast-isel|O3--fast-isel|Os--fast-isel|Oz--fast-isel
PQCLEAN_FALCONPADDED1024_CLEAN_verify_recover	vrfy.c	792	16	        w += Q & -(w >> 31);	&	cjump	O1--fast-isel|O2--fast-isel|O3--fast-isel|Os--fast-isel|Oz--fast-isel
PQCLEAN_FALCON512_CLEAN_verify_raw	vrfy.c	666	26	        w -= (int32_t)(Q & -(((Q >> 1) - (uint32_t)w) >> 31));	&	cjump	O1--fast-isel|O2--fast-isel|O3--fast-isel|Os--fast-isel|Oz--fast-isel
PQCLEAN_FALCONPADDED1024_CLEAN_hash_to_point_vartime	common.c	59	13	            while (w >= 12289) {	w	mdiv	O1--fast-isel|O2--fast-isel|O3--fast-isel|Os--fast-isel
solve_NTRU_intermediate	keygen.c	3212	34	        sch = (uint32_t)(scale_k / 31);	/	mdiv	O1--fast-isel|O2--fast-isel|O3--fast-isel|Os--fast-isel|Oz--fast-isel
PQCLEAN_MLDSA44_CLEAN_poly_uniform	poly.c	361	22	        off = buflen % 3;	%	mdiv	O1--fast-isel|O2--fast-isel|O3--fast-isel|Os--fast-isel
solve_NTRU	keygen.c	695	12	    d += p & -(d >> 31);	&	cjump	O1--fast-isel|O2--fast-isel|O3--fast-isel
PQCLEAN_FALCON1024_CLEAN_verify_recover	vrfy.c	796	16	        w += Q & -(w >> 31);	&	cjump	O1--fast-isel|O2--fast-isel|O3--fast-isel|Os--fast-isel|Oz--fast-isel
PQCLEAN_FALCON1024_CLEAN_hash_to_point_vartime	common.c	59	13	            while (w >= 12289) {	w	mdiv	O1--fast-isel|O2--fast-isel|O3--fast-isel|Os--fast-isel
PQCLEAN_HQC256_CLEAN_reed_solomon_decode	reed_solomon.c	251	106	            tmp2 = PQCLEAN_HQC256_CLEAN_gf_mul(tmp2, (1 ^ PQCLEAN_HQC256_CLEAN_gf_mul(inverse, beta_j[(i + k) % PARAM_DELTA])));	+	mdiv	O1--fast-isel|O2--fast-isel|O3--fast-isel|Os--fast-isel|Oz--jump-threading-across-loop-headers
PQCLEAN_FALCONPADDED512_CLEAN_verify_recover	vrfy.c	792	16	        w += Q & -(w >> 31);	&	cjump	O1--fast-isel|O2--fast-isel|O3--fast-isel|Os--fast-isel|Oz--fast-isel
PQCLEAN_MLDSA65_CLEAN_poly_uniform	poly.c	361	22	        off = buflen % 3;	%	mdiv	O1--fast-isel|O2--fast-isel|O3--fast-isel|Os--fast-isel
PQCLEAN_FALCON1024_CLEAN_verify_raw	vrfy.c	666	26	        w -= (int32_t)(Q & -(((Q >> 1) - (uint32_t)w) >> 31));	&	cjump	O1--fast-isel|O2--fast-isel|O3--fast-isel|Os--fast-isel|Oz--fast-isel
PQCLEAN_FALCON1024_CLEAN_verify_recover	vrfy.c	371	12	    d += Q & -(d >> 31);	&	cjump	O1--fast-isel|O2--fast-isel|O3--fast-isel|Os--fast-isel|Oz--fast-isel
PQCLEAN_FALCONPADDED512_CLEAN_verify_recover	vrfy.c	371	12	    d += Q & -(d >> 31);	&	cjump	O1--fast-isel|O2--fast-isel|O3--fast-isel|Os--fast-isel|Oz--fast-isel
PQCLEAN_FALCONPADDED1024_CLEAN_verify_recover	vrfy.c	371	12	    d += Q & -(d >> 31);	&	cjump	O1--fast-isel|O2--fast-isel|O3--fast-isel|Os--fast-isel|Oz--fast-isel
solve_NTRU_intermediate	keygen.c	3213	34	        scl = (uint32_t)(scale_k % 31);	%	mdiv	O1--fast-isel|O2--fast-isel|O3--fast-isel|Os--fast-isel
PQCLEAN_FALCON512_CLEAN_verify_recover	vrfy.c	792	16	        w += Q & -(w >> 31);	&	cjump	O1--fast-isel|O2--fast-isel|O3--fast-isel|Os--fast-isel|Oz--fast-isel
PQCLEAN_MLDSA87_CLEAN_poly_uniform	poly.c	361	22	        off = buflen % 3;	%	mdiv	O1--fast-isel|O2--fast-isel|O3--fast-isel|Os--fast-isel
PQCLEAN_FALCON1024_CLEAN_verify_recover	vrfy.c	792	16	        w += Q & -(w >> 31);	&	cjump	O1--fast-isel|O2--fast-isel|O3--fast-isel|Os--fast-isel|Oz--fast-isel
mq_iNTT	vrfy.c	380	12	    x += Q & -(x & 1);	&	cjump	O1--fast-isel|O2--fast-isel|O3--fast-isel|Os--fast-isel|Oz--fast-isel
PQCLEAN_FALCON512_CLEAN_verify_recover	vrfy.c	371	12	    d += Q & -(d >> 31);	&	cjump	O1--fast-isel|O2--fast-isel|O3--fast-isel|Os--fast-isel|Oz--fast-isel
PQCLEAN_FALCON512_CLEAN_verify_recover	vrfy.c	796	16	        w += Q & -(w >> 31);	&	cjump	O1--fast-isel|O2--fast-isel|O3--fast-isel|Os--fast-isel|Oz--fast-isel
do_verify	pqclean.c	237	13	            != PQCLEAN_FALCON1024_CLEAN_CRYPTO_PUBLICKEYBYTES - 1) {	!	cjump	O1--force-specialization|O2--force-specialization|O3--force-specialization
PQCLEAN_FALCON512_CLEAN_fpr_add	fpr.c	182	7	    m &= (uint64_t)t - 1;	&	cjump	O1--ir-outliner|O1--x86-cmov-converter-force-all|O2--ir-outliner|O3--ir-outliner|O3--x86-cmov-converter-force-all|Os--ir-outliner|Os--x86-cmov-converter-force-all
PQCLEAN_FALCONPADDED1024_CLEAN_fpr_scaled	fpr.c	124	7	    m &= -(uint64_t)t;	&	cjump	O1--ir-outliner|O1--x86-cmov-converter-force-all|O2--ir-outliner|O3--ir-outliner|O3--x86-cmov-converter-force-all|Os--ir-outliner|Os--x86-cmov-converter-force-all|Oz--x86-cmov-converter-force-all
PQCLEAN_FALCONPADDED1024_CLEAN_fpr_add	fpr.c	182	7	    m &= (uint64_t)t - 1;	&	cjump	O1--ir-outliner|O1--x86-cmov-converter-force-all|O2--ir-outliner|O3--ir-outliner|O3--x86-cmov-converter-force-all|Os--ir-outliner|Os--x86-cmov-converter-force-all
PQCLEAN_FALCONPADDED512_CLEAN_fpr_scaled	fpr.c	124	7	    m &= -(uint64_t)t;	&	cjump	O1--ir-outliner|O1--x86-cmov-converter-force-all|O2--ir-outliner|O3--ir-outliner|O3--x86-cmov-converter-force-all|Os--ir-outliner|Os--x86-cmov-converter-force-all|Oz--x86-cmov-converter-force-all
PQCLEAN_FALCON1024_CLEAN_fpr_add	fpr.c	182	7	    m &= (uint64_t)t - 1;	&	cjump	O1--ir-outliner|O1--x86-cmov-converter-force-all|O2--ir-outliner|O3--ir-outliner|O3--x86-cmov-converter-force-all|Os--ir-outliner|Os--x86-cmov-converter-force-all
PQCLEAN_FALCON1024_CLEAN_fpr_scaled	fpr.c	124	7	    m &= -(uint64_t)t;	&	cjump	O1--ir-outliner|O1--x86-cmov-converter-force-all|O2--ir-outliner|O3--ir-outliner|O3--x86-cmov-converter-force-all|Os--ir-outliner|Os--x86-cmov-converter-force-all|Oz--x86-cmov-converter-force-all
PQCLEAN_FALCONPADDED512_CLEAN_fpr_add	fpr.c	182	7	    m &= (uint64_t)t - 1;	&	cjump	O1--ir-outliner|O1--x86-cmov-converter-force-all|O2--ir-outliner|O3--ir-outliner|O3--x86-cmov-converter-force-all|Os--ir-outliner|Os--x86-cmov-converter-force-all
PQCLEAN_FALCON512_CLEAN_fpr_scaled	fpr.c	124	7	    m &= -(uint64_t)t;	&	cjump	O1--ir-outliner|O1--x86-cmov-converter-force-all|O2--ir-outliner|O3--ir-outliner|O3--x86-cmov-converter-force-all|Os--ir-outliner|Os--x86-cmov-converter-force-all|Oz--x86-cmov-converter-force-all
PQCLEAN_HQC128_CLEAN_reed_solomon_decode	reed_solomon.c	232	40	            beta_j[j] += mask1 & mask2 & gf_exp[i];	&	cjump	O1--sroa-skip-mem2reg|O2--sroa-skip-mem2reg|Os--sroa-skip-mem2reg|Oz--sroa-skip-mem2reg
PQCLEAN_HQC256_CLEAN_reed_solomon_decode	reed_solomon.c	232	40	            beta_j[j] += mask1 & mask2 & gf_exp[i];	&	cjump	O1--sroa-skip-mem2reg|Os--sroa-skip-mem2reg|Oz--sroa-skip-mem2reg
PQCLEAN_HQC192_CLEAN_reed_solomon_decode	reed_solomon.c	232	40	            beta_j[j] += mask1 & mask2 & gf_exp[i];	&	cjump	O1--sroa-skip-mem2reg|Oz--sroa-skip-mem2reg
PQCLEAN_HQC128_CLEAN_reed_solomon_decode	reed_solomon.c	264	46	            error_values[i] += mask1 & mask2 & e_j[j];	&	cjump	O1--sroa-skip-mem2reg|Os--sroa-skip-mem2reg|Oz--sroa-skip-mem2reg
PQCLEAN_HQC256_CLEAN_reed_solomon_decode	reed_solomon.c	264	46	            error_values[i] += mask1 & mask2 & e_j[j];	&	cjump	O1--sroa-skip-mem2reg|Os--sroa-skip-mem2reg|Oz--sroa-skip-mem2reg
PQCLEAN_HQC192_CLEAN_reed_solomon_decode	reed_solomon.c	264	46	            error_values[i] += mask1 & mask2 & e_j[j];	&	cjump	O1--sroa-skip-mem2reg|Oz--sroa-skip-mem2reg
mq_iNTT	vrfy.c	555	28	                a[j + t] = (uint16_t)	(	cjump	O1--x86-cmov-converter-force-all|O3--x86-cmov-converter-force-all|Os--x86-cmov-converter-force-all
solve_NTRU	keygen.c	285	7	    m &= -(uint64_t)((uint32_t)(e - 64) >> 31);	&	cjump	O1--x86-cmov-converter-force-all|O3--x86-cmov-converter-force-all
PQCLEAN_FALCON1024_CLEAN_to_ntt_monty	vrfy.c	417	7	    z += Q & -(z >> 31);	+	cjump	O1--x86-cmov-converter-force-all|O3--x86-cmov-converter-force-all
make_fg	keygen.c	683	7	    d += p & -(d >> 31);	+	cjump	O1--x86-cmov-converter-force-all|O3--x86-cmov-converter-force-all
make_fg	keygen.c	723	7	    d += p & -(d >> 31);	+	cjump	O1--x86-cmov-converter-force-all|O3--x86-cmov-converter-force-all
PQCLEAN_FALCON1024_CLEAN_verify_raw	vrfy.c	417	7	    z += Q & -(z >> 31);	+	cjump	O1--x86-cmov-converter-force-all|O3--x86-cmov-converter-force-all
make_fg_step	keygen.c	723	7	    d += p & -(d >> 31);	+	cjump	O1--x86-cmov-converter-force-all|O3--x86-cmov-converter-force-all|Os--x86-cmov-converter-force-all|Oz--x86-cmov-converter-force-all
PQCLEAN_HQC256_CLEAN_reed_muller_decode	reed_muller.c	136	17	        abs = t ^ ((uint16_t)(-(t >> 15)) & (t ^ -t)); // t = abs(t)	^	cjump	O1--x86-cmov-converter-force-all|O3--x86-cmov-converter-force-all|Os--x86-cmov-converter-force-all|Oz--x86-cmov-converter-force-all
PQCLEAN_FALCONPADDED1024_CLEAN_complete_private	vrfy.c	417	7	    z += Q & -(z >> 31);	+	cjump	O1--x86-cmov-converter-force-all|O3--x86-cmov-converter-force-all
solve_NTRU	keygen.c	1145	12	        aw ^= ((w & 0x7FFFFFFF) ^ aw) & m;	^	cjump	O1--x86-cmov-converter-force-all
PQCLEAN_FALCONPADDED1024_CLEAN_fpr_add	fpr.c	185	8	    yu &= -(uint64_t)((uint32_t)(cc - 60) >> 31);	&	cjump	O1--x86-cmov-converter-force-all|O3--x86-cmov-converter-force-all|Os--x86-cmov-converter-force-all|Oz--x86-cmov-converter-force-all
PQCLEAN_FALCON1024_CLEAN_fpr_expm_p63	fpr.c	377	8	    xu &= -(uint64_t)((uint32_t)(cc - 64) >> 31);	&	cjump	O1--x86-cmov-converter-force-all|O3--x86-cmov-converter-force-all|Os--x86-cmov-converter-force-all
PQCLEAN_FALCON1024_CLEAN_count_nttzero	vrfy.c	417	7	    z += Q & -(z >> 31);	+	cjump	O1--x86-cmov-converter-force-all|O3--x86-cmov-converter-force-all
PQCLEAN_FALCON512_CLEAN_sign_dyn	sign.c	285	7	    m &= -(uint64_t)((uint32_t)(e - 64) >> 31);	&	cjump	O1--x86-cmov-converter-force-all|O3--x86-cmov-converter-force-all|Os--x86-cmov-converter-force-all
solve_NTRU_intermediate	keygen.c	683	7	    d += p & -(d >> 31);	+	cjump	O1--x86-cmov-converter-force-all|O3--x86-cmov-converter-force-all
PQCLEAN_FALCONPADDED512_CLEAN_compute_public	vrfy.c	417	7	    z += Q & -(z >> 31);	+	cjump	O1--x86-cmov-converter-force-all|O3--x86-cmov-converter-force-all
PQCLEAN_FALCONPADDED1024_CLEAN_sign_dyn	sign.c	285	7	    m &= -(uint64_t)((uint32_t)(e - 64) >> 31);	&	cjump	O1--x86-cmov-converter-force-all|O3--x86-cmov-converter-force-all|Os--x86-cmov-converter-force-all
PQCLEAN_MLDSA44_CLEAN_decompose	rounding.c	44	8	    a1 ^= ((43 - a1) >> 31) & a1;	^	cjump	O1--x86-cmov-converter-force-all|O3--x86-cmov-converter-force-all|Os--x86-cmov-converter-force-all|Oz--x86-cmov-converter-force-all
PQCLEAN_FALCONPADDED1024_CLEAN_fpr_expm_p63	fpr.c	377	8	    xu &= -(uint64_t)((uint32_t)(cc - 64) >> 31);	&	cjump	O1--x86-cmov-converter-force-all|O3--x86-cmov-converter-force-all|Os--x86-cmov-converter-force-all
PQCLEAN_FALCONPADDED1024_CLEAN_is_invertible	vrfy.c	417	7	    z += Q & -(z >> 31);	+	cjump	O1--x86-cmov-converter-force-all|O3--x86-cmov-converter-force-all
PQCLEAN_HQC192_CLEAN_vect_set_random_fixed_weight	vector.c	47	14	    return r + (n & mask);	+	cjump	O1--x86-cmov-converter-force-all|O3--x86-cmov-converter-force-all|Os--x86-cmov-converter-force-all|Oz--x86-cmov-converter-force-all
poly_sub_scaled_ntt	keygen.c	723	7	    d += p & -(d >> 31);	+	cjump	O1--x86-cmov-converter-force-all|O3--x86-cmov-converter-force-all|Os--x86-cmov-converter-force-all|Oz--x86-cmov-converter-force-all
PQCLEAN_FALCONPADDED512_CLEAN_sampler	sign.c	1057	43	    z = ((fpr_expm_p63(r, ccs) << 1) - 1) >> s;	>	cjump	O1--x86-cmov-converter-force-all|O3--x86-cmov-converter-force-all|Os--x86-cmov-converter-force-all|Oz--x86-cmov-converter-force-all
PQCLEAN_FALCON1024_CLEAN_verify_recover	vrfy.c	417	7	    z += Q & -(z >> 31);	+	cjump	O1--x86-cmov-converter-force-all|O3--x86-cmov-converter-force-all
PQCLEAN_FALCON512_CLEAN_count_nttzero	vrfy.c	417	7	    z += Q & -(z >> 31);	+	cjump	O1--x86-cmov-converter-force-all|O3--x86-cmov-converter-force-all
make_fg_step	keygen.c	683	7	    d += p & -(d >> 31);	+	cjump	O1--x86-cmov-converter-force-all|O3--x86-cmov-converter-force-all
PQCLEAN_FALCON1024_CLEAN_fpr_mul	fpr.c	182	7	    m &= (uint64_t)t - 1;	&	cjump	O1--x86-cmov-converter-force-all|O3--x86-cmov-converter-force-all|Os--x86-cmov-converter-force-all
PQCLEAN_FALCON1024_CLEAN_sampler	sign.c	1057	43	    z = ((fpr_expm_p63(r, ccs) << 1) - 1) >> s;	>	cjump	O1--x86-cmov-converter-force-all|O3--x86-cmov-converter-force-all|Os--x86-cmov-converter-force-all|Oz--x86-cmov-converter-force-all
PQCLEAN_FALCON1024_CLEAN_sign_dyn	sign.c	285	7	    m &= -(uint64_t)((uint32_t)(e - 64) >> 31);	&	cjump	O1--x86-cmov-converter-force-all|O3--x86-cmov-converter-force-all|Os--x86-cmov-converter-force-all
solve_NTRU_intermediate	keygen.c	475	31	    return cc0 ^ ((cc0 ^ cc1) & (int)((x & y) >> 63));	&	cjump	O1--x86-cmov-converter-force-all|O3--x86-cmov-converter-force-all|Os--x86-cmov-converter-force-all
PQCLEAN_MLDSA44_CLEAN_use_hint	rounding.c	44	8	    a1 ^= ((43 - a1) >> 31) & a1;	^	cjump	O1--x86-cmov-converter-force-all|O3--x86-cmov-converter-force-all|Os--x86-cmov-converter-force-all
solve_NTRU	keygen.c	475	31	    return cc0 ^ ((cc0 ^ cc1) & (int)((x & y) >> 63));	&	cjump	O1--x86-cmov-converter-force-all|O3--x86-cmov-converter-force-all
solve_NTRU_intermediate	keygen.c	723	7	    d += p & -(d >> 31);	+	cjump	O1--x86-cmov-converter-force-all|O3--x86-cmov-converter-force-all|Os--x86-cmov-converter-force-all|Oz--x86-cmov-converter-force-all
poly_sub_scaled_ntt	keygen.c	683	7	    d += p & -(d >> 31);	+	cjump	O1--x86-cmov-converter-force-all|O3--x86-cmov-converter-force-all
PQCLEAN_FALCONPADDED1024_CLEAN_sign_tree	sign.c	285	7	    m &= -(uint64_t)((uint32_t)(e - 64) >> 31);	&	cjump	O1--x86-cmov-converter-force-all|O3--x86-cmov-converter-force-all|Os--x86-cmov-converter-force-all
PQCLEAN_FALCONPADDED1024_CLEAN_verify_recover	vrfy.c	417	7	    z += Q & -(z >> 31);	+	cjump	O1--x86-cmov-converter-force-all|O3--x86-cmov-converter-force-all
PQCLEAN_FALCONPADDED1024_CLEAN_poly_split_fft	fft.c	412	7	    x &= (uint64_t)t - 1;	&	cjump	O1--x86-cmov-converter-force-all|O3--x86-cmov-converter-force-all|Os--x86-cmov-converter-force-all|Oz--x86-cmov-converter-force-all
PQCLEAN_HQC192_CLEAN_gf_mul	gf.c	106	22	    l ^= ((a << 7) & mask);	m	cjump	O1--x86-cmov-converter-force-all|O3--x86-cmov-converter-force-all|Os--x86-cmov-converter-force-all|Oz--x86-cmov-converter-force-all
PQCLEAN_FALCONPADDED512_CLEAN_fpr_add	fpr.c	155	42	         | ((1U - (uint32_t)(-za >> 63)) & (uint32_t)(x >> 63));	&	cjump	O1--x86-cmov-converter-force-all|O3--x86-cmov-converter-force-all|Os--x86-cmov-converter-force-all|Oz--x86-cmov-converter-force-all
PQCLEAN_FALCONPADDED1024_CLEAN_fpr_add	fpr.c	155	42	         | ((1U - (uint32_t)(-za >> 63)) & (uint32_t)(x >> 63));	&	cjump	O1--x86-cmov-converter-force-all|O3--x86-cmov-converter-force-all|Os--x86-cmov-converter-force-all|Oz--x86-cmov-converter-force-all
PQCLEAN_HQC256_CLEAN_gf_mul	gf.c	106	22	    l ^= ((a << 7) & mask);	m	cjump	O1--x86-cmov-converter-force-all|O3--x86-cmov-converter-force-all|Os--x86-cmov-converter-force-all|Oz--x86-cmov-converter-force-all
PQCLEAN_FALCONPADDED512_CLEAN_fpr_mul	fpr.c	182	7	    m &= (uint64_t)t - 1;	&	cjump	O1--x86-cmov-converter-force-all|O3--x86-cmov-converter-force-all|Os--x86-cmov-converter-force-all
PQCLEAN_FALCONPADDED512_CLEAN_count_nttzero	vrfy.c	417	7	    z += Q & -(z >> 31);	+	cjump	O1--x86-cmov-converter-force-all|O3--x86-cmov-converter-force-all
PQCLEAN_FALCONPADDED1024_CLEAN_sampler	sign.c	412	7	    x &= (uint64_t)t - 1;	&	cjump	O1--x86-cmov-converter-force-all|O3--x86-cmov-converter-force-all|Os--x86-cmov-converter-force-all|Oz--x86-cmov-converter-force-all
PQCLEAN_FALCON1024_CLEAN_compute_public	vrfy.c	417	7	    z += Q & -(z >> 31);	+	cjump	O1--x86-cmov-converter-force-all|O3--x86-cmov-converter-force-all
zint_rebuild_CRT	keygen.c	683	7	    d += p & -(d >> 31);	+	cjump	O1--x86-cmov-converter-force-all|O3--x86-cmov-converter-force-all
PQCLEAN_FALCON512_CLEAN_verify_recover	vrfy.c	417	7	    z += Q & -(z >> 31);	+	cjump	O1--x86-cmov-converter-force-all|O3--x86-cmov-converter-force-all
PQCLEAN_FALCON512_CLEAN_sampler	sign.c	377	8	    xu &= -(uint64_t)((uint32_t)(cc - 64) >> 31);	&	cjump	O1--x86-cmov-converter-force-all|O3--x86-cmov-converter-force-all|Os--x86-cmov-converter-force-all|Oz--x86-cmov-converter-force-all
PQCLEAN_FALCON512_CLEAN_sampler	sign.c	412	7	    x &= (uint64_t)t - 1;	&	cjump	O1--x86-cmov-converter-force-all|O3--x86-cmov-converter-force-all|Os--x86-cmov-converter-force-all|Oz--x86-cmov-converter-force-all
modp_mkgm2	keygen.c	723	7	    d += p & -(d >> 31);	+	cjump	O1--x86-cmov-converter-force-all|O3--x86-cmov-converter-force-all|Os--x86-cmov-converter-force-all|Oz--x86-cmov-converter-force-all
zint_rebuild_CRT	keygen.c	1199	11	        w += p & -(w >> 31);	+	cjump	O1--x86-cmov-converter-force-all|O3--x86-cmov-converter-force-all
PQCLEAN_HQC192_CLEAN_vect_set_random_fixed_weight	vector.c	36	21	        ret |= mask & tmp;	&	cjump	O1--x86-cmov-converter-force-all|O3--x86-cmov-converter-force-all|Os--x86-cmov-converter-force-all|Oz--x86-cmov-converter-force-all
PQCLEAN_FALCON1024_CLEAN_fpr_add	fpr.c	155	42	         | ((1U - (uint32_t)(-za >> 63)) & (uint32_t)(x >> 63));	&	cjump	O1--x86-cmov-converter-force-all|O3--x86-cmov-converter-force-all|Os--x86-cmov-converter-force-all|Oz--x86-cmov-converter-force-all
PQCLEAN_FALCONPADDED512_CLEAN_sign_tree	sign.c	285	7	    m &= -(uint64_t)((uint32_t)(e - 64) >> 31);	&	cjump	O1--x86-cmov-converter-force-all|O3--x86-cmov-converter-force-all|Os--x86-cmov-converter-force-all
modp_iNTT2_ext	keygen.c	723	7	    d += p & -(d >> 31);	+	cjump	O1--x86-cmov-converter-force-all|Os--x86-cmov-converter-force-all|Oz--x86-cmov-converter-force-all
PQCLEAN_MLDSA44_CLEAN_decompose	rounding.c	47	9	    *a0 -= (((Q - 1) / 2 - *a0) >> 31) & Q;	-	cjump	O1--x86-cmov-converter-force-all|O3--x86-cmov-converter-force-all|Os--x86-cmov-converter-force-all|Oz--x86-cmov-converter-force-all
PQCLEAN_FALCONPADDED1024_CLEAN_to_ntt_monty	vrfy.c	417	7	    z += Q & -(z >> 31);	+	cjump	O1--x86-cmov-converter-force-all|O3--x86-cmov-converter-force-all
PQCLEAN_FALCONPADDED512_CLEAN_complete_private	vrfy.c	417	7	    z += Q & -(z >> 31);	+	cjump	O1--x86-cmov-converter-force-all|O3--x86-cmov-converter-force-all
make_fg_step	keygen.c	1199	11	        w += p & -(w >> 31);	+	cjump	O1--x86-cmov-converter-force-all|O3--x86-cmov-converter-force-all
modp_mkgm2	keygen.c	807	11	        z ^= (z ^ z2) & -(uint32_t)((e >> i) & 1);	^	cjump	O1--x86-cmov-converter-force-all|O3--x86-cmov-converter-force-all|Os--x86-cmov-converter-force-all|Oz--x86-cmov-converter-force-all
solve_NTRU_intermediate	keygen.c	285	7	    m &= -(uint64_t)((uint32_t)(e - 64) >> 31);	&	cjump	O1--x86-cmov-converter-force-all|O3--x86-cmov-converter-force-all|Os--x86-cmov-converter-force-all
solve_NTRU	keygen.c	635	12	    w += p & -(w >> 31);	&	cjump	O1--x86-cmov-converter-force-all|O3--x86-cmov-converter-force-all
PQCLEAN_FALCON512_CLEAN_verify_raw	vrfy.c	417	7	    z += Q & -(z >> 31);	+	cjump	O1--x86-cmov-converter-force-all|O3--x86-cmov-converter-force-all
zint_rebuild_CRT	keygen.c	723	7	    d += p & -(d >> 31);	+	cjump	O1--x86-cmov-converter-force-all|O3--x86-cmov-converter-force-all
PQCLEAN_FALCON1024_CLEAN_sampler	sign.c	412	7	    x &= (uint64_t)t - 1;	&	cjump	O1--x86-cmov-converter-force-all|O3--x86-cmov-converter-force-all|Os--x86-cmov-converter-force-all|Oz--x86-cmov-converter-force-all
PQCLEAN_FALCONPADDED1024_CLEAN_compute_public	vrfy.c	417	7	    z += Q & -(z >> 31);	+	cjump	O1--x86-cmov-converter-force-all|O3--x86-cmov-converter-force-all
PQCLEAN_FALCONPADDED1024_CLEAN_sampler	sign.c	1057	43	    z = ((fpr_expm_p63(r, ccs) << 1) - 1) >> s;	>	cjump	O1--x86-cmov-converter-force-all|O3--x86-cmov-converter-force-all|Os--x86-cmov-converter-force-all|Oz--x86-cmov-converter-force-all
PQCLEAN_FALCON512_CLEAN_poly_split_fft	fft.c	412	7	    x &= (uint64_t)t - 1;	&	cjump	O1--x86-cmov-converter-force-all|O3--x86-cmov-converter-force-all|Os--x86-cmov-converter-force-all|Oz--x86-cmov-converter-force-all
PQCLEAN_MLDSA87_CLEAN_decompose	rounding.c	47	9	    *a0 -= (((Q - 1) / 2 - *a0) >> 31) & Q;	-	cjump	O1--x86-cmov-converter-force-all|O3--x86-cmov-converter-force-all|Os--x86-cmov-converter-force-all|Oz--x86-cmov-converter-force-all
solve_NTRU	keygen.c	1832	26	            a_lo += a_lo & (cA - 1);	&	cjump	O1--x86-cmov-converter-force-all|O3--x86-cmov-converter-force-all
PQCLEAN_FALCON1024_CLEAN_is_invertible	vrfy.c	417	7	    z += Q & -(z >> 31);	+	cjump	O1--x86-cmov-converter-force-all|O3--x86-cmov-converter-force-all
PQCLEAN_FALCONPADDED1024_CLEAN_verify_raw	vrfy.c	666	11	        w -= (int32_t)(Q & -(((Q >> 1) - (uint32_t)w) >> 31));	-	cjump	O1--x86-cmov-converter-force-all|O3--x86-cmov-converter-force-all|Os--x86-cmov-converter-force-all|Oz--x86-cmov-converter-force-all
PQCLEAN_FALCON512_CLEAN_complete_private	vrfy.c	417	7	    z += Q & -(z >> 31);	+	cjump	O1--x86-cmov-converter-force-all|O3--x86-cmov-converter-force-all
zint_rebuild_CRT	keygen.c	1145	12	        aw ^= ((w & 0x7FFFFFFF) ^ aw) & m;	^	cjump	O1--x86-cmov-converter-force-all|Os--x86-cmov-converter-force-all|Oz--x86-cmov-converter-force-all
PQCLEAN_FALCONPADDED512_CLEAN_poly_split_fft	fft.c	412	7	    x &= (uint64_t)t - 1;	&	cjump	O1--x86-cmov-converter-force-all|O3--x86-cmov-converter-force-all|Os--x86-cmov-converter-force-all|Oz--x86-cmov-converter-force-all
PQCLEAN_FALCON512_CLEAN_compute_public	vrfy.c	417	7	    z += Q & -(z >> 31);	+	cjump	O1--x86-cmov-converter-force-all|O3--x86-cmov-converter-force-all
PQCLEAN_FALCONPADDED512_CLEAN_complete_private	vrfy.c	737	11	        w -= (Q & ~ -((w - (Q >> 1)) >> 31));	-	cjump	O1--x86-cmov-converter-force-all|O3--x86-cmov-converter-force-all|Os--x86-cmov-converter-force-all|Oz--x86-cmov-converter-force-all
PQCLEAN_FALCONPADDED1024_CLEAN_complete_private	vrfy.c	737	11	        w -= (Q & ~ -((w - (Q >> 1)) >> 31));	-	cjump	O1--x86-cmov-converter-force-all|O3--x86-cmov-converter-force-all|Os--x86-cmov-converter-force-all|Oz--x86-cmov-converter-force-all
PQCLEAN_FALCON512_CLEAN_fpr_div	fpr.c	182	7	    m &= (uint64_t)t - 1;	&	cjump	O1--x86-cmov-converter-force-all|O3--x86-cmov-converter-force-all|Os--x86-cmov-converter-force-all
PQCLEAN_MLDSA65_CLEAN_decompose	rounding.c	47	9	    *a0 -= (((Q - 1) / 2 - *a0) >> 31) & Q;	-	cjump	O1--x86-cmov-converter-force-all|O3--x86-cmov-converter-force-all|Os--x86-cmov-converter-force-all|Oz--x86-cmov-converter-force-all
PQCLEAN_FALCONPADDED512_CLEAN_fpr_scaled	fpr.c	182	7	    m &= (uint64_t)t - 1;	&	cjump	O1--x86-cmov-converter-force-all|O3--x86-cmov-converter-force-all|Os--x86-cmov-converter-force-all
PQCLEAN_HQC128_CLEAN_reed_muller_decode	reed_muller.c	136	17	        abs = t ^ ((uint16_t)(-(t >> 15)) & (t ^ -t)); // t = abs(t)	^	cjump	O1--x86-cmov-converter-force-all|O3--x86-cmov-converter-force-all|Os--x86-cmov-converter-force-all|Oz--x86-cmov-converter-force-all
PQCLEAN_FALCONPADDED512_CLEAN_to_ntt_monty	vrfy.c	417	7	    z += Q & -(z >> 31);	+	cjump	O1--x86-cmov-converter-force-all|O3--x86-cmov-converter-force-all
solve_NTRU	keygen.c	1747	16	            c0 &= (((aw | bw) + 0x7FFFFFFF) >> 31) - (uint32_t)1;	&	cjump	O1--x86-cmov-converter-force-all|O3--x86-cmov-converter-force-all
PQCLEAN_FALCONPADDED512_CLEAN_sampler	sign.c	377	8	    xu &= -(uint64_t)((uint32_t)(cc - 64) >> 31);	&	cjump	O1--x86-cmov-converter-force-all|O3--x86-cmov-converter-force-all|Os--x86-cmov-converter-force-all|Oz--x86-cmov-converter-force-all
PQCLEAN_FALCON512_CLEAN_is_invertible	vrfy.c	417	7	    z += Q & -(z >> 31);	+	cjump	O1--x86-cmov-converter-force-all|O3--x86-cmov-converter-force-all
poly_sub_scaled_ntt	keygen.c	1199	11	        w += p & -(w >> 31);	+	cjump	O1--x86-cmov-converter-force-all|O3--x86-cmov-converter-force-all
PQCLEAN_MLDSA65_CLEAN_use_hint	rounding.c	47	9	    *a0 -= (((Q - 1) / 2 - *a0) >> 31) & Q;	-	cjump	O1--x86-cmov-converter-force-all|O3--x86-cmov-converter-force-all|Os--x86-cmov-converter-force-all
PQCLEAN_FALCON512_CLEAN_fpr_scaled	fpr.c	182	7	    m &= (uint64_t)t - 1;	&	cjump	O1--x86-cmov-converter-force-all|O3--x86-cmov-converter-force-all|Os--x86-cmov-converter-force-all
PQCLEAN_FALCON1024_CLEAN_verify_raw	vrfy.c	666	11	        w -= (int32_t)(Q & -(((Q >> 1) - (uint32_t)w) >> 31));	-	cjump	O1--x86-cmov-converter-force-all|O3--x86-cmov-converter-force-all|Os--x86-cmov-converter-force-all|Oz--x86-cmov-converter-force-all
mq_div_12289	vrfy.c	417	7	    z += Q & -(z >> 31);	+	cjump	O1--x86-cmov-converter-force-all|O3--x86-cmov-converter-force-all|Os--x86-cmov-converter-force-all
PQCLEAN_FALCONPADDED1024_CLEAN_fpr_scaled	fpr.c	182	7	    m &= (uint64_t)t - 1;	&	cjump	O1--x86-cmov-converter-force-all|O3--x86-cmov-converter-force-all|Os--x86-cmov-converter-force-all
PQCLEAN_FALCONPADDED512_CLEAN_fpr_expm_p63	fpr.c	377	8	    xu &= -(uint64_t)((uint32_t)(cc - 64) >> 31);	&	cjump	O1--x86-cmov-converter-force-all|O3--x86-cmov-converter-force-all|Os--x86-cmov-converter-force-all
PQCLEAN_FALCONPADDED1024_CLEAN_fpr_mul	fpr.c	182	7	    m &= (uint64_t)t - 1;	&	cjump	O1--x86-cmov-converter-force-all|O3--x86-cmov-converter-force-all|Os--x86-cmov-converter-force-all
PQCLEAN_FALCON512_CLEAN_verify_raw	vrfy.c	666	11	        w -= (int32_t)(Q & -(((Q >> 1) - (uint32_t)w) >> 31));	-	cjump	O1--x86-cmov-converter-force-all|O3--x86-cmov-converter-force-all|Os--x86-cmov-converter-force-all|Oz--x86-cmov-converter-force-all
PQCLEAN_FALCONPADDED1024_CLEAN_fpr_div	fpr.c	182	7	    m &= (uint64_t)t - 1;	&	cjump	O1--x86-cmov-converter-force-all|O3--x86-cmov-converter-force-all|Os--x86-cmov-converter-force-all
PQCLEAN_FALCON1024_CLEAN_sign_tree	sign.c	285	7	    m &= -(uint64_t)((uint32_t)(e - 64) >> 31);	&	cjump	O1--x86-cmov-converter-force-all|O3--x86-cmov-converter-force-all|Os--x86-cmov-converter-force-all
PQCLEAN_FALCON512_CLEAN_sampler	sign.c	352	8	    xi ^= (xi ^ -(int64_t)t) & -(int64_t)((uint32_t)(63 - cc) >> 31);	^	cjump	O1--x86-cmov-converter-force-all|O3--x86-cmov-converter-force-all|Os--x86-cmov-converter-force-all|Oz--x86-cmov-converter-force-all
PQCLEAN_FALCONPADDED512_CLEAN_fpr_div	fpr.c	182	7	    m &= (uint64_t)t - 1;	&	cjump	O1--x86-cmov-converter-force-all|O3--x86-cmov-converter-force-all|Os--x86-cmov-converter-force-all
solve_NTRU	keygen.c	683	7	    d += p & -(d >> 31);	+	cjump	O1--x86-cmov-converter-force-all|O3--x86-cmov-converter-force-all
PQCLEAN_HQC128_CLEAN_vect_set_random_fixed_weight	vector.c	47	14	    return r + (n & mask);	+	cjump	O1--x86-cmov-converter-force-all|O3--x86-cmov-converter-force-all|Os--x86-cmov-converter-force-all|Oz--x86-cmov-converter-force-all
PQCLEAN_FALCONPADDED1024_CLEAN_sampler	sign.c	377	8	    xu &= -(uint64_t)((uint32_t)(cc - 64) >> 31);	&	cjump	O1--x86-cmov-converter-force-all|O3--x86-cmov-converter-force-all|Os--x86-cmov-converter-force-all|Oz--x86-cmov-converter-force-all
ffSampling_fft	sign.c	412	7	    x &= (uint64_t)t - 1;	&	cjump	O1--x86-cmov-converter-force-all|O3--x86-cmov-converter-force-all|Os--x86-cmov-converter-force-all|Oz--x86-cmov-converter-force-all
PQCLEAN_FALCON512_CLEAN_sampler	sign.c	1057	43	    z = ((fpr_expm_p63(r, ccs) << 1) - 1) >> s;	>	cjump	O1--x86-cmov-converter-force-all|O3--x86-cmov-converter-force-all|Os--x86-cmov-converter-force-all|Oz--x86-cmov-converter-force-all
PQCLEAN_FALCON1024_CLEAN_poly_split_fft	fft.c	412	7	    x &= (uint64_t)t - 1;	&	cjump	O1--x86-cmov-converter-force-all|O3--x86-cmov-converter-force-all|Os--x86-cmov-converter-force-all|Oz--x86-cmov-converter-force-all
PQCLEAN_FALCON512_CLEAN_fpr_add	fpr.c	185	8	    yu &= -(uint64_t)((uint32_t)(cc - 60) >> 31);	&	cjump	O1--x86-cmov-converter-force-all|O3--x86-cmov-converter-force-all|Os--x86-cmov-converter-force-all|Oz--x86-cmov-converter-force-all
PQCLEAN_FALCON512_CLEAN_sign_tree	sign.c	285	7	    m &= -(uint64_t)((uint32_t)(e - 64) >> 31);	&	cjump	O1--x86-cmov-converter-force-all|O3--x86-cmov-converter-force-all|Os--x86-cmov-converter-force-all
PQCLEAN_FALCON1024_CLEAN_fpr_add	fpr.c	185	8	    yu &= -(uint64_t)((uint32_t)(cc - 60) >> 31);	&	cjump	O1--x86-cmov-converter-force-all|O3--x86-cmov-converter-force-all|Os--x86-cmov-converter-force-all|Oz--x86-cmov-converter-force-all
PQCLEAN_FALCON1024_CLEAN_fpr_div	fpr.c	182	7	    m &= (uint64_t)t - 1;	&	cjump	O1--x86-cmov-converter-force-all|O3--x86-cmov-converter-force-all|Os--x86-cmov-converter-force-all
PQCLEAN_FALCON1024_CLEAN_fpr_scaled	fpr.c	182	7	    m &= (uint64_t)t - 1;	&	cjump	O1--x86-cmov-converter-force-all|O3--x86-cmov-converter-force-all|Os--x86-cmov-converter-force-all
PQCLEAN_FALCON1024_CLEAN_sampler	sign.c	352	8	    xi ^= (xi ^ -(int64_t)t) & -(int64_t)((uint32_t)(63 - cc) >> 31);	^	cjump	O1--x86-cmov-converter-force-all|O3--x86-cmov-converter-force-all|Os--x86-cmov-converter-force-all|Oz--x86-cmov-converter-force-all
PQCLEAN_HQC256_CLEAN_vect_set_random_fixed_weight	vector.c	47	14	    return r + (n & mask);	+	cjump	O1--x86-cmov-converter-force-all|O3--x86-cmov-converter-force-all|Os--x86-cmov-converter-force-all|Oz--x86-cmov-converter-force-all
PQCLEAN_FALCONPADDED512_CLEAN_verify_raw	vrfy.c	417	7	    z += Q & -(z >> 31);	+	cjump	O1--x86-cmov-converter-force-all|O3--x86-cmov-converter-force-all
PQCLEAN_FALCONPADDED512_CLEAN_verify_raw	vrfy.c	666	11	        w -= (int32_t)(Q & -(((Q >> 1) - (uint32_t)w) >> 31));	-	cjump	O1--x86-cmov-converter-force-all|O3--x86-cmov-converter-force-all|Os--x86-cmov-converter-force-all|Oz--x86-cmov-converter-force-all
PQCLEAN_FALCONPADDED512_CLEAN_is_invertible	vrfy.c	417	7	    z += Q & -(z >> 31);	+	cjump	O1--x86-cmov-converter-force-all|O3--x86-cmov-converter-force-all
PQCLEAN_HQC128_CLEAN_gf_mul	gf.c	106	22	    l ^= ((a << 7) & mask);	m	cjump	O1--x86-cmov-converter-force-all|O3--x86-cmov-converter-force-all|Os--x86-cmov-converter-force-all|Oz--x86-cmov-converter-force-all
PQCLEAN_FALCON512_CLEAN_fpr_add	fpr.c	155	42	         | ((1U - (uint32_t)(-za >> 63)) & (uint32_t)(x >> 63));	&	cjump	O1--x86-cmov-converter-force-all|O3--x86-cmov-converter-force-all|Os--x86-cmov-converter-force-all|Oz--x86-cmov-converter-force-all
PQCLEAN_HQC256_CLEAN_vect_set_random_fixed_weight	vector.c	36	21	        ret |= mask & tmp;	&	cjump	O1--x86-cmov-converter-force-all|O3--x86-cmov-converter-force-all|Os--x86-cmov-converter-force-all|Oz--x86-cmov-converter-force-all
PQCLEAN_FALCON512_CLEAN_fpr_expm_p63	fpr.c	377	8	    xu &= -(uint64_t)((uint32_t)(cc - 64) >> 31);	&	cjump	O1--x86-cmov-converter-force-all|O3--x86-cmov-converter-force-all|Os--x86-cmov-converter-force-all
solve_NTRU	keygen.c	723	7	    d += p & -(d >> 31);	+	cjump	O1--x86-cmov-converter-force-all|O3--x86-cmov-converter-force-all
PQCLEAN_MLDSA44_CLEAN_use_hint	rounding.c	47	9	    *a0 -= (((Q - 1) / 2 - *a0) >> 31) & Q;	-	cjump	O1--x86-cmov-converter-force-all|O3--x86-cmov-converter-force-all|Os--x86-cmov-converter-force-all
PQCLEAN_HQC192_CLEAN_reed_muller_decode	reed_muller.c	136	17	        abs = t ^ ((uint16_t)(-(t >> 15)) & (t ^ -t)); // t = abs(t)	^	cjump	O1--x86-cmov-converter-force-all|O3--x86-cmov-converter-force-all|Os--x86-cmov-converter-force-all|Oz--x86-cmov-converter-force-all
PQCLEAN_FALCON1024_CLEAN_complete_private	vrfy.c	417	7	    z += Q & -(z >> 31);	+	cjump	O1--x86-cmov-converter-force-all|O3--x86-cmov-converter-force-all
PQCLEAN_FALCON512_CLEAN_to_ntt_monty	vrfy.c	417	7	    z += Q & -(z >> 31);	+	cjump	O1--x86-cmov-converter-force-all|O3--x86-cmov-converter-force-all
solve_NTRU_intermediate	keygen.c	1199	11	        w += p & -(w >> 31);	+	cjump	O1--x86-cmov-converter-force-all|O3--x86-cmov-converter-force-all
PQCLEAN_FALCON1024_CLEAN_complete_private	vrfy.c	737	11	        w -= (Q & ~ -((w - (Q >> 1)) >> 31));	-	cjump	O1--x86-cmov-converter-force-all|O3--x86-cmov-converter-force-all|Os--x86-cmov-converter-force-all|Oz--x86-cmov-converter-force-all
modp_iNTT2_ext	keygen.c	683	7	    d += p & -(d >> 31);	+	cjump	O1--x86-cmov-converter-force-all|Os--x86-cmov-converter-force-all|Oz--x86-cmov-converter-force-all
PQCLEAN_FALCONPADDED1024_CLEAN_count_nttzero	vrfy.c	417	7	    z += Q & -(z >> 31);	+	cjump	O1--x86-cmov-converter-force-all|O3--x86-cmov-converter-force-all
solve_NTRU	keygen.c	1199	11	        w += p & -(w >> 31);	+	cjump	O1--x86-cmov-converter-force-all|O3--x86-cmov-converter-force-all
PQCLEAN_FALCONPADDED1024_CLEAN_sampler	sign.c	352	8	    xi ^= (xi ^ -(int64_t)t) & -(int64_t)((uint32_t)(63 - cc) >> 31);	^	cjump	O1--x86-cmov-converter-force-all|O3--x86-cmov-converter-force-all|Os--x86-cmov-converter-force-all|Oz--x86-cmov-converter-force-all
PQCLEAN_FALCON1024_CLEAN_sampler	sign.c	377	8	    xu &= -(uint64_t)((uint32_t)(cc - 64) >> 31);	&	cjump	O1--x86-cmov-converter-force-all|O3--x86-cmov-converter-force-all|Os--x86-cmov-converter-force-all|Oz--x86-cmov-converter-force-all
PQCLEAN_FALCONPADDED512_CLEAN_verify_recover	vrfy.c	417	7	    z += Q & -(z >> 31);	+	cjump	O1--x86-cmov-converter-force-all|O3--x86-cmov-converter-force-all
PQCLEAN_HQC128_CLEAN_vect_set_random_fixed_weight	vector.c	36	21	        ret |= mask & tmp;	&	cjump	O1--x86-cmov-converter-force-all|O3--x86-cmov-converter-force-all|Os--x86-cmov-converter-force-all|Oz--x86-cmov-converter-force-all
PQCLEAN_FALCONPADDED1024_CLEAN_verify_raw	vrfy.c	417	7	    z += Q & -(z >> 31);	+	cjump	O1--x86-cmov-converter-force-all|O3--x86-cmov-converter-force-all
PQCLEAN_FALCON512_CLEAN_fpr_mul	fpr.c	182	7	    m &= (uint64_t)t - 1;	&	cjump	O1--x86-cmov-converter-force-all|O3--x86-cmov-converter-force-all|Os--x86-cmov-converter-force-all
PQCLEAN_FALCONPADDED512_CLEAN_fpr_add	fpr.c	185	8	    yu &= -(uint64_t)((uint32_t)(cc - 60) >> 31);	&	cjump	O1--x86-cmov-converter-force-all|O3--x86-cmov-converter-force-all|Os--x86-cmov-converter-force-all|Oz--x86-cmov-converter-force-all
PQCLEAN_FALCON512_CLEAN_complete_private	vrfy.c	737	11	        w -= (Q & ~ -((w - (Q >> 1)) >> 31));	-	cjump	O1--x86-cmov-converter-force-all|O3--x86-cmov-converter-force-all|Os--x86-cmov-converter-force-all|Oz--x86-cmov-converter-force-all
PQCLEAN_FALCONPADDED512_CLEAN_sampler	sign.c	412	7	    x &= (uint64_t)t - 1;	&	cjump	O1--x86-cmov-converter-force-all|O3--x86-cmov-converter-force-all|Os--x86-cmov-converter-force-all|Oz--x86-cmov-converter-force-all
PQCLEAN_MLDSA87_CLEAN_use_hint	rounding.c	47	9	    *a0 -= (((Q - 1) / 2 - *a0) >> 31) & Q;	-	cjump	O1--x86-cmov-converter-force-all|O3--x86-cmov-converter-force-all|Os--x86-cmov-converter-force-all
PQCLEAN_FALCONPADDED512_CLEAN_sampler	sign.c	352	8	    xi ^= (xi ^ -(int64_t)t) & -(int64_t)((uint32_t)(63 - cc) >> 31);	^	cjump	O1--x86-cmov-converter-force-all|O3--x86-cmov-converter-force-all|Os--x86-cmov-converter-force-all|Oz--x86-cmov-converter-force-all
PQCLEAN_FALCONPADDED512_CLEAN_sign_dyn	sign.c	285	7	    m &= -(uint64_t)((uint32_t)(e - 64) >> 31);	&	cjump	O1--x86-cmov-converter-force-all|O3--x86-cmov-converter-force-all|Os--x86-cmov-converter-force-all
PQCLEAN_FALCON512_CLEAN_keygen	keygen.c	1867	43	    return (int)((1 - ((rc | -rc) >> 31)) & x[0] & y[0]);	&	cjump	O1-fprofile-arcs|O1-fprofile-instr-generate|O3-fprofile-arcs|O3-fprofile-instr-generate|Os-fprofile-arcs|Os-fprofile-instr-generate|Oz-fprofile-arcs|Oz-fprofile-instr-generate
PQCLEAN_FALCON1024_CLEAN_keygen	keygen.c	1867	43	    return (int)((1 - ((rc | -rc) >> 31)) & x[0] & y[0]);	&	cjump	O1-fprofile-arcs|O1-fprofile-instr-generate|O3-fprofile-arcs|O3-fprofile-instr-generate|Os-fprofile-arcs|Os-fprofile-instr-generate|Oz-fprofile-arcs|Oz-fprofile-instr-generate
PQCLEAN_FALCONPADDED512_CLEAN_keygen	keygen.c	1867	43	    return (int)((1 - ((rc | -rc) >> 31)) & x[0] & y[0]);	&	cjump	O1-fprofile-arcs|O1-fprofile-instr-generate|O3-fprofile-arcs|O3-fprofile-instr-generate|Os-fprofile-arcs|Os-fprofile-instr-generate|Oz-fprofile-arcs|Oz-fprofile-instr-generate
PQCLEAN_FALCONPADDED1024_CLEAN_keygen	keygen.c	1867	43	    return (int)((1 - ((rc | -rc) >> 31)) & x[0] & y[0]);	&	cjump	O1-fprofile-arcs|O1-fprofile-instr-generate|O3-fprofile-arcs|O3-fprofile-instr-generate|Os-fprofile-arcs|Os-fprofile-instr-generate|Oz-fprofile-arcs|Oz-fprofile-instr-generate
poly_big_to_fp	keygen.c	2014	18	            d[u] = fpr_zero;	=	cjump	O1-fstack-protector-all|Os-ffreestanding|Os-fno-builtin|Os-fstack-protector-all
PQCLEAN_FALCONPADDED1024_CLEAN_sign_dyn	sign.c	311	39	    return ((int64_t)m ^ -(int64_t)s) + (int64_t)s;	+	cjump	O1-ftrapv|O3-ftrapv|Os-ftrapv
PQCLEAN_FALCON1024_CLEAN_sign_dyn	sign.c	311	39	    return ((int64_t)m ^ -(int64_t)s) + (int64_t)s;	+	cjump	O1-ftrapv|O3-ftrapv|Os-ftrapv
solve_NTRU	keygen.c	311	39	    return ((int64_t)m ^ -(int64_t)s) + (int64_t)s;	+	cjump	O1-ftrapv|O3-ftrapv
PQCLEAN_FALCONPADDED512_CLEAN_fpr_scaled	fpr.c	180	7	    e += 1076;	+	cjump	O1-ftrapv|O3-ftrapv|Os-ftrapv
PQCLEAN_FALCONPADDED512_CLEAN_sampler	sign.c	331	29	    xi = (xi ^ -(int64_t)t) + (int64_t)t;	+	cjump	O1-ftrapv|O3-ftrapv|Os-ftrapv|Oz-ftrapv
PQCLEAN_FALCONPADDED1024_CLEAN_fpr_scaled	fpr.c	180	7	    e += 1076;	+	cjump	O1-ftrapv|O3-ftrapv|Os-ftrapv
solve_NTRU_intermediate	keygen.c	311	39	    return ((int64_t)m ^ -(int64_t)s) + (int64_t)s;	+	cjump	O1-ftrapv|O3-ftrapv|Os-ftrapv
PQCLEAN_FALCON1024_CLEAN_fpr_scaled	fpr.c	180	7	    e += 1076;	+	cjump	O1-ftrapv|O3-ftrapv|Os-ftrapv
solve_NTRU	keygen.c	472	21	    cc0 = (int)((sx - sy) >> 63) & 1; /* Neither subtraction overflows when */	-	cjump	O1-ftrapv|O3-ftrapv
solve_NTRU	keygen.c	473	21	    cc1 = (int)((sy - sx) >> 63) & 1; /* the signs are the same. */	-	cjump	O1-ftrapv|O3-ftrapv
PQCLEAN_FALCONPADDED1024_CLEAN_keygen	keygen.c	472	21	    cc0 = (int)((sx - sy) >> 63) & 1; /* Neither subtraction overflows when */	-	cjump	O1-ftrapv|O3-ftrapv|Os-ftrapv
solve_NTRU_intermediate	keygen.c	472	21	    cc0 = (int)((sx - sy) >> 63) & 1; /* Neither subtraction overflows when */	-	cjump	O1-ftrapv|O3-ftrapv|Os-ftrapv
PQCLEAN_FALCONPADDED1024_CLEAN_sampler	sign.c	331	29	    xi = (xi ^ -(int64_t)t) + (int64_t)t;	+	cjump	O1-ftrapv|O3-ftrapv|Os-ftrapv|Oz-ftrapv
PQCLEAN_FALCONPADDED512_CLEAN_sign_tree	sign.c	311	39	    return ((int64_t)m ^ -(int64_t)s) + (int64_t)s;	+	cjump	O1-ftrapv|O3-ftrapv|Os-ftrapv
PQCLEAN_FALCONPADDED512_CLEAN_keygen	keygen.c	473	21	    cc1 = (int)((sy - sx) >> 63) & 1; /* the signs are the same. */	-	cjump	O1-ftrapv|O3-ftrapv|Os-ftrapv
PQCLEAN_FALCON1024_CLEAN_keygen	keygen.c	472	21	    cc0 = (int)((sx - sy) >> 63) & 1; /* Neither subtraction overflows when */	-	cjump	O1-ftrapv|O3-ftrapv|Os-ftrapv
PQCLEAN_FALCONPADDED512_CLEAN_sign_dyn	sign.c	311	39	    return ((int64_t)m ^ -(int64_t)s) + (int64_t)s;	+	cjump	O1-ftrapv|O3-ftrapv|Os-ftrapv
PQCLEAN_FALCON1024_CLEAN_sampler	sign.c	331	29	    xi = (xi ^ -(int64_t)t) + (int64_t)t;	+	cjump	O1-ftrapv|O3-ftrapv|Os-ftrapv|Oz-ftrapv
PQCLEAN_FALCONPADDED1024_CLEAN_sign_tree	sign.c	311	39	    return ((int64_t)m ^ -(int64_t)s) + (int64_t)s;	+	cjump	O1-ftrapv|O3-ftrapv|Os-ftrapv
PQCLEAN_FALCON512_CLEAN_sampler	sign.c	331	29	    xi = (xi ^ -(int64_t)t) + (int64_t)t;	+	cjump	O1-ftrapv|O3-ftrapv|Os-ftrapv|Oz-ftrapv
PQCLEAN_FALCON512_CLEAN_sign_dyn	sign.c	311	39	    return ((int64_t)m ^ -(int64_t)s) + (int64_t)s;	+	cjump	O1-ftrapv|O3-ftrapv|Os-ftrapv
PQCLEAN_FALCON1024_CLEAN_keygen	keygen.c	473	21	    cc1 = (int)((sy - sx) >> 63) & 1; /* the signs are the same. */	-	cjump	O1-ftrapv|O3-ftrapv|Os-ftrapv
PQCLEAN_FALCON512_CLEAN_sign_tree	sign.c	311	39	    return ((int64_t)m ^ -(int64_t)s) + (int64_t)s;	+	cjump	O1-ftrapv|O3-ftrapv|Os-ftrapv
PQCLEAN_FALCONPADDED512_CLEAN_keygen	keygen.c	472	21	    cc0 = (int)((sx - sy) >> 63) & 1; /* Neither subtraction overflows when */	-	cjump	O1-ftrapv|O3-ftrapv|Os-ftrapv
solve_NTRU_intermediate	keygen.c	473	21	    cc1 = (int)((sy - sx) >> 63) & 1; /* the signs are the same. */	-	cjump	O1-ftrapv|O3-ftrapv|Os-ftrapv
PQCLEAN_FALCON512_CLEAN_keygen	keygen.c	473	21	    cc1 = (int)((sy - sx) >> 63) & 1; /* the signs are the same. */	-	cjump	O1-ftrapv|O3-ftrapv|Os-ftrapv
PQCLEAN_FALCON1024_CLEAN_sign_tree	sign.c	311	39	    return ((int64_t)m ^ -(int64_t)s) + (int64_t)s;	+	cjump	O1-ftrapv|O3-ftrapv|Os-ftrapv
PQCLEAN_FALCONPADDED1024_CLEAN_keygen	keygen.c	473	21	    cc1 = (int)((sy - sx) >> 63) & 1; /* the signs are the same. */	-	cjump	O1-ftrapv|O3-ftrapv|Os-ftrapv
PQCLEAN_FALCON512_CLEAN_fpr_scaled	fpr.c	180	7	    e += 1076;	+	cjump	O1-ftrapv|O3-ftrapv|Os-ftrapv
PQCLEAN_FALCON512_CLEAN_keygen	keygen.c	472	21	    cc0 = (int)((sx - sy) >> 63) & 1; /* Neither subtraction overflows when */	-	cjump	O1-ftrapv|O3-ftrapv|Os-ftrapv
solve_NTRU	keygen.c	3454	27	                v < hn; v ++, x += llen, y += llen) {	+	cjump	O1-ftree-vectorize|O1-fvectorize
PQCLEAN_HQC256_CLEAN_reed_solomon_decode	reed_solomon.c	232	42	            beta_j[j] += mask1 & mask2 & gf_exp[i];	g	cjump	O1-ftree-vectorize|O1-fvectorize
PQCLEAN_HQC256_CLEAN_reed_solomon_decode	reed_solomon.c	264	48	            error_values[i] += mask1 & mask2 & e_j[j];	e	cjump	O1-ftree-vectorize|O1-fvectorize
solve_NTRU	keygen.c	3524	30	                    v < n; v ++, x += slen, y += slen) {	+	cjump	O1-ftree-vectorize|O1-fvectorize
PQCLEAN_HQC192_CLEAN_reed_solomon_decode	reed_solomon.c	232	42	            beta_j[j] += mask1 & mask2 & gf_exp[i];	g	cjump	O1-ftree-vectorize|O1-fvectorize
PQCLEAN_HQC192_CLEAN_reed_solomon_decode	reed_solomon.c	264	48	            error_values[i] += mask1 & mask2 & e_j[j];	e	cjump	O1-ftree-vectorize|O1-fvectorize
PQCLEAN_HQC192_CLEAN_reed_solomon_decode	reed_solomon.c	264	29	            error_values[i] += mask1 & mask2 & e_j[j];	+	cjump	O2--alias-set-saturation-threshold=0|O2--rotation-max-header-size=0|O2--slp-min-tree-size=100|O2--slp-min-tree-size=50|O2--slp-recursion-max-depth=0|O2--slp-threshold=100|O2--slp-threshold=50
PQCLEAN_HQC128_CLEAN_reed_solomon_decode	reed_solomon.c	264	29	            error_values[i] += mask1 & mask2 & e_j[j];	+	cjump	O2--alias-set-saturation-threshold=0|O2--disable-licm-promotion|O2--licm-mssa-max-acc-promotion=0|O2--slp-min-tree-size=100|O2--slp-min-tree-size=50|O2--slp-recursion-max-depth=0|O2--slp-threshold=100|O2--slp-threshold=50|O2--unroll-count=0|O2--unroll-full-max-count=0|O3--licm-mssa-optimization-cap=0|O3--memssa-check-limit=0|O3--unroll-count=0|O3--unroll-full-max-count=0|O3--unroll-threshold-aggressive=0|O3--unroll-threshold-aggressive=100|O3--unroll-threshold-aggressive=50|O3--unroll-threshold=0|O3--unroll-threshold=100|O3--unroll-threshold=50|O3--x86-cmov-converter-force-all|O3-fno-unroll-loops
PQCLEAN_HQC256_CLEAN_reed_solomon_decode	reed_solomon.c	264	29	            error_values[i] += mask1 & mask2 & e_j[j];	+	cjump	O2--alias-set-saturation-threshold=0|O2--disable-select-optimize=false|O2--force-target-instruction-cost=0|O2--force-vector-width=100|O2--force-vector-width=50|O2--licm-mssa-optimization-cap=0|O2--memssa-check-limit=0|O2--prefer-predicate-over-epilogue=predicate-dont-vectorize|O2--prefer-predicate-over-epilogue=predicate-else-scalar-epilogue|O2--rotation-max-header-size=0|O2--scalar-evolution-huge-expr-threshold=0|O2--unroll-count=0|O2--unroll-full-max-count=0|O3--licm-mssa-optimization-cap=0|O3--memssa-check-limit=0|O3--unroll-count=0|O3--unroll-full-max-count=0|O3--unroll-threshold-aggressive=0|O3--unroll-threshold=0|O3--x86-cmov-converter-force-all|O3-fno-unroll-loops
PQCLEAN_HQC256_CLEAN_reed_solomon_decode	reed_solomon.c	232	23	            beta_j[j] += mask1 & mask2 & gf_exp[i];	+	cjump	O2--disable-select-optimize=false|O2--unroll-count=0|O3--x86-cmov-converter-force-all
PQCLEAN_HQC192_CLEAN_reed_solomon_decode	reed_solomon.c	232	23	            beta_j[j] += mask1 & mask2 & gf_exp[i];	+	cjump	O2--force-target-instruction-cost=0|O2--force-vector-width=100|O2--force-vector-width=50|O2--rotation-max-header-size=0|O2--scalar-evolution-huge-expr-threshold=0|O3--x86-cmov-converter-force-all
PQCLEAN_HQC128_CLEAN_hqc_ciphertext_from_string	parsing.c	33	23	            index_out += 1;	+	cjump	O2--force-target-instruction-cost=100|O2--force-target-instruction-cost=50|O2--force-vector-interleave=50|O2--force-vector-width=100|O2--force-vector-width=50|O3--force-target-instruction-cost=100|O3--force-target-instruction-cost=50|O3--force-vector-width=100|O3--force-vector-width=50
PQCLEAN_HQC128_CLEAN_reed_solomon_decode	reed_solomon.c	132	26	            X_sigma_p[i] = (mask12 & sigma_copy[i - 1]) ^ (~mask12 & X_sigma_p[i - 1]);	=	cjump	O2--force-target-instruction-cost=100|O2--force-target-instruction-cost=50|Os--force-target-instruction-cost=100|Os--force-target-instruction-cost=50
solve_NTRU	keygen.c	3499	27	                v < hn; v ++, x += (llen << 1), y += (llen << 1)) {	+	cjump	O2--force-target-instruction-cost=100|O2--force-target-instruction-cost=50|O2--force-vector-interleave=50|O2--force-vector-width=100|O2--force-vector-width=50|O3--force-target-instruction-cost=100|O3--force-target-instruction-cost=50|O3--force-vector-width=100|O3--force-vector-width=50
PQCLEAN_HQC256_CLEAN_load8_arr	parsing.c	33	23	            index_out += 1;	+	cjump	O2--force-target-instruction-cost=100|O2--force-target-instruction-cost=50|O2--force-vector-interleave=50|O2--force-vector-width=100|O2--force-vector-width=50|O3--force-target-instruction-cost=100|O3--force-target-instruction-cost=50|O3--force-vector-width=100|O3--force-vector-width=50
PQCLEAN_HQC128_CLEAN_reed_solomon_decode	reed_solomon.c	232	23	            beta_j[j] += mask1 & mask2 & gf_exp[i];	+	cjump	O2--force-target-instruction-cost=100|O2--force-target-instruction-cost=50|O2--partial-unrolling-threshold=0|O2--unroll-count=0|O2--unroll-max-count=0|O2--unroll-partial-threshold=0|O3--x86-cmov-converter-force-all
PQCLEAN_HQC256_CLEAN_hqc_public_key_from_string	parsing.c	33	23	            index_out += 1;	+	cjump	O2--force-target-instruction-cost=100|O2--force-target-instruction-cost=50|O2--force-vector-interleave=50|O2--force-vector-width=100|O2--force-vector-width=50|O3--force-target-instruction-cost=100|O3--force-target-instruction-cost=50|O3--force-vector-width=100|O3--force-vector-width=50
PQCLEAN_HQC128_CLEAN_load8_arr	parsing.c	33	23	            index_out += 1;	+	cjump	O2--force-target-instruction-cost=100|O2--force-target-instruction-cost=50|O2--force-vector-interleave=50|O2--force-vector-width=100|O2--force-vector-width=50|O3--force-target-instruction-cost=100|O3--force-target-instruction-cost=50|O3--force-vector-width=100|O3--force-vector-width=50
PQCLEAN_HQC128_CLEAN_hqc_public_key_from_string	parsing.c	33	23	            index_out += 1;	+	cjump	O2--force-target-instruction-cost=100|O2--force-target-instruction-cost=50|O2--force-vector-interleave=50|O2--force-vector-width=100|O2--force-vector-width=50|O3--force-target-instruction-cost=100|O3--force-target-instruction-cost=50|O3--force-vector-width=100|O3--force-vector-width=50
PQCLEAN_HQC192_CLEAN_hqc_public_key_from_string	parsing.c	33	23	            index_out += 1;	+	cjump	O2--force-target-instruction-cost=100|O2--force-target-instruction-cost=50|O2--force-vector-interleave=50|O2--force-vector-width=100|O2--force-vector-width=50|O3--force-target-instruction-cost=100|O3--force-target-instruction-cost=50|O3--force-vector-width=100|O3--force-vector-width=50
PQCLEAN_HQC256_CLEAN_hqc_ciphertext_from_string	parsing.c	33	23	            index_out += 1;	+	cjump	O2--force-target-instruction-cost=100|O2--force-target-instruction-cost=50|O2--force-vector-interleave=50|O2--force-vector-width=100|O2--force-vector-width=50|O3--force-target-instruction-cost=100|O3--force-target-instruction-cost=50|O3--force-vector-width=100|O3--force-vector-width=50
PQCLEAN_HQC192_CLEAN_hqc_ciphertext_from_string	parsing.c	33	23	            index_out += 1;	+	cjump	O2--force-target-instruction-cost=100|O2--force-target-instruction-cost=50|O2--force-vector-interleave=50|O2--force-vector-width=100|O2--force-vector-width=50|O3--force-target-instruction-cost=100|O3--force-target-instruction-cost=50|O3--force-vector-width=100|O3--force-vector-width=50
PQCLEAN_HQC192_CLEAN_load8_arr	parsing.c	33	23	            index_out += 1;	+	cjump	O2--force-target-instruction-cost=100|O2--force-target-instruction-cost=50|O2--force-vector-interleave=50|O2--force-vector-width=100|O2--force-vector-width=50|O3--force-target-instruction-cost=100|O3--force-target-instruction-cost=50|O3--force-vector-width=100|O3--force-vector-width=50
solve_NTRU_intermediate	keygen.c	3265	23	                Ft[v] = sw;	=	cjump	O2--prefer-predicate-over-epilogue=predicate-dont-vectorize|O2--prefer-predicate-over-epilogue=predicate-else-scalar-epilogue|O3--prefer-predicate-over-epilogue=predicate-dont-vectorize|O3--prefer-predicate-over-epilogue=predicate-else-scalar-epilogue
solve_NTRU_intermediate	keygen.c	3269	23	                Gt[v] = sw;	=	cjump	O2--prefer-predicate-over-epilogue=predicate-dont-vectorize|O2--prefer-predicate-over-epilogue=predicate-else-scalar-epilogue|O3--prefer-predicate-over-epilogue=predicate-dont-vectorize|O3--prefer-predicate-over-epilogue=predicate-else-scalar-epilogue
PQCLEAN_HQC256_CLEAN_reed_muller_encode	reed_muller.c	40	42	    first_word ^= BIT0MASK(message >> 0) & 0xaaaaaaaa;	&	cjump	O2--slp-threshold=-1|O3--slp-threshold=-1
PQCLEAN_HQC256_CLEAN_reed_muller_encode	reed_muller.c	42	42	    first_word ^= BIT0MASK(message >> 2) & 0xf0f0f0f0;	&	cjump	O2--slp-threshold=-1|O3--slp-threshold=-1
PQCLEAN_HQC256_CLEAN_reed_muller_encode	reed_muller.c	43	42	    first_word ^= BIT0MASK(message >> 3) & 0xff00ff00;	&	cjump	O2--slp-threshold=-1|O3--slp-threshold=-1
PQCLEAN_HQC192_CLEAN_reed_muller_encode	reed_muller.c	43	42	    first_word ^= BIT0MASK(message >> 3) & 0xff00ff00;	&	cjump	O2--slp-threshold=-1|O3--slp-threshold=-1
PQCLEAN_HQC128_CLEAN_reed_muller_encode	reed_muller.c	43	42	    first_word ^= BIT0MASK(message >> 3) & 0xff00ff00;	&	cjump	O2--slp-threshold=-1|O3--slp-threshold=-1|Os--slp-threshold=-1
PQCLEAN_HQC192_CLEAN_reed_muller_encode	reed_muller.c	40	42	    first_word ^= BIT0MASK(message >> 0) & 0xaaaaaaaa;	&	cjump	O2--slp-threshold=-1|O3--slp-threshold=-1
PQCLEAN_HQC128_CLEAN_reed_muller_encode	reed_muller.c	40	42	    first_word ^= BIT0MASK(message >> 0) & 0xaaaaaaaa;	&	cjump	O2--slp-threshold=-1|O3--slp-threshold=-1|Os--slp-threshold=-1
PQCLEAN_HQC192_CLEAN_reed_muller_encode	reed_muller.c	41	42	    first_word ^= BIT0MASK(message >> 1) & 0xcccccccc;	&	cjump	O2--slp-threshold=-1|O3--slp-threshold=-1
PQCLEAN_HQC128_CLEAN_reed_muller_encode	reed_muller.c	41	42	    first_word ^= BIT0MASK(message >> 1) & 0xcccccccc;	&	cjump	O2--slp-threshold=-1|O3--slp-threshold=-1|Os--slp-threshold=-1
PQCLEAN_HQC128_CLEAN_reed_muller_encode	reed_muller.c	42	42	    first_word ^= BIT0MASK(message >> 2) & 0xf0f0f0f0;	&	cjump	O2--slp-threshold=-1|O3--slp-threshold=-1|Os--slp-threshold=-1
PQCLEAN_HQC192_CLEAN_reed_muller_encode	reed_muller.c	42	42	    first_word ^= BIT0MASK(message >> 2) & 0xf0f0f0f0;	&	cjump	O2--slp-threshold=-1|O3--slp-threshold=-1
PQCLEAN_HQC256_CLEAN_reed_muller_encode	reed_muller.c	41	42	    first_word ^= BIT0MASK(message >> 1) & 0xcccccccc;	&	cjump	O2--slp-threshold=-1|O3--slp-threshold=-1
PQCLEAN_HQC192_CLEAN_reed_solomon_decode	reed_solomon.c	232	32	            beta_j[j] += mask1 & mask2 & gf_exp[i];	&	cjump	O2--sroa-skip-mem2reg|Os--sroa-skip-mem2reg
PQCLEAN_HQC256_CLEAN_reed_solomon_decode	reed_solomon.c	232	32	            beta_j[j] += mask1 & mask2 & gf_exp[i];	&	cjump	O2--sroa-skip-mem2reg
PQCLEAN_HQC256_CLEAN_reed_solomon_decode	reed_solomon.c	264	38	            error_values[i] += mask1 & mask2 & e_j[j];	&	cjump	O2--sroa-skip-mem2reg
PQCLEAN_SPHINCSSHA2128FSIMPLE_CLEAN_wots_gen_leafx1	wotsx1.c	41	47	        uint32_t wots_k = info->wots_steps[i] | wots_k_mask; /* Set wots_k to */	|	cjump	O2--unroll-count=100|O2--unroll-count=50|Os--unroll-count=100|Os--unroll-count=50|Oz--unroll-count=100|Oz--unroll-count=50|Oz--unroll-force-peel-count=50
PQCLEAN_SPHINCSSHAKE128FSIMPLE_CLEAN_wots_gen_leafx1	wotsx1.c	41	47	        uint32_t wots_k = info->wots_steps[i] | wots_k_mask; /* Set wots_k to */	|	cjump	O2--unroll-count=100|O2--unroll-count=50|Os--unroll-count=100|Os--unroll-count=50|Oz--unroll-count=100|Oz--unroll-count=50|Oz--unroll-force-peel-count=50
PQCLEAN_SPHINCSSHAKE256FSIMPLE_CLEAN_wots_gen_leafx1	wotsx1.c	41	47	        uint32_t wots_k = info->wots_steps[i] | wots_k_mask; /* Set wots_k to */	|	cjump	O2--unroll-count=100|O2--unroll-count=50|Os--unroll-count=100|Os--unroll-count=50|Oz--unroll-count=100|Oz--unroll-count=50|Oz--unroll-force-peel-count=50
PQCLEAN_SPHINCSSHA2192FSIMPLE_CLEAN_wots_gen_leafx1	wotsx1.c	41	47	        uint32_t wots_k = info->wots_steps[i] | wots_k_mask; /* Set wots_k to */	|	cjump	O2--unroll-count=100|O2--unroll-count=50|Os--unroll-count=100|Os--unroll-count=50|Oz--unroll-count=100|Oz--unroll-count=50|Oz--unroll-force-peel-count=50
PQCLEAN_SPHINCSSHAKE192SSIMPLE_CLEAN_wots_gen_leafx1	wotsx1.c	41	47	        uint32_t wots_k = info->wots_steps[i] | wots_k_mask; /* Set wots_k to */	|	cjump	O2--unroll-count=100|O2--unroll-count=50|Os--unroll-count=100|Os--unroll-count=50|Oz--unroll-count=100|Oz--unroll-count=50|Oz--unroll-force-peel-count=50
PQCLEAN_SPHINCSSHA2256SSIMPLE_CLEAN_wots_gen_leafx1	wotsx1.c	41	47	        uint32_t wots_k = info->wots_steps[i] | wots_k_mask; /* Set wots_k to */	|	cjump	O2--unroll-count=100|O2--unroll-count=50|Os--unroll-count=100|Os--unroll-count=50|Oz--unroll-count=100|Oz--unroll-count=50|Oz--unroll-force-peel-count=50
PQCLEAN_SPHINCSSHA2192SSIMPLE_CLEAN_wots_gen_leafx1	wotsx1.c	41	47	        uint32_t wots_k = info->wots_steps[i] | wots_k_mask; /* Set wots_k to */	|	cjump	O2--unroll-count=100|O2--unroll-count=50|Os--unroll-count=100|Os--unroll-count=50|Oz--unroll-count=100|Oz--unroll-count=50|Oz--unroll-force-peel-count=50
PQCLEAN_SPHINCSSHAKE192FSIMPLE_CLEAN_wots_gen_leafx1	wotsx1.c	41	47	        uint32_t wots_k = info->wots_steps[i] | wots_k_mask; /* Set wots_k to */	|	cjump	O2--unroll-count=100|O2--unroll-count=50|Os--unroll-count=100|Os--unroll-count=50|Oz--unroll-count=100|Oz--unroll-count=50|Oz--unroll-force-peel-count=50
PQCLEAN_SPHINCSSHA2128SSIMPLE_CLEAN_wots_gen_leafx1	wotsx1.c	41	47	        uint32_t wots_k = info->wots_steps[i] | wots_k_mask; /* Set wots_k to */	|	cjump	O2--unroll-count=100|O2--unroll-count=50|Os--unroll-count=100|Os--unroll-count=50|Oz--unroll-count=100|Oz--unroll-count=50|Oz--unroll-force-peel-count=50
PQCLEAN_SPHINCSSHA2256FSIMPLE_CLEAN_wots_gen_leafx1	wotsx1.c	41	47	        uint32_t wots_k = info->wots_steps[i] | wots_k_mask; /* Set wots_k to */	|	cjump	O2--unroll-count=100|O2--unroll-count=50|Os--unroll-count=100|Os--unroll-count=50|Oz--unroll-count=100|Oz--unroll-count=50|Oz--unroll-force-peel-count=50
PQCLEAN_SPHINCSSHAKE128SSIMPLE_CLEAN_wots_gen_leafx1	wotsx1.c	41	47	        uint32_t wots_k = info->wots_steps[i] | wots_k_mask; /* Set wots_k to */	|	cjump	O2--unroll-count=100|O2--unroll-count=50|Os--unroll-count=100|Os--unroll-count=50|Oz--unroll-count=100|Oz--unroll-count=50|Oz--unroll-force-peel-count=50
PQCLEAN_SPHINCSSHAKE256SSIMPLE_CLEAN_wots_gen_leafx1	wotsx1.c	41	47	        uint32_t wots_k = info->wots_steps[i] | wots_k_mask; /* Set wots_k to */	|	cjump	O2--unroll-count=100|O2--unroll-count=50|Os--unroll-count=100|Os--unroll-count=50|Oz--unroll-count=100|Oz--unroll-count=50|Oz--unroll-force-peel-count=50
PQCLEAN_HQC128_CLEAN_reed_solomon_decode	reed_solomon.c	251	96	            tmp2 = PQCLEAN_HQC128_CLEAN_gf_mul(tmp2, (1 ^ PQCLEAN_HQC128_CLEAN_gf_mul(inverse, beta_j[(i + k) % PARAM_DELTA])));	b	mmem	O3--disable-lftr|O3--scalar-evolution-huge-expr-threshold=0|O3--scalar-evolution-max-arith-depth=0
make_fg_step	keygen.c	695	12	    d += p & -(d >> 31);	&	cjump	O3--fast-isel
solve_NTRU_intermediate	keygen.c	695	12	    d += p & -(d >> 31);	&	cjump	O3--fast-isel
poly_sub_scaled_ntt	keygen.c	695	12	    d += p & -(d >> 31);	&	cjump	O3--fast-isel
PQCLEAN_HQC128_CLEAN_reed_solomon_decode	reed_solomon.c	243	51	        inverse = PQCLEAN_HQC128_CLEAN_gf_inverse(beta_j[i]);	b	mdiv	O3--fast-isel
solve_NTRU	keygen.c	1146	14	        a[u] = aw;	=	cjump	O3--force-specialization|O3--inline-call-penalty=-1|O3--inline-instr-cost=-1
make_fg	keygen.c	1146	14	        a[u] = aw;	=	cjump	O3--funcspec-min-function-size=0|O3--funcspec-min-function-size=100|O3--funcspec-min-function-size=50
solve_NTRU_intermediate	keygen.c	1146	14	        a[u] = aw;	=	cjump	O3--inline-call-penalty=-1|O3--inline-instr-cost=-1|O3--inline-instr-cost=0
PQCLEAN_FALCON1024_CLEAN_keygen	keygen.c	1146	14	        a[u] = aw;	=	cjump	O3--inline-instr-cost=0
PQCLEAN_FALCON512_CLEAN_keygen	keygen.c	1146	14	        a[u] = aw;	=	cjump	O3--inline-instr-cost=0
PQCLEAN_FALCONPADDED512_CLEAN_keygen	keygen.c	1146	14	        a[u] = aw;	=	cjump	O3--inline-instr-cost=0
PQCLEAN_FALCONPADDED1024_CLEAN_keygen	keygen.c	1146	14	        a[u] = aw;	=	cjump	O3--inline-instr-cost=0
PQCLEAN_HQC256_CLEAN_gf_mul	gf.c	87	20	        g ^= (u[i] & (uint32_t)(0 - (1 - ((uint32_t)(tmp2 | (0 - tmp2)) >> 31))));	&	cjump	O3--x86-cmov-converter-force-all|Os--enable-split-backedge-in-load-pre|Os--force-target-instruction-cost=0|Os--rotation-max-header-size=0|Os--scalar-evolution-huge-expr-threshold=0|Os-fapple-kext|Os-fcs-profile-generate|Os-fno-tree-vectorize|Os-fno-vectorize
PQCLEAN_HQC192_CLEAN_gf_mul	gf.c	87	20	        g ^= (u[i] & (uint32_t)(0 - (1 - ((uint32_t)(tmp2 | (0 - tmp2)) >> 31))));	&	cjump	O3--x86-cmov-converter-force-all|Os--enable-split-backedge-in-load-pre|Os--force-target-instruction-cost=0|Os--rotation-max-header-size=0|Os--scalar-evolution-huge-expr-threshold=0|Os-fapple-kext|Os-fcs-profile-generate|Os-fno-tree-vectorize|Os-fno-vectorize
PQCLEAN_HQC192_CLEAN_gf_mul	gf.c	98	24	            g ^= (u[j] & (uint32_t)(0 - (1 - ((uint32_t)(tmp2 | (0 - tmp2)) >> 31))));	&	cjump	O3--x86-cmov-converter-force-all|Os--force-target-instruction-cost=0|Os--rotation-max-header-size=0|Os--scalar-evolution-huge-expr-threshold=0|Os--vplan-build-stress-test|Os-fapple-kext|Os-fcs-profile-generate|Os-fno-tree-vectorize|Os-fno-vectorize
PQCLEAN_HQC256_CLEAN_gf_mul	gf.c	98	24	            g ^= (u[j] & (uint32_t)(0 - (1 - ((uint32_t)(tmp2 | (0 - tmp2)) >> 31))));	&	cjump	O3--x86-cmov-converter-force-all|Os--force-target-instruction-cost=0|Os--rotation-max-header-size=0|Os--scalar-evolution-huge-expr-threshold=0|Os--vplan-build-stress-test|Os-fapple-kext|Os-fcs-profile-generate|Os-fno-tree-vectorize|Os-fno-vectorize
PQCLEAN_HQC128_CLEAN_gf_mul	gf.c	98	24	            g ^= (u[j] & (uint32_t)(0 - (1 - ((uint32_t)(tmp2 | (0 - tmp2)) >> 31))));	&	cjump	O3--x86-cmov-converter-force-all|Os--force-target-instruction-cost=0|Os--rotation-max-header-size=0|Os--scalar-evolution-huge-expr-threshold=0|Os--vplan-build-stress-test|Os-fapple-kext|Os-fcs-profile-generate|Os-fno-tree-vectorize|Os-fno-vectorize
PQCLEAN_HQC128_CLEAN_gf_mul	gf.c	87	20	        g ^= (u[i] & (uint32_t)(0 - (1 - ((uint32_t)(tmp2 | (0 - tmp2)) >> 31))));	&	cjump	O3--x86-cmov-converter-force-all|Os--enable-split-backedge-in-load-pre|Os--force-target-instruction-cost=0|Os--rotation-max-header-size=0|Os--scalar-evolution-huge-expr-threshold=0|Os-fapple-kext|Os-fcs-profile-generate|Os-fno-tree-vectorize|Os-fno-vectorize
karatsuba	gf2x.c	52	20	        g ^= (u[i] & (uint64_t)(0 - (1 - ((uint64_t)(tmp2 | (0 - tmp2)) >> 63))));	&	cjump	O3--x86-cmov-converter-force-all|Os--enable-split-backedge-in-load-pre|Os--force-target-instruction-cost=0|Os--prefer-inloop-reductions|Os--rotation-max-header-size=0|Os--scalar-evolution-huge-expr-threshold=0|Os-fapple-kext|Os-fcs-profile-generate|Os-fno-tree-vectorize|Os-fno-vectorize
PQCLEAN_FALCON512_CLEAN_keygen	keygen.c	3525	22	                *x = fx[v];	f	cjump	O3-fprofile-generate
PQCLEAN_FALCON512_CLEAN_keygen	keygen.c	3916	37	        Fp[u] = (uint32_t)modp_norm(Fp[u], p);	F	cjump	O3-fprofile-generate|Os--force-target-instruction-cost=100|Os--force-target-instruction-cost=50|Os--force-vector-width=100|Os--force-vector-width=50
karatsuba	gf2x.c	111	19	        tmp1[i] = tmp1[i] ^ tmp2[i];	t	cjump	O3-fprofile-generate
PQCLEAN_FALCON1024_CLEAN_keygen	keygen.c	3653	36	        Ft[u] = (uint32_t)fpr_rint(rt1[u]);	r	cjump	O3-fprofile-generate|Os--force-target-instruction-cost=100|Os--force-target-instruction-cost=50|Os--force-vector-width=100|Os--force-vector-width=50
PQCLEAN_FALCON512_CLEAN_keygen	keygen.c	3710	47	        Fp[u] = modp_set(zint_one_to_plain(Fp + u), p);	+	cjump	O3-fprofile-generate
PQCLEAN_MLDSA44_CLEAN_crypto_sign_ctx	sign.c	226	76	        sm[PQCLEAN_MLDSA44_CLEAN_CRYPTO_BYTES + mlen - 1 - i] = m[mlen - 1 - i];	-	cjump	O3-fprofile-generate
PQCLEAN_HQC256_CLEAN_vect_compare	vector.c	164	14	        r |= v1[i] ^ v2[i];	v	cjump	O3-fprofile-generate
PQCLEAN_FALCONPADDED512_CLEAN_compute_public	vrfy.c	687	41	        tt[u] = (uint16_t)mq_conv_small(f[u]);	f	cjump	O3-fprofile-generate
PQCLEAN_HQC256_CLEAN_vect_resize	vector.c	192	46	            o[VEC_N1N2_SIZE_64 - 1] &= (mask >> i);	>	cjump	O3-fprofile-generate|Os-fprofile-generate
PQCLEAN_FALCONPADDED1024_CLEAN_complete_private	vrfy.c	722	41	        t2[u] = (uint16_t)mq_conv_small(f[u]);	f	cjump	O3-fprofile-generate
PQCLEAN_FALCON1024_CLEAN_keygen	keygen.c	3455	21	            Fp[v] = *x;	*	cjump	O3-fprofile-generate
PQCLEAN_FALCON1024_CLEAN_keygen	keygen.c	3720	26	        ft[u] = modp_set(f[u], p);	f	cjump	O3-fprofile-generate
PQCLEAN_FALCONPADDED1024_CLEAN_keygen	keygen.c	3898	26	        t4[u] = modp_set(f[u], p);	f	cjump	O3-fprofile-generate
PQCLEAN_FALCON512_CLEAN_keygen	keygen.c	3898	26	        t4[u] = modp_set(f[u], p);	f	cjump	O3-fprofile-generate
PQCLEAN_FALCON512_CLEAN_keygen	keygen.c	4012	26	        ft[u] = modp_set(f[u], p);	f	cjump	O3-fprofile-generate
PQCLEAN_FALCON512_CLEAN_verify_recover	vrfy.c	791	23	        w = (uint32_t)s2[u];	s	cjump	O3-fprofile-generate
PQCLEAN_FALCON512_CLEAN_keygen	keygen.c	4009	26	        Gt[u] = modp_set(G[u], p);	G	cjump	O3-fprofile-generate
PQCLEAN_FALCONPADDED1024_CLEAN_keygen	keygen.c	3525	22	                *x = fx[v];	f	cjump	O3-fprofile-generate
PQCLEAN_FALCON1024_CLEAN_keygen	keygen.c	4009	26	        Gt[u] = modp_set(G[u], p);	G	cjump	O3-fprofile-generate
PQCLEAN_FALCONPADDED1024_CLEAN_keygen	keygen.c	3834	37	        t1[u] = (uint32_t)modp_norm(t2[u], p);	t	cjump	O3-fprofile-generate
PQCLEAN_FALCON512_CLEAN_sign_dyn	sign.c	944	41	        s2tmp[u] = (int16_t) - fpr_rint(t1[u]);	t	cjump	O3-fprofile-generate|Os--force-target-instruction-cost=100|Os--force-target-instruction-cost=50|Os--force-vector-width=100|Os--force-vector-width=50
PQCLEAN_FALCONPADDED512_CLEAN_keygen	keygen.c	3898	26	        t4[u] = modp_set(f[u], p);	f	cjump	O3-fprofile-generate
PQCLEAN_FALCON512_CLEAN_keygen	keygen.c	3653	36	        Ft[u] = (uint32_t)fpr_rint(rt1[u]);	r	cjump	O3-fprofile-generate|Os--force-target-instruction-cost=100|Os--force-target-instruction-cost=50|Os--force-vector-width=100|Os--force-vector-width=50
PQCLEAN_HQC256_CLEAN_vect_set_random_fixed_weight	vector.c	105	34	            tmp = (uint32_t)(i - index_tab[j]);	i	cjump	O3-fprofile-generate|Os--force-target-instruction-cost=100|Os--force-target-instruction-cost=50|Os--force-vector-interleave=100|Os--force-vector-interleave=50|Os--force-vector-width=100|Os--force-vector-width=50
PQCLEAN_FALCONPADDED1024_CLEAN_keygen	keygen.c	3455	21	            Fp[v] = *x;	*	cjump	O3-fprofile-generate
PQCLEAN_HQC192_CLEAN_vect_add	vector.c	146	16	        o[i] = v1[i] ^ v2[i];	v	cjump	O3-fprofile-generate
PQCLEAN_FALCON512_CLEAN_keygen	keygen.c	3817	27	        w = modp_montymul(t5[u], R2, p, p0i);	t	cjump	O3-fprofile-generate
PQCLEAN_FALCON512_CLEAN_comp_encode	codec.c	376	15	            v ++;	+	cjump	O3-fprofile-generate
PQCLEAN_FALCON1024_CLEAN_modq_encode	codec.c	64	21	            acc_len -= 8;	-	cjump	O3-fprofile-generate
PQCLEAN_FALCON1024_CLEAN_keygen	keygen.c	3898	26	        t4[u] = modp_set(f[u], p);	f	cjump	O3-fprofile-generate
PQCLEAN_FALCON512_CLEAN_keygen	keygen.c	3880	44	        t1[u] = modp_set((int32_t)fpr_rint(rt3[u]), p);	r	cjump	O3-fprofile-generate|Os--force-target-instruction-cost=100|Os--force-target-instruction-cost=50|Os--force-vector-width=100|Os--force-vector-width=50
fft_rec	fft.c	50	41	            subset_sums[(1 << i) + j] = set[i] ^ subset_sums[j];	s	cjump	O3-fprofile-generate
karatsuba	gf2x.c	115	25	        o[i + size_l] = o[i + size_l] ^ tmp1[i];	o	cjump	O3-fprofile-generate
PQCLEAN_MLKEM512_CLEAN_cmov	verify.c	48	22	        r[i] ^= b & (r[i] ^ x[i]);	r	cjump	O3-fprofile-generate
PQCLEAN_FALCONPADDED1024_CLEAN_keygen	keygen.c	3916	37	        Fp[u] = (uint32_t)modp_norm(Fp[u], p);	F	cjump	O3-fprofile-generate|Os--force-target-instruction-cost=100|Os--force-target-instruction-cost=50|Os--force-vector-width=100|Os--force-vector-width=50
PQCLEAN_FALCON1024_CLEAN_count_nttzero	vrfy.c	839	23	        w = (uint32_t)sig[u];	s	cjump	O3-fprofile-generate
PQCLEAN_FALCONPADDED512_CLEAN_complete_private	vrfy.c	714	41	        t1[u] = (uint16_t)mq_conv_small(g[u]);	g	cjump	O3-fprofile-generate
PQCLEAN_FALCONPADDED1024_CLEAN_compute_public	vrfy.c	687	41	        tt[u] = (uint16_t)mq_conv_small(f[u]);	f	cjump	O3-fprofile-generate
PQCLEAN_FALCON1024_CLEAN_complete_private	vrfy.c	714	41	        t1[u] = (uint16_t)mq_conv_small(g[u]);	g	cjump	O3-fprofile-generate
PQCLEAN_FALCON512_CLEAN_keygen	keygen.c	3720	26	        ft[u] = modp_set(f[u], p);	f	cjump	O3-fprofile-generate
PQCLEAN_HQC256_CLEAN_reed_muller_decode	reed_muller.c	76	26	            p2[i] = p1[2 * i] + p1[2 * i + 1];	*	cjump	O3-fprofile-generate
PQCLEAN_FALCON1024_CLEAN_comp_encode	codec.c	376	15	            v ++;	+	cjump	O3-fprofile-generate
PQCLEAN_FALCON1024_CLEAN_trim_i8_encode	codec.c	241	21	            acc_len -= 8;	-	cjump	O3-fprofile-generate
PQCLEAN_MLDSA87_CLEAN_crypto_sign	sign.c	226	76	        sm[PQCLEAN_MLDSA87_CLEAN_CRYPTO_BYTES + mlen - 1 - i] = m[mlen - 1 - i];	-	cjump	O3-fprofile-generate
PQCLEAN_FALCONPADDED1024_CLEAN_keygen	keygen.c	3880	44	        t1[u] = modp_set((int32_t)fpr_rint(rt3[u]), p);	r	cjump	O3-fprofile-generate|Os--force-target-instruction-cost=100|Os--force-target-instruction-cost=50|Os--force-vector-width=100|Os--force-vector-width=50
PQCLEAN_FALCONPADDED1024_CLEAN_modq_encode	codec.c	64	21	            acc_len -= 8;	-	cjump	O3-fprofile-generate
poly_sub_scaled_ntt	keygen.c	2152	30	            t1[v] = modp_set(k[v], p);	k	cjump	O3-fprofile-generate
PQCLEAN_FALCONPADDED512_CLEAN_verify_recover	vrfy.c	791	23	        w = (uint32_t)s2[u];	s	cjump	O3-fprofile-generate
PQCLEAN_FALCONPADDED1024_CLEAN_keygen	keygen.c	3710	47	        Fp[u] = modp_set(zint_one_to_plain(Fp + u), p);	+	cjump	O3-fprofile-generate
PQCLEAN_FALCON1024_CLEAN_verify_raw	vrfy.c	646	23	        w = (uint32_t)s2[u];	s	cjump	O3-fprofile-generate
PQCLEAN_FALCONPADDED512_CLEAN_keygen	keygen.c	3720	26	        ft[u] = modp_set(f[u], p);	f	cjump	O3-fprofile-generate
PQCLEAN_FALCONPADDED512_CLEAN_keygen	keygen.c	3525	22	                *x = fx[v];	f	cjump	O3-fprofile-generate
PQCLEAN_FALCON512_CLEAN_verify_raw	vrfy.c	646	23	        w = (uint32_t)s2[u];	s	cjump	O3-fprofile-generate
PQCLEAN_FALCON512_CLEAN_modq_encode	codec.c	64	21	            acc_len -= 8;	-	cjump	O3-fprofile-generate
PQCLEAN_FALCONPADDED512_CLEAN_keygen	keygen.c	3834	37	        t1[u] = (uint32_t)modp_norm(t2[u], p);	t	cjump	O3-fprofile-generate
PQCLEAN_FALCON512_CLEAN_is_invertible	vrfy.c	760	23	        w = (uint32_t)s2[u];	s	cjump	O3-fprofile-generate
PQCLEAN_HQC192_CLEAN_vect_compare	vector.c	164	14	        r |= v1[i] ^ v2[i];	v	cjump	O3-fprofile-generate
PQCLEAN_HQC256_CLEAN_vect_add	vector.c	146	16	        o[i] = v1[i] ^ v2[i];	v	cjump	O3-fprofile-generate
PQCLEAN_FALCONPADDED1024_CLEAN_trim_i16_encode	codec.c	147	21	            acc_len -= 8;	-	cjump	O3-fprofile-generate
PQCLEAN_FALCONPADDED512_CLEAN_trim_i16_encode	codec.c	147	21	            acc_len -= 8;	-	cjump	O3-fprofile-generate
PQCLEAN_FALCON512_CLEAN_sign_tree	sign.c	738	41	        s2tmp[u] = (int16_t) - fpr_rint(t1[u]);	t	cjump	O3-fprofile-generate|Os--force-target-instruction-cost=100|Os--force-target-instruction-cost=50|Os--force-vector-width=100|Os--force-vector-width=50
PQCLEAN_MLDSA87_CLEAN_crypto_sign_ctx	sign.c	226	76	        sm[PQCLEAN_MLDSA87_CLEAN_CRYPTO_BYTES + mlen - 1 - i] = m[mlen - 1 - i];	-	cjump	O3-fprofile-generate
PQCLEAN_MLDSA65_CLEAN_crypto_sign_ctx	sign.c	226	76	        sm[PQCLEAN_MLDSA65_CLEAN_CRYPTO_BYTES + mlen - 1 - i] = m[mlen - 1 - i];	-	cjump	O3-fprofile-generate
PQCLEAN_FALCONPADDED1024_CLEAN_sign_dyn	sign.c	944	41	        s2tmp[u] = (int16_t) - fpr_rint(t1[u]);	t	cjump	O3-fprofile-generate|Os--force-target-instruction-cost=100|Os--force-target-instruction-cost=50|Os--force-vector-width=100|Os--force-vector-width=50
PQCLEAN_FALCON512_CLEAN_keygen	keygen.c	3794	27	        w = modp_montymul(t5[u], R2, p, p0i);	t	cjump	O3-fprofile-generate
karatsuba	gf2x.c	95	18	        alh[i] = a[i] ^ a[i + size_l];	a	cjump	O3-fprofile-generate
PQCLEAN_HQC192_CLEAN_vect_resize	vector.c	192	46	            o[VEC_N1N2_SIZE_64 - 1] &= (mask >> i);	>	cjump	O3-fprofile-generate|Os-fprofile-generate
PQCLEAN_FALCONPADDED1024_CLEAN_keygen	keygen.c	4012	26	        ft[u] = modp_set(f[u], p);	f	cjump	O3-fprofile-generate
PQCLEAN_FALCONPADDED512_CLEAN_keygen	keygen.c	4009	26	        Gt[u] = modp_set(G[u], p);	G	cjump	O3-fprofile-generate
PQCLEAN_FALCON512_CLEAN_keygen	keygen.c	3907	28	        kw = modp_montymul(t1[u], R2, p, p0i);	t	cjump	O3-fprofile-generate
PQCLEAN_FALCONPADDED512_CLEAN_keygen	keygen.c	3653	36	        Ft[u] = (uint32_t)fpr_rint(rt1[u]);	r	cjump	O3-fprofile-generate|Os--force-target-instruction-cost=100|Os--force-target-instruction-cost=50|Os--force-vector-width=100|Os--force-vector-width=50
PQCLEAN_FALCONPADDED512_CLEAN_keygen	keygen.c	3455	21	            Fp[v] = *x;	*	cjump	O3-fprofile-generate
PQCLEAN_FALCONPADDED512_CLEAN_keygen	keygen.c	3710	47	        Fp[u] = modp_set(zint_one_to_plain(Fp + u), p);	+	cjump	O3-fprofile-generate
PQCLEAN_FALCON1024_CLEAN_keygen	keygen.c	3525	22	                *x = fx[v];	f	cjump	O3-fprofile-generate
PQCLEAN_FALCONPADDED512_CLEAN_trim_i8_encode	codec.c	241	21	            acc_len -= 8;	-	cjump	O3-fprofile-generate
PQCLEAN_FALCONPADDED512_CLEAN_count_nttzero	vrfy.c	839	23	        w = (uint32_t)sig[u];	s	cjump	O3-fprofile-generate
PQCLEAN_FALCONPADDED512_CLEAN_is_invertible	vrfy.c	760	23	        w = (uint32_t)s2[u];	s	cjump	O3-fprofile-generate
PQCLEAN_FALCON512_CLEAN_keygen	keygen.c	3834	37	        t1[u] = (uint32_t)modp_norm(t2[u], p);	t	cjump	O3-fprofile-generate
PQCLEAN_FALCON1024_CLEAN_verify_recover	vrfy.c	791	23	        w = (uint32_t)s2[u];	s	cjump	O3-fprofile-generate
PQCLEAN_FALCON1024_CLEAN_sign_tree	sign.c	738	41	        s2tmp[u] = (int16_t) - fpr_rint(t1[u]);	t	cjump	O3-fprofile-generate|Os--force-target-instruction-cost=100|Os--force-target-instruction-cost=50|Os--force-vector-width=100|Os--force-vector-width=50
PQCLEAN_FALCONPADDED512_CLEAN_keygen	keygen.c	4012	26	        ft[u] = modp_set(f[u], p);	f	cjump	O3-fprofile-generate
PQCLEAN_FALCON512_CLEAN_complete_private	vrfy.c	722	41	        t2[u] = (uint16_t)mq_conv_small(f[u]);	f	cjump	O3-fprofile-generate
PQCLEAN_FALCONPADDED512_CLEAN_keygen	keygen.c	3419	30	            fx[v] = modp_set(f[v], p);	f	cjump	O3-fprofile-generate
PQCLEAN_FALCON1024_CLEAN_keygen	keygen.c	3817	27	        w = modp_montymul(t5[u], R2, p, p0i);	t	cjump	O3-fprofile-generate
PQCLEAN_FALCON512_CLEAN_keygen	keygen.c	3419	30	            fx[v] = modp_set(f[v], p);	f	cjump	O3-fprofile-generate
PQCLEAN_FALCON1024_CLEAN_sign_dyn	sign.c	944	41	        s2tmp[u] = (int16_t) - fpr_rint(t1[u]);	t	cjump	O3-fprofile-generate|Os--force-target-instruction-cost=100|Os--force-target-instruction-cost=50|Os--force-vector-width=100|Os--force-vector-width=50
PQCLEAN_HQC128_CLEAN_vect_add	vector.c	146	16	        o[i] = v1[i] ^ v2[i];	v	cjump	O3-fprofile-generate
PQCLEAN_FALCONPADDED512_CLEAN_keygen	keygen.c	3907	28	        kw = modp_montymul(t1[u], R2, p, p0i);	t	cjump	O3-fprofile-generate
PQCLEAN_FALCONPADDED1024_CLEAN_keygen	keygen.c	3907	28	        kw = modp_montymul(t1[u], R2, p, p0i);	t	cjump	O3-fprofile-generate
PQCLEAN_HQC128_CLEAN_vect_compare	vector.c	164	14	        r |= v1[i] ^ v2[i];	v	cjump	O3-fprofile-generate
PQCLEAN_FALCONPADDED512_CLEAN_verify_raw	vrfy.c	646	23	        w = (uint32_t)s2[u];	s	cjump	O3-fprofile-generate
PQCLEAN_MLKEM768_CLEAN_cmov	verify.c	48	22	        r[i] ^= b & (r[i] ^ x[i]);	r	cjump	O3-fprofile-generate
PQCLEAN_FALCONPADDED512_CLEAN_keygen	keygen.c	3916	37	        Fp[u] = (uint32_t)modp_norm(Fp[u], p);	F	cjump	O3-fprofile-generate|Os--force-target-instruction-cost=100|Os--force-target-instruction-cost=50|Os--force-vector-width=100|Os--force-vector-width=50
PQCLEAN_FALCON1024_CLEAN_keygen	keygen.c	3710	47	        Fp[u] = modp_set(zint_one_to_plain(Fp + u), p);	+	cjump	O3-fprofile-generate
PQCLEAN_FALCONPADDED512_CLEAN_complete_private	vrfy.c	722	41	        t2[u] = (uint16_t)mq_conv_small(f[u]);	f	cjump	O3-fprofile-generate
PQCLEAN_FALCONPADDED1024_CLEAN_verify_raw	vrfy.c	646	23	        w = (uint32_t)s2[u];	s	cjump	O3-fprofile-generate
PQCLEAN_FALCON512_CLEAN_trim_i16_encode	codec.c	147	21	            acc_len -= 8;	-	cjump	O3-fprofile-generate
PQCLEAN_FALCONPADDED512_CLEAN_comp_encode	codec.c	376	15	            v ++;	+	cjump	O3-fprofile-generate
PQCLEAN_FALCONPADDED512_CLEAN_keygen	keygen.c	3817	27	        w = modp_montymul(t5[u], R2, p, p0i);	t	cjump	O3-fprofile-generate
PQCLEAN_FALCON512_CLEAN_compute_public	vrfy.c	687	41	        tt[u] = (uint16_t)mq_conv_small(f[u]);	f	cjump	O3-fprofile-generate
PQCLEAN_FALCON1024_CLEAN_keygen	keygen.c	4012	26	        ft[u] = modp_set(f[u], p);	f	cjump	O3-fprofile-generate
PQCLEAN_FALCONPADDED1024_CLEAN_keygen	keygen.c	3653	36	        Ft[u] = (uint32_t)fpr_rint(rt1[u]);	r	cjump	O3-fprofile-generate|Os--force-target-instruction-cost=100|Os--force-target-instruction-cost=50|Os--force-vector-width=100|Os--force-vector-width=50
PQCLEAN_FALCONPADDED512_CLEAN_modq_encode	codec.c	64	21	            acc_len -= 8;	-	cjump	O3-fprofile-generate
PQCLEAN_FALCON1024_CLEAN_is_invertible	vrfy.c	760	23	        w = (uint32_t)s2[u];	s	cjump	O3-fprofile-generate
PQCLEAN_FALCON1024_CLEAN_keygen	keygen.c	3419	30	            fx[v] = modp_set(f[v], p);	f	cjump	O3-fprofile-generate
PQCLEAN_MLDSA44_CLEAN_crypto_sign	sign.c	226	76	        sm[PQCLEAN_MLDSA44_CLEAN_CRYPTO_BYTES + mlen - 1 - i] = m[mlen - 1 - i];	-	cjump	O3-fprofile-generate
PQCLEAN_MLKEM768_CLEAN_verify	verify.c	22	14	        r |= a[i] ^ b[i];	a	cjump	O3-fprofile-generate
PQCLEAN_MLKEM1024_CLEAN_verify	verify.c	22	14	        r |= a[i] ^ b[i];	a	cjump	O3-fprofile-generate
PQCLEAN_FALCON1024_CLEAN_trim_i16_encode	codec.c	147	21	            acc_len -= 8;	-	cjump	O3-fprofile-generate
poly_sub_scaled	keygen.c	1893	15	    ysign = -(y[ylen - 1] >> 30) >> 1;	y	cjump	O3-fprofile-generate
PQCLEAN_FALCONPADDED1024_CLEAN_complete_private	vrfy.c	714	41	        t1[u] = (uint16_t)mq_conv_small(g[u]);	g	cjump	O3-fprofile-generate
PQCLEAN_FALCONPADDED1024_CLEAN_is_invertible	vrfy.c	760	23	        w = (uint32_t)s2[u];	s	cjump	O3-fprofile-generate
PQCLEAN_HQC192_CLEAN_vect_set_random_fixed_weight	vector.c	105	34	            tmp = (uint32_t)(i - index_tab[j]);	i	cjump	O3-fprofile-generate|Os--force-target-instruction-cost=100|Os--force-target-instruction-cost=50|Os--force-vector-interleave=100|Os--force-vector-interleave=50|Os--force-vector-width=100|Os--force-vector-width=50
PQCLEAN_FALCONPADDED1024_CLEAN_keygen	keygen.c	3817	27	        w = modp_montymul(t5[u], R2, p, p0i);	t	cjump	O3-fprofile-generate
PQCLEAN_FALCONPADDED1024_CLEAN_keygen	keygen.c	3720	26	        ft[u] = modp_set(f[u], p);	f	cjump	O3-fprofile-generate
PQCLEAN_FALCONPADDED1024_CLEAN_sign_tree	sign.c	738	41	        s2tmp[u] = (int16_t) - fpr_rint(t1[u]);	t	cjump	O3-fprofile-generate|Os--force-target-instruction-cost=100|Os--force-target-instruction-cost=50|Os--force-vector-width=100|Os--force-vector-width=50
PQCLEAN_FALCON512_CLEAN_trim_i8_encode	codec.c	241	21	            acc_len -= 8;	-	cjump	O3-fprofile-generate
PQCLEAN_HQC128_CLEAN_vect_resize	vector.c	192	46	            o[VEC_N1N2_SIZE_64 - 1] &= (mask >> i);	>	cjump	O3-fprofile-generate|Os-fprofile-generate
PQCLEAN_HQC128_CLEAN_reed_muller_decode	reed_muller.c	76	26	            p2[i] = p1[2 * i] + p1[2 * i + 1];	*	cjump	O3-fprofile-generate
PQCLEAN_FALCON1024_CLEAN_keygen	keygen.c	3916	37	        Fp[u] = (uint32_t)modp_norm(Fp[u], p);	F	cjump	O3-fprofile-generate|Os--force-target-instruction-cost=100|Os--force-target-instruction-cost=50|Os--force-vector-width=100|Os--force-vector-width=50
make_fg	keygen.c	2639	26	        ft[u] = modp_set(f[u], p0);	f	cjump	O3-fprofile-generate
PQCLEAN_FALCON1024_CLEAN_keygen	keygen.c	3794	27	        w = modp_montymul(t5[u], R2, p, p0i);	t	cjump	O3-fprofile-generate
PQCLEAN_FALCONPADDED512_CLEAN_keygen	keygen.c	3880	44	        t1[u] = modp_set((int32_t)fpr_rint(rt3[u]), p);	r	cjump	O3-fprofile-generate|Os--force-target-instruction-cost=100|Os--force-target-instruction-cost=50|Os--force-vector-width=100|Os--force-vector-width=50
PQCLEAN_FALCON512_CLEAN_keygen	keygen.c	3455	21	            Fp[v] = *x;	*	cjump	O3-fprofile-generate
PQCLEAN_FALCON1024_CLEAN_complete_private	vrfy.c	722	41	        t2[u] = (uint16_t)mq_conv_small(f[u]);	f	cjump	O3-fprofile-generate
karatsuba	gf2x.c	107	19	        tmp1[i] = tmp1[i] ^ o[i];	t	cjump	O3-fprofile-generate
PQCLEAN_HQC128_CLEAN_vect_set_random_fixed_weight	vector.c	105	34	            tmp = (uint32_t)(i - index_tab[j]);	i	cjump	O3-fprofile-generate|Os--force-target-instruction-cost=100|Os--force-target-instruction-cost=50|Os--force-vector-interleave=100|Os--force-vector-interleave=50|Os--force-vector-width=100|Os--force-vector-width=50
PQCLEAN_FALCONPADDED1024_CLEAN_count_nttzero	vrfy.c	839	23	        w = (uint32_t)sig[u];	s	cjump	O3-fprofile-generate
PQCLEAN_FALCON1024_CLEAN_keygen	keygen.c	3907	28	        kw = modp_montymul(t1[u], R2, p, p0i);	t	cjump	O3-fprofile-generate
PQCLEAN_FALCON1024_CLEAN_keygen	keygen.c	3880	44	        t1[u] = modp_set((int32_t)fpr_rint(rt3[u]), p);	r	cjump	O3-fprofile-generate|Os--force-target-instruction-cost=100|Os--force-target-instruction-cost=50|Os--force-vector-width=100|Os--force-vector-width=50
PQCLEAN_FALCONPADDED1024_CLEAN_comp_encode	codec.c	376	15	            v ++;	+	cjump	O3-fprofile-generate
PQCLEAN_MLKEM1024_CLEAN_cmov	verify.c	48	22	        r[i] ^= b & (r[i] ^ x[i]);	r	cjump	O3-fprofile-generate
PQCLEAN_FALCONPADDED1024_CLEAN_keygen	keygen.c	3419	30	            fx[v] = modp_set(f[v], p);	f	cjump	O3-fprofile-generate
PQCLEAN_HQC192_CLEAN_reed_muller_decode	reed_muller.c	76	26	            p2[i] = p1[2 * i] + p1[2 * i + 1];	*	cjump	O3-fprofile-generate
PQCLEAN_MLDSA65_CLEAN_crypto_sign	sign.c	226	76	        sm[PQCLEAN_MLDSA65_CLEAN_CRYPTO_BYTES + mlen - 1 - i] = m[mlen - 1 - i];	-	cjump	O3-fprofile-generate
PQCLEAN_FALCONPADDED512_CLEAN_keygen	keygen.c	3794	27	        w = modp_montymul(t5[u], R2, p, p0i);	t	cjump	O3-fprofile-generate
PQCLEAN_FALCONPADDED1024_CLEAN_keygen	keygen.c	3794	27	        w = modp_montymul(t5[u], R2, p, p0i);	t	cjump	O3-fprofile-generate
PQCLEAN_FALCONPADDED1024_CLEAN_keygen	keygen.c	4009	26	        Gt[u] = modp_set(G[u], p);	G	cjump	O3-fprofile-generate
fft_rec	fft.c	189	28	                w[x + k] = w[k] ^ tmp[j];	w	cjump	O3-fprofile-generate
PQCLEAN_FALCON512_CLEAN_complete_private	vrfy.c	714	41	        t1[u] = (uint16_t)mq_conv_small(g[u]);	g	cjump	O3-fprofile-generate
PQCLEAN_FALCONPADDED1024_CLEAN_verify_recover	vrfy.c	791	23	        w = (uint32_t)s2[u];	s	cjump	O3-fprofile-generate
PQCLEAN_FALCONPADDED1024_CLEAN_trim_i8_encode	codec.c	241	21	            acc_len -= 8;	-	cjump	O3-fprofile-generate
PQCLEAN_FALCONPADDED512_CLEAN_sign_tree	sign.c	738	41	        s2tmp[u] = (int16_t) - fpr_rint(t1[u]);	t	cjump	O3-fprofile-generate|Os--force-target-instruction-cost=100|Os--force-target-instruction-cost=50|Os--force-vector-width=100|Os--force-vector-width=50
PQCLEAN_FALCONPADDED512_CLEAN_sign_dyn	sign.c	944	41	        s2tmp[u] = (int16_t) - fpr_rint(t1[u]);	t	cjump	O3-fprofile-generate|Os--force-target-instruction-cost=100|Os--force-target-instruction-cost=50|Os--force-vector-width=100|Os--force-vector-width=50
PQCLEAN_FALCON1024_CLEAN_compute_public	vrfy.c	687	41	        tt[u] = (uint16_t)mq_conv_small(f[u]);	f	cjump	O3-fprofile-generate
PQCLEAN_FALCON1024_CLEAN_keygen	keygen.c	3834	37	        t1[u] = (uint32_t)modp_norm(t2[u], p);	t	cjump	O3-fprofile-generate
PQCLEAN_MLKEM512_CLEAN_verify	verify.c	22	14	        r |= a[i] ^ b[i];	a	cjump	O3-fprofile-generate
PQCLEAN_FALCON512_CLEAN_count_nttzero	vrfy.c	839	23	        w = (uint32_t)sig[u];	s	cjump	O3-fprofile-generate
PQCLEAN_FALCONPADDED512_CLEAN_keygen	keygen.c	695	12	    d += p & -(d >> 31);	&	cjump	Os--fast-isel|Oz--fast-isel
PQCLEAN_FALCON512_CLEAN_keygen	keygen.c	695	12	    d += p & -(d >> 31);	&	cjump	Os--fast-isel|Oz--fast-isel
PQCLEAN_FALCON1024_CLEAN_keygen	keygen.c	695	12	    d += p & -(d >> 31);	&	cjump	Os--fast-isel|Oz--fast-isel
PQCLEAN_FALCONPADDED1024_CLEAN_keygen	keygen.c	695	12	    d += p & -(d >> 31);	&	cjump	Os--fast-isel|Oz--fast-isel
karatsuba	gf2x.c	64	24	            g ^= (u[j] & (uint64_t)(0 - (1 - ((uint64_t)(tmp2 | (0 - tmp2)) >> 63))));	&	cjump	Os--force-target-instruction-cost=0|Os--force-vector-interleave=100|Os--force-vector-interleave=50|Os--prefer-inloop-reductions|Os--rotation-max-header-size=0|Os--scalar-evolution-huge-expr-threshold=0|Os--unroll-threshold=100|Os--vplan-build-stress-test|Os-fapple-kext|Os-fcs-profile-generate|Os-fno-tree-vectorize|Os-fno-vectorize
PQCLEAN_FALCON1024_CLEAN_keygen	keygen.c	1988	9	    w = x[0];	x	cjump	Os--force-target-instruction-cost=100|Os--force-target-instruction-cost=50|Os--force-vector-width=100|Os--force-vector-width=50
PQCLEAN_HQC192_CLEAN_vect_set_random_fixed_weight	vector.c	108	21	            val |= (bit_tab[j] & mask64);	b	cjump	Os--force-target-instruction-cost=100|Os--force-target-instruction-cost=50|Os--force-vector-interleave=100|Os--force-vector-interleave=50|Os--force-vector-width=100|Os--force-vector-width=50
PQCLEAN_FALCONPADDED1024_CLEAN_keygen	keygen.c	3880	15	        t1[u] = modp_set((int32_t)fpr_rint(rt3[u]), p);	=	cjump	Os--force-target-instruction-cost=100|Os--force-target-instruction-cost=50|Os--force-vector-interleave=100|Os--force-vector-interleave=50|Os--force-vector-width=100|Os--force-vector-width=50
PQCLEAN_FALCON1024_CLEAN_prng_refill	rng.c	139	22	            state[v] += ((uint32_t *)p->state.d)[v - 4];	+	cjump	Os--force-target-instruction-cost=100|Os--force-target-instruction-cost=50
PQCLEAN_SPHINCSSHAKE128FSIMPLE_CLEAN_fors_pk_from_sig	fors.c	56	40	            indices[i] ^= (uint32_t)(((m[offset >> 3] >> (offset & 0x7)) & 0x1) << j);	m	cjump	Os--force-target-instruction-cost=100|Os--force-target-instruction-cost=50
PQCLEAN_FALCON1024_CLEAN_keygen	keygen.c	3711	15	        Gp[u] = modp_set(zint_one_to_plain(Gp + u), p);	=	cjump	Os--force-target-instruction-cost=100|Os--force-target-instruction-cost=50|Os--force-vector-interleave=100|Os--force-vector-interleave=50|Os--force-vector-width=100|Os--force-vector-width=50
PQCLEAN_FALCON512_CLEAN_keygen	keygen.c	3711	15	        Gp[u] = modp_set(zint_one_to_plain(Gp + u), p);	=	cjump	Os--force-target-instruction-cost=100|Os--force-target-instruction-cost=50|Os--force-vector-interleave=100|Os--force-vector-interleave=50|Os--force-vector-width=100|Os--force-vector-width=50
PQCLEAN_FALCONPADDED1024_CLEAN_keygen	keygen.c	1988	9	    w = x[0];	x	cjump	Os--force-target-instruction-cost=100|Os--force-target-instruction-cost=50|Os--force-vector-width=100|Os--force-vector-width=50
PQCLEAN_MLDSA87_CLEAN_poly_uniform	poly.c	363	20	            buf[i] = buf[buflen - off + i];	=	cjump	Os--force-target-instruction-cost=100|Os--force-target-instruction-cost=50|Os--force-vector-interleave=100|Os--force-vector-interleave=50|Os--force-vector-width=100|Os--force-vector-width=50
PQCLEAN_FALCONPADDED512_CLEAN_gaussian0_sampler	sign.c	1006	14	        w2 = dist[u + 0];	d	cjump	Os--force-target-instruction-cost=100|Os--force-target-instruction-cost=50
PQCLEAN_FALCONPADDED512_CLEAN_keygen	keygen.c	3917	15	        Gp[u] = (uint32_t)modp_norm(Gp[u], p);	=	cjump	Os--force-target-instruction-cost=100|Os--force-target-instruction-cost=50|Os--force-vector-interleave=100|Os--force-vector-interleave=50|Os--force-vector-width=100|Os--force-vector-width=50
PQCLEAN_MLDSA44_CLEAN_poly_uniform	poly.c	363	20	            buf[i] = buf[buflen - off + i];	=	cjump	Os--force-target-instruction-cost=100|Os--force-target-instruction-cost=50|Os--force-vector-interleave=100|Os--force-vector-interleave=50|Os--force-vector-width=100|Os--force-vector-width=50
PQCLEAN_HQC256_CLEAN_vect_compare	vector.c	164	22	        r |= v1[i] ^ v2[i];	v	cjump	Os--force-target-instruction-cost=100|Os--force-target-instruction-cost=50|Os--force-vector-interleave=100|Os--force-vector-interleave=50|Os--force-vector-width=100|Os--force-vector-width=50
PQCLEAN_HQC192_CLEAN_vect_set_random_fixed_weight	vector.c	80	33	        support[i] |= (uint32_t)rand_bytes[4 * i + 2] << 16;	r	cjump	Os--force-target-instruction-cost=100|Os--force-target-instruction-cost=50|Os--force-vector-width=100|Os--force-vector-width=50
PQCLEAN_FALCONPADDED512_CLEAN_sign_dyn	sign.c	944	18	        s2tmp[u] = (int16_t) - fpr_rint(t1[u]);	=	cjump	Os--force-target-instruction-cost=100|Os--force-target-instruction-cost=50|Os--force-vector-interleave=100|Os--force-vector-interleave=50|Os--force-vector-width=100|Os--force-vector-width=50
PQCLEAN_FALCON512_CLEAN_keygen	keygen.c	3654	15	        Gt[u] = (uint32_t)fpr_rint(rt2[u]);	=	cjump	Os--force-target-instruction-cost=100|Os--force-target-instruction-cost=50|Os--force-vector-interleave=100|Os--force-vector-interleave=50|Os--force-vector-width=100|Os--force-vector-width=50
PQCLEAN_SPHINCSSHA2192SSIMPLE_CLEAN_gen_message_random	hash_sha2.c	143	16	        buf[i] = 0x5c ^ sk_prf[i];	=	cjump	Os--force-target-instruction-cost=100|Os--force-target-instruction-cost=50
PQCLEAN_FALCONPADDED1024_CLEAN_keygen	keygen.c	3711	15	        Gp[u] = modp_set(zint_one_to_plain(Gp + u), p);	=	cjump	Os--force-target-instruction-cost=100|Os--force-target-instruction-cost=50|Os--force-vector-interleave=100|Os--force-vector-interleave=50|Os--force-vector-width=100|Os--force-vector-width=50
PQCLEAN_FALCON512_CLEAN_gaussian0_sampler	sign.c	1006	14	        w2 = dist[u + 0];	d	cjump	Os--force-target-instruction-cost=100|Os--force-target-instruction-cost=50
mq_iNTT	vrfy.c	552	21	                v = a[j + t];	a	cjump	Os--force-target-instruction-cost=100|Os--force-target-instruction-cost=50|Os--force-vector-width=100|Os--force-vector-width=50
PQCLEAN_FALCON1024_CLEAN_keygen	keygen.c	3917	37	        Gp[u] = (uint32_t)modp_norm(Gp[u], p);	G	cjump	Os--force-target-instruction-cost=100|Os--force-target-instruction-cost=50|Os--force-vector-width=100|Os--force-vector-width=50
PQCLEAN_HQC256_CLEAN_reed_solomon_decode	reed_solomon.c	184	14	        z[i] = mask & sigma[i];	=	cjump	Os--force-target-instruction-cost=100|Os--force-target-instruction-cost=50
PQCLEAN_HQC192_CLEAN_vect_set_random_fixed_weight	vector.c	89	34	            found |= compare_u32(support[j], support[i]);	s	cjump	Os--force-target-instruction-cost=100|Os--force-target-instruction-cost=50|Os--force-vector-interleave=100|Os--force-vector-interleave=50|Os--force-vector-width=100|Os--force-vector-width=50
PQCLEAN_FALCON512_CLEAN_keygen	keygen.c	3880	15	        t1[u] = modp_set((int32_t)fpr_rint(rt3[u]), p);	=	cjump	Os--force-target-instruction-cost=100|Os--force-target-instruction-cost=50|Os--force-vector-interleave=100|Os--force-vector-interleave=50|Os--force-vector-width=100|Os--force-vector-width=50
PQCLEAN_SPHINCSSHA2192SSIMPLE_CLEAN_fors_sign	fors.c	56	40	            indices[i] ^= (uint32_t)(((m[offset >> 3] >> (offset & 0x7)) & 0x1) << j);	m	cjump	Os--force-target-instruction-cost=100|Os--force-target-instruction-cost=50
PQCLEAN_HQC256_CLEAN_vect_set_random_fixed_weight	vector.c	89	34	            found |= compare_u32(support[j], support[i]);	s	cjump	Os--force-target-instruction-cost=100|Os--force-target-instruction-cost=50|Os--force-vector-interleave=100|Os--force-vector-interleave=50|Os--force-vector-width=100|Os--force-vector-width=50
PQCLEAN_HQC256_CLEAN_reed_solomon_decode	reed_solomon.c	132	26	            X_sigma_p[i] = (mask12 & sigma_copy[i - 1]) ^ (~mask12 & X_sigma_p[i - 1]);	=	cjump	Os--force-target-instruction-cost=100|Os--force-target-instruction-cost=50
PQCLEAN_HQC128_CLEAN_vect_compare	vector.c	164	22	        r |= v1[i] ^ v2[i];	v	cjump	Os--force-target-instruction-cost=100|Os--force-target-instruction-cost=50|Os--force-vector-interleave=100|Os--force-vector-interleave=50|Os--force-vector-width=100|Os--force-vector-width=50
mq_NTT	vrfy.c	519	27	                a[j + ht] = (uint16_t)mq_sub(u, v);	=	cjump	Os--force-target-instruction-cost=100|Os--force-target-instruction-cost=50|Os--force-vector-interleave=100|Os--force-vector-interleave=50|Os--force-vector-width=100|Os--force-vector-width=50
mq_iNTT	vrfy.c	577	14	        a[m] = (uint16_t)mq_montymul(a[m], ni);	=	cjump	Os--force-target-instruction-cost=100|Os--force-target-instruction-cost=50|Os--force-vector-interleave=100|Os--force-vector-interleave=50|Os--force-vector-width=100|Os--force-vector-width=50
fft_rec	fft.c	189	26	                w[x + k] = w[k] ^ tmp[j];	=	cjump	Os--force-target-instruction-cost=100|Os--force-target-instruction-cost=50|Os--force-vector-interleave=100|Os--force-vector-interleave=50|Os--force-vector-width=100|Os--force-vector-width=50
PQCLEAN_FALCON1024_CLEAN_keygen	keygen.c	3654	15	        Gt[u] = (uint32_t)fpr_rint(rt2[u]);	=	cjump	Os--force-target-instruction-cost=100|Os--force-target-instruction-cost=50|Os--force-vector-interleave=100|Os--force-vector-interleave=50|Os--force-vector-width=100|Os--force-vector-width=50
PQCLEAN_HQC128_CLEAN_vect_set_random_fixed_weight	vector.c	52	25	    q = ((uint64_t) a * m_val[i]) >> 32;	m	cjump	Os--force-target-instruction-cost=100|Os--force-target-instruction-cost=50|Os--force-vector-width=100|Os--force-vector-width=50
PQCLEAN_MLKEM1024_CLEAN_verify	verify.c	22	21	        r |= a[i] ^ b[i];	b	cjump	Os--force-target-instruction-cost=100|Os--force-target-instruction-cost=50|Os--force-vector-interleave=100|Os--force-vector-interleave=50|Os--force-vector-width=100|Os--force-vector-width=50
PQCLEAN_FALCON512_CLEAN_count_nttzero	vrfy.c	848	23	        w = (uint32_t)s2[u] - 1u;	s	cjump	Os--force-target-instruction-cost=100|Os--force-target-instruction-cost=50|Os--force-vector-interleave=100|Os--force-vector-interleave=50|Os--force-vector-width=100|Os--force-vector-width=50
PQCLEAN_HQC192_CLEAN_crypto_kem_dec	kem.c	128	15	        mc[i] = (m[i] & result) ^ (sigma[i] & ~result);	=	cjump	Os--force-target-instruction-cost=100|Os--force-target-instruction-cost=50
PQCLEAN_SPHINCSSHA2256SSIMPLE_CLEAN_fors_pk_from_sig	fors.c	56	40	            indices[i] ^= (uint32_t)(((m[offset >> 3] >> (offset & 0x7)) & 0x1) << j);	m	cjump	Os--force-target-instruction-cost=100|Os--force-target-instruction-cost=50
PQCLEAN_FALCONPADDED512_CLEAN_verify_raw	vrfy.c	667	28	        ((int16_t *)tt)[u] = (int16_t)w;	=	cjump	Os--force-target-instruction-cost=100|Os--force-target-instruction-cost=50|Os--force-vector-interleave=100|Os--force-vector-interleave=50|Os--force-vector-width=100|Os--force-vector-width=50
PQCLEAN_FALCONPADDED512_CLEAN_keygen	keygen.c	3917	37	        Gp[u] = (uint32_t)modp_norm(Gp[u], p);	G	cjump	Os--force-target-instruction-cost=100|Os--force-target-instruction-cost=50|Os--force-vector-width=100|Os--force-vector-width=50
PQCLEAN_SPHINCSSHAKE256SSIMPLE_CLEAN_fors_sign	fors.c	56	40	            indices[i] ^= (uint32_t)(((m[offset >> 3] >> (offset & 0x7)) & 0x1) << j);	m	cjump	Os--force-target-instruction-cost=100|Os--force-target-instruction-cost=50
PQCLEAN_SPHINCSSHA2256SSIMPLE_CLEAN_bytes_to_ull	utils.c	40	40	        retval |= ((unsigned long long)in[i]) << (8 * (inlen - 1 - i));	i	cjump	Os--force-target-instruction-cost=100|Os--force-target-instruction-cost=50|Os--force-vector-interleave=100|Os--force-vector-interleave=50|Os--force-vector-width=100|Os--force-vector-width=50
PQCLEAN_SPHINCSSHA2128SSIMPLE_CLEAN_bytes_to_ull	utils.c	40	40	        retval |= ((unsigned long long)in[i]) << (8 * (inlen - 1 - i));	i	cjump	Os--force-target-instruction-cost=100|Os--force-target-instruction-cost=50|Os--force-vector-interleave=100|Os--force-vector-interleave=50|Os--force-vector-width=100|Os--force-vector-width=50
PQCLEAN_FALCONPADDED1024_CLEAN_keygen	keygen.c	3917	37	        Gp[u] = (uint32_t)modp_norm(Gp[u], p);	G	cjump	Os--force-target-instruction-cost=100|Os--force-target-instruction-cost=50|Os--force-vector-width=100|Os--force-vector-width=50
PQCLEAN_FALCONPADDED512_CLEAN_prng_refill	rng.c	139	22	            state[v] += ((uint32_t *)p->state.d)[v - 4];	+	cjump	Os--force-target-instruction-cost=100|Os--force-target-instruction-cost=50
PQCLEAN_FALCONPADDED512_CLEAN_keygen	keygen.c	3711	15	        Gp[u] = modp_set(zint_one_to_plain(Gp + u), p);	=	cjump	Os--force-target-instruction-cost=100|Os--force-target-instruction-cost=50|Os--force-vector-interleave=100|Os--force-vector-interleave=50|Os--force-vector-width=100|Os--force-vector-width=50
PQCLEAN_HQC128_CLEAN_reed_solomon_decode	reed_solomon.c	184	14	        z[i] = mask & sigma[i];	=	cjump	Os--force-target-instruction-cost=100|Os--force-target-instruction-cost=50
PQCLEAN_FALCONPADDED512_CLEAN_is_invertible	vrfy.c	767	25	        r |= (uint32_t)(tt[u] - 1);	t	cjump	Os--force-target-instruction-cost=100|Os--force-target-instruction-cost=50|Os--force-vector-interleave=100|Os--force-vector-interleave=50|Os--force-vector-width=100|Os--force-vector-width=50
mq_NTT	vrfy.c	517	33	                v = mq_montymul(a[j + ht], s);	a	cjump	Os--force-target-instruction-cost=100|Os--force-target-instruction-cost=50|Os--force-vector-width=100|Os--force-vector-width=50
PQCLEAN_FALCONPADDED512_CLEAN_count_nttzero	vrfy.c	848	23	        w = (uint32_t)s2[u] - 1u;	s	cjump	Os--force-target-instruction-cost=100|Os--force-target-instruction-cost=50|Os--force-vector-interleave=100|Os--force-vector-interleave=50|Os--force-vector-width=100|Os--force-vector-width=50
PQCLEAN_FALCONPADDED1024_CLEAN_is_invertible	vrfy.c	767	25	        r |= (uint32_t)(tt[u] - 1);	t	cjump	Os--force-target-instruction-cost=100|Os--force-target-instruction-cost=50|Os--force-vector-interleave=100|Os--force-vector-interleave=50|Os--force-vector-width=100|Os--force-vector-width=50
PQCLEAN_HQC192_CLEAN_vect_compare	vector.c	164	22	        r |= v1[i] ^ v2[i];	v	cjump	Os--force-target-instruction-cost=100|Os--force-target-instruction-cost=50|Os--force-vector-interleave=100|Os--force-vector-interleave=50|Os--force-vector-width=100|Os--force-vector-width=50
PQCLEAN_SPHINCSSHA2128FSIMPLE_CLEAN_bytes_to_ull	utils.c	40	40	        retval |= ((unsigned long long)in[i]) << (8 * (inlen - 1 - i));	i	cjump	Os--force-target-instruction-cost=100|Os--force-target-instruction-cost=50|Os--force-vector-interleave=100|Os--force-vector-interleave=50|Os--force-vector-width=100|Os--force-vector-width=50
mq_iNTT	vrfy.c	555	26	                a[j + t] = (uint16_t)	=	cjump	Os--force-target-instruction-cost=100|Os--force-target-instruction-cost=50|Os--force-vector-interleave=100|Os--force-vector-interleave=50|Os--force-vector-width=100|Os--force-vector-width=50
mq_NTT	vrfy.c	518	22	                a[j] = (uint16_t)mq_add(u, v);	=	cjump	Os--force-target-instruction-cost=100|Os--force-target-instruction-cost=50|Os--force-vector-width=100|Os--force-vector-width=50
PQCLEAN_HQC256_CLEAN_vect_mul	gf2x.c	176	14	        o[i] = a[i] ^ r ^ carry;	=	cjump	Os--force-target-instruction-cost=100|Os--force-target-instruction-cost=50|Os--force-vector-interleave=100|Os--force-vector-interleave=50|Os--force-vector-width=100|Os--force-vector-width=50
PQCLEAN_FALCON512_CLEAN_prng_refill	rng.c	139	22	            state[v] += ((uint32_t *)p->state.d)[v - 4];	+	cjump	Os--force-target-instruction-cost=100|Os--force-target-instruction-cost=50
PQCLEAN_FALCON512_CLEAN_verify_raw	vrfy.c	667	28	        ((int16_t *)tt)[u] = (int16_t)w;	=	cjump	Os--force-target-instruction-cost=100|Os--force-target-instruction-cost=50|Os--force-vector-interleave=100|Os--force-vector-interleave=50|Os--force-vector-width=100|Os--force-vector-width=50
PQCLEAN_FALCON1024_CLEAN_count_nttzero	vrfy.c	848	23	        w = (uint32_t)s2[u] - 1u;	s	cjump	Os--force-target-instruction-cost=100|Os--force-target-instruction-cost=50|Os--force-vector-interleave=100|Os--force-vector-interleave=50|Os--force-vector-width=100|Os--force-vector-width=50
PQCLEAN_FALCON1024_CLEAN_keygen	keygen.c	1865	15	        rc |= a[j];	a	cjump	Os--force-target-instruction-cost=100|Os--force-target-instruction-cost=50|Os--force-vector-interleave=100|Os--force-vector-interleave=50|Os--force-vector-width=100|Os--force-vector-width=50
PQCLEAN_FALCONPADDED512_CLEAN_keygen	keygen.c	3880	15	        t1[u] = modp_set((int32_t)fpr_rint(rt3[u]), p);	=	cjump	Os--force-target-instruction-cost=100|Os--force-target-instruction-cost=50|Os--force-vector-interleave=100|Os--force-vector-interleave=50|Os--force-vector-width=100|Os--force-vector-width=50
PQCLEAN_HQC256_CLEAN_vect_set_random_fixed_weight	vector.c	52	25	    q = ((uint64_t) a * m_val[i]) >> 32;	m	cjump	Os--force-target-instruction-cost=100|Os--force-target-instruction-cost=50|Os--force-vector-width=100|Os--force-vector-width=50
PQCLEAN_FALCONPADDED1024_CLEAN_prng_init	rng.c	59	16	        d32[i] = w;	=	cjump	Os--force-target-instruction-cost=100|Os--force-target-instruction-cost=50
PQCLEAN_FALCONPADDED512_CLEAN_keygen	keygen.c	1865	15	        rc |= a[j];	a	cjump	Os--force-target-instruction-cost=100|Os--force-target-instruction-cost=50|Os--force-vector-interleave=100|Os--force-vector-interleave=50|Os--force-vector-width=100|Os--force-vector-width=50
PQCLEAN_HQC192_CLEAN_vect_set_random_fixed_weight	vector.c	78	22	        support[i] = rand_bytes[4 * i];	r	cjump	Os--force-target-instruction-cost=100|Os--force-target-instruction-cost=50|Os--force-vector-width=100|Os--force-vector-width=50
PQCLEAN_HQC192_CLEAN_vect_set_random_fixed_weight	vector.c	81	33	        support[i] |= (uint32_t)rand_bytes[4 * i + 3] << 24;	r	cjump	Os--force-target-instruction-cost=100|Os--force-target-instruction-cost=50|Os--force-vector-width=100|Os--force-vector-width=50
PQCLEAN_FALCON1024_CLEAN_keygen	keygen.c	3880	15	        t1[u] = modp_set((int32_t)fpr_rint(rt3[u]), p);	=	cjump	Os--force-target-instruction-cost=100|Os--force-target-instruction-cost=50|Os--force-vector-interleave=100|Os--force-vector-interleave=50|Os--force-vector-width=100|Os--force-vector-width=50
PQCLEAN_FALCON512_CLEAN_sign_tree	sign.c	738	18	        s2tmp[u] = (int16_t) - fpr_rint(t1[u]);	=	cjump	Os--force-target-instruction-cost=100|Os--force-target-instruction-cost=50|Os--force-vector-interleave=100|Os--force-vector-interleave=50|Os--force-vector-width=100|Os--force-vector-width=50
PQCLEAN_HQC256_CLEAN_vect_set_random_fixed_weight	vector.c	108	21	            val |= (bit_tab[j] & mask64);	b	cjump	Os--force-target-instruction-cost=100|Os--force-target-instruction-cost=50|Os--force-vector-interleave=100|Os--force-vector-interleave=50|Os--force-vector-width=100|Os--force-vector-width=50
PQCLEAN_FALCON1024_CLEAN_keygen	keygen.c	3654	36	        Gt[u] = (uint32_t)fpr_rint(rt2[u]);	r	cjump	Os--force-target-instruction-cost=100|Os--force-target-instruction-cost=50|Os--force-vector-width=100|Os--force-vector-width=50
PQCLEAN_SPHINCSSHA2128FSIMPLE_CLEAN_fors_pk_from_sig	fors.c	56	40	            indices[i] ^= (uint32_t)(((m[offset >> 3] >> (offset & 0x7)) & 0x1) << j);	m	cjump	Os--force-target-instruction-cost=100|Os--force-target-instruction-cost=50
PQCLEAN_FALCONPADDED1024_CLEAN_poly_adj_fft	fft.c	387	14	        a[u] = fpr_neg(a[u]);	=	cjump	Os--force-target-instruction-cost=100|Os--force-target-instruction-cost=50|Os--force-vector-interleave=100|Os--force-vector-interleave=50|Os--force-vector-width=100|Os--force-vector-width=50
PQCLEAN_FALCON512_CLEAN_sign_dyn	sign.c	944	18	        s2tmp[u] = (int16_t) - fpr_rint(t1[u]);	=	cjump	Os--force-target-instruction-cost=100|Os--force-target-instruction-cost=50|Os--force-vector-interleave=100|Os--force-vector-interleave=50|Os--force-vector-width=100|Os--force-vector-width=50
PQCLEAN_FALCONPADDED1024_CLEAN_keygen	keygen.c	3917	15	        Gp[u] = (uint32_t)modp_norm(Gp[u], p);	=	cjump	Os--force-target-instruction-cost=100|Os--force-target-instruction-cost=50|Os--force-vector-interleave=100|Os--force-vector-interleave=50|Os--force-vector-width=100|Os--force-vector-width=50
PQCLEAN_FALCONPADDED512_CLEAN_prng_init	rng.c	59	16	        d32[i] = w;	=	cjump	Os--force-target-instruction-cost=100|Os--force-target-instruction-cost=50
PQCLEAN_FALCONPADDED512_CLEAN_poly_adj_fft	fft.c	387	14	        a[u] = fpr_neg(a[u]);	=	cjump	Os--force-target-instruction-cost=100|Os--force-target-instruction-cost=50|Os--force-vector-interleave=100|Os--force-vector-interleave=50|Os--force-vector-width=100|Os--force-vector-width=50
PQCLEAN_FALCON1024_CLEAN_sign_tree	sign.c	738	18	        s2tmp[u] = (int16_t) - fpr_rint(t1[u]);	=	cjump	Os--force-target-instruction-cost=100|Os--force-target-instruction-cost=50|Os--force-vector-interleave=100|Os--force-vector-interleave=50|Os--force-vector-width=100|Os--force-vector-width=50
PQCLEAN_SPHINCSSHAKE192SSIMPLE_CLEAN_bytes_to_ull	utils.c	40	40	        retval |= ((unsigned long long)in[i]) << (8 * (inlen - 1 - i));	i	cjump	Os--force-target-instruction-cost=100|Os--force-target-instruction-cost=50|Os--force-vector-interleave=100|Os--force-vector-interleave=50|Os--force-vector-width=100|Os--force-vector-width=50
PQCLEAN_MLKEM512_CLEAN_verify	verify.c	22	21	        r |= a[i] ^ b[i];	b	cjump	Os--force-target-instruction-cost=100|Os--force-target-instruction-cost=50|Os--force-vector-interleave=100|Os--force-vector-interleave=50|Os--force-vector-width=100|Os--force-vector-width=50
PQCLEAN_HQC128_CLEAN_vect_mul	gf2x.c	176	14	        o[i] = a[i] ^ r ^ carry;	=	cjump	Os--force-target-instruction-cost=100|Os--force-target-instruction-cost=50|Os--force-vector-interleave=100|Os--force-vector-interleave=50|Os--force-vector-width=100|Os--force-vector-width=50
PQCLEAN_FALCON1024_CLEAN_keygen	keygen.c	3917	15	        Gp[u] = (uint32_t)modp_norm(Gp[u], p);	=	cjump	Os--force-target-instruction-cost=100|Os--force-target-instruction-cost=50|Os--force-vector-interleave=100|Os--force-vector-interleave=50|Os--force-vector-width=100|Os--force-vector-width=50
PQCLEAN_FALCONPADDED1024_CLEAN_count_nttzero	vrfy.c	848	23	        w = (uint32_t)s2[u] - 1u;	s	cjump	Os--force-target-instruction-cost=100|Os--force-target-instruction-cost=50|Os--force-vector-interleave=100|Os--force-vector-interleave=50|Os--force-vector-width=100|Os--force-vector-width=50
PQCLEAN_HQC128_CLEAN_reed_solomon_encode	reed_solomon.c	39	20	            cdw[k] = (uint8_t)(cdw[k - 1] ^ tmp[k]);	=	cjump	Os--force-target-instruction-cost=100|Os--force-target-instruction-cost=50
PQCLEAN_FALCONPADDED1024_CLEAN_verify_raw	vrfy.c	667	28	        ((int16_t *)tt)[u] = (int16_t)w;	=	cjump	Os--force-target-instruction-cost=100|Os--force-target-instruction-cost=50|Os--force-vector-interleave=100|Os--force-vector-interleave=50|Os--force-vector-width=100|Os--force-vector-width=50
PQCLEAN_FALCONPADDED512_CLEAN_keygen	keygen.c	3916	15	        Fp[u] = (uint32_t)modp_norm(Fp[u], p);	=	cjump	Os--force-target-instruction-cost=100|Os--force-target-instruction-cost=50|Os--force-vector-width=100|Os--force-vector-width=50
PQCLEAN_FALCON512_CLEAN_is_invertible	vrfy.c	767	25	        r |= (uint32_t)(tt[u] - 1);	t	cjump	Os--force-target-instruction-cost=100|Os--force-target-instruction-cost=50|Os--force-vector-interleave=100|Os--force-vector-interleave=50|Os--force-vector-width=100|Os--force-vector-width=50
PQCLEAN_HQC128_CLEAN_reed_solomon_decode	reed_solomon.c	282	16	        cdw[i] ^= error_values[i];	^	cjump	Os--force-target-instruction-cost=100|Os--force-target-instruction-cost=50
PQCLEAN_FALCONPADDED1024_CLEAN_keygen	keygen.c	3654	15	        Gt[u] = (uint32_t)fpr_rint(rt2[u]);	=	cjump	Os--force-target-instruction-cost=100|Os--force-target-instruction-cost=50|Os--force-vector-interleave=100|Os--force-vector-interleave=50|Os--force-vector-width=100|Os--force-vector-width=50
PQCLEAN_HQC256_CLEAN_vect_set_random_fixed_weight	vector.c	82	20	        support[i] = (uint32_t)(i + reduce(support[i], i)); // use constant-tme reduction	=	cjump	Os--force-target-instruction-cost=100|Os--force-target-instruction-cost=50|Os--force-vector-interleave=100|Os--force-vector-interleave=50|Os--force-vector-width=100|Os--force-vector-width=50
PQCLEAN_FALCONPADDED1024_CLEAN_keygen	keygen.c	3710	15	        Fp[u] = modp_set(zint_one_to_plain(Fp + u), p);	=	cjump	Os--force-target-instruction-cost=100|Os--force-target-instruction-cost=50|Os--force-vector-width=100|Os--force-vector-width=50
PQCLEAN_FALCONPADDED512_CLEAN_sign_tree	sign.c	738	18	        s2tmp[u] = (int16_t) - fpr_rint(t1[u]);	=	cjump	Os--force-target-instruction-cost=100|Os--force-target-instruction-cost=50|Os--force-vector-interleave=100|Os--force-vector-interleave=50|Os--force-vector-width=100|Os--force-vector-width=50
PQCLEAN_MLKEM768_CLEAN_verify	verify.c	22	21	        r |= a[i] ^ b[i];	b	cjump	Os--force-target-instruction-cost=100|Os--force-target-instruction-cost=50|Os--force-vector-interleave=100|Os--force-vector-interleave=50|Os--force-vector-width=100|Os--force-vector-width=50
PQCLEAN_FALCON512_CLEAN_keygen	keygen.c	3917	37	        Gp[u] = (uint32_t)modp_norm(Gp[u], p);	G	cjump	Os--force-target-instruction-cost=100|Os--force-target-instruction-cost=50|Os--force-vector-width=100|Os--force-vector-width=50
PQCLEAN_FALCON1024_CLEAN_is_invertible	vrfy.c	767	25	        r |= (uint32_t)(tt[u] - 1);	t	cjump	Os--force-target-instruction-cost=100|Os--force-target-instruction-cost=50|Os--force-vector-interleave=100|Os--force-vector-interleave=50|Os--force-vector-width=100|Os--force-vector-width=50
PQCLEAN_FALCON1024_CLEAN_poly_adj_fft	fft.c	387	14	        a[u] = fpr_neg(a[u]);	=	cjump	Os--force-target-instruction-cost=100|Os--force-target-instruction-cost=50|Os--force-vector-interleave=100|Os--force-vector-interleave=50|Os--force-vector-width=100|Os--force-vector-width=50
PQCLEAN_SPHINCSSHA2192FSIMPLE_CLEAN_gen_message_random	hash_sha2.c	117	16	        buf[i] = 0x36 ^ sk_prf[i];	=	cjump	Os--force-target-instruction-cost=100|Os--force-target-instruction-cost=50
PQCLEAN_HQC192_CLEAN_vect_set_random_fixed_weight	vector.c	79	23	        support[i] |= rand_bytes[4 * i + 1] << 8;	r	cjump	Os--force-target-instruction-cost=100|Os--force-target-instruction-cost=50|Os--force-vector-width=100|Os--force-vector-width=50
PQCLEAN_FALCONPADDED512_CLEAN_keygen	keygen.c	3654	15	        Gt[u] = (uint32_t)fpr_rint(rt2[u]);	=	cjump	Os--force-target-instruction-cost=100|Os--force-target-instruction-cost=50|Os--force-vector-interleave=100|Os--force-vector-interleave=50|Os--force-vector-width=100|Os--force-vector-width=50
mq_iNTT	vrfy.c	577	38	        a[m] = (uint16_t)mq_montymul(a[m], ni);	a	cjump	Os--force-target-instruction-cost=100|Os--force-target-instruction-cost=50|Os--force-vector-width=100|Os--force-vector-width=50
PQCLEAN_HQC192_CLEAN_reed_solomon_encode	reed_solomon.c	39	20	            cdw[k] = (uint8_t)(cdw[k - 1] ^ tmp[k]);	=	cjump	Os--force-target-instruction-cost=100|Os--force-target-instruction-cost=50
PQCLEAN_FALCON512_CLEAN_prng_init	rng.c	59	16	        d32[i] = w;	=	cjump	Os--force-target-instruction-cost=100|Os--force-target-instruction-cost=50
PQCLEAN_SPHINCSSHAKE256FSIMPLE_CLEAN_bytes_to_ull	utils.c	40	40	        retval |= ((unsigned long long)in[i]) << (8 * (inlen - 1 - i));	i	cjump	Os--force-target-instruction-cost=100|Os--force-target-instruction-cost=50|Os--force-vector-interleave=100|Os--force-vector-interleave=50|Os--force-vector-width=100|Os--force-vector-width=50
PQCLEAN_SPHINCSSHAKE256FSIMPLE_CLEAN_fors_sign	fors.c	56	40	            indices[i] ^= (uint32_t)(((m[offset >> 3] >> (offset & 0x7)) & 0x1) << j);	m	cjump	Os--force-target-instruction-cost=100|Os--force-target-instruction-cost=50
PQCLEAN_FALCON1024_CLEAN_gaussian0_sampler	sign.c	1006	14	        w2 = dist[u + 0];	d	cjump	Os--force-target-instruction-cost=100|Os--force-target-instruction-cost=50
mq_iNTT	vrfy.c	551	21	                u = a[j];	a	cjump	Os--force-target-instruction-cost=100|Os--force-target-instruction-cost=50|Os--force-vector-width=100|Os--force-vector-width=50
PQCLEAN_FALCON512_CLEAN_keygen	keygen.c	3917	15	        Gp[u] = (uint32_t)modp_norm(Gp[u], p);	=	cjump	Os--force-target-instruction-cost=100|Os--force-target-instruction-cost=50|Os--force-vector-interleave=100|Os--force-vector-interleave=50|Os--force-vector-width=100|Os--force-vector-width=50
PQCLEAN_SPHINCSSHAKE256SSIMPLE_CLEAN_fors_pk_from_sig	fors.c	56	40	            indices[i] ^= (uint32_t)(((m[offset >> 3] >> (offset & 0x7)) & 0x1) << j);	m	cjump	Os--force-target-instruction-cost=100|Os--force-target-instruction-cost=50
PQCLEAN_HQC128_CLEAN_vect_set_random_fixed_weight	vector.c	82	20	        support[i] = (uint32_t)(i + reduce(support[i], i)); // use constant-tme reduction	=	cjump	Os--force-target-instruction-cost=100|Os--force-target-instruction-cost=50|Os--force-vector-interleave=100|Os--force-vector-interleave=50|Os--force-vector-width=100|Os--force-vector-width=50
PQCLEAN_FALCONPADDED1024_CLEAN_prng_refill	rng.c	139	22	            state[v] += ((uint32_t *)p->state.d)[v - 4];	+	cjump	Os--force-target-instruction-cost=100|Os--force-target-instruction-cost=50
PQCLEAN_FALCON1024_CLEAN_sign_dyn	sign.c	944	18	        s2tmp[u] = (int16_t) - fpr_rint(t1[u]);	=	cjump	Os--force-target-instruction-cost=100|Os--force-target-instruction-cost=50|Os--force-vector-interleave=100|Os--force-vector-interleave=50|Os--force-vector-width=100|Os--force-vector-width=50
PQCLEAN_FALCON512_CLEAN_keygen	keygen.c	3654	36	        Gt[u] = (uint32_t)fpr_rint(rt2[u]);	r	cjump	Os--force-target-instruction-cost=100|Os--force-target-instruction-cost=50|Os--force-vector-width=100|Os--force-vector-width=50
PQCLEAN_HQC192_CLEAN_vect_mul	gf2x.c	176	14	        o[i] = a[i] ^ r ^ carry;	=	cjump	Os--force-target-instruction-cost=100|Os--force-target-instruction-cost=50|Os--force-vector-interleave=100|Os--force-vector-interleave=50|Os--force-vector-width=100|Os--force-vector-width=50
PQCLEAN_HQC256_CLEAN_vect_set_random_fixed_weight	vector.c	81	33	        support[i] |= (uint32_t)rand_bytes[4 * i + 3] << 24;	r	cjump	Os--force-target-instruction-cost=100|Os--force-target-instruction-cost=50|Os--force-vector-width=100|Os--force-vector-width=50
PQCLEAN_HQC128_CLEAN_vect_set_random_fixed_weight	vector.c	89	34	            found |= compare_u32(support[j], support[i]);	s	cjump	Os--force-target-instruction-cost=100|Os--force-target-instruction-cost=50|Os--force-vector-interleave=100|Os--force-vector-interleave=50|Os--force-vector-width=100|Os--force-vector-width=50
PQCLEAN_HQC128_CLEAN_vect_set_random_fixed_weight	vector.c	79	23	        support[i] |= rand_bytes[4 * i + 1] << 8;	r	cjump	Os--force-target-instruction-cost=100|Os--force-target-instruction-cost=50|Os--force-vector-width=100|Os--force-vector-width=50
PQCLEAN_FALCON1024_CLEAN_verify_raw	vrfy.c	667	28	        ((int16_t *)tt)[u] = (int16_t)w;	=	cjump	Os--force-target-instruction-cost=100|Os--force-target-instruction-cost=50|Os--force-vector-interleave=100|Os--force-vector-interleave=50|Os--force-vector-width=100|Os--force-vector-width=50
PQCLEAN_FALCON1024_CLEAN_keygen	keygen.c	3916	15	        Fp[u] = (uint32_t)modp_norm(Fp[u], p);	=	cjump	Os--force-target-instruction-cost=100|Os--force-target-instruction-cost=50|Os--force-vector-width=100|Os--force-vector-width=50
PQCLEAN_FALCONPADDED1024_CLEAN_sign_tree	sign.c	738	18	        s2tmp[u] = (int16_t) - fpr_rint(t1[u]);	=	cjump	Os--force-target-instruction-cost=100|Os--force-target-instruction-cost=50|Os--force-vector-interleave=100|Os--force-vector-interleave=50|Os--force-vector-width=100|Os--force-vector-width=50
PQCLEAN_HQC256_CLEAN_vect_set_random_fixed_weight	vector.c	78	22	        support[i] = rand_bytes[4 * i];	r	cjump	Os--force-target-instruction-cost=100|Os--force-target-instruction-cost=50|Os--force-vector-width=100|Os--force-vector-width=50
PQCLEAN_SPHINCSSHA2192FSIMPLE_CLEAN_bytes_to_ull	utils.c	40	40	        retval |= ((unsigned long long)in[i]) << (8 * (inlen - 1 - i));	i	cjump	Os--force-target-instruction-cost=100|Os--force-target-instruction-cost=50|Os--force-vector-interleave=100|Os--force-vector-interleave=50|Os--force-vector-width=100|Os--force-vector-width=50
PQCLEAN_HQC128_CLEAN_vect_set_random_fixed_weight	vector.c	81	33	        support[i] |= (uint32_t)rand_bytes[4 * i + 3] << 24;	r	cjump	Os--force-target-instruction-cost=100|Os--force-target-instruction-cost=50|Os--force-vector-width=100|Os--force-vector-width=50
PQCLEAN_SPHINCSSHAKE256SSIMPLE_CLEAN_bytes_to_ull	utils.c	40	40	        retval |= ((unsigned long long)in[i]) << (8 * (inlen - 1 - i));	i	cjump	Os--force-target-instruction-cost=100|Os--force-target-instruction-cost=50|Os--force-vector-interleave=100|Os--force-vector-interleave=50|Os--force-vector-width=100|Os--force-vector-width=50
PQCLEAN_HQC192_CLEAN_vect_set_random_fixed_weight	vector.c	52	25	    q = ((uint64_t) a * m_val[i]) >> 32;	m	cjump	Os--force-target-instruction-cost=100|Os--force-target-instruction-cost=50|Os--force-vector-width=100|Os--force-vector-width=50
PQCLEAN_SPHINCSSHA2256FSIMPLE_CLEAN_bytes_to_ull	utils.c	40	40	        retval |= ((unsigned long long)in[i]) << (8 * (inlen - 1 - i));	i	cjump	Os--force-target-instruction-cost=100|Os--force-target-instruction-cost=50|Os--force-vector-interleave=100|Os--force-vector-interleave=50|Os--force-vector-width=100|Os--force-vector-width=50
PQCLEAN_SPHINCSSHAKE128FSIMPLE_CLEAN_bytes_to_ull	utils.c	40	40	        retval |= ((unsigned long long)in[i]) << (8 * (inlen - 1 - i));	i	cjump	Os--force-target-instruction-cost=100|Os--force-target-instruction-cost=50|Os--force-vector-interleave=100|Os--force-vector-interleave=50|Os--force-vector-width=100|Os--force-vector-width=50
PQCLEAN_FALCONPADDED1024_CLEAN_keygen	keygen.c	3916	15	        Fp[u] = (uint32_t)modp_norm(Fp[u], p);	=	cjump	Os--force-target-instruction-cost=100|Os--force-target-instruction-cost=50|Os--force-vector-width=100|Os--force-vector-width=50
PQCLEAN_FALCON512_CLEAN_keygen	keygen.c	3710	15	        Fp[u] = modp_set(zint_one_to_plain(Fp + u), p);	=	cjump	Os--force-target-instruction-cost=100|Os--force-target-instruction-cost=50|Os--force-vector-width=100|Os--force-vector-width=50
PQCLEAN_HQC192_CLEAN_vect_set_random_fixed_weight	vector.c	82	20	        support[i] = (uint32_t)(i + reduce(support[i], i)); // use constant-tme reduction	=	cjump	Os--force-target-instruction-cost=100|Os--force-target-instruction-cost=50|Os--force-vector-interleave=100|Os--force-vector-interleave=50|Os--force-vector-width=100|Os--force-vector-width=50
PQCLEAN_SPHINCSSHAKE128SSIMPLE_CLEAN_bytes_to_ull	utils.c	40	40	        retval |= ((unsigned long long)in[i]) << (8 * (inlen - 1 - i));	i	cjump	Os--force-target-instruction-cost=100|Os--force-target-instruction-cost=50|Os--force-vector-interleave=100|Os--force-vector-interleave=50|Os--force-vector-width=100|Os--force-vector-width=50
PQCLEAN_HQC256_CLEAN_reed_solomon_decode	reed_solomon.c	282	16	        cdw[i] ^= error_values[i];	^	cjump	Os--force-target-instruction-cost=100|Os--force-target-instruction-cost=50|Os--force-vector-interleave=50|Os--force-vector-width=50
PQCLEAN_SPHINCSSHAKE256FSIMPLE_CLEAN_fors_pk_from_sig	fors.c	56	40	            indices[i] ^= (uint32_t)(((m[offset >> 3] >> (offset & 0x7)) & 0x1) << j);	m	cjump	Os--force-target-instruction-cost=100|Os--force-target-instruction-cost=50
PQCLEAN_FALCONPADDED512_CLEAN_keygen	keygen.c	3654	36	        Gt[u] = (uint32_t)fpr_rint(rt2[u]);	r	cjump	Os--force-target-instruction-cost=100|Os--force-target-instruction-cost=50|Os--force-vector-width=100|Os--force-vector-width=50
PQCLEAN_SPHINCSSHA2128FSIMPLE_CLEAN_fors_sign	fors.c	56	40	            indices[i] ^= (uint32_t)(((m[offset >> 3] >> (offset & 0x7)) & 0x1) << j);	m	cjump	Os--force-target-instruction-cost=100|Os--force-target-instruction-cost=50
PQCLEAN_SPHINCSSHAKE192SSIMPLE_CLEAN_fors_sign	fors.c	56	40	            indices[i] ^= (uint32_t)(((m[offset >> 3] >> (offset & 0x7)) & 0x1) << j);	m	cjump	Os--force-target-instruction-cost=100|Os--force-target-instruction-cost=50
PQCLEAN_FALCONPADDED1024_CLEAN_sign_dyn	sign.c	944	18	        s2tmp[u] = (int16_t) - fpr_rint(t1[u]);	=	cjump	Os--force-target-instruction-cost=100|Os--force-target-instruction-cost=50|Os--force-vector-interleave=100|Os--force-vector-interleave=50|Os--force-vector-width=100|Os--force-vector-width=50
PQCLEAN_SPHINCSSHAKE192FSIMPLE_CLEAN_bytes_to_ull	utils.c	40	40	        retval |= ((unsigned long long)in[i]) << (8 * (inlen - 1 - i));	i	cjump	Os--force-target-instruction-cost=100|Os--force-target-instruction-cost=50|Os--force-vector-interleave=100|Os--force-vector-interleave=50|Os--force-vector-width=100|Os--force-vector-width=50
PQCLEAN_HQC256_CLEAN_reed_solomon_decode	reed_solomon.c	184	16	        z[i] = mask & sigma[i];	m	cjump	Os--force-target-instruction-cost=100|Os--force-target-instruction-cost=50
PQCLEAN_HQC256_CLEAN_vect_set_random_fixed_weight	vector.c	79	23	        support[i] |= rand_bytes[4 * i + 1] << 8;	r	cjump	Os--force-target-instruction-cost=100|Os--force-target-instruction-cost=50|Os--force-vector-width=100|Os--force-vector-width=50
PQCLEAN_FALCON512_CLEAN_keygen	keygen.c	1865	15	        rc |= a[j];	a	cjump	Os--force-target-instruction-cost=100|Os--force-target-instruction-cost=50|Os--force-vector-interleave=100|Os--force-vector-interleave=50|Os--force-vector-width=100|Os--force-vector-width=50
PQCLEAN_HQC128_CLEAN_vect_set_random_fixed_weight	vector.c	78	22	        support[i] = rand_bytes[4 * i];	r	cjump	Os--force-target-instruction-cost=100|Os--force-target-instruction-cost=50|Os--force-vector-width=100|Os--force-vector-width=50
PQCLEAN_SPHINCSSHA2256FSIMPLE_CLEAN_fors_sign	fors.c	56	40	            indices[i] ^= (uint32_t)(((m[offset >> 3] >> (offset & 0x7)) & 0x1) << j);	m	cjump	Os--force-target-instruction-cost=100|Os--force-target-instruction-cost=50
PQCLEAN_SPHINCSSHA2192FSIMPLE_CLEAN_gen_message_random	hash_sha2.c	143	16	        buf[i] = 0x5c ^ sk_prf[i];	=	cjump	Os--force-target-instruction-cost=100|Os--force-target-instruction-cost=50
PQCLEAN_FALCONPADDED512_CLEAN_keygen	keygen.c	3710	15	        Fp[u] = modp_set(zint_one_to_plain(Fp + u), p);	=	cjump	Os--force-target-instruction-cost=100|Os--force-target-instruction-cost=50|Os--force-vector-width=100|Os--force-vector-width=50
PQCLEAN_FALCONPADDED1024_CLEAN_gaussian0_sampler	sign.c	1006	14	        w2 = dist[u + 0];	d	cjump	Os--force-target-instruction-cost=100|Os--force-target-instruction-cost=50
PQCLEAN_FALCON1024_CLEAN_keygen	keygen.c	3710	15	        Fp[u] = modp_set(zint_one_to_plain(Fp + u), p);	=	cjump	Os--force-target-instruction-cost=100|Os--force-target-instruction-cost=50|Os--force-vector-width=100|Os--force-vector-width=50
PQCLEAN_SPHINCSSHA2256FSIMPLE_CLEAN_fors_pk_from_sig	fors.c	56	40	            indices[i] ^= (uint32_t)(((m[offset >> 3] >> (offset & 0x7)) & 0x1) << j);	m	cjump	Os--force-target-instruction-cost=100|Os--force-target-instruction-cost=50
PQCLEAN_MLDSA65_CLEAN_poly_uniform	poly.c	363	20	            buf[i] = buf[buflen - off + i];	=	cjump	Os--force-target-instruction-cost=100|Os--force-target-instruction-cost=50|Os--force-vector-interleave=100|Os--force-vector-interleave=50|Os--force-vector-width=100|Os--force-vector-width=50
PQCLEAN_FALCON1024_CLEAN_prng_init	rng.c	59	16	        d32[i] = w;	=	cjump	Os--force-target-instruction-cost=100|Os--force-target-instruction-cost=50
PQCLEAN_FALCONPADDED1024_CLEAN_keygen	keygen.c	3654	36	        Gt[u] = (uint32_t)fpr_rint(rt2[u]);	r	cjump	Os--force-target-instruction-cost=100|Os--force-target-instruction-cost=50|Os--force-vector-width=100|Os--force-vector-width=50
PQCLEAN_FALCONPADDED1024_CLEAN_keygen	keygen.c	1865	15	        rc |= a[j];	a	cjump	Os--force-target-instruction-cost=100|Os--force-target-instruction-cost=50|Os--force-vector-interleave=100|Os--force-vector-interleave=50|Os--force-vector-width=100|Os--force-vector-width=50
PQCLEAN_SPHINCSSHA2192SSIMPLE_CLEAN_gen_message_random	hash_sha2.c	117	16	        buf[i] = 0x36 ^ sk_prf[i];	=	cjump	Os--force-target-instruction-cost=100|Os--force-target-instruction-cost=50
PQCLEAN_FALCONPADDED512_CLEAN_keygen	keygen.c	1988	9	    w = x[0];	x	cjump	Os--force-target-instruction-cost=100|Os--force-target-instruction-cost=50|Os--force-vector-width=100|Os--force-vector-width=50
PQCLEAN_SPHINCSSHA2192SSIMPLE_CLEAN_fors_pk_from_sig	fors.c	56	40	            indices[i] ^= (uint32_t)(((m[offset >> 3] >> (offset & 0x7)) & 0x1) << j);	m	cjump	Os--force-target-instruction-cost=100|Os--force-target-instruction-cost=50
PQCLEAN_FALCON512_CLEAN_keygen	keygen.c	3916	15	        Fp[u] = (uint32_t)modp_norm(Fp[u], p);	=	cjump	Os--force-target-instruction-cost=100|Os--force-target-instruction-cost=50|Os--force-vector-width=100|Os--force-vector-width=50
mq_NTT	vrfy.c	516	21	                u = a[j];	a	cjump	Os--force-target-instruction-cost=100|Os--force-target-instruction-cost=50|Os--force-vector-width=100|Os--force-vector-width=50
PQCLEAN_HQC128_CLEAN_vect_set_random_fixed_weight	vector.c	80	33	        support[i] |= (uint32_t)rand_bytes[4 * i + 2] << 16;	r	cjump	Os--force-target-instruction-cost=100|Os--force-target-instruction-cost=50|Os--force-vector-width=100|Os--force-vector-width=50
PQCLEAN_SPHINCSSHA2256SSIMPLE_CLEAN_fors_sign	fors.c	56	40	            indices[i] ^= (uint32_t)(((m[offset >> 3] >> (offset & 0x7)) & 0x1) << j);	m	cjump	Os--force-target-instruction-cost=100|Os--force-target-instruction-cost=50
PQCLEAN_SPHINCSSHAKE128FSIMPLE_CLEAN_fors_sign	fors.c	56	40	            indices[i] ^= (uint32_t)(((m[offset >> 3] >> (offset & 0x7)) & 0x1) << j);	m	cjump	Os--force-target-instruction-cost=100|Os--force-target-instruction-cost=50
PQCLEAN_HQC256_CLEAN_vect_set_random_fixed_weight	vector.c	80	33	        support[i] |= (uint32_t)rand_bytes[4 * i + 2] << 16;	r	cjump	Os--force-target-instruction-cost=100|Os--force-target-instruction-cost=50|Os--force-vector-width=100|Os--force-vector-width=50
PQCLEAN_SPHINCSSHA2192SSIMPLE_CLEAN_bytes_to_ull	utils.c	40	40	        retval |= ((unsigned long long)in[i]) << (8 * (inlen - 1 - i));	i	cjump	Os--force-target-instruction-cost=100|Os--force-target-instruction-cost=50|Os--force-vector-interleave=100|Os--force-vector-interleave=50|Os--force-vector-width=100|Os--force-vector-width=50
mq_iNTT	vrfy.c	553	22	                a[j] = (uint16_t)mq_add(u, v);	=	cjump	Os--force-target-instruction-cost=100|Os--force-target-instruction-cost=50|Os--force-vector-width=100|Os--force-vector-width=50
PQCLEAN_FALCON512_CLEAN_poly_adj_fft	fft.c	387	14	        a[u] = fpr_neg(a[u]);	=	cjump	Os--force-target-instruction-cost=100|Os--force-target-instruction-cost=50|Os--force-vector-interleave=100|Os--force-vector-interleave=50|Os--force-vector-width=100|Os--force-vector-width=50
PQCLEAN_FALCON512_CLEAN_keygen	keygen.c	1988	9	    w = x[0];	x	cjump	Os--force-target-instruction-cost=100|Os--force-target-instruction-cost=50|Os--force-vector-width=100|Os--force-vector-width=50
PQCLEAN_HQC128_CLEAN_vect_set_random_fixed_weight	vector.c	108	21	            val |= (bit_tab[j] & mask64);	b	cjump	Os--force-target-instruction-cost=100|Os--force-target-instruction-cost=50|Os--force-vector-interleave=100|Os--force-vector-interleave=50|Os--force-vector-width=100|Os--force-vector-width=50
PQCLEAN_SPHINCSSHAKE192SSIMPLE_CLEAN_fors_pk_from_sig	fors.c	56	40	            indices[i] ^= (uint32_t)(((m[offset >> 3] >> (offset & 0x7)) & 0x1) << j);	m	cjump	Os--force-target-instruction-cost=100|Os--force-target-instruction-cost=50
PQCLEAN_HQC256_CLEAN_reed_solomon_encode	reed_solomon.c	39	20	            cdw[k] = (uint8_t)(cdw[k - 1] ^ tmp[k]);	=	cjump	Os--force-target-instruction-cost=100|Os--force-target-instruction-cost=50|Os--force-vector-width=50
PQCLEAN_HQC128_CLEAN_reed_solomon_decode	reed_solomon.c	184	16	        z[i] = mask & sigma[i];	m	cjump	Os--force-target-instruction-cost=100|Os--force-target-instruction-cost=50
PQCLEAN_SPHINCSSHA2128SSIMPLE_CLEAN_bytes_to_ull	utils.c	40	66	        retval |= ((unsigned long long)in[i]) << (8 * (inlen - 1 - i));	-	cjump	Os--force-vector-interleave=100|Os--force-vector-interleave=50
PQCLEAN_SPHINCSSHAKE256SSIMPLE_CLEAN_bytes_to_ull	utils.c	40	66	        retval |= ((unsigned long long)in[i]) << (8 * (inlen - 1 - i));	-	cjump	Os--force-vector-interleave=100|Os--force-vector-interleave=50
PQCLEAN_SPHINCSSHAKE128SSIMPLE_CLEAN_bytes_to_ull	utils.c	40	66	        retval |= ((unsigned long long)in[i]) << (8 * (inlen - 1 - i));	-	cjump	Os--force-vector-interleave=100|Os--force-vector-interleave=50
PQCLEAN_HQC192_CLEAN_vect_set_random_fixed_weight	vector.c	53	9	    n = (uint32_t)(PARAM_N - i);	(	cjump	Os--force-vector-interleave=100|Os--force-vector-interleave=50
PQCLEAN_SPHINCSSHAKE128FSIMPLE_CLEAN_bytes_to_ull	utils.c	40	66	        retval |= ((unsigned long long)in[i]) << (8 * (inlen - 1 - i));	-	cjump	Os--force-vector-interleave=100|Os--force-vector-interleave=50
PQCLEAN_SPHINCSSHA2192FSIMPLE_CLEAN_bytes_to_ull	utils.c	40	66	        retval |= ((unsigned long long)in[i]) << (8 * (inlen - 1 - i));	-	cjump	Os--force-vector-interleave=100|Os--force-vector-interleave=50
PQCLEAN_MLDSA87_CLEAN_poly_shiftl	poly.c	105	22	        a->coeffs[i] <<= D;	<	cjump	Os--force-vector-interleave=100|Os--force-vector-interleave=50|Os--force-vector-width=100|Os--force-vector-width=50
PQCLEAN_MLDSA44_CLEAN_poly_shiftl	poly.c	105	22	        a->coeffs[i] <<= D;	<	cjump	Os--force-vector-interleave=100|Os--force-vector-interleave=50|Os--force-vector-width=100|Os--force-vector-width=50
PQCLEAN_SPHINCSSHA2256SSIMPLE_CLEAN_bytes_to_ull	utils.c	40	66	        retval |= ((unsigned long long)in[i]) << (8 * (inlen - 1 - i));	-	cjump	Os--force-vector-interleave=100|Os--force-vector-interleave=50
PQCLEAN_SPHINCSSHA2128FSIMPLE_CLEAN_bytes_to_ull	utils.c	40	66	        retval |= ((unsigned long long)in[i]) << (8 * (inlen - 1 - i));	-	cjump	Os--force-vector-interleave=100|Os--force-vector-interleave=50
PQCLEAN_SPHINCSSHAKE192FSIMPLE_CLEAN_bytes_to_ull	utils.c	40	66	        retval |= ((unsigned long long)in[i]) << (8 * (inlen - 1 - i));	-	cjump	Os--force-vector-interleave=100|Os--force-vector-interleave=50
PQCLEAN_SPHINCSSHA2256FSIMPLE_CLEAN_bytes_to_ull	utils.c	40	66	        retval |= ((unsigned long long)in[i]) << (8 * (inlen - 1 - i));	-	cjump	Os--force-vector-interleave=100|Os--force-vector-interleave=50
PQCLEAN_SPHINCSSHAKE256FSIMPLE_CLEAN_bytes_to_ull	utils.c	40	66	        retval |= ((unsigned long long)in[i]) << (8 * (inlen - 1 - i));	-	cjump	Os--force-vector-interleave=100|Os--force-vector-interleave=50
PQCLEAN_SPHINCSSHA2192SSIMPLE_CLEAN_bytes_to_ull	utils.c	40	66	        retval |= ((unsigned long long)in[i]) << (8 * (inlen - 1 - i));	-	cjump	Os--force-vector-interleave=100|Os--force-vector-interleave=50
PQCLEAN_HQC256_CLEAN_vect_set_random_fixed_weight	vector.c	53	9	    n = (uint32_t)(PARAM_N - i);	(	cjump	Os--force-vector-interleave=100|Os--force-vector-interleave=50
PQCLEAN_MLDSA65_CLEAN_poly_shiftl	poly.c	105	22	        a->coeffs[i] <<= D;	<	cjump	Os--force-vector-interleave=100|Os--force-vector-interleave=50|Os--force-vector-width=100|Os--force-vector-width=50
PQCLEAN_SPHINCSSHAKE192SSIMPLE_CLEAN_bytes_to_ull	utils.c	40	66	        retval |= ((unsigned long long)in[i]) << (8 * (inlen - 1 - i));	-	cjump	Os--force-vector-interleave=100|Os--force-vector-interleave=50
PQCLEAN_HQC128_CLEAN_vect_set_random_fixed_weight	vector.c	53	9	    n = (uint32_t)(PARAM_N - i);	(	cjump	Os--force-vector-interleave=100|Os--force-vector-interleave=50
PQCLEAN_HQC256_CLEAN_reed_muller_decode	reed_muller.c	105	35	            dest[part * 64 + bit] = ((src[part] >> bit) & 1);	=	cjump	Os--force-vector-width=50
PQCLEAN_HQC192_CLEAN_reed_solomon_decode	reed_solomon.c	282	16	        cdw[i] ^= error_values[i];	^	cjump	Os--force-vector-width=50
PQCLEAN_SPHINCSSHA2256FSIMPLE_CLEAN_chain_lengths	wots.c	72	34	        csum += SPX_WOTS_W - 1 - msg_base_w[i];	m	cjump	Os--force-vector-width=50|Os-fprofile-generate
PQCLEAN_HQC128_CLEAN_reed_muller_decode	reed_muller.c	105	35	            dest[part * 64 + bit] = ((src[part] >> bit) & 1);	=	cjump	Os--force-vector-width=50
PQCLEAN_HQC192_CLEAN_reed_muller_decode	reed_muller.c	112	39	                dest[part * 64 + bit] += (uint16_t) ((src[2 * copy + part] >> bit) & 1);	+	cjump	Os--force-vector-width=50
PQCLEAN_HQC256_CLEAN_reed_muller_decode	reed_muller.c	112	39	                dest[part * 64 + bit] += (uint16_t) ((src[2 * copy + part] >> bit) & 1);	+	cjump	Os--force-vector-width=50
PQCLEAN_HQC128_CLEAN_reed_muller_decode	reed_muller.c	112	39	                dest[part * 64 + bit] += (uint16_t) ((src[2 * copy + part] >> bit) & 1);	+	cjump	Os--force-vector-width=50
PQCLEAN_SPHINCSSHA2256SSIMPLE_CLEAN_chain_lengths	wots.c	72	34	        csum += SPX_WOTS_W - 1 - msg_base_w[i];	m	cjump	Os--force-vector-width=50|Os-fprofile-generate
PQCLEAN_SPHINCSSHAKE256FSIMPLE_CLEAN_chain_lengths	wots.c	72	34	        csum += SPX_WOTS_W - 1 - msg_base_w[i];	m	cjump	Os--force-vector-width=50|Os-fprofile-generate
PQCLEAN_HQC192_CLEAN_reed_muller_decode	reed_muller.c	105	35	            dest[part * 64 + bit] = ((src[part] >> bit) & 1);	=	cjump	Os--force-vector-width=50
PQCLEAN_SPHINCSSHAKE256SSIMPLE_CLEAN_chain_lengths	wots.c	72	34	        csum += SPX_WOTS_W - 1 - msg_base_w[i];	m	cjump	Os--force-vector-width=50|Os-fprofile-generate
PQCLEAN_FALCONPADDED1024_CLEAN_trim_i16_encode	codec.c	148	21	            *buf ++ = (uint8_t)(acc >> acc_len);	=	cjump	Os--replexitval=always
PQCLEAN_FALCONPADDED512_CLEAN_trim_i8_encode	codec.c	242	21	            *buf ++ = (uint8_t)(acc >> acc_len);	=	cjump	Os--replexitval=always
PQCLEAN_FALCONPADDED1024_CLEAN_modq_encode	codec.c	65	21	            *buf ++ = (uint8_t)(acc >> acc_len);	=	cjump	Os--replexitval=always
PQCLEAN_FALCON1024_CLEAN_trim_i16_encode	codec.c	148	21	            *buf ++ = (uint8_t)(acc >> acc_len);	=	cjump	Os--replexitval=always
PQCLEAN_FALCON512_CLEAN_trim_i8_encode	codec.c	242	21	            *buf ++ = (uint8_t)(acc >> acc_len);	=	cjump	Os--replexitval=always
PQCLEAN_FALCONPADDED1024_CLEAN_trim_i8_encode	codec.c	242	21	            *buf ++ = (uint8_t)(acc >> acc_len);	=	cjump	Os--replexitval=always
PQCLEAN_FALCONPADDED512_CLEAN_trim_i16_encode	codec.c	148	21	            *buf ++ = (uint8_t)(acc >> acc_len);	=	cjump	Os--replexitval=always
PQCLEAN_FALCON1024_CLEAN_modq_encode	codec.c	65	21	            *buf ++ = (uint8_t)(acc >> acc_len);	=	cjump	Os--replexitval=always
PQCLEAN_FALCONPADDED512_CLEAN_modq_encode	codec.c	65	21	            *buf ++ = (uint8_t)(acc >> acc_len);	=	cjump	Os--replexitval=always
PQCLEAN_FALCON1024_CLEAN_trim_i8_encode	codec.c	242	21	            *buf ++ = (uint8_t)(acc >> acc_len);	=	cjump	Os--replexitval=always
PQCLEAN_FALCON512_CLEAN_modq_encode	codec.c	65	21	            *buf ++ = (uint8_t)(acc >> acc_len);	=	cjump	Os--replexitval=always
PQCLEAN_FALCON512_CLEAN_trim_i16_encode	codec.c	148	21	            *buf ++ = (uint8_t)(acc >> acc_len);	=	cjump	Os--replexitval=always
PQCLEAN_SPHINCSSHA2192SSIMPLE_CLEAN_initialize_hash_function	context_sha2.c	21	18	        block[i] = 0;	=	cjump	Os--scalar-evolution-huge-expr-threshold=0|Os-ffreestanding|Os-fno-builtin
PQCLEAN_SPHINCSSHA2192FSIMPLE_CLEAN_initialize_hash_function	context_sha2.c	21	18	        block[i] = 0;	=	cjump	Os--scalar-evolution-huge-expr-threshold=0|Os-ffreestanding|Os-fno-builtin
PQCLEAN_MLDSA65_CLEAN_pack_sig	packing.c	187	16	        sig[i] = 0;	=	cjump	Os--scalar-evolution-huge-expr-threshold=0|Os--scalar-evolution-max-arith-depth=0|Os-ffreestanding|Os-fno-builtin
PQCLEAN_MLDSA44_CLEAN_pack_sig	packing.c	187	16	        sig[i] = 0;	=	cjump	Os--scalar-evolution-huge-expr-threshold=0|Os--scalar-evolution-max-arith-depth=0|Os-ffreestanding|Os-fno-builtin
PQCLEAN_MLDSA87_CLEAN_pack_sig	packing.c	187	16	        sig[i] = 0;	=	cjump	Os--scalar-evolution-huge-expr-threshold=0|Os--scalar-evolution-max-arith-depth=0|Os-ffreestanding|Os-fno-builtin
PQCLEAN_HQC192_CLEAN_reed_solomon_decode	reed_solomon.c	264	38	            error_values[i] += mask1 & mask2 & e_j[j];	&	cjump	Os--sroa-skip-mem2reg
PQCLEAN_FALCONPADDED512_CLEAN_keygen	keygen.c	285	7	    m &= -(uint64_t)((uint32_t)(e - 64) >> 31);	&	cjump	Os--x86-cmov-converter-force-all
modp_NTT2_ext	keygen.c	683	7	    d += p & -(d >> 31);	+	cjump	Os--x86-cmov-converter-force-all|Oz--x86-cmov-converter-force-all
PQCLEAN_FALCONPADDED1024_CLEAN_keygen	keygen.c	475	31	    return cc0 ^ ((cc0 ^ cc1) & (int)((x & y) >> 63));	&	cjump	Os--x86-cmov-converter-force-all
modp_poly_rec_res	keygen.c	723	7	    d += p & -(d >> 31);	+	cjump	Os--x86-cmov-converter-force-all|Oz--x86-cmov-converter-force-all
PQCLEAN_FALCON512_CLEAN_keygen	keygen.c	683	7	    d += p & -(d >> 31);	+	cjump	Os--x86-cmov-converter-force-all|Oz--x86-cmov-converter-force-all
PQCLEAN_FALCONPADDED512_CLEAN_keygen	keygen.c	475	31	    return cc0 ^ ((cc0 ^ cc1) & (int)((x & y) >> 63));	&	cjump	Os--x86-cmov-converter-force-all
PQCLEAN_FALCON512_CLEAN_keygen	keygen.c	1832	26	            a_lo += a_lo & (cA - 1);	&	cjump	Os--x86-cmov-converter-force-all|Oz--x86-cmov-converter-force-all
PQCLEAN_FALCON1024_CLEAN_keygen	keygen.c	285	7	    m &= -(uint64_t)((uint32_t)(e - 64) >> 31);	&	cjump	Os--x86-cmov-converter-force-all
PQCLEAN_FALCON1024_CLEAN_keygen	keygen.c	635	12	    w += p & -(w >> 31);	&	cjump	Os--x86-cmov-converter-force-all|Oz--x86-cmov-converter-force-all
PQCLEAN_FALCONPADDED512_CLEAN_keygen	keygen.c	1747	16	            c0 &= (((aw | bw) + 0x7FFFFFFF) >> 31) - (uint32_t)1;	&	cjump	Os--x86-cmov-converter-force-all|Oz--x86-cmov-converter-force-all
modp_NTT2_ext	keygen.c	723	7	    d += p & -(d >> 31);	+	cjump	Os--x86-cmov-converter-force-all|Oz--x86-cmov-converter-force-all
PQCLEAN_FALCON1024_CLEAN_keygen	keygen.c	723	7	    d += p & -(d >> 31);	+	cjump	Os--x86-cmov-converter-force-all|Oz--x86-cmov-converter-force-all
zint_mod_small_unsigned	keygen.c	723	7	    d += p & -(d >> 31);	+	cjump	Os--x86-cmov-converter-force-all|Oz--x86-cmov-converter-force-all
PQCLEAN_FALCONPADDED1024_CLEAN_keygen	keygen.c	723	7	    d += p & -(d >> 31);	+	cjump	Os--x86-cmov-converter-force-all|Oz--x86-cmov-converter-force-all
PQCLEAN_FALCONPADDED512_CLEAN_keygen	keygen.c	683	7	    d += p & -(d >> 31);	+	cjump	Os--x86-cmov-converter-force-all|Oz--x86-cmov-converter-force-all
PQCLEAN_FALCONPADDED1024_CLEAN_keygen	keygen.c	1832	26	            a_lo += a_lo & (cA - 1);	&	cjump	Os--x86-cmov-converter-force-all|Oz--x86-cmov-converter-force-all
PQCLEAN_FALCON512_CLEAN_keygen	keygen.c	285	7	    m &= -(uint64_t)((uint32_t)(e - 64) >> 31);	&	cjump	Os--x86-cmov-converter-force-all
PQCLEAN_FALCON512_CLEAN_keygen	keygen.c	1747	16	            c0 &= (((aw | bw) + 0x7FFFFFFF) >> 31) - (uint32_t)1;	&	cjump	Os--x86-cmov-converter-force-all|Oz--x86-cmov-converter-force-all
zint_mod_small_unsigned	keygen.c	1199	11	        w += p & -(w >> 31);	+	cjump	Os--x86-cmov-converter-force-all|Oz--x86-cmov-converter-force-all
PQCLEAN_FALCON1024_CLEAN_keygen	keygen.c	475	31	    return cc0 ^ ((cc0 ^ cc1) & (int)((x & y) >> 63));	&	cjump	Os--x86-cmov-converter-force-all
PQCLEAN_FALCONPADDED512_CLEAN_keygen	keygen.c	723	7	    d += p & -(d >> 31);	+	cjump	Os--x86-cmov-converter-force-all|Oz--x86-cmov-converter-force-all
PQCLEAN_FALCON512_CLEAN_keygen	keygen.c	635	12	    w += p & -(w >> 31);	&	cjump	Os--x86-cmov-converter-force-all|Oz--x86-cmov-converter-force-all
zint_mod_small_unsigned	keygen.c	683	7	    d += p & -(d >> 31);	+	cjump	Os--x86-cmov-converter-force-all|Oz--x86-cmov-converter-force-all
PQCLEAN_FALCON512_CLEAN_keygen	keygen.c	475	31	    return cc0 ^ ((cc0 ^ cc1) & (int)((x & y) >> 63));	&	cjump	Os--x86-cmov-converter-force-all
PQCLEAN_FALCONPADDED1024_CLEAN_keygen	keygen.c	683	7	    d += p & -(d >> 31);	+	cjump	Os--x86-cmov-converter-force-all|Oz--x86-cmov-converter-force-all
PQCLEAN_FALCONPADDED1024_CLEAN_keygen	keygen.c	635	12	    w += p & -(w >> 31);	&	cjump	Os--x86-cmov-converter-force-all|Oz--x86-cmov-converter-force-all
PQCLEAN_FALCONPADDED512_CLEAN_keygen	keygen.c	1832	26	            a_lo += a_lo & (cA - 1);	&	cjump	Os--x86-cmov-converter-force-all|Oz--x86-cmov-converter-force-all
PQCLEAN_FALCON1024_CLEAN_keygen	keygen.c	1747	16	            c0 &= (((aw | bw) + 0x7FFFFFFF) >> 31) - (uint32_t)1;	&	cjump	Os--x86-cmov-converter-force-all|Oz--x86-cmov-converter-force-all
mq_NTT	vrfy.c	417	7	    z += Q & -(z >> 31);	+	cjump	Os--x86-cmov-converter-force-all
PQCLEAN_FALCON1024_CLEAN_keygen	keygen.c	683	7	    d += p & -(d >> 31);	+	cjump	Os--x86-cmov-converter-force-all|Oz--x86-cmov-converter-force-all
PQCLEAN_FALCONPADDED1024_CLEAN_keygen	keygen.c	1747	16	            c0 &= (((aw | bw) + 0x7FFFFFFF) >> 31) - (uint32_t)1;	&	cjump	Os--x86-cmov-converter-force-all|Oz--x86-cmov-converter-force-all
PQCLEAN_FALCON1024_CLEAN_keygen	keygen.c	1832	26	            a_lo += a_lo & (cA - 1);	&	cjump	Os--x86-cmov-converter-force-all|Oz--x86-cmov-converter-force-all
modp_R2	keygen.c	723	7	    d += p & -(d >> 31);	+	cjump	Os--x86-cmov-converter-force-all|Oz--x86-cmov-converter-force-all
PQCLEAN_FALCONPADDED1024_CLEAN_keygen	keygen.c	285	7	    m &= -(uint64_t)((uint32_t)(e - 64) >> 31);	&	cjump	Os--x86-cmov-converter-force-all
PQCLEAN_FALCONPADDED512_CLEAN_keygen	keygen.c	635	12	    w += p & -(w >> 31);	&	cjump	Os--x86-cmov-converter-force-all|Oz--x86-cmov-converter-force-all
PQCLEAN_FALCON512_CLEAN_keygen	keygen.c	723	7	    d += p & -(d >> 31);	+	cjump	Os--x86-cmov-converter-force-all|Oz--x86-cmov-converter-force-all
PQCLEAN_MLDSA87_CLEAN_crypto_sign_open_ctx	sign.c	372	14	        m[i] = 0;	=	cjump	Os-ffreestanding|Os-fno-builtin
PQCLEAN_MLDSA44_CLEAN_crypto_sign_open_ctx	sign.c	372	14	        m[i] = 0;	=	cjump	Os-ffreestanding|Os-fno-builtin
PQCLEAN_MLDSA65_CLEAN_crypto_sign_open_ctx	sign.c	372	14	        m[i] = 0;	=	cjump	Os-ffreestanding|Os-fno-builtin
PQCLEAN_HQC192_CLEAN_gf_mul	gf.c	86	16	        tmp2 = (uint32_t)(tmp1 - i);	(	cjump	Os-fprofile-generate
PQCLEAN_SPHINCSSHA2192FSIMPLE_CLEAN_chain_lengths	wots.c	72	34	        csum += SPX_WOTS_W - 1 - msg_base_w[i];	m	cjump	Os-fprofile-generate
PQCLEAN_HQC256_CLEAN_gf_mul	gf.c	97	20	            tmp2 = (uint32_t)(tmp1 - j);	(	cjump	Os-fprofile-generate
PQCLEAN_HQC128_CLEAN_reed_muller_decode	reed_muller.c	112	61	                dest[part * 64 + bit] += (uint16_t) ((src[2 * copy + part] >> bit) & 1);	*	cjump	Os-fprofile-generate
PQCLEAN_MLKEM512_CLEAN_polyvec_compress	polyvec.c	23	25	                t[k]  = a->vec[i].coeffs[4 * j + k];	a	cjump	Os-fprofile-generate
PQCLEAN_SPHINCSSHA2256SSIMPLE_CLEAN_gen_message_random	hash_sha2.c	117	25	        buf[i] = 0x36 ^ sk_prf[i];	s	cjump	Os-fprofile-generate
PQCLEAN_HQC128_CLEAN_gf_mul	gf.c	97	20	            tmp2 = (uint32_t)(tmp1 - j);	(	cjump	Os-fprofile-generate
PQCLEAN_HQC256_CLEAN_reed_muller_decode	reed_muller.c	112	61	                dest[part * 64 + bit] += (uint16_t) ((src[2 * copy + part] >> bit) & 1);	*	cjump	Os-fprofile-generate
PQCLEAN_MLKEM768_CLEAN_poly_compress	poly.c	29	30	            u  = a->coeffs[8 * i + j];	*	cjump	Os-fprofile-generate
PQCLEAN_HQC192_CLEAN_gf_mul	gf.c	97	20	            tmp2 = (uint32_t)(tmp1 - j);	(	cjump	Os-fprofile-generate
PQCLEAN_SPHINCSSHAKE128FSIMPLE_CLEAN_chain_lengths	wots.c	72	34	        csum += SPX_WOTS_W - 1 - msg_base_w[i];	m	cjump	Os-fprofile-generate
PQCLEAN_HQC128_CLEAN_reed_muller_decode	reed_muller.c	105	39	            dest[part * 64 + bit] = ((src[part] >> bit) & 1);	s	cjump	Os-fprofile-generate
PQCLEAN_HQC128_CLEAN_gf_mul	gf.c	86	16	        tmp2 = (uint32_t)(tmp1 - i);	(	cjump	Os-fprofile-generate
PQCLEAN_HQC256_CLEAN_reed_muller_decode	reed_muller.c	105	39	            dest[part * 64 + bit] = ((src[part] >> bit) & 1);	s	cjump	Os-fprofile-generate
PQCLEAN_MLKEM1024_CLEAN_polyvec_compress	polyvec.c	23	25	                t[k]  = a->vec[i].coeffs[8 * j + k];	a	cjump	Os-fprofile-generate
PQCLEAN_SPHINCSSHA2128FSIMPLE_CLEAN_chain_lengths	wots.c	72	34	        csum += SPX_WOTS_W - 1 - msg_base_w[i];	m	cjump	Os-fprofile-generate
PQCLEAN_SPHINCSSHAKE128SSIMPLE_CLEAN_chain_lengths	wots.c	72	34	        csum += SPX_WOTS_W - 1 - msg_base_w[i];	m	cjump	Os-fprofile-generate
karatsuba	gf2x.c	64	19	            g ^= (u[j] & (uint64_t)(0 - (1 - ((uint64_t)(tmp2 | (0 - tmp2)) >> 63))));	u	cjump	Os-fprofile-generate
PQCLEAN_HQC192_CLEAN_reed_solomon_decode	reed_solomon.c	231	37	            mask2 = ~((uint16_t) (-((int32_t) j ^ delta_counter) >> 31)); // j == delta_counter	(	cjump	Os-fprofile-generate
PQCLEAN_HQC192_CLEAN_reed_muller_decode	reed_muller.c	105	39	            dest[part * 64 + bit] = ((src[part] >> bit) & 1);	s	cjump	Os-fprofile-generate
PQCLEAN_HQC192_CLEAN_reed_solomon_decode	reed_solomon.c	263	37	            mask2 = ~((uint16_t) (-((int32_t) j ^ delta_counter) >> 31)); // j == delta_counter	(	cjump	Os-fprofile-generate
PQCLEAN_HQC256_CLEAN_gf_mul	gf.c	86	16	        tmp2 = (uint32_t)(tmp1 - i);	(	cjump	Os-fprofile-generate
karatsuba	gf2x.c	52	15	        g ^= (u[i] & (uint64_t)(0 - (1 - ((uint64_t)(tmp2 | (0 - tmp2)) >> 63))));	u	cjump	Os-fprofile-generate
PQCLEAN_SPHINCSSHAKE192SSIMPLE_CLEAN_chain_lengths	wots.c	72	34	        csum += SPX_WOTS_W - 1 - msg_base_w[i];	m	cjump	Os-fprofile-generate
PQCLEAN_MLKEM1024_CLEAN_poly_compress	poly.c	28	30	            u  = a->coeffs[8 * i + j];	*	cjump	Os-fprofile-generate
PQCLEAN_MLKEM768_CLEAN_polyvec_compress	polyvec.c	23	25	                t[k]  = a->vec[i].coeffs[4 * j + k];	a	cjump	Os-fprofile-generate
PQCLEAN_SPHINCSSHA2128SSIMPLE_CLEAN_chain_lengths	wots.c	72	34	        csum += SPX_WOTS_W - 1 - msg_base_w[i];	m	cjump	Os-fprofile-generate
PQCLEAN_SPHINCSSHA2192SSIMPLE_CLEAN_chain_lengths	wots.c	72	34	        csum += SPX_WOTS_W - 1 - msg_base_w[i];	m	cjump	Os-fprofile-generate
PQCLEAN_HQC192_CLEAN_reed_muller_decode	reed_muller.c	112	61	                dest[part * 64 + bit] += (uint16_t) ((src[2 * copy + part] >> bit) & 1);	*	cjump	Os-fprofile-generate
PQCLEAN_MLKEM512_CLEAN_poly_compress	poly.c	29	30	            u  = a->coeffs[8 * i + j];	*	cjump	Os-fprofile-generate
PQCLEAN_SPHINCSSHAKE192FSIMPLE_CLEAN_chain_lengths	wots.c	72	34	        csum += SPX_WOTS_W - 1 - msg_base_w[i];	m	cjump	Os-fprofile-generate
PQCLEAN_SPHINCSSHA2256FSIMPLE_CLEAN_gen_message_random	hash_sha2.c	117	25	        buf[i] = 0x36 ^ sk_prf[i];	s	cjump	Os-fprofile-generate
PQCLEAN_FALCONPADDED1024_CLEAN_keygen	keygen.c	311	39	    return ((int64_t)m ^ -(int64_t)s) + (int64_t)s;	+	cjump	Os-ftrapv
PQCLEAN_FALCON512_CLEAN_keygen	keygen.c	311	39	    return ((int64_t)m ^ -(int64_t)s) + (int64_t)s;	+	cjump	Os-ftrapv
PQCLEAN_FALCON1024_CLEAN_keygen	keygen.c	311	39	    return ((int64_t)m ^ -(int64_t)s) + (int64_t)s;	+	cjump	Os-ftrapv
PQCLEAN_FALCONPADDED512_CLEAN_keygen	keygen.c	311	39	    return ((int64_t)m ^ -(int64_t)s) + (int64_t)s;	+	cjump	Os-ftrapv
PQCLEAN_HQC256_CLEAN_reed_solomon_decode	reed_solomon.c	251	111	            tmp2 = PQCLEAN_HQC256_CLEAN_gf_mul(tmp2, (1 ^ PQCLEAN_HQC256_CLEAN_gf_mul(inverse, beta_j[(i + k) % PARAM_DELTA])));	%	mdiv	Oz--disable-lsr|Oz--unroll-count=100|Oz--unroll-count=50
PQCLEAN_HQC128_CLEAN_reed_solomon_decode	reed_solomon.c	251	111	            tmp2 = PQCLEAN_HQC128_CLEAN_gf_mul(tmp2, (1 ^ PQCLEAN_HQC128_CLEAN_gf_mul(inverse, beta_j[(i + k) % PARAM_DELTA])));	%	mdiv	Oz--disable-lsr
PQCLEAN_MLDSA87_CLEAN_poly_uniform	poly.c	362	14	        for (i = 0; i < off; ++i) {	i	mdiv	Oz--scalar-evolution-max-arith-depth=0|Oz--sroa-skip-mem2reg
PQCLEAN_MLDSA44_CLEAN_poly_uniform	poly.c	362	14	        for (i = 0; i < off; ++i) {	i	mdiv	Oz--scalar-evolution-max-arith-depth=0|Oz--sroa-skip-mem2reg
PQCLEAN_MLDSA65_CLEAN_poly_uniform	poly.c	362	14	        for (i = 0; i < off; ++i) {	i	mdiv	Oz--scalar-evolution-max-arith-depth=0|Oz--sroa-skip-mem2reg
mq_montymul	vrfy.c	417	7	    z += Q & -(z >> 31);	+	cjump	Oz--x86-cmov-converter-force-all
modp_Rx	keygen.c	723	7	    d += p & -(d >> 31);	+	cjump	Oz--x86-cmov-converter-force-all
PQCLEAN_HQC256_CLEAN_reed_solomon_decode	reed_solomon.c	250	28	        for (size_t k = 1; k < PARAM_DELTA; ++k) {	k	mdiv	Oz-fpseudo-probe-for-profiling
PQCLEAN_HQC128_CLEAN_reed_solomon_decode	reed_solomon.c	250	28	        for (size_t k = 1; k < PARAM_DELTA; ++k) {	k	mdiv	Oz-fpseudo-probe-for-profiling
