function	file	line	col	source	char	type	optimization
randombytes_uniform	randombytes/randombytes.c	165	14	    return r % upper_bound;	%	cjump	O0--expand-div-rem-bits=0|O1--expand-div-rem-bits=0|O2--expand-div-rem-bits=0|O3--expand-div-rem-bits=0|Ofast--expand-div-rem-bits=0|Os--expand-div-rem-bits=0|Oz--expand-div-rem-bits=0
pickparams	crypto_pwhash/scryptsalsa208sha256/pwhash_scryptsalsa208sha256.c	50	32	        *p = (uint32_t)(maxrp) / *r;	/	cjump	O0--expand-div-rem-bits=0|O3--expand-div-rem-bits=0|Ofast--expand-div-rem-bits=0|Os--expand-div-rem-bits=0|Oz--expand-div-rem-bits=0
pickparams	crypto_pwhash/scryptsalsa208sha256/pwhash_scryptsalsa208sha256.c	44	32	        maxrp = (opslimit / 4) / ((uint64_t)(1) << *N_log2);	/	cjump	O0--expand-div-rem-bits=0|O0--expand-div-rem-bits=50
_sodium_escrypt_kdf_nosse	crypto_pwhash/scryptsalsa208sha256/nosse/pwhash_scryptsalsa208sha256_nosse.c	273	29	        (N > SIZE_MAX / 128 / r)) {	/	cjump	O0--expand-div-rem-bits=0|O0--expand-div-rem-bits=50|O1--expand-div-rem-bits=0|O1--expand-div-rem-bits=50|O2--expand-div-rem-bits=0|O2--expand-div-rem-bits=50|O3--expand-div-rem-bits=0|O3--expand-div-rem-bits=50|Ofast--expand-div-rem-bits=0|Ofast--expand-div-rem-bits=50|Os--expand-div-rem-bits=0|Os--expand-div-rem-bits=50|Oz--expand-div-rem-bits=0|Oz--expand-div-rem-bits=50
pickparams	crypto_pwhash/scryptsalsa208sha256/pwhash_scryptsalsa208sha256.c	31	25	        maxN = opslimit / (*r * 4);	/	cjump	O0--expand-div-rem-bits=0|O0--expand-div-rem-bits=50|O3--expand-div-rem-bits=0|O3--expand-div-rem-bits=50|Ofast--expand-div-rem-bits=0|Ofast--expand-div-rem-bits=50|Os--expand-div-rem-bits=0|Os--expand-div-rem-bits=50|Oz--expand-div-rem-bits=0|Oz--expand-div-rem-bits=50
sodium_bin2base64	sodium/codecs.c	193	23	    nibbles = bin_len / 3;	/	cjump	O0--expand-div-rem-bits=0|O0--expand-div-rem-bits=50|O1--expand-div-rem-bits=0|O1--expand-div-rem-bits=50|O2--expand-div-rem-bits=0|O2--expand-div-rem-bits=50|O3--expand-div-rem-bits=0|O3--expand-div-rem-bits=50|Ofast--expand-div-rem-bits=0|Ofast--expand-div-rem-bits=50|Os--expand-div-rem-bits=0|Os--expand-div-rem-bits=50|Oz--expand-div-rem-bits=0|Oz--expand-div-rem-bits=50
randombytes_uniform	randombytes/randombytes.c	158	31	    min = (1U + ~upper_bound) % upper_bound; /* = 2**32 mod upper_bound */	%	cjump	O0--expand-div-rem-bits=0|O1--expand-div-rem-bits=0|O2--expand-div-rem-bits=0|O3--expand-div-rem-bits=0|Ofast--expand-div-rem-bits=0|Os--expand-div-rem-bits=0|Oz--expand-div-rem-bits=0
u32_to_string	crypto_pwhash/argon2/argon2-encoding.c	222	11	        x /= (uint32_t) 10U;	/	cjump	O0--expand-div-rem-bits=0|O1--expand-div-rem-bits=0|O2--expand-div-rem-bits=0|O3--expand-div-rem-bits=0|Ofast--expand-div-rem-bits=0|Os--expand-div-rem-bits=0|Oz--expand-div-rem-bits=0
u32_to_string	crypto_pwhash/argon2/argon2-encoding.c	221	23	        tmp[--i] = (x % (uint32_t) 10U) + '0';	%	cjump	O0--expand-div-rem-bits=0
_sodium_argon2_fill_segment_ref	crypto_pwhash/argon2/argon2-fill-block-ref.c	208	42	        ref_lane = ((pseudo_rand >> 32)) % instance->lanes;	%	cjump	O0--expand-div-rem-bits=0|O0--expand-div-rem-bits=50|O1--expand-div-rem-bits=0|O1--expand-div-rem-bits=50|O2--expand-div-rem-bits=0|O3--expand-div-rem-bits=0|Ofast--expand-div-rem-bits=0|Os--expand-div-rem-bits=0|Oz--expand-div-rem-bits=0
pickparams	crypto_pwhash/scryptsalsa208sha256/pwhash_scryptsalsa208sha256.c	38	25	        maxN = memlimit / ((size_t) *r * 128);	/	cjump	O0--expand-div-rem-bits=0|O0--expand-div-rem-bits=50
_sodium_argon2_ctx	crypto_pwhash/argon2/argon2.c	52	36	    segment_length = memory_blocks / (context->lanes * ARGON2_SYNC_POINTS);	/	cjump	O0--expand-div-rem-bits=0|O1--expand-div-rem-bits=0|O2--expand-div-rem-bits=0|O3--expand-div-rem-bits=0|Ofast--expand-div-rem-bits=0|Os--expand-div-rem-bits=0|Oz--expand-div-rem-bits=0
sodium_pad	sodium/utils.c	761	36	        xpadlen -= unpadded_buflen % blocksize;	%	cjump	O0--expand-div-rem-bits=0|O0--expand-div-rem-bits=50|O1--expand-div-rem-bits=0|O1--expand-div-rem-bits=50|O2--expand-div-rem-bits=0|O2--expand-div-rem-bits=50|O3--expand-div-rem-bits=0|O3--expand-div-rem-bits=50|Ofast--expand-div-rem-bits=0|Ofast--expand-div-rem-bits=50|Os--expand-div-rem-bits=0|Os--expand-div-rem-bits=50|Oz--expand-div-rem-bits=0|Oz--expand-div-rem-bits=50
_sodium_argon2_encode_string	crypto_pwhash/argon2/argon2-encoding.c	222	11	        x /= (uint32_t) 10U;	/	cjump	O1--expand-div-rem-bits=0|O2--expand-div-rem-bits=0|O3--expand-div-rem-bits=0|Ofast--expand-div-rem-bits=0
_sodium_ge25519_double_scalarmult_vartime	crypto_core/ed25519/ref10/ed25519_ref10.c	84	23	    int32_t h2 = f[2] - g[2];	-	cjump	O1-ftrapv|O2-ftrapv|O3-ftrapv|Ofast-ftrapv
ge25519_elligator2	crypto_core/ed25519/ref10/ed25519_ref10.c	51	23	    int32_t h7 = f[7] + g[7];	+	cjump	O1-ftrapv|O2-ftrapv|O3-ftrapv|Ofast-ftrapv|Os-ftrapv
ge25519_elligator2	crypto_core/ed25519/ref10/ed25519_ref10.c	122	18	    int32_t h4 = -f[4];	-	cjump	O1-ftrapv|O2-ftrapv|O3-ftrapv|Ofast-ftrapv|Os-ftrapv
ristretto255_sqrt_ratio_m1	crypto_core/ed25519/ref10/ed25519_ref10.c	85	23	    int32_t h3 = f[3] - g[3];	-	cjump	O1-ftrapv|O2-ftrapv|O3-ftrapv|Ofast-ftrapv
crypto_sign_ed25519_pk_to_curve25519	crypto_sign/ed25519/ref10/keypair.c	513	26	                 f8g7_19 + f9g6_19;	+	cjump	O1-ftrapv|O2-ftrapv|O3-ftrapv|Ofast-ftrapv|Os-ftrapv|Oz-ftrapv
crypto_sign_ed25519_pk_to_curve25519	crypto_sign/ed25519/ref10/keypair.c	397	23	    int32_t f5_2  = 2 * f5;	*	cjump	O1-ftrapv|O2-ftrapv|O3-ftrapv|Ofast-ftrapv|Os-ftrapv|Oz-ftrapv
ristretto255_sqrt_ratio_m1	crypto_core/ed25519/ref10/ed25519_ref10.c	89	23	    int32_t h7 = f[7] - g[7];	-	cjump	O1-ftrapv|O2-ftrapv|O3-ftrapv|Ofast-ftrapv
ge25519_cmov8_cached	crypto_core/ed25519/ref10/ed25519_ref10.c	127	18	    int32_t h9 = -f[9];	-	cjump	O1-ftrapv|O2-ftrapv|O3-ftrapv|Ofast-ftrapv|Os-ftrapv
ristretto255_sqrt_ratio_m1	crypto_core/ed25519/ref10/ed25519_ref10.c	50	23	    int32_t h6 = f[6] + g[6];	+	cjump	O1-ftrapv|O2-ftrapv|O3-ftrapv|Ofast-ftrapv|Os-ftrapv
ge25519_cmov8_base	crypto_core/ed25519/ref10/ed25519_ref10.c	122	18	    int32_t h4 = -f[4];	-	cjump	O1-ftrapv|O2-ftrapv|O3-ftrapv|Ofast-ftrapv|Os-ftrapv
_sodium_ge25519_frombytes_negate_vartime	crypto_core/ed25519/ref10/ed25519_ref10.c	88	23	    int32_t h6 = f[6] - g[6];	-	cjump	O1-ftrapv|O2-ftrapv|O3-ftrapv|Ofast-ftrapv
_sodium_ge25519_has_small_order	crypto_core/ed25519/ref10/ed25519_ref10.c	127	18	    int32_t h9 = -f[9];	-	cjump	O1-ftrapv|O2-ftrapv|O3-ftrapv|Ofast-ftrapv|Os-ftrapv
ristretto255_elligator	crypto_core/ed25519/ref10/ed25519_ref10.c	90	23	    int32_t h8 = f[8] - g[8];	-	cjump	O1-ftrapv|O2-ftrapv|O3-ftrapv|Ofast-ftrapv
ge25519_p3_to_cached	crypto_core/ed25519/ref10/ed25519_ref10.c	47	23	    int32_t h3 = f[3] + g[3];	+	cjump	O1-ftrapv|O2-ftrapv|O3-ftrapv|Ofast-ftrapv|Os-ftrapv
crypto_sign_ed25519_pk_to_curve25519	crypto_sign/ed25519/ref10/keypair.c	507	26	                 f7g5_38 + f8g4_19 + f9g3_38;	+	cjump	O1-ftrapv|O2-ftrapv|O3-ftrapv|Ofast-ftrapv|Os-ftrapv|Oz-ftrapv
_sodium_ge25519_frombytes_negate_vartime	crypto_core/ed25519/ref10/ed25519_ref10.c	89	23	    int32_t h7 = f[7] - g[7];	-	cjump	O1-ftrapv|O2-ftrapv|O3-ftrapv|Ofast-ftrapv
crypto_sign_ed25519_pk_to_curve25519	crypto_sign/ed25519/ref10/keypair.c	514	39	    int64_t h6 = f0g6 + f1g5_2 + f2g4 + f3g3_2 + f4g2 + f5g1_2 + f6g0 +	+	cjump	O1-ftrapv
crypto_sign_ed25519_pk_to_curve25519	crypto_sign/ed25519/ref10/keypair.c	564	8	    h3 += carry2;	+	cjump	O1-ftrapv|O2-ftrapv|O3-ftrapv|Ofast-ftrapv|Os-ftrapv|Oz-ftrapv
_sodium_ge25519_frombytes_negate_vartime	crypto_core/ed25519/ref10/ed25519_ref10.c	44	23	    int32_t h0 = f[0] + g[0];	+	cjump	O1-ftrapv|O2-ftrapv|O3-ftrapv|Ofast-ftrapv|Os-ftrapv
_sodium_ristretto255_p3_tobytes	crypto_core/ed25519/ref10/ed25519_ref10.c	88	23	    int32_t h6 = f[6] - g[6];	-	cjump	O1-ftrapv|O2-ftrapv|O3-ftrapv|Ofast-ftrapv
_sodium_ristretto255_frombytes	crypto_core/ed25519/ref10/ed25519_ref10.c	83	23	    int32_t h1 = f[1] - g[1];	-	cjump	O1-ftrapv|O2-ftrapv|O3-ftrapv|Ofast-ftrapv
crypto_sign_ed25519_pk_to_curve25519	crypto_sign/ed25519/ref10/keypair.c	87	23	    int32_t h5 = f[5] - g[5];	-	cjump	O1-ftrapv|O2-ftrapv|O3-ftrapv|Ofast-ftrapv|Os-ftrapv|Oz-ftrapv
ge25519_elligator2	crypto_core/ed25519/ref10/ed25519_ref10.c	50	23	    int32_t h6 = f[6] + g[6];	+	cjump	O1-ftrapv|O2-ftrapv|O3-ftrapv|Ofast-ftrapv|Os-ftrapv
crypto_sign_ed25519_pk_to_curve25519	crypto_sign/ed25519/ref10/keypair.c	503	26	                 f6g4_19 + f7g3_38 + f8g2_19 + f9g1_38;	+	cjump	O1-ftrapv|O2-ftrapv|O3-ftrapv|Ofast-ftrapv|Os-ftrapv|Oz-ftrapv
_sodium_ristretto255_frombytes	crypto_core/ed25519/ref10/ed25519_ref10.c	85	23	    int32_t h3 = f[3] - g[3];	-	cjump	O1-ftrapv|O2-ftrapv|O3-ftrapv|Ofast-ftrapv
ge25519_cmov8_cached	crypto_core/ed25519/ref10/ed25519_ref10.c	124	18	    int32_t h6 = -f[6];	-	cjump	O1-ftrapv|O2-ftrapv|O3-ftrapv|Ofast-ftrapv|Os-ftrapv
_sodium_ge25519_frombytes_negate_vartime	crypto_core/ed25519/ref10/ed25519_ref10.c	118	18	    int32_t h0 = -f[0];	-	cjump	O1-ftrapv|O2-ftrapv|O3-ftrapv|Ofast-ftrapv|Os-ftrapv
ristretto255_elligator	crypto_core/ed25519/ref10/ed25519_ref10.c	49	23	    int32_t h5 = f[5] + g[5];	+	cjump	O1-ftrapv|O2-ftrapv|O3-ftrapv|Ofast-ftrapv|Os-ftrapv
crypto_scalarmult_curve25519_ref10_base	crypto_scalarmult/curve25519/ref10/x25519_ref10.c	46	23	    int32_t h2 = f[2] + g[2];	+	cjump	O1-ftrapv|O2-ftrapv|O3-ftrapv|Ofast-ftrapv|Os-ftrapv
crypto_sign_ed25519_pk_to_curve25519	crypto_sign/ed25519/ref10/keypair.c	508	64	    int64_t h3 = f0g3 + f1g2 + f2g1 + f3g0 + f4g9_19 + f5g8_19 + f6g7_19 +	+	cjump	O1-ftrapv|O2-ftrapv|O3-ftrapv|Ofast-ftrapv|Os-ftrapv|Oz-ftrapv
ristretto255_elligator	crypto_core/ed25519/ref10/ed25519_ref10.c	84	23	    int32_t h2 = f[2] - g[2];	-	cjump	O1-ftrapv|O2-ftrapv|O3-ftrapv|Ofast-ftrapv
_sodium_ge25519_is_on_curve	crypto_core/ed25519/ref10/ed25519_ref10.c	50	23	    int32_t h6 = f[6] + g[6];	+	cjump	O1-ftrapv|O2-ftrapv|O3-ftrapv|Ofast-ftrapv|Os-ftrapv
_sodium_ge25519_has_small_order	crypto_core/ed25519/ref10/ed25519_ref10.c	90	23	    int32_t h8 = f[8] - g[8];	-	cjump	O1-ftrapv|O2-ftrapv|O3-ftrapv|Ofast-ftrapv
ge25519_elligator2	crypto_core/ed25519/ref10/ed25519_ref10.c	48	23	    int32_t h4 = f[4] + g[4];	+	cjump	O1-ftrapv|O2-ftrapv|O3-ftrapv|Ofast-ftrapv|Os-ftrapv
_sodium_ge25519_frombytes_negate_vartime	crypto_core/ed25519/ref10/ed25519_ref10.c	120	18	    int32_t h2 = -f[2];	-	cjump	O1-ftrapv|O2-ftrapv|O3-ftrapv|Ofast-ftrapv|Os-ftrapv
crypto_sign_ed25519_pk_to_curve25519	crypto_sign/ed25519/ref10/keypair.c	46	23	    int32_t h2 = f[2] + g[2];	+	cjump	O1-ftrapv|Oz-ftrapv
ge25519_add_precomp	crypto_core/ed25519/ref10/ed25519_ref10.c	48	23	    int32_t h4 = f[4] + g[4];	+	cjump	O1-ftrapv|O2-ftrapv|O3-ftrapv|Ofast-ftrapv|Os-ftrapv
_sodium_ge25519_from_hash	crypto_core/ed25519/ref10/ed25519_ref10.c	126	18	    int32_t h8 = -f[8];	-	cjump	O1-ftrapv|O2-ftrapv|O3-ftrapv|Ofast-ftrapv|Os-ftrapv
_sodium_ge25519_double_scalarmult_vartime	crypto_core/ed25519/ref10/ed25519_ref10.c	53	23	    int32_t h9 = f[9] + g[9];	+	cjump	O1-ftrapv|O2-ftrapv|O3-ftrapv|Ofast-ftrapv|Os-ftrapv
_sodium_ristretto255_p3_tobytes	crypto_core/ed25519/ref10/ed25519_ref10.c	121	18	    int32_t h3 = -f[3];	-	cjump	O1-ftrapv|O2-ftrapv|O3-ftrapv|Ofast-ftrapv|Os-ftrapv
_sodium_ge25519_frombytes	crypto_core/ed25519/ref10/ed25519_ref10.c	122	18	    int32_t h4 = -f[4];	-	cjump	O1-ftrapv|O2-ftrapv|O3-ftrapv|Ofast-ftrapv|Os-ftrapv
ristretto255_elligator	crypto_core/ed25519/ref10/ed25519_ref10.c	88	23	    int32_t h6 = f[6] - g[6];	-	cjump	O1-ftrapv|O2-ftrapv|O3-ftrapv|Ofast-ftrapv
_sodium_ge25519_is_on_curve	crypto_core/ed25519/ref10/ed25519_ref10.c	85	23	    int32_t h3 = f[3] - g[3];	-	cjump	O1-ftrapv|O2-ftrapv|O3-ftrapv|Ofast-ftrapv
ge25519_p2_dbl	crypto_core/ed25519/ref10/ed25519_ref10.c	49	23	    int32_t h5 = f[5] + g[5];	+	cjump	O1-ftrapv|O2-ftrapv|O3-ftrapv|Ofast-ftrapv|Os-ftrapv
ristretto255_elligator	crypto_core/ed25519/ref10/ed25519_ref10.c	46	23	    int32_t h2 = f[2] + g[2];	+	cjump	O1-ftrapv|O2-ftrapv|O3-ftrapv|Ofast-ftrapv|Os-ftrapv
_sodium_ge25519_from_uniform	crypto_core/ed25519/ref10/ed25519_ref10.c	121	18	    int32_t h3 = -f[3];	-	cjump	O1-ftrapv|O2-ftrapv|O3-ftrapv|Ofast-ftrapv|Os-ftrapv
crypto_scalarmult_curve25519_ref10_base	crypto_scalarmult/curve25519/ref10/x25519_ref10.c	44	23	    int32_t h0 = f[0] + g[0];	+	cjump	O1-ftrapv|O2-ftrapv|O3-ftrapv|Ofast-ftrapv|Os-ftrapv
crypto_scalarmult_curve25519_ref10	crypto_scalarmult/curve25519/ref10/x25519_ref10.c	83	23	    int32_t h1 = f[1] - g[1];	-	cjump	O1-ftrapv|O2-ftrapv|O3-ftrapv|Ofast-ftrapv
ge25519_add_cached	crypto_core/ed25519/ref10/ed25519_ref10.c	83	23	    int32_t h1 = f[1] - g[1];	-	cjump	O1-ftrapv|O2-ftrapv|O3-ftrapv|Ofast-ftrapv
_sodium_ristretto255_frombytes	crypto_core/ed25519/ref10/ed25519_ref10.c	53	23	    int32_t h9 = f[9] + g[9];	+	cjump	O1-ftrapv|O2-ftrapv|O3-ftrapv|Ofast-ftrapv|Os-ftrapv
ge25519_mont_to_ed	crypto_core/ed25519/ref10/ed25519_ref10.c	82	23	    int32_t h0 = f[0] - g[0];	-	cjump	O1-ftrapv|O2-ftrapv|O3-ftrapv|Ofast-ftrapv
crypto_scalarmult_curve25519_ref10	crypto_scalarmult/curve25519/ref10/x25519_ref10.c	86	23	    int32_t h4 = f[4] - g[4];	-	cjump	O1-ftrapv|O2-ftrapv|O3-ftrapv|Ofast-ftrapv
ge25519_elligator2	crypto_core/ed25519/ref10/ed25519_ref10.c	89	23	    int32_t h7 = f[7] - g[7];	-	cjump	O1-ftrapv|O2-ftrapv|O3-ftrapv|Ofast-ftrapv
crypto_sign_ed25519_pk_to_curve25519	crypto_sign/ed25519/ref10/keypair.c	521	28	        f0g9 + f1g8 + f2g7 + f3g6 + f4g5 + f5g4 + f6g3 + f7g2 + f8g1 + f9g0;	+	cjump	O1-ftrapv
_sodium_ristretto255_p3_tobytes	crypto_core/ed25519/ref10/ed25519_ref10.c	82	23	    int32_t h0 = f[0] - g[0];	-	cjump	O1-ftrapv|O2-ftrapv|O3-ftrapv|Ofast-ftrapv
_sodium_ge25519_double_scalarmult_vartime	crypto_core/ed25519/ref10/ed25519_ref10.c	89	23	    int32_t h7 = f[7] - g[7];	-	cjump	O1-ftrapv|O2-ftrapv|O3-ftrapv|Ofast-ftrapv
ristretto255_sqrt_ratio_m1	crypto_core/ed25519/ref10/ed25519_ref10.c	82	23	    int32_t h0 = f[0] - g[0];	-	cjump	O1-ftrapv|O2-ftrapv|O3-ftrapv|Ofast-ftrapv
ge25519_add_precomp	crypto_core/ed25519/ref10/ed25519_ref10.c	44	23	    int32_t h0 = f[0] + g[0];	+	cjump	O1-ftrapv|O2-ftrapv|O3-ftrapv|Ofast-ftrapv|Os-ftrapv
_sodium_ge25519_is_on_curve	crypto_core/ed25519/ref10/ed25519_ref10.c	83	23	    int32_t h1 = f[1] - g[1];	-	cjump	O1-ftrapv|O2-ftrapv|O3-ftrapv|Ofast-ftrapv
ge25519_elligator2	crypto_core/ed25519/ref10/ed25519_ref10.c	52	23	    int32_t h8 = f[8] + g[8];	+	cjump	O1-ftrapv|O2-ftrapv|O3-ftrapv|Ofast-ftrapv|Os-ftrapv
crypto_sign_ed25519_pk_to_curve25519	crypto_sign/ed25519/ref10/keypair.c	508	23	    int64_t h3 = f0g3 + f1g2 + f2g1 + f3g0 + f4g9_19 + f5g8_19 + f6g7_19 +	+	cjump	O1-ftrapv
ristretto255_sqrt_ratio_m1	crypto_core/ed25519/ref10/ed25519_ref10.c	120	18	    int32_t h2 = -f[2];	-	cjump	O1-ftrapv|O2-ftrapv|Os-ftrapv
_sodium_ge25519_double_scalarmult_vartime	crypto_core/ed25519/ref10/ed25519_ref10.c	46	23	    int32_t h2 = f[2] + g[2];	+	cjump	O1-ftrapv|O2-ftrapv|O3-ftrapv|Ofast-ftrapv|Os-ftrapv
_sodium_ge25519_frombytes_negate_vartime	crypto_core/ed25519/ref10/ed25519_ref10.c	123	18	    int32_t h5 = -f[5];	-	cjump	O1-ftrapv|O2-ftrapv|O3-ftrapv|Ofast-ftrapv|Os-ftrapv
ge25519_elligator2	crypto_core/ed25519/ref10/ed25519_ref10.c	124	18	    int32_t h6 = -f[6];	-	cjump	O1-ftrapv|O2-ftrapv|O3-ftrapv|Ofast-ftrapv|Os-ftrapv
_sodium_ge25519_frombytes_negate_vartime	crypto_core/ed25519/ref10/ed25519_ref10.c	46	23	    int32_t h2 = f[2] + g[2];	+	cjump	O1-ftrapv|O2-ftrapv|O3-ftrapv|Ofast-ftrapv|Os-ftrapv
_sodium_ge25519_frombytes	crypto_core/ed25519/ref10/ed25519_ref10.c	124	18	    int32_t h6 = -f[6];	-	cjump	O1-ftrapv|O2-ftrapv|O3-ftrapv|Ofast-ftrapv|Os-ftrapv
ge25519_p3_to_cached	crypto_core/ed25519/ref10/ed25519_ref10.c	89	23	    int32_t h7 = f[7] - g[7];	-	cjump	O1-ftrapv|O2-ftrapv|O3-ftrapv|Ofast-ftrapv
crypto_sign_ed25519_pk_to_curve25519	crypto_sign/ed25519/ref10/keypair.c	521	14	        f0g9 + f1g8 + f2g7 + f3g6 + f4g5 + f5g4 + f6g3 + f7g2 + f8g1 + f9g0;	+	cjump	O1-ftrapv
_sodium_ristretto255_frombytes	crypto_core/ed25519/ref10/ed25519_ref10.c	89	23	    int32_t h7 = f[7] - g[7];	-	cjump	O1-ftrapv|O2-ftrapv|O3-ftrapv|Ofast-ftrapv
ge25519_add_cached	crypto_core/ed25519/ref10/ed25519_ref10.c	82	23	    int32_t h0 = f[0] - g[0];	-	cjump	O1-ftrapv|O2-ftrapv|O3-ftrapv|Ofast-ftrapv
ge25519_p2_dbl	crypto_core/ed25519/ref10/ed25519_ref10.c	47	23	    int32_t h3 = f[3] + g[3];	+	cjump	O1-ftrapv|O2-ftrapv|O3-ftrapv|Ofast-ftrapv|Os-ftrapv
ristretto255_elligator	crypto_core/ed25519/ref10/ed25519_ref10.c	118	18	    int32_t h0 = -f[0];	-	cjump	O1-ftrapv|O2-ftrapv|O3-ftrapv|Ofast-ftrapv|Os-ftrapv
_sodium_ge25519_from_hash	crypto_core/ed25519/ref10/ed25519_ref10.c	118	18	    int32_t h0 = -f[0];	-	cjump	O1-ftrapv|O2-ftrapv|O3-ftrapv|Ofast-ftrapv|Os-ftrapv
crypto_sign_ed25519_pk_to_curve25519	crypto_sign/ed25519/ref10/keypair.c	396	23	    int32_t f3_2  = 2 * f3;	*	cjump	O1-ftrapv|O2-ftrapv|O3-ftrapv|Ofast-ftrapv|Os-ftrapv|Oz-ftrapv
_sodium_ge25519_has_small_order	crypto_core/ed25519/ref10/ed25519_ref10.c	85	23	    int32_t h3 = f[3] - g[3];	-	cjump	O1-ftrapv|O2-ftrapv|O3-ftrapv|Ofast-ftrapv
crypto_sign_ed25519_pk_to_curve25519	crypto_sign/ed25519/ref10/keypair.c	506	23	    int64_t h2 = f0g2 + f1g1_2 + f2g0 + f3g9_38 + f4g8_19 + f5g7_38 + f6g6_19 +	+	cjump	O1-ftrapv
ge25519_p3_to_cached	crypto_core/ed25519/ref10/ed25519_ref10.c	90	23	    int32_t h8 = f[8] - g[8];	-	cjump	O1-ftrapv|O2-ftrapv|O3-ftrapv|Ofast-ftrapv
ristretto255_sqrt_ratio_m1	crypto_core/ed25519/ref10/ed25519_ref10.c	87	23	    int32_t h5 = f[5] - g[5];	-	cjump	O1-ftrapv|O2-ftrapv|O3-ftrapv|Ofast-ftrapv
crypto_sign_ed25519_pk_to_curve25519	crypto_sign/ed25519/ref10/keypair.c	504	23	    int64_t h1 = f0g1 + f1g0 + f2g9_19 + f3g8_19 + f4g7_19 + f5g6_19 + f6g5_19 +	+	cjump	O1-ftrapv
crypto_sign_ed25519_pk_to_curve25519	crypto_sign/ed25519/ref10/keypair.c	510	32	    int64_t h4 = f0g4 + f1g3_2 + f2g2 + f3g1_2 + f4g0 + f5g9_38 + f6g8_19 +	+	cjump	O1-ftrapv
ge25519_p2_dbl	crypto_core/ed25519/ref10/ed25519_ref10.c	87	23	    int32_t h5 = f[5] - g[5];	-	cjump	O1-ftrapv|O2-ftrapv|O3-ftrapv|Ofast-ftrapv
_sodium_ristretto255_frombytes	crypto_core/ed25519/ref10/ed25519_ref10.c	124	18	    int32_t h6 = -f[6];	-	cjump	O1-ftrapv|O2-ftrapv|O3-ftrapv|Ofast-ftrapv|Os-ftrapv
crypto_sign_ed25519_pk_to_curve25519	crypto_sign/ed25519/ref10/keypair.c	510	65	    int64_t h4 = f0g4 + f1g3_2 + f2g2 + f3g1_2 + f4g0 + f5g9_38 + f6g8_19 +	+	cjump	O1-ftrapv|O2-ftrapv|O3-ftrapv|Ofast-ftrapv|Os-ftrapv|Oz-ftrapv
_sodium_ge25519_has_small_order	crypto_core/ed25519/ref10/ed25519_ref10.c	125	18	    int32_t h7 = -f[7];	-	cjump	O1-ftrapv|O2-ftrapv|O3-ftrapv|Ofast-ftrapv|Os-ftrapv
ge25519_cmov8_cached	crypto_core/ed25519/ref10/ed25519_ref10.c	123	18	    int32_t h5 = -f[5];	-	cjump	O1-ftrapv|O2-ftrapv|O3-ftrapv|Ofast-ftrapv|Os-ftrapv
crypto_scalarmult_curve25519_ref10_base	crypto_scalarmult/curve25519/ref10/x25519_ref10.c	50	23	    int32_t h6 = f[6] + g[6];	+	cjump	O1-ftrapv|O2-ftrapv|O3-ftrapv|Ofast-ftrapv|Os-ftrapv
ge25519_mont_to_ed	crypto_core/ed25519/ref10/ed25519_ref10.c	46	23	    int32_t h2 = f[2] + g[2];	+	cjump	O1-ftrapv
ge25519_elligator2	crypto_core/ed25519/ref10/ed25519_ref10.c	53	23	    int32_t h9 = f[9] + g[9];	+	cjump	O1-ftrapv|O2-ftrapv|O3-ftrapv|Ofast-ftrapv|Os-ftrapv
ge25519_add_precomp	crypto_core/ed25519/ref10/ed25519_ref10.c	46	23	    int32_t h2 = f[2] + g[2];	+	cjump	O1-ftrapv|O2-ftrapv|O3-ftrapv|Ofast-ftrapv|Os-ftrapv
ge25519_add_cached	crypto_core/ed25519/ref10/ed25519_ref10.c	89	23	    int32_t h7 = f[7] - g[7];	-	cjump	O1-ftrapv|O2-ftrapv|O3-ftrapv|Ofast-ftrapv
crypto_sign_ed25519_pk_to_curve25519	crypto_sign/ed25519/ref10/keypair.c	505	36	                 f7g4_19 + f8g3_19 + f9g2_19;	+	cjump	O1-ftrapv|O2-ftrapv|O3-ftrapv|Ofast-ftrapv|Os-ftrapv|Oz-ftrapv
_sodium_ge25519_frombytes_negate_vartime	crypto_core/ed25519/ref10/ed25519_ref10.c	122	18	    int32_t h4 = -f[4];	-	cjump	O1-ftrapv|O2-ftrapv|O3-ftrapv|Ofast-ftrapv|Os-ftrapv
ristretto255_elligator	crypto_core/ed25519/ref10/ed25519_ref10.c	119	18	    int32_t h1 = -f[1];	-	cjump	O1-ftrapv|O2-ftrapv|O3-ftrapv|Ofast-ftrapv|Os-ftrapv
crypto_sign_ed25519_pk_to_curve25519	crypto_sign/ed25519/ref10/keypair.c	566	18	    carry6 = (h6 + (int64_t)(1L << 25)) >> 26;	+	cjump	O1-ftrapv|O2-ftrapv|O3-ftrapv|Ofast-ftrapv|Os-ftrapv|Oz-ftrapv
_sodium_ristretto255_frombytes	crypto_core/ed25519/ref10/ed25519_ref10.c	82	23	    int32_t h0 = f[0] - g[0];	-	cjump	O1-ftrapv|O2-ftrapv|O3-ftrapv|Ofast-ftrapv
_sodium_ge25519_has_small_order	crypto_core/ed25519/ref10/ed25519_ref10.c	126	18	    int32_t h8 = -f[8];	-	cjump	O1-ftrapv|O2-ftrapv|O3-ftrapv|Ofast-ftrapv|Os-ftrapv
_sodium_ge25519_is_on_curve	crypto_core/ed25519/ref10/ed25519_ref10.c	53	23	    int32_t h9 = f[9] + g[9];	+	cjump	O1-ftrapv|O2-ftrapv|O3-ftrapv|Ofast-ftrapv|Os-ftrapv
_sodium_ristretto255_frombytes	crypto_core/ed25519/ref10/ed25519_ref10.c	126	18	    int32_t h8 = -f[8];	-	cjump	O1-ftrapv|O2-ftrapv|O3-ftrapv|Ofast-ftrapv|Os-ftrapv
_sodium_ge25519_frombytes	crypto_core/ed25519/ref10/ed25519_ref10.c	120	18	    int32_t h2 = -f[2];	-	cjump	O1-ftrapv|O2-ftrapv|O3-ftrapv|Ofast-ftrapv|Os-ftrapv
crypto_sign_ed25519_pk_to_curve25519	crypto_sign/ed25519/ref10/keypair.c	502	53	    int64_t h0 = f0g0 + f1g9_38 + f2g8_19 + f3g7_38 + f4g6_19 + f5g5_38 +	+	cjump	O1-ftrapv|O2-ftrapv|O3-ftrapv|Ofast-ftrapv|Os-ftrapv|Oz-ftrapv
crypto_sign_ed25519_pk_to_curve25519	crypto_sign/ed25519/ref10/keypair.c	514	32	    int64_t h6 = f0g6 + f1g5_2 + f2g4 + f3g3_2 + f4g2 + f5g1_2 + f6g0 +	+	cjump	O1-ftrapv
ristretto255_elligator	crypto_core/ed25519/ref10/ed25519_ref10.c	50	23	    int32_t h6 = f[6] + g[6];	+	cjump	O1-ftrapv|O2-ftrapv|O3-ftrapv|Ofast-ftrapv|Os-ftrapv
ge25519_mont_to_ed	crypto_core/ed25519/ref10/ed25519_ref10.c	53	23	    int32_t h9 = f[9] + g[9];	+	cjump	O1-ftrapv
ristretto255_sqrt_ratio_m1	crypto_core/ed25519/ref10/ed25519_ref10.c	46	23	    int32_t h2 = f[2] + g[2];	+	cjump	O1-ftrapv|O2-ftrapv|O3-ftrapv|Ofast-ftrapv|Os-ftrapv
ge25519_add_precomp	crypto_core/ed25519/ref10/ed25519_ref10.c	53	23	    int32_t h9 = f[9] + g[9];	+	cjump	O1-ftrapv|O2-ftrapv|O3-ftrapv|Ofast-ftrapv|Os-ftrapv
crypto_sign_ed25519_pk_to_curve25519	crypto_sign/ed25519/ref10/keypair.c	391	24	    int32_t g6_19 = 19 * g6;	*	cjump	O1-ftrapv|O2-ftrapv|O3-ftrapv|Ofast-ftrapv|Os-ftrapv|Oz-ftrapv
crypto_sign_ed25519_pk_to_curve25519	crypto_sign/ed25519/ref10/keypair.c	504	30	    int64_t h1 = f0g1 + f1g0 + f2g9_19 + f3g8_19 + f4g7_19 + f5g6_19 + f6g5_19 +	+	cjump	O1-ftrapv
crypto_sign_ed25519_pk_to_curve25519	crypto_sign/ed25519/ref10/keypair.c	585	18	    carry4 = (h4 + (int64_t)(1L << 25)) >> 26;	+	cjump	O1-ftrapv|O2-ftrapv|O3-ftrapv|Ofast-ftrapv|Os-ftrapv|Oz-ftrapv
crypto_sign_ed25519_pk_to_curve25519	crypto_sign/ed25519/ref10/keypair.c	509	26	                 f7g6_19 + f8g5_19 + f9g4_19;	+	cjump	O1-ftrapv|O2-ftrapv|O3-ftrapv|Ofast-ftrapv|Os-ftrapv|Oz-ftrapv
crypto_sign_ed25519_pk_to_curve25519	crypto_sign/ed25519/ref10/keypair.c	597	8	    h0 += carry9 * 19;	+	cjump	O1-ftrapv|O2-ftrapv|O3-ftrapv|Ofast-ftrapv|Os-ftrapv|Oz-ftrapv
_sodium_ge25519_frombytes_negate_vartime	crypto_core/ed25519/ref10/ed25519_ref10.c	85	23	    int32_t h3 = f[3] - g[3];	-	cjump	O1-ftrapv|O2-ftrapv|O3-ftrapv|Ofast-ftrapv
_sodium_ge25519_frombytes_negate_vartime	crypto_core/ed25519/ref10/ed25519_ref10.c	125	18	    int32_t h7 = -f[7];	-	cjump	O1-ftrapv|O2-ftrapv|O3-ftrapv|Ofast-ftrapv|Os-ftrapv
_sodium_ge25519_frombytes_negate_vartime	crypto_core/ed25519/ref10/ed25519_ref10.c	127	18	    int32_t h9 = -f[9];	-	cjump	O1-ftrapv|O2-ftrapv|O3-ftrapv|Ofast-ftrapv|Os-ftrapv
_sodium_ristretto255_p3_tobytes	crypto_core/ed25519/ref10/ed25519_ref10.c	122	18	    int32_t h4 = -f[4];	-	cjump	O1-ftrapv|O2-ftrapv|O3-ftrapv|Ofast-ftrapv|Os-ftrapv
crypto_sign_ed25519_pk_to_curve25519	crypto_sign/ed25519/ref10/keypair.c	552	18	    carry1 = (h1 + (int64_t)(1L << 24)) >> 25;	+	cjump	O1-ftrapv|O2-ftrapv|O3-ftrapv|Ofast-ftrapv|Os-ftrapv|Oz-ftrapv
_sodium_ristretto255_frombytes	crypto_core/ed25519/ref10/ed25519_ref10.c	87	23	    int32_t h5 = f[5] - g[5];	-	cjump	O1-ftrapv|O2-ftrapv|O3-ftrapv|Ofast-ftrapv
ge25519_add_cached	crypto_core/ed25519/ref10/ed25519_ref10.c	53	23	    int32_t h9 = f[9] + g[9];	+	cjump	O1-ftrapv|O2-ftrapv|O3-ftrapv|Ofast-ftrapv|Os-ftrapv
_sodium_ristretto255_frombytes	crypto_core/ed25519/ref10/ed25519_ref10.c	49	23	    int32_t h5 = f[5] + g[5];	+	cjump	O1-ftrapv|O2-ftrapv|O3-ftrapv|Ofast-ftrapv|Os-ftrapv
_sodium_ge25519_frombytes	crypto_core/ed25519/ref10/ed25519_ref10.c	52	23	    int32_t h8 = f[8] + g[8];	+	cjump	O1-ftrapv|O2-ftrapv|O3-ftrapv|Ofast-ftrapv|Os-ftrapv
_sodium_ristretto255_p3_tobytes	crypto_core/ed25519/ref10/ed25519_ref10.c	85	23	    int32_t h3 = f[3] - g[3];	-	cjump	O1-ftrapv|O2-ftrapv|O3-ftrapv|Ofast-ftrapv
ristretto255_sqrt_ratio_m1	crypto_core/ed25519/ref10/ed25519_ref10.c	84	23	    int32_t h2 = f[2] - g[2];	-	cjump	O1-ftrapv|O2-ftrapv|O3-ftrapv|Ofast-ftrapv
_sodium_ge25519_p3_sub	crypto_core/ed25519/ref10/ed25519_ref10.c	118	18	    int32_t h0 = -f[0];	-	cjump	O1-ftrapv|O2-ftrapv|O3-ftrapv|Ofast-ftrapv|Os-ftrapv
_sodium_ristretto255_frombytes	crypto_core/ed25519/ref10/ed25519_ref10.c	119	18	    int32_t h1 = -f[1];	-	cjump	O1-ftrapv|O2-ftrapv|O3-ftrapv|Ofast-ftrapv|Os-ftrapv
ge25519_cmov8_cached	crypto_core/ed25519/ref10/ed25519_ref10.c	125	18	    int32_t h7 = -f[7];	-	cjump	O1-ftrapv|O2-ftrapv|O3-ftrapv|Ofast-ftrapv|Os-ftrapv
_sodium_ge25519_frombytes_negate_vartime	crypto_core/ed25519/ref10/ed25519_ref10.c	52	23	    int32_t h8 = f[8] + g[8];	+	cjump	O1-ftrapv|O2-ftrapv|O3-ftrapv|Ofast-ftrapv|Os-ftrapv
_sodium_ristretto255_p3_tobytes	crypto_core/ed25519/ref10/ed25519_ref10.c	127	18	    int32_t h9 = -f[9];	-	cjump	O1-ftrapv|O2-ftrapv|O3-ftrapv|Ofast-ftrapv|Os-ftrapv
_sodium_ge25519_is_on_curve	crypto_core/ed25519/ref10/ed25519_ref10.c	90	23	    int32_t h8 = f[8] - g[8];	-	cjump	O1-ftrapv|O2-ftrapv|O3-ftrapv|Ofast-ftrapv
_sodium_ge25519_has_small_order	crypto_core/ed25519/ref10/ed25519_ref10.c	123	18	    int32_t h5 = -f[5];	-	cjump	O1-ftrapv|O2-ftrapv|O3-ftrapv|Ofast-ftrapv|Os-ftrapv
ristretto255_sqrt_ratio_m1	crypto_core/ed25519/ref10/ed25519_ref10.c	45	23	    int32_t h1 = f[1] + g[1];	+	cjump	O1-ftrapv|O2-ftrapv|O3-ftrapv|Ofast-ftrapv|Os-ftrapv
ge25519_p2_dbl	crypto_core/ed25519/ref10/ed25519_ref10.c	84	23	    int32_t h2 = f[2] - g[2];	-	cjump	O1-ftrapv|O2-ftrapv|O3-ftrapv|Ofast-ftrapv
crypto_sign_ed25519_pk_to_curve25519	crypto_sign/ed25519/ref10/keypair.c	512	68	    int64_t h5 = f0g5 + f1g4 + f2g3 + f3g2 + f4g1 + f5g0 + f6g9_19 + f7g8_19 +	+	cjump	O1-ftrapv|O2-ftrapv|O3-ftrapv|Ofast-ftrapv|Os-ftrapv|Oz-ftrapv
crypto_sign_ed25519_pk_to_curve25519	crypto_sign/ed25519/ref10/keypair.c	567	8	    h7 += carry6;	+	cjump	O1-ftrapv|O2-ftrapv|O3-ftrapv|Ofast-ftrapv|Os-ftrapv|Oz-ftrapv
ge25519_mont_to_ed	crypto_core/ed25519/ref10/ed25519_ref10.c	87	23	    int32_t h5 = f[5] - g[5];	-	cjump	O1-ftrapv
ge25519_cmov8_base	crypto_core/ed25519/ref10/ed25519_ref10.c	121	18	    int32_t h3 = -f[3];	-	cjump	O1-ftrapv|O2-ftrapv|O3-ftrapv|Ofast-ftrapv|Os-ftrapv
ge25519_add_precomp	crypto_core/ed25519/ref10/ed25519_ref10.c	49	23	    int32_t h5 = f[5] + g[5];	+	cjump	O1-ftrapv|O2-ftrapv|O3-ftrapv|Ofast-ftrapv|Os-ftrapv
crypto_sign_ed25519_pk_to_curve25519	crypto_sign/ed25519/ref10/keypair.c	512	58	    int64_t h5 = f0g5 + f1g4 + f2g3 + f3g2 + f4g1 + f5g0 + f6g9_19 + f7g8_19 +	+	cjump	O1-ftrapv
ge25519_add_precomp	crypto_core/ed25519/ref10/ed25519_ref10.c	87	23	    int32_t h5 = f[5] - g[5];	-	cjump	O1-ftrapv|O2-ftrapv|O3-ftrapv|Ofast-ftrapv
_sodium_ge25519_from_hash	crypto_core/ed25519/ref10/ed25519_ref10.c	121	18	    int32_t h3 = -f[3];	-	cjump	O1-ftrapv|O2-ftrapv|O3-ftrapv|Ofast-ftrapv|Os-ftrapv
_sodium_ge25519_frombytes_negate_vartime	crypto_core/ed25519/ref10/ed25519_ref10.c	48	23	    int32_t h4 = f[4] + g[4];	+	cjump	O1-ftrapv|O2-ftrapv|O3-ftrapv|Ofast-ftrapv|Os-ftrapv
ge25519_elligator2	crypto_core/ed25519/ref10/ed25519_ref10.c	82	23	    int32_t h0 = f[0] - g[0];	-	cjump	O1-ftrapv|O2-ftrapv|O3-ftrapv|Ofast-ftrapv
ge25519_add_precomp	crypto_core/ed25519/ref10/ed25519_ref10.c	52	23	    int32_t h8 = f[8] + g[8];	+	cjump	O1-ftrapv|O2-ftrapv|O3-ftrapv|Ofast-ftrapv|Os-ftrapv
_sodium_ge25519_frombytes	crypto_core/ed25519/ref10/ed25519_ref10.c	50	23	    int32_t h6 = f[6] + g[6];	+	cjump	O1-ftrapv|O2-ftrapv|O3-ftrapv|Ofast-ftrapv|Os-ftrapv
ge25519_elligator2	crypto_core/ed25519/ref10/ed25519_ref10.c	119	18	    int32_t h1 = -f[1];	-	cjump	O1-ftrapv|O2-ftrapv|O3-ftrapv|Ofast-ftrapv|Os-ftrapv
crypto_sign_ed25519_pk_to_curve25519	crypto_sign/ed25519/ref10/keypair.c	518	71	    int64_t h8 = f0g8 + f1g7_2 + f2g6 + f3g5_2 + f4g4 + f5g3_2 + f6g2 + f7g1_2 +	+	cjump	O1-ftrapv
_sodium_ge25519_frombytes_negate_vartime	crypto_core/ed25519/ref10/ed25519_ref10.c	82	23	    int32_t h0 = f[0] - g[0];	-	cjump	O1-ftrapv|O2-ftrapv|O3-ftrapv|Ofast-ftrapv
ge25519_cmov8_cached	crypto_core/ed25519/ref10/ed25519_ref10.c	122	18	    int32_t h4 = -f[4];	-	cjump	O1-ftrapv|O2-ftrapv|O3-ftrapv|Ofast-ftrapv|Os-ftrapv
crypto_sign_ed25519_pk_to_curve25519	crypto_sign/ed25519/ref10/keypair.c	51	23	    int32_t h7 = f[7] + g[7];	+	cjump	O1-ftrapv|Oz-ftrapv
_sodium_ge25519_frombytes	crypto_core/ed25519/ref10/ed25519_ref10.c	44	23	    int32_t h0 = f[0] + g[0];	+	cjump	O1-ftrapv|O2-ftrapv|O3-ftrapv|Ofast-ftrapv|Os-ftrapv
crypto_sign_ed25519_pk_to_curve25519	crypto_sign/ed25519/ref10/keypair.c	85	23	    int32_t h3 = f[3] - g[3];	-	cjump	O1-ftrapv|O2-ftrapv|O3-ftrapv|Ofast-ftrapv|Os-ftrapv|Oz-ftrapv
ge25519_add_cached	crypto_core/ed25519/ref10/ed25519_ref10.c	50	23	    int32_t h6 = f[6] + g[6];	+	cjump	O1-ftrapv|O2-ftrapv|O3-ftrapv|Ofast-ftrapv|Os-ftrapv
crypto_scalarmult_curve25519_ref10	crypto_scalarmult/curve25519/ref10/x25519_ref10.c	50	23	    int32_t h6 = f[6] + g[6];	+	cjump	O1-ftrapv|O2-ftrapv|O3-ftrapv|Ofast-ftrapv|Os-ftrapv
crypto_sign_ed25519_pk_to_curve25519	crypto_sign/ed25519/ref10/keypair.c	512	23	    int64_t h5 = f0g5 + f1g4 + f2g3 + f3g2 + f4g1 + f5g0 + f6g9_19 + f7g8_19 +	+	cjump	O1-ftrapv
crypto_sign_ed25519_pk_to_curve25519	crypto_sign/ed25519/ref10/keypair.c	504	70	    int64_t h1 = f0g1 + f1g0 + f2g9_19 + f3g8_19 + f4g7_19 + f5g6_19 + f6g5_19 +	+	cjump	O1-ftrapv|O2-ftrapv|O3-ftrapv|Ofast-ftrapv|Os-ftrapv|Oz-ftrapv
ge25519_cmov8_base	crypto_core/ed25519/ref10/ed25519_ref10.c	125	18	    int32_t h7 = -f[7];	-	cjump	O1-ftrapv|O2-ftrapv|O3-ftrapv|Ofast-ftrapv|Os-ftrapv
crypto_scalarmult_curve25519_ref10_base	crypto_scalarmult/curve25519/ref10/x25519_ref10.c	86	23	    int32_t h4 = f[4] - g[4];	-	cjump	O1-ftrapv|O2-ftrapv|O3-ftrapv|Ofast-ftrapv
_sodium_ristretto255_p3_tobytes	crypto_core/ed25519/ref10/ed25519_ref10.c	126	18	    int32_t h8 = -f[8];	-	cjump	O1-ftrapv|O2-ftrapv|O3-ftrapv|Ofast-ftrapv|Os-ftrapv
_sodium_ge25519_double_scalarmult_vartime	crypto_core/ed25519/ref10/ed25519_ref10.c	49	23	    int32_t h5 = f[5] + g[5];	+	cjump	O1-ftrapv|O2-ftrapv|O3-ftrapv|Ofast-ftrapv|Os-ftrapv
crypto_sign_ed25519_pk_to_curve25519	crypto_sign/ed25519/ref10/keypair.c	575	8	    h4 += carry3;	+	cjump	O1-ftrapv|O2-ftrapv|O3-ftrapv|Ofast-ftrapv|Os-ftrapv|Oz-ftrapv
ge25519_add_cached	crypto_core/ed25519/ref10/ed25519_ref10.c	90	23	    int32_t h8 = f[8] - g[8];	-	cjump	O1-ftrapv|O2-ftrapv|O3-ftrapv|Ofast-ftrapv
ge25519_p2_dbl	crypto_core/ed25519/ref10/ed25519_ref10.c	90	23	    int32_t h8 = f[8] - g[8];	-	cjump	O1-ftrapv|O2-ftrapv|O3-ftrapv|Ofast-ftrapv
ristretto255_elligator	crypto_core/ed25519/ref10/ed25519_ref10.c	45	23	    int32_t h1 = f[1] + g[1];	+	cjump	O1-ftrapv|O2-ftrapv|O3-ftrapv|Ofast-ftrapv|Os-ftrapv
_sodium_ge25519_frombytes	crypto_core/ed25519/ref10/ed25519_ref10.c	87	23	    int32_t h5 = f[5] - g[5];	-	cjump	O1-ftrapv|O2-ftrapv|O3-ftrapv|Ofast-ftrapv
ge25519_cmov8_cached	crypto_core/ed25519/ref10/ed25519_ref10.c	126	18	    int32_t h8 = -f[8];	-	cjump	O1-ftrapv|O2-ftrapv|O3-ftrapv|Ofast-ftrapv|Os-ftrapv
ge25519_elligator2	crypto_core/ed25519/ref10/ed25519_ref10.c	88	23	    int32_t h6 = f[6] - g[6];	-	cjump	O1-ftrapv|O2-ftrapv|O3-ftrapv|Ofast-ftrapv
crypto_sign_ed25519_pk_to_curve25519	crypto_sign/ed25519/ref10/keypair.c	506	39	    int64_t h2 = f0g2 + f1g1_2 + f2g0 + f3g9_38 + f4g8_19 + f5g7_38 + f6g6_19 +	+	cjump	O1-ftrapv|O2-ftrapv|O3-ftrapv|Ofast-ftrapv|Os-ftrapv|Oz-ftrapv
ristretto255_elligator	crypto_core/ed25519/ref10/ed25519_ref10.c	51	23	    int32_t h7 = f[7] + g[7];	+	cjump	O1-ftrapv|O2-ftrapv|O3-ftrapv|Ofast-ftrapv|Os-ftrapv
ristretto255_elligator	crypto_core/ed25519/ref10/ed25519_ref10.c	126	18	    int32_t h8 = -f[8];	-	cjump	O1-ftrapv|O2-ftrapv|O3-ftrapv|Ofast-ftrapv|Os-ftrapv
crypto_sign_ed25519_pk_to_curve25519	crypto_sign/ed25519/ref10/keypair.c	516	51	    int64_t h7 = f0g7 + f1g6 + f2g5 + f3g4 + f4g3 + f5g2 + f6g1 + f7g0 +	+	cjump	O1-ftrapv
ge25519_elligator2	crypto_core/ed25519/ref10/ed25519_ref10.c	44	23	    int32_t h0 = f[0] + g[0];	+	cjump	O1-ftrapv|O2-ftrapv|O3-ftrapv|Ofast-ftrapv|Os-ftrapv
_sodium_ristretto255_frombytes	crypto_core/ed25519/ref10/ed25519_ref10.c	50	23	    int32_t h6 = f[6] + g[6];	+	cjump	O1-ftrapv|O2-ftrapv|O3-ftrapv|Ofast-ftrapv|Os-ftrapv
_sodium_ge25519_frombytes	crypto_core/ed25519/ref10/ed25519_ref10.c	118	18	    int32_t h0 = -f[0];	-	cjump	O1-ftrapv|O2-ftrapv|O3-ftrapv|Ofast-ftrapv|Os-ftrapv
crypto_sign_ed25519_pk_to_curve25519	crypto_sign/ed25519/ref10/keypair.c	514	64	    int64_t h6 = f0g6 + f1g5_2 + f2g4 + f3g3_2 + f4g2 + f5g1_2 + f6g0 +	+	cjump	O1-ftrapv
ristretto255_sqrt_ratio_m1	crypto_core/ed25519/ref10/ed25519_ref10.c	124	18	    int32_t h6 = -f[6];	-	cjump	O1-ftrapv|O2-ftrapv|Os-ftrapv
_sodium_ge25519_frombytes	crypto_core/ed25519/ref10/ed25519_ref10.c	45	23	    int32_t h1 = f[1] + g[1];	+	cjump	O1-ftrapv|O2-ftrapv|O3-ftrapv|Ofast-ftrapv|Os-ftrapv
_sodium_ge25519_frombytes_negate_vartime	crypto_core/ed25519/ref10/ed25519_ref10.c	47	23	    int32_t h3 = f[3] + g[3];	+	cjump	O1-ftrapv|O2-ftrapv|O3-ftrapv|Ofast-ftrapv|Os-ftrapv
ge25519_add_precomp	crypto_core/ed25519/ref10/ed25519_ref10.c	89	23	    int32_t h7 = f[7] - g[7];	-	cjump	O1-ftrapv|O2-ftrapv|O3-ftrapv|Ofast-ftrapv
crypto_scalarmult_curve25519_ref10_base	crypto_scalarmult/curve25519/ref10/x25519_ref10.c	84	23	    int32_t h2 = f[2] - g[2];	-	cjump	O1-ftrapv|O2-ftrapv|O3-ftrapv|Ofast-ftrapv
_sodium_ge25519_has_small_order	crypto_core/ed25519/ref10/ed25519_ref10.c	89	23	    int32_t h7 = f[7] - g[7];	-	cjump	O1-ftrapv|O2-ftrapv|O3-ftrapv|Ofast-ftrapv
ristretto255_sqrt_ratio_m1	crypto_core/ed25519/ref10/ed25519_ref10.c	127	18	    int32_t h9 = -f[9];	-	cjump	O1-ftrapv|O2-ftrapv|Os-ftrapv
crypto_sign_ed25519_pk_to_curve25519	crypto_sign/ed25519/ref10/keypair.c	91	23	    int32_t h9 = f[9] - g[9];	-	cjump	O1-ftrapv|O2-ftrapv|O3-ftrapv|Ofast-ftrapv|Os-ftrapv|Oz-ftrapv
crypto_sign_ed25519_pk_to_curve25519	crypto_sign/ed25519/ref10/keypair.c	542	8	    h1 += carry0;	+	cjump	O1-ftrapv|O2-ftrapv|O3-ftrapv|Ofast-ftrapv|Os-ftrapv|Oz-ftrapv
crypto_sign_ed25519_pk_to_curve25519	crypto_sign/ed25519/ref10/keypair.c	518	23	    int64_t h8 = f0g8 + f1g7_2 + f2g6 + f3g5_2 + f4g4 + f5g3_2 + f6g2 + f7g1_2 +	+	cjump	O1-ftrapv
crypto_sign_ed25519_pk_to_curve25519	crypto_sign/ed25519/ref10/keypair.c	390	24	    int32_t g5_19 = 19 * g5;	*	cjump	O1-ftrapv|O2-ftrapv|O3-ftrapv|Ofast-ftrapv|Os-ftrapv|Oz-ftrapv
_sodium_ristretto255_p3_tobytes	crypto_core/ed25519/ref10/ed25519_ref10.c	49	23	    int32_t h5 = f[5] + g[5];	+	cjump	O1-ftrapv|O2-ftrapv|O3-ftrapv|Ofast-ftrapv|Os-ftrapv
crypto_sign_ed25519_pk_to_curve25519	crypto_sign/ed25519/ref10/keypair.c	502	23	    int64_t h0 = f0g0 + f1g9_38 + f2g8_19 + f3g7_38 + f4g6_19 + f5g5_38 +	+	cjump	O1-ftrapv|Oz-ftrapv
crypto_sign_ed25519_pk_to_curve25519	crypto_sign/ed25519/ref10/keypair.c	521	63	        f0g9 + f1g8 + f2g7 + f3g6 + f4g5 + f5g4 + f6g3 + f7g2 + f8g1 + f9g0;	+	cjump	O1-ftrapv
ge25519_elligator2	crypto_core/ed25519/ref10/ed25519_ref10.c	120	18	    int32_t h2 = -f[2];	-	cjump	O1-ftrapv|O2-ftrapv|O3-ftrapv|Ofast-ftrapv|Os-ftrapv
crypto_sign_ed25519_pk_to_curve25519	crypto_sign/ed25519/ref10/keypair.c	521	56	        f0g9 + f1g8 + f2g7 + f3g6 + f4g5 + f5g4 + f6g3 + f7g2 + f8g1 + f9g0;	+	cjump	O1-ftrapv
crypto_sign_ed25519_pk_to_curve25519	crypto_sign/ed25519/ref10/keypair.c	511	36	                 f7g7_38 + f8g6_19 + f9g5_38;	+	cjump	O1-ftrapv|O2-ftrapv|O3-ftrapv|Ofast-ftrapv|Os-ftrapv|Oz-ftrapv
_sodium_ge25519_frombytes_negate_vartime	crypto_core/ed25519/ref10/ed25519_ref10.c	119	18	    int32_t h1 = -f[1];	-	cjump	O1-ftrapv|O2-ftrapv|O3-ftrapv|Ofast-ftrapv|Os-ftrapv
crypto_scalarmult_curve25519_ref10_base	crypto_scalarmult/curve25519/ref10/x25519_ref10.c	83	23	    int32_t h1 = f[1] - g[1];	-	cjump	O1-ftrapv|O2-ftrapv|O3-ftrapv|Ofast-ftrapv
ristretto255_elligator	crypto_core/ed25519/ref10/ed25519_ref10.c	124	18	    int32_t h6 = -f[6];	-	cjump	O1-ftrapv|O2-ftrapv|O3-ftrapv|Ofast-ftrapv|Os-ftrapv
ristretto255_elligator	crypto_core/ed25519/ref10/ed25519_ref10.c	85	23	    int32_t h3 = f[3] - g[3];	-	cjump	O1-ftrapv|O2-ftrapv|O3-ftrapv|Ofast-ftrapv
crypto_sign_ed25519_pk_to_curve25519	crypto_sign/ed25519/ref10/keypair.c	502	73	    int64_t h0 = f0g0 + f1g9_38 + f2g8_19 + f3g7_38 + f4g6_19 + f5g5_38 +	+	cjump	O1-ftrapv|O2-ftrapv|O3-ftrapv|Ofast-ftrapv|Os-ftrapv|Oz-ftrapv
crypto_sign_ed25519_pk_to_curve25519	crypto_sign/ed25519/ref10/keypair.c	518	80	    int64_t h8 = f0g8 + f1g7_2 + f2g6 + f3g5_2 + f4g4 + f5g3_2 + f6g2 + f7g1_2 +	+	cjump	O1-ftrapv
ge25519_p3_to_cached	crypto_core/ed25519/ref10/ed25519_ref10.c	45	23	    int32_t h1 = f[1] + g[1];	+	cjump	O1-ftrapv|O2-ftrapv|O3-ftrapv|Ofast-ftrapv|Os-ftrapv
crypto_sign_ed25519_pk_to_curve25519	crypto_sign/ed25519/ref10/keypair.c	388	24	    int32_t g3_19 = 19 * g3;	*	cjump	O1-ftrapv|O2-ftrapv|O3-ftrapv|Ofast-ftrapv|Os-ftrapv|Oz-ftrapv
crypto_sign_ed25519_pk_to_curve25519	crypto_sign/ed25519/ref10/keypair.c	387	24	    int32_t g2_19 = 19 * g2; /* 1.959375*2^30; still ok */	*	cjump	O1-ftrapv|O2-ftrapv|O3-ftrapv|Ofast-ftrapv|Os-ftrapv|Oz-ftrapv
crypto_scalarmult_curve25519_ref10	crypto_scalarmult/curve25519/ref10/x25519_ref10.c	84	23	    int32_t h2 = f[2] - g[2];	-	cjump	O1-ftrapv|O2-ftrapv|O3-ftrapv|Ofast-ftrapv
ge25519_cmov8_cached	crypto_core/ed25519/ref10/ed25519_ref10.c	120	18	    int32_t h2 = -f[2];	-	cjump	O1-ftrapv|O2-ftrapv|O3-ftrapv|Ofast-ftrapv|Os-ftrapv
ristretto255_elligator	crypto_core/ed25519/ref10/ed25519_ref10.c	44	23	    int32_t h0 = f[0] + g[0];	+	cjump	O1-ftrapv|O2-ftrapv|O3-ftrapv|Ofast-ftrapv|Os-ftrapv
crypto_scalarmult_curve25519_ref10_base	crypto_scalarmult/curve25519/ref10/x25519_ref10.c	47	23	    int32_t h3 = f[3] + g[3];	+	cjump	O1-ftrapv|O2-ftrapv|O3-ftrapv|Ofast-ftrapv|Os-ftrapv
_sodium_ristretto255_frombytes	crypto_core/ed25519/ref10/ed25519_ref10.c	51	23	    int32_t h7 = f[7] + g[7];	+	cjump	O1-ftrapv|O2-ftrapv|O3-ftrapv|Ofast-ftrapv|Os-ftrapv
crypto_sign_ed25519_pk_to_curve25519	crypto_sign/ed25519/ref10/keypair.c	518	64	    int64_t h8 = f0g8 + f1g7_2 + f2g6 + f3g5_2 + f4g4 + f5g3_2 + f6g2 + f7g1_2 +	+	cjump	O1-ftrapv
crypto_sign_ed25519_pk_to_curve25519	crypto_sign/ed25519/ref10/keypair.c	541	18	    carry0 = (h0 + (int64_t)(1L << 25)) >> 26;	+	cjump	O1-ftrapv|O2-ftrapv|O3-ftrapv|Ofast-ftrapv|Os-ftrapv|Oz-ftrapv
ge25519_elligator2	crypto_core/ed25519/ref10/ed25519_ref10.c	47	23	    int32_t h3 = f[3] + g[3];	+	cjump	O1-ftrapv|O2-ftrapv|O3-ftrapv|Ofast-ftrapv|Os-ftrapv
_sodium_ristretto255_p3_tobytes	crypto_core/ed25519/ref10/ed25519_ref10.c	120	18	    int32_t h2 = -f[2];	-	cjump	O1-ftrapv|O2-ftrapv|O3-ftrapv|Ofast-ftrapv|Os-ftrapv
_sodium_ge25519_has_small_order	crypto_core/ed25519/ref10/ed25519_ref10.c	118	18	    int32_t h0 = -f[0];	-	cjump	O1-ftrapv|O2-ftrapv|O3-ftrapv|Ofast-ftrapv|Os-ftrapv
ristretto255_sqrt_ratio_m1	crypto_core/ed25519/ref10/ed25519_ref10.c	118	18	    int32_t h0 = -f[0];	-	cjump	O1-ftrapv|O2-ftrapv|Os-ftrapv
crypto_sign_ed25519_pk_to_curve25519	crypto_sign/ed25519/ref10/keypair.c	504	50	    int64_t h1 = f0g1 + f1g0 + f2g9_19 + f3g8_19 + f4g7_19 + f5g6_19 + f6g5_19 +	+	cjump	O1-ftrapv|O2-ftrapv|O3-ftrapv|Ofast-ftrapv|Os-ftrapv|Oz-ftrapv
ge25519_add_precomp	crypto_core/ed25519/ref10/ed25519_ref10.c	82	23	    int32_t h0 = f[0] - g[0];	-	cjump	O1-ftrapv|O2-ftrapv|O3-ftrapv|Ofast-ftrapv
_sodium_ge25519_is_on_curve	crypto_core/ed25519/ref10/ed25519_ref10.c	49	23	    int32_t h5 = f[5] + g[5];	+	cjump	O1-ftrapv|O2-ftrapv|O3-ftrapv|Ofast-ftrapv|Os-ftrapv
crypto_sign_ed25519_pk_to_curve25519	crypto_sign/ed25519/ref10/keypair.c	507	36	                 f7g5_38 + f8g4_19 + f9g3_38;	+	cjump	O1-ftrapv|O2-ftrapv|O3-ftrapv|Ofast-ftrapv|Os-ftrapv|Oz-ftrapv
crypto_sign_ed25519_pk_to_curve25519	crypto_sign/ed25519/ref10/keypair.c	514	48	    int64_t h6 = f0g6 + f1g5_2 + f2g4 + f3g3_2 + f4g2 + f5g1_2 + f6g0 +	+	cjump	O1-ftrapv
_sodium_ge25519_frombytes_negate_vartime	crypto_core/ed25519/ref10/ed25519_ref10.c	45	23	    int32_t h1 = f[1] + g[1];	+	cjump	O1-ftrapv|O2-ftrapv|O3-ftrapv|Ofast-ftrapv|Os-ftrapv
_sodium_ge25519_is_on_curve	crypto_core/ed25519/ref10/ed25519_ref10.c	52	23	    int32_t h8 = f[8] + g[8];	+	cjump	O1-ftrapv|O2-ftrapv|O3-ftrapv|Ofast-ftrapv|Os-ftrapv
_sodium_ge25519_frombytes_negate_vartime	crypto_core/ed25519/ref10/ed25519_ref10.c	84	23	    int32_t h2 = f[2] - g[2];	-	cjump	O1-ftrapv|O2-ftrapv|O3-ftrapv|Ofast-ftrapv
ge25519_add_cached	crypto_core/ed25519/ref10/ed25519_ref10.c	52	23	    int32_t h8 = f[8] + g[8];	+	cjump	O1-ftrapv|O2-ftrapv|O3-ftrapv|Ofast-ftrapv|Os-ftrapv
crypto_sign_ed25519_pk_to_curve25519	crypto_sign/ed25519/ref10/keypair.c	518	55	    int64_t h8 = f0g8 + f1g7_2 + f2g6 + f3g5_2 + f4g4 + f5g3_2 + f6g2 + f7g1_2 +	+	cjump	O1-ftrapv
_sodium_ge25519_frombytes_negate_vartime	crypto_core/ed25519/ref10/ed25519_ref10.c	87	23	    int32_t h5 = f[5] - g[5];	-	cjump	O1-ftrapv|O2-ftrapv|O3-ftrapv|Ofast-ftrapv
crypto_sign_ed25519_pk_to_curve25519	crypto_sign/ed25519/ref10/keypair.c	545	8	    h5 += carry4;	+	cjump	O1-ftrapv|O2-ftrapv|O3-ftrapv|Ofast-ftrapv|Os-ftrapv|Oz-ftrapv
crypto_sign_ed25519_pk_to_curve25519	crypto_sign/ed25519/ref10/keypair.c	556	8	    h6 += carry5;	+	cjump	O1-ftrapv|O2-ftrapv|O3-ftrapv|Ofast-ftrapv|Os-ftrapv|Oz-ftrapv
ristretto255_elligator	crypto_core/ed25519/ref10/ed25519_ref10.c	89	23	    int32_t h7 = f[7] - g[7];	-	cjump	O1-ftrapv|O2-ftrapv|O3-ftrapv|Ofast-ftrapv
_sodium_ristretto255_frombytes	crypto_core/ed25519/ref10/ed25519_ref10.c	118	18	    int32_t h0 = -f[0];	-	cjump	O1-ftrapv|O2-ftrapv|O3-ftrapv|Ofast-ftrapv|Os-ftrapv
ge25519_add_precomp	crypto_core/ed25519/ref10/ed25519_ref10.c	50	23	    int32_t h6 = f[6] + g[6];	+	cjump	O1-ftrapv|O2-ftrapv|O3-ftrapv|Ofast-ftrapv|Os-ftrapv
ge25519_cmov8_base	crypto_core/ed25519/ref10/ed25519_ref10.c	126	18	    int32_t h8 = -f[8];	-	cjump	O1-ftrapv|O2-ftrapv|O3-ftrapv|Ofast-ftrapv|Os-ftrapv
ge25519_add_cached	crypto_core/ed25519/ref10/ed25519_ref10.c	85	23	    int32_t h3 = f[3] - g[3];	-	cjump	O1-ftrapv|O2-ftrapv|O3-ftrapv|Ofast-ftrapv
crypto_sign_ed25519_pk_to_curve25519	crypto_sign/ed25519/ref10/keypair.c	589	8	    h9 += carry8;	+	cjump	O1-ftrapv
ge25519_p3_to_cached	crypto_core/ed25519/ref10/ed25519_ref10.c	87	23	    int32_t h5 = f[5] - g[5];	-	cjump	O1-ftrapv|O2-ftrapv|O3-ftrapv|Ofast-ftrapv
crypto_sign_ed25519_pk_to_curve25519	crypto_sign/ed25519/ref10/keypair.c	512	30	    int64_t h5 = f0g5 + f1g4 + f2g3 + f3g2 + f4g1 + f5g0 + f6g9_19 + f7g8_19 +	+	cjump	O1-ftrapv
_sodium_ristretto255_frombytes	crypto_core/ed25519/ref10/ed25519_ref10.c	46	23	    int32_t h2 = f[2] + g[2];	+	cjump	O1-ftrapv|O2-ftrapv|O3-ftrapv|Ofast-ftrapv|Os-ftrapv
_sodium_ge25519_from_hash	crypto_core/ed25519/ref10/ed25519_ref10.c	123	18	    int32_t h5 = -f[5];	-	cjump	O1-ftrapv|O2-ftrapv|O3-ftrapv|Ofast-ftrapv|Os-ftrapv
ge25519_p3_to_cached	crypto_core/ed25519/ref10/ed25519_ref10.c	51	23	    int32_t h7 = f[7] + g[7];	+	cjump	O1-ftrapv|O2-ftrapv|O3-ftrapv|Ofast-ftrapv|Os-ftrapv
_sodium_ristretto255_frombytes	crypto_core/ed25519/ref10/ed25519_ref10.c	123	18	    int32_t h5 = -f[5];	-	cjump	O1-ftrapv|O2-ftrapv|O3-ftrapv|Ofast-ftrapv|Os-ftrapv
_sodium_ge25519_from_hash	crypto_core/ed25519/ref10/ed25519_ref10.c	125	18	    int32_t h7 = -f[7];	-	cjump	O1-ftrapv|O2-ftrapv|O3-ftrapv|Ofast-ftrapv|Os-ftrapv
crypto_scalarmult_curve25519_ref10	crypto_scalarmult/curve25519/ref10/x25519_ref10.c	44	23	    int32_t h0 = f[0] + g[0];	+	cjump	O1-ftrapv|O2-ftrapv|O3-ftrapv|Ofast-ftrapv|Os-ftrapv
_sodium_ge25519_double_scalarmult_vartime	crypto_core/ed25519/ref10/ed25519_ref10.c	45	23	    int32_t h1 = f[1] + g[1];	+	cjump	O1-ftrapv|O2-ftrapv|O3-ftrapv|Ofast-ftrapv|Os-ftrapv
_sodium_ge25519_double_scalarmult_vartime	crypto_core/ed25519/ref10/ed25519_ref10.c	44	23	    int32_t h0 = f[0] + g[0];	+	cjump	O1-ftrapv|O2-ftrapv|O3-ftrapv|Ofast-ftrapv|Os-ftrapv
crypto_sign_ed25519_pk_to_curve25519	crypto_sign/ed25519/ref10/keypair.c	506	49	    int64_t h2 = f0g2 + f1g1_2 + f2g0 + f3g9_38 + f4g8_19 + f5g7_38 + f6g6_19 +	+	cjump	O1-ftrapv|O2-ftrapv|O3-ftrapv|Ofast-ftrapv|Os-ftrapv|Oz-ftrapv
ge25519_p2_dbl	crypto_core/ed25519/ref10/ed25519_ref10.c	52	23	    int32_t h8 = f[8] + g[8];	+	cjump	O1-ftrapv|O2-ftrapv|O3-ftrapv|Ofast-ftrapv|Os-ftrapv
crypto_sign_ed25519_pk_to_curve25519	crypto_sign/ed25519/ref10/keypair.c	514	55	    int64_t h6 = f0g6 + f1g5_2 + f2g4 + f3g3_2 + f4g2 + f5g1_2 + f6g0 +	+	cjump	O1-ftrapv
ge25519_p2_dbl	crypto_core/ed25519/ref10/ed25519_ref10.c	46	23	    int32_t h2 = f[2] + g[2];	+	cjump	O1-ftrapv|O2-ftrapv|O3-ftrapv|Ofast-ftrapv|Os-ftrapv
_sodium_ristretto255_p3_tobytes	crypto_core/ed25519/ref10/ed25519_ref10.c	123	18	    int32_t h5 = -f[5];	-	cjump	O1-ftrapv|O2-ftrapv|O3-ftrapv|Ofast-ftrapv|Os-ftrapv
crypto_sign_ed25519_pk_to_curve25519	crypto_sign/ed25519/ref10/keypair.c	510	75	    int64_t h4 = f0g4 + f1g3_2 + f2g2 + f3g1_2 + f4g0 + f5g9_38 + f6g8_19 +	+	cjump	O1-ftrapv|O2-ftrapv|O3-ftrapv|Ofast-ftrapv|Os-ftrapv|Oz-ftrapv
_sodium_ge25519_frombytes_negate_vartime	crypto_core/ed25519/ref10/ed25519_ref10.c	53	23	    int32_t h9 = f[9] + g[9];	+	cjump	O1-ftrapv|O2-ftrapv|O3-ftrapv|Ofast-ftrapv|Os-ftrapv
crypto_sign_ed25519_pk_to_curve25519	crypto_sign/ed25519/ref10/keypair.c	521	35	        f0g9 + f1g8 + f2g7 + f3g6 + f4g5 + f5g4 + f6g3 + f7g2 + f8g1 + f9g0;	+	cjump	O1-ftrapv
crypto_sign_ed25519_pk_to_curve25519	crypto_sign/ed25519/ref10/keypair.c	517	26	                 f8g9_19 + f9g8_19;	+	cjump	O1-ftrapv|O2-ftrapv|O3-ftrapv|Ofast-ftrapv|Os-ftrapv|Oz-ftrapv
crypto_sign_ed25519_pk_to_curve25519	crypto_sign/ed25519/ref10/keypair.c	506	69	    int64_t h2 = f0g2 + f1g1_2 + f2g0 + f3g9_38 + f4g8_19 + f5g7_38 + f6g6_19 +	+	cjump	O1-ftrapv|O2-ftrapv|O3-ftrapv|Ofast-ftrapv|Os-ftrapv|Oz-ftrapv
crypto_sign_ed25519_pk_to_curve25519	crypto_sign/ed25519/ref10/keypair.c	506	79	    int64_t h2 = f0g2 + f1g1_2 + f2g0 + f3g9_38 + f4g8_19 + f5g7_38 + f6g6_19 +	+	cjump	O1-ftrapv|O2-ftrapv|O3-ftrapv|Ofast-ftrapv|Os-ftrapv|Oz-ftrapv
ge25519_cmov8_cached	crypto_core/ed25519/ref10/ed25519_ref10.c	121	18	    int32_t h3 = -f[3];	-	cjump	O1-ftrapv|O2-ftrapv|O3-ftrapv|Ofast-ftrapv|Os-ftrapv
_sodium_ristretto255_p3_tobytes	crypto_core/ed25519/ref10/ed25519_ref10.c	47	23	    int32_t h3 = f[3] + g[3];	+	cjump	O1-ftrapv|O2-ftrapv|O3-ftrapv|Ofast-ftrapv|Os-ftrapv
_sodium_ge25519_p3_sub	crypto_core/ed25519/ref10/ed25519_ref10.c	125	18	    int32_t h7 = -f[7];	-	cjump	O1-ftrapv|O2-ftrapv|O3-ftrapv|Ofast-ftrapv|Os-ftrapv
crypto_sign_ed25519_pk_to_curve25519	crypto_sign/ed25519/ref10/keypair.c	514	71	    int64_t h6 = f0g6 + f1g5_2 + f2g4 + f3g3_2 + f4g2 + f5g1_2 + f6g0 +	+	cjump	O1-ftrapv|O2-ftrapv|O3-ftrapv|Ofast-ftrapv|Os-ftrapv|Oz-ftrapv
_sodium_ge25519_from_hash	crypto_core/ed25519/ref10/ed25519_ref10.c	127	18	    int32_t h9 = -f[9];	-	cjump	O1-ftrapv|O2-ftrapv|O3-ftrapv|Ofast-ftrapv|Os-ftrapv
_sodium_ristretto255_p3_tobytes	crypto_core/ed25519/ref10/ed25519_ref10.c	125	18	    int32_t h7 = -f[7];	-	cjump	O1-ftrapv|O2-ftrapv|O3-ftrapv|Ofast-ftrapv|Os-ftrapv
_sodium_ge25519_from_uniform	crypto_core/ed25519/ref10/ed25519_ref10.c	123	18	    int32_t h5 = -f[5];	-	cjump	O1-ftrapv|O2-ftrapv|O3-ftrapv|Ofast-ftrapv|Os-ftrapv
ge25519_add_precomp	crypto_core/ed25519/ref10/ed25519_ref10.c	47	23	    int32_t h3 = f[3] + g[3];	+	cjump	O1-ftrapv|O2-ftrapv|O3-ftrapv|Ofast-ftrapv|Os-ftrapv
_sodium_ge25519_frombytes	crypto_core/ed25519/ref10/ed25519_ref10.c	83	23	    int32_t h1 = f[1] - g[1];	-	cjump	O1-ftrapv|O2-ftrapv|O3-ftrapv|Ofast-ftrapv
_sodium_ge25519_frombytes	crypto_core/ed25519/ref10/ed25519_ref10.c	47	23	    int32_t h3 = f[3] + g[3];	+	cjump	O1-ftrapv|O2-ftrapv|O3-ftrapv|Ofast-ftrapv|Os-ftrapv
crypto_sign_ed25519_pk_to_curve25519	crypto_sign/ed25519/ref10/keypair.c	82	23	    int32_t h0 = f[0] - g[0];	-	cjump	O1-ftrapv|O2-ftrapv|O3-ftrapv|Ofast-ftrapv|Os-ftrapv|Oz-ftrapv
ristretto255_elligator	crypto_core/ed25519/ref10/ed25519_ref10.c	52	23	    int32_t h8 = f[8] + g[8];	+	cjump	O1-ftrapv|O2-ftrapv|O3-ftrapv|Ofast-ftrapv|Os-ftrapv
crypto_scalarmult_curve25519_ref10	crypto_scalarmult/curve25519/ref10/x25519_ref10.c	51	23	    int32_t h7 = f[7] + g[7];	+	cjump	O1-ftrapv|O2-ftrapv|O3-ftrapv|Ofast-ftrapv|Os-ftrapv
ge25519_p2_dbl	crypto_core/ed25519/ref10/ed25519_ref10.c	83	23	    int32_t h1 = f[1] - g[1];	-	cjump	O1-ftrapv|O2-ftrapv|O3-ftrapv|Ofast-ftrapv
ge25519_mont_to_ed	crypto_core/ed25519/ref10/ed25519_ref10.c	48	23	    int32_t h4 = f[4] + g[4];	+	cjump	O1-ftrapv
ristretto255_sqrt_ratio_m1	crypto_core/ed25519/ref10/ed25519_ref10.c	48	23	    int32_t h4 = f[4] + g[4];	+	cjump	O1-ftrapv|O2-ftrapv|O3-ftrapv|Ofast-ftrapv|Os-ftrapv
crypto_scalarmult_curve25519_ref10_base	crypto_scalarmult/curve25519/ref10/x25519_ref10.c	87	23	    int32_t h5 = f[5] - g[5];	-	cjump	O1-ftrapv|O2-ftrapv|O3-ftrapv|Ofast-ftrapv
ge25519_add_precomp	crypto_core/ed25519/ref10/ed25519_ref10.c	83	23	    int32_t h1 = f[1] - g[1];	-	cjump	O1-ftrapv|O2-ftrapv|O3-ftrapv|Ofast-ftrapv
_sodium_ge25519_frombytes	crypto_core/ed25519/ref10/ed25519_ref10.c	127	18	    int32_t h9 = -f[9];	-	cjump	O1-ftrapv|O2-ftrapv|O3-ftrapv|Ofast-ftrapv|Os-ftrapv
_sodium_ge25519_frombytes_negate_vartime	crypto_core/ed25519/ref10/ed25519_ref10.c	126	18	    int32_t h8 = -f[8];	-	cjump	O1-ftrapv|O2-ftrapv|O3-ftrapv|Ofast-ftrapv|Os-ftrapv
_sodium_ge25519_from_hash	crypto_core/ed25519/ref10/ed25519_ref10.c	122	18	    int32_t h4 = -f[4];	-	cjump	O1-ftrapv|O2-ftrapv|O3-ftrapv|Ofast-ftrapv|Os-ftrapv
crypto_sign_ed25519_pk_to_curve25519	crypto_sign/ed25519/ref10/keypair.c	510	23	    int64_t h4 = f0g4 + f1g3_2 + f2g2 + f3g1_2 + f4g0 + f5g9_38 + f6g8_19 +	+	cjump	O1-ftrapv
_sodium_ge25519_is_on_curve	crypto_core/ed25519/ref10/ed25519_ref10.c	48	23	    int32_t h4 = f[4] + g[4];	+	cjump	O1-ftrapv|O2-ftrapv|O3-ftrapv|Ofast-ftrapv|Os-ftrapv
crypto_sign_ed25519_pk_to_curve25519	crypto_sign/ed25519/ref10/keypair.c	389	24	    int32_t g4_19 = 19 * g4;	*	cjump	O1-ftrapv|O2-ftrapv|O3-ftrapv|Ofast-ftrapv|Os-ftrapv|Oz-ftrapv
_sodium_ge25519_frombytes	crypto_core/ed25519/ref10/ed25519_ref10.c	84	23	    int32_t h2 = f[2] - g[2];	-	cjump	O1-ftrapv|O2-ftrapv|O3-ftrapv|Ofast-ftrapv
ge25519_p3_to_cached	crypto_core/ed25519/ref10/ed25519_ref10.c	84	23	    int32_t h2 = f[2] - g[2];	-	cjump	O1-ftrapv|O2-ftrapv|O3-ftrapv|Ofast-ftrapv
_sodium_ge25519_double_scalarmult_vartime	crypto_core/ed25519/ref10/ed25519_ref10.c	90	23	    int32_t h8 = f[8] - g[8];	-	cjump	O1-ftrapv|O2-ftrapv|O3-ftrapv|Ofast-ftrapv
crypto_scalarmult_curve25519_ref10	crypto_scalarmult/curve25519/ref10/x25519_ref10.c	91	23	    int32_t h9 = f[9] - g[9];	-	cjump	O1-ftrapv|O2-ftrapv|O3-ftrapv|Ofast-ftrapv
_sodium_ristretto255_p3_tobytes	crypto_core/ed25519/ref10/ed25519_ref10.c	51	23	    int32_t h7 = f[7] + g[7];	+	cjump	O1-ftrapv|O2-ftrapv|O3-ftrapv|Ofast-ftrapv|Os-ftrapv
ge25519_p3_to_cached	crypto_core/ed25519/ref10/ed25519_ref10.c	82	23	    int32_t h0 = f[0] - g[0];	-	cjump	O1-ftrapv|O2-ftrapv|O3-ftrapv|Ofast-ftrapv
ge25519_p3_to_cached	crypto_core/ed25519/ref10/ed25519_ref10.c	46	23	    int32_t h2 = f[2] + g[2];	+	cjump	O1-ftrapv|O2-ftrapv|O3-ftrapv|Ofast-ftrapv|Os-ftrapv
_sodium_ge25519_has_small_order	crypto_core/ed25519/ref10/ed25519_ref10.c	87	23	    int32_t h5 = f[5] - g[5];	-	cjump	O1-ftrapv|O2-ftrapv|O3-ftrapv|Ofast-ftrapv
crypto_scalarmult_curve25519_ref10	crypto_scalarmult/curve25519/ref10/x25519_ref10.c	53	23	    int32_t h9 = f[9] + g[9];	+	cjump	O1-ftrapv|O2-ftrapv|O3-ftrapv|Ofast-ftrapv|Os-ftrapv
ristretto255_elligator	crypto_core/ed25519/ref10/ed25519_ref10.c	123	18	    int32_t h5 = -f[5];	-	cjump	O1-ftrapv|O2-ftrapv|O3-ftrapv|Ofast-ftrapv|Os-ftrapv
crypto_sign_ed25519_pk_to_curve25519	crypto_sign/ed25519/ref10/keypair.c	502	33	    int64_t h0 = f0g0 + f1g9_38 + f2g8_19 + f3g7_38 + f4g6_19 + f5g5_38 +	+	cjump	O1-ftrapv|O2-ftrapv|O3-ftrapv|Ofast-ftrapv|Os-ftrapv|Oz-ftrapv
ristretto255_sqrt_ratio_m1	crypto_core/ed25519/ref10/ed25519_ref10.c	83	23	    int32_t h1 = f[1] - g[1];	-	cjump	O1-ftrapv|O2-ftrapv|O3-ftrapv|Ofast-ftrapv
_sodium_ge25519_has_small_order	crypto_core/ed25519/ref10/ed25519_ref10.c	83	23	    int32_t h1 = f[1] - g[1];	-	cjump	O1-ftrapv|O2-ftrapv|O3-ftrapv|Ofast-ftrapv
crypto_sign_ed25519_pk_to_curve25519	crypto_sign/ed25519/ref10/keypair.c	48	23	    int32_t h4 = f[4] + g[4];	+	cjump	O1-ftrapv|Oz-ftrapv
crypto_scalarmult_curve25519_ref10	crypto_scalarmult/curve25519/ref10/x25519_ref10.c	48	23	    int32_t h4 = f[4] + g[4];	+	cjump	O1-ftrapv|O2-ftrapv|O3-ftrapv|Ofast-ftrapv|Os-ftrapv
ge25519_add_cached	crypto_core/ed25519/ref10/ed25519_ref10.c	45	23	    int32_t h1 = f[1] + g[1];	+	cjump	O1-ftrapv|O2-ftrapv|O3-ftrapv|Ofast-ftrapv|Os-ftrapv
ristretto255_elligator	crypto_core/ed25519/ref10/ed25519_ref10.c	82	23	    int32_t h0 = f[0] - g[0];	-	cjump	O1-ftrapv|O2-ftrapv|O3-ftrapv|Ofast-ftrapv
crypto_sign_ed25519_pk_to_curve25519	crypto_sign/ed25519/ref10/keypair.c	512	44	    int64_t h5 = f0g5 + f1g4 + f2g3 + f3g2 + f4g1 + f5g0 + f6g9_19 + f7g8_19 +	+	cjump	O1-ftrapv
crypto_sign_ed25519_pk_to_curve25519	crypto_sign/ed25519/ref10/keypair.c	398	23	    int32_t f7_2  = 2 * f7;	*	cjump	O1-ftrapv|O2-ftrapv|O3-ftrapv|Ofast-ftrapv|Os-ftrapv|Oz-ftrapv
crypto_sign_ed25519_pk_to_curve25519	crypto_sign/ed25519/ref10/keypair.c	555	18	    carry5 = (h5 + (int64_t)(1L << 24)) >> 25;	+	cjump	O1-ftrapv|O2-ftrapv|O3-ftrapv|Ofast-ftrapv|Os-ftrapv|Oz-ftrapv
_sodium_ge25519_has_small_order	crypto_core/ed25519/ref10/ed25519_ref10.c	124	18	    int32_t h6 = -f[6];	-	cjump	O1-ftrapv|O2-ftrapv|O3-ftrapv|Ofast-ftrapv|Os-ftrapv
crypto_sign_ed25519_pk_to_curve25519	crypto_sign/ed25519/ref10/keypair.c	394	24	    int32_t g9_19 = 19 * g9;	*	cjump	O1-ftrapv|O2-ftrapv|O3-ftrapv|Ofast-ftrapv|Os-ftrapv|Oz-ftrapv
_sodium_ge25519_double_scalarmult_vartime	crypto_core/ed25519/ref10/ed25519_ref10.c	51	23	    int32_t h7 = f[7] + g[7];	+	cjump	O1-ftrapv|O2-ftrapv|O3-ftrapv|Ofast-ftrapv|Os-ftrapv
ge25519_add_cached	crypto_core/ed25519/ref10/ed25519_ref10.c	51	23	    int32_t h7 = f[7] + g[7];	+	cjump	O1-ftrapv|O2-ftrapv|O3-ftrapv|Ofast-ftrapv|Os-ftrapv
crypto_sign_ed25519_pk_to_curve25519	crypto_sign/ed25519/ref10/keypair.c	508	54	    int64_t h3 = f0g3 + f1g2 + f2g1 + f3g0 + f4g9_19 + f5g8_19 + f6g7_19 +	+	cjump	O1-ftrapv|O2-ftrapv|O3-ftrapv|Ofast-ftrapv|Os-ftrapv|Oz-ftrapv
_sodium_ge25519_double_scalarmult_vartime	crypto_core/ed25519/ref10/ed25519_ref10.c	50	23	    int32_t h6 = f[6] + g[6];	+	cjump	O1-ftrapv|O2-ftrapv|O3-ftrapv|Ofast-ftrapv|Os-ftrapv
_sodium_ge25519_p3_sub	crypto_core/ed25519/ref10/ed25519_ref10.c	124	18	    int32_t h6 = -f[6];	-	cjump	O1-ftrapv|O2-ftrapv|O3-ftrapv|Ofast-ftrapv|Os-ftrapv
ge25519_elligator2	crypto_core/ed25519/ref10/ed25519_ref10.c	87	23	    int32_t h5 = f[5] - g[5];	-	cjump	O1-ftrapv|O2-ftrapv|O3-ftrapv|Ofast-ftrapv
ge25519_elligator2	crypto_core/ed25519/ref10/ed25519_ref10.c	83	23	    int32_t h1 = f[1] - g[1];	-	cjump	O1-ftrapv|O2-ftrapv|O3-ftrapv|Ofast-ftrapv
_sodium_ge25519_from_hash	crypto_core/ed25519/ref10/ed25519_ref10.c	120	18	    int32_t h2 = -f[2];	-	cjump	O1-ftrapv|O2-ftrapv|O3-ftrapv|Ofast-ftrapv|Os-ftrapv
_sodium_ristretto255_frombytes	crypto_core/ed25519/ref10/ed25519_ref10.c	84	23	    int32_t h2 = f[2] - g[2];	-	cjump	O1-ftrapv|O2-ftrapv|O3-ftrapv|Ofast-ftrapv
crypto_scalarmult_curve25519_ref10_base	crypto_scalarmult/curve25519/ref10/x25519_ref10.c	53	23	    int32_t h9 = f[9] + g[9];	+	cjump	O1-ftrapv|O2-ftrapv|O3-ftrapv|Ofast-ftrapv|Os-ftrapv
ristretto255_elligator	crypto_core/ed25519/ref10/ed25519_ref10.c	83	23	    int32_t h1 = f[1] - g[1];	-	cjump	O1-ftrapv|O2-ftrapv|O3-ftrapv|Ofast-ftrapv
_sodium_ge25519_has_small_order	crypto_core/ed25519/ref10/ed25519_ref10.c	119	18	    int32_t h1 = -f[1];	-	cjump	O1-ftrapv|O2-ftrapv|O3-ftrapv|Ofast-ftrapv|Os-ftrapv
ge25519_p2_dbl	crypto_core/ed25519/ref10/ed25519_ref10.c	53	23	    int32_t h9 = f[9] + g[9];	+	cjump	O1-ftrapv|O2-ftrapv|O3-ftrapv|Ofast-ftrapv|Os-ftrapv
ge25519_elligator2	crypto_core/ed25519/ref10/ed25519_ref10.c	123	18	    int32_t h5 = -f[5];	-	cjump	O1-ftrapv|O2-ftrapv|O3-ftrapv|Ofast-ftrapv|Os-ftrapv
_sodium_ge25519_frombytes_negate_vartime	crypto_core/ed25519/ref10/ed25519_ref10.c	50	23	    int32_t h6 = f[6] + g[6];	+	cjump	O1-ftrapv|O2-ftrapv|O3-ftrapv|Ofast-ftrapv|Os-ftrapv
crypto_sign_ed25519_pk_to_curve25519	crypto_sign/ed25519/ref10/keypair.c	578	8	    h8 += carry7;	+	cjump	O1-ftrapv|O2-ftrapv|O3-ftrapv|Ofast-ftrapv|Os-ftrapv|Oz-ftrapv
crypto_sign_ed25519_pk_to_curve25519	crypto_sign/ed25519/ref10/keypair.c	516	44	    int64_t h7 = f0g7 + f1g6 + f2g5 + f3g4 + f4g3 + f5g2 + f6g1 + f7g0 +	+	cjump	O1-ftrapv
crypto_scalarmult_curve25519_ref10_base	crypto_scalarmult/curve25519/ref10/x25519_ref10.c	91	23	    int32_t h9 = f[9] - g[9];	-	cjump	O1-ftrapv|O2-ftrapv|O3-ftrapv|Ofast-ftrapv
_sodium_ge25519_from_uniform	crypto_core/ed25519/ref10/ed25519_ref10.c	125	18	    int32_t h7 = -f[7];	-	cjump	O1-ftrapv|O2-ftrapv|O3-ftrapv|Ofast-ftrapv|Os-ftrapv
_sodium_ge25519_double_scalarmult_vartime	crypto_core/ed25519/ref10/ed25519_ref10.c	82	23	    int32_t h0 = f[0] - g[0];	-	cjump	O1-ftrapv|O2-ftrapv|O3-ftrapv|Ofast-ftrapv
_sodium_ge25519_is_on_curve	crypto_core/ed25519/ref10/ed25519_ref10.c	46	23	    int32_t h2 = f[2] + g[2];	+	cjump	O1-ftrapv|O2-ftrapv|O3-ftrapv|Ofast-ftrapv|Os-ftrapv
crypto_sign_ed25519_pk_to_curve25519	crypto_sign/ed25519/ref10/keypair.c	518	39	    int64_t h8 = f0g8 + f1g7_2 + f2g6 + f3g5_2 + f4g4 + f5g3_2 + f6g2 + f7g1_2 +	+	cjump	O1-ftrapv
ristretto255_sqrt_ratio_m1	crypto_core/ed25519/ref10/ed25519_ref10.c	123	18	    int32_t h5 = -f[5];	-	cjump	O1-ftrapv|O2-ftrapv|Os-ftrapv
_sodium_ge25519_double_scalarmult_vartime	crypto_core/ed25519/ref10/ed25519_ref10.c	88	23	    int32_t h6 = f[6] - g[6];	-	cjump	O1-ftrapv|O2-ftrapv|O3-ftrapv|Ofast-ftrapv
crypto_sign_ed25519_pk_to_curve25519	crypto_sign/ed25519/ref10/keypair.c	602	18	    carry0 = (h0 + (int64_t)(1L << 25)) >> 26;	+	cjump	O1-ftrapv|O2-ftrapv|O3-ftrapv|Ofast-ftrapv|Os-ftrapv|Oz-ftrapv
ristretto255_sqrt_ratio_m1	crypto_core/ed25519/ref10/ed25519_ref10.c	121	18	    int32_t h3 = -f[3];	-	cjump	O1-ftrapv|O2-ftrapv|Os-ftrapv
ge25519_p3_to_cached	crypto_core/ed25519/ref10/ed25519_ref10.c	50	23	    int32_t h6 = f[6] + g[6];	+	cjump	O1-ftrapv|O2-ftrapv|O3-ftrapv|Ofast-ftrapv|Os-ftrapv
_sodium_ge25519_has_small_order	crypto_core/ed25519/ref10/ed25519_ref10.c	121	18	    int32_t h3 = -f[3];	-	cjump	O1-ftrapv|O2-ftrapv|O3-ftrapv|Ofast-ftrapv|Os-ftrapv
ristretto255_sqrt_ratio_m1	crypto_core/ed25519/ref10/ed25519_ref10.c	44	23	    int32_t h0 = f[0] + g[0];	+	cjump	O1-ftrapv|O2-ftrapv|O3-ftrapv|Ofast-ftrapv|Os-ftrapv
crypto_sign_ed25519_pk_to_curve25519	crypto_sign/ed25519/ref10/keypair.c	392	24	    int32_t g7_19 = 19 * g7;	*	cjump	O1-ftrapv|O2-ftrapv|O3-ftrapv|Ofast-ftrapv|Os-ftrapv|Oz-ftrapv
_sodium_ge25519_double_scalarmult_vartime	crypto_core/ed25519/ref10/ed25519_ref10.c	47	23	    int32_t h3 = f[3] + g[3];	+	cjump	O1-ftrapv|O2-ftrapv|O3-ftrapv|Ofast-ftrapv|Os-ftrapv
_sodium_ge25519_double_scalarmult_vartime	crypto_core/ed25519/ref10/ed25519_ref10.c	85	23	    int32_t h3 = f[3] - g[3];	-	cjump	O1-ftrapv|O2-ftrapv|O3-ftrapv|Ofast-ftrapv
crypto_scalarmult_curve25519_ref10	crypto_scalarmult/curve25519/ref10/x25519_ref10.c	52	23	    int32_t h8 = f[8] + g[8];	+	cjump	O1-ftrapv|O2-ftrapv|O3-ftrapv|Ofast-ftrapv|Os-ftrapv
_sodium_ristretto255_p3_tobytes	crypto_core/ed25519/ref10/ed25519_ref10.c	44	23	    int32_t h0 = f[0] + g[0];	+	cjump	O1-ftrapv|O2-ftrapv|O3-ftrapv|Ofast-ftrapv|Os-ftrapv
_sodium_ge25519_frombytes	crypto_core/ed25519/ref10/ed25519_ref10.c	85	23	    int32_t h3 = f[3] - g[3];	-	cjump	O1-ftrapv|O2-ftrapv|O3-ftrapv|Ofast-ftrapv
_sodium_ristretto255_frombytes	crypto_core/ed25519/ref10/ed25519_ref10.c	121	18	    int32_t h3 = -f[3];	-	cjump	O1-ftrapv|O2-ftrapv|O3-ftrapv|Ofast-ftrapv|Os-ftrapv
crypto_sign_ed25519_pk_to_curve25519	crypto_sign/ed25519/ref10/keypair.c	586	8	    h5 += carry4;	+	cjump	O1-ftrapv|O2-ftrapv|O3-ftrapv|Ofast-ftrapv|Os-ftrapv|Oz-ftrapv
ge25519_elligator2	crypto_core/ed25519/ref10/ed25519_ref10.c	118	18	    int32_t h0 = -f[0];	-	cjump	O1-ftrapv|O2-ftrapv|O3-ftrapv|Ofast-ftrapv|Os-ftrapv
crypto_sign_ed25519_pk_to_curve25519	crypto_sign/ed25519/ref10/keypair.c	502	43	    int64_t h0 = f0g0 + f1g9_38 + f2g8_19 + f3g7_38 + f4g6_19 + f5g5_38 +	+	cjump	O1-ftrapv|O2-ftrapv|O3-ftrapv|Ofast-ftrapv|Os-ftrapv|Oz-ftrapv
crypto_sign_ed25519_pk_to_curve25519	crypto_sign/ed25519/ref10/keypair.c	544	18	    carry4 = (h4 + (int64_t)(1L << 25)) >> 26;	+	cjump	O1-ftrapv|O2-ftrapv|O3-ftrapv|Ofast-ftrapv|Os-ftrapv|Oz-ftrapv
_sodium_ge25519_double_scalarmult_vartime	crypto_core/ed25519/ref10/ed25519_ref10.c	52	23	    int32_t h8 = f[8] + g[8];	+	cjump	O1-ftrapv|O2-ftrapv|O3-ftrapv|Ofast-ftrapv|Os-ftrapv
_sodium_ge25519_from_uniform	crypto_core/ed25519/ref10/ed25519_ref10.c	124	18	    int32_t h6 = -f[6];	-	cjump	O1-ftrapv|O2-ftrapv|O3-ftrapv|Ofast-ftrapv|Os-ftrapv
ge25519_mont_to_ed	crypto_core/ed25519/ref10/ed25519_ref10.c	85	23	    int32_t h3 = f[3] - g[3];	-	cjump	O1-ftrapv
ge25519_p3_to_cached	crypto_core/ed25519/ref10/ed25519_ref10.c	44	23	    int32_t h0 = f[0] + g[0];	+	cjump	O1-ftrapv|O2-ftrapv|O3-ftrapv|Ofast-ftrapv|Os-ftrapv
crypto_scalarmult_curve25519_ref10_base	crypto_scalarmult/curve25519/ref10/x25519_ref10.c	52	23	    int32_t h8 = f[8] + g[8];	+	cjump	O1-ftrapv|O2-ftrapv|O3-ftrapv|Ofast-ftrapv|Os-ftrapv
ristretto255_elligator	crypto_core/ed25519/ref10/ed25519_ref10.c	48	23	    int32_t h4 = f[4] + g[4];	+	cjump	O1-ftrapv|O2-ftrapv|O3-ftrapv|Ofast-ftrapv|Os-ftrapv
ge25519_add_cached	crypto_core/ed25519/ref10/ed25519_ref10.c	47	23	    int32_t h3 = f[3] + g[3];	+	cjump	O1-ftrapv|O2-ftrapv|O3-ftrapv|Ofast-ftrapv|Os-ftrapv
ge25519_p2_dbl	crypto_core/ed25519/ref10/ed25519_ref10.c	44	23	    int32_t h0 = f[0] + g[0];	+	cjump	O1-ftrapv|O2-ftrapv|O3-ftrapv|Ofast-ftrapv|Os-ftrapv
_sodium_ge25519_from_uniform	crypto_core/ed25519/ref10/ed25519_ref10.c	127	18	    int32_t h9 = -f[9];	-	cjump	O1-ftrapv|O2-ftrapv|O3-ftrapv|Ofast-ftrapv|Os-ftrapv
crypto_sign_ed25519_pk_to_curve25519	crypto_sign/ed25519/ref10/keypair.c	511	26	                 f7g7_38 + f8g6_19 + f9g5_38;	+	cjump	O1-ftrapv|O2-ftrapv|O3-ftrapv|Ofast-ftrapv|Os-ftrapv|Oz-ftrapv
ristretto255_sqrt_ratio_m1	crypto_core/ed25519/ref10/ed25519_ref10.c	49	23	    int32_t h5 = f[5] + g[5];	+	cjump	O1-ftrapv|O2-ftrapv|O3-ftrapv|Ofast-ftrapv|Os-ftrapv
crypto_scalarmult_curve25519_ref10_base	crypto_scalarmult/curve25519/ref10/x25519_ref10.c	48	23	    int32_t h4 = f[4] + g[4];	+	cjump	O1-ftrapv|O2-ftrapv|O3-ftrapv|Ofast-ftrapv|Os-ftrapv
ge25519_cmov8_base	crypto_core/ed25519/ref10/ed25519_ref10.c	119	18	    int32_t h1 = -f[1];	-	cjump	O1-ftrapv|O2-ftrapv|O3-ftrapv|Ofast-ftrapv|Os-ftrapv
ge25519_cmov8_base	crypto_core/ed25519/ref10/ed25519_ref10.c	127	18	    int32_t h9 = -f[9];	-	cjump	O1-ftrapv|O2-ftrapv|O3-ftrapv|Ofast-ftrapv|Os-ftrapv
_sodium_ge25519_p3_sub	crypto_core/ed25519/ref10/ed25519_ref10.c	119	18	    int32_t h1 = -f[1];	-	cjump	O1-ftrapv|O2-ftrapv|O3-ftrapv|Ofast-ftrapv|Os-ftrapv
_sodium_ge25519_from_uniform	crypto_core/ed25519/ref10/ed25519_ref10.c	120	18	    int32_t h2 = -f[2];	-	cjump	O1-ftrapv|O2-ftrapv|O3-ftrapv|Ofast-ftrapv|Os-ftrapv
crypto_sign_ed25519_pk_to_curve25519	crypto_sign/ed25519/ref10/keypair.c	521	42	        f0g9 + f1g8 + f2g7 + f3g6 + f4g5 + f5g4 + f6g3 + f7g2 + f8g1 + f9g0;	+	cjump	O1-ftrapv
_sodium_ge25519_frombytes_negate_vartime	crypto_core/ed25519/ref10/ed25519_ref10.c	124	18	    int32_t h6 = -f[6];	-	cjump	O1-ftrapv|O2-ftrapv|O3-ftrapv|Ofast-ftrapv|Os-ftrapv
_sodium_ge25519_frombytes	crypto_core/ed25519/ref10/ed25519_ref10.c	119	18	    int32_t h1 = -f[1];	-	cjump	O1-ftrapv|O2-ftrapv|O3-ftrapv|Ofast-ftrapv|Os-ftrapv
ge25519_elligator2	crypto_core/ed25519/ref10/ed25519_ref10.c	49	23	    int32_t h5 = f[5] + g[5];	+	cjump	O1-ftrapv|O2-ftrapv|O3-ftrapv|Ofast-ftrapv|Os-ftrapv
ge25519_elligator2	crypto_core/ed25519/ref10/ed25519_ref10.c	127	18	    int32_t h9 = -f[9];	-	cjump	O1-ftrapv|O2-ftrapv|O3-ftrapv|Ofast-ftrapv|Os-ftrapv
ge25519_elligator2	crypto_core/ed25519/ref10/ed25519_ref10.c	125	18	    int32_t h7 = -f[7];	-	cjump	O1-ftrapv|O2-ftrapv|O3-ftrapv|Ofast-ftrapv|Os-ftrapv
ge25519_elligator2	crypto_core/ed25519/ref10/ed25519_ref10.c	46	23	    int32_t h2 = f[2] + g[2];	+	cjump	O1-ftrapv|O2-ftrapv|O3-ftrapv|Ofast-ftrapv|Os-ftrapv
_sodium_ge25519_is_on_curve	crypto_core/ed25519/ref10/ed25519_ref10.c	44	23	    int32_t h0 = f[0] + g[0];	+	cjump	O1-ftrapv|O2-ftrapv|O3-ftrapv|Ofast-ftrapv|Os-ftrapv
ristretto255_sqrt_ratio_m1	crypto_core/ed25519/ref10/ed25519_ref10.c	126	18	    int32_t h8 = -f[8];	-	cjump	O1-ftrapv|O2-ftrapv|Os-ftrapv
ge25519_p3_to_cached	crypto_core/ed25519/ref10/ed25519_ref10.c	53	23	    int32_t h9 = f[9] + g[9];	+	cjump	O1-ftrapv|O2-ftrapv|O3-ftrapv|Ofast-ftrapv|Os-ftrapv
crypto_sign_ed25519_pk_to_curve25519	crypto_sign/ed25519/ref10/keypair.c	603	8	    h1 += carry0;	+	cjump	O1-ftrapv|O2-ftrapv|O3-ftrapv|Ofast-ftrapv|Os-ftrapv|Oz-ftrapv
ristretto255_elligator	crypto_core/ed25519/ref10/ed25519_ref10.c	122	18	    int32_t h4 = -f[4];	-	cjump	O1-ftrapv|O2-ftrapv|O3-ftrapv|Ofast-ftrapv|Os-ftrapv
crypto_scalarmult_curve25519_ref10_base	crypto_scalarmult/curve25519/ref10/x25519_ref10.c	90	23	    int32_t h8 = f[8] - g[8];	-	cjump	O1-ftrapv|O2-ftrapv|O3-ftrapv|Ofast-ftrapv
crypto_sign_ed25519_pk_to_curve25519	crypto_sign/ed25519/ref10/keypair.c	49	23	    int32_t h5 = f[5] + g[5];	+	cjump	O1-ftrapv|Oz-ftrapv
crypto_sign_ed25519_pk_to_curve25519	crypto_sign/ed25519/ref10/keypair.c	386	24	    int32_t g1_19 = 19 * g1; /* 1.959375*2^29 */	*	cjump	O1-ftrapv|O2-ftrapv|O3-ftrapv|Ofast-ftrapv|Os-ftrapv|Oz-ftrapv
_sodium_ristretto255_p3_tobytes	crypto_core/ed25519/ref10/ed25519_ref10.c	83	23	    int32_t h1 = f[1] - g[1];	-	cjump	O1-ftrapv|O2-ftrapv|O3-ftrapv|Ofast-ftrapv
_sodium_ristretto255_p3_tobytes	crypto_core/ed25519/ref10/ed25519_ref10.c	84	23	    int32_t h2 = f[2] - g[2];	-	cjump	O1-ftrapv|O2-ftrapv|O3-ftrapv|Ofast-ftrapv
_sodium_ge25519_has_small_order	crypto_core/ed25519/ref10/ed25519_ref10.c	84	23	    int32_t h2 = f[2] - g[2];	-	cjump	O1-ftrapv|O2-ftrapv|O3-ftrapv|Ofast-ftrapv
ge25519_mont_to_ed	crypto_core/ed25519/ref10/ed25519_ref10.c	47	23	    int32_t h3 = f[3] + g[3];	+	cjump	O1-ftrapv
crypto_scalarmult_curve25519_ref10	crypto_scalarmult/curve25519/ref10/x25519_ref10.c	90	23	    int32_t h8 = f[8] - g[8];	-	cjump	O1-ftrapv|O2-ftrapv|O3-ftrapv|Ofast-ftrapv
crypto_scalarmult_curve25519_ref10	crypto_scalarmult/curve25519/ref10/x25519_ref10.c	89	23	    int32_t h7 = f[7] - g[7];	-	cjump	O1-ftrapv|O2-ftrapv|O3-ftrapv|Ofast-ftrapv
_sodium_ristretto255_p3_tobytes	crypto_core/ed25519/ref10/ed25519_ref10.c	124	18	    int32_t h6 = -f[6];	-	cjump	O1-ftrapv|O2-ftrapv|O3-ftrapv|Ofast-ftrapv|Os-ftrapv
_sodium_ge25519_p3_sub	crypto_core/ed25519/ref10/ed25519_ref10.c	120	18	    int32_t h2 = -f[2];	-	cjump	O1-ftrapv|O2-ftrapv|O3-ftrapv|Ofast-ftrapv|Os-ftrapv
crypto_sign_ed25519_pk_to_curve25519	crypto_sign/ed25519/ref10/keypair.c	44	23	    int32_t h0 = f[0] + g[0];	+	cjump	O1-ftrapv|O2-ftrapv|O3-ftrapv|Ofast-ftrapv|Os-ftrapv|Oz-ftrapv
_sodium_ristretto255_frombytes	crypto_core/ed25519/ref10/ed25519_ref10.c	44	23	    int32_t h0 = f[0] + g[0];	+	cjump	O1-ftrapv|O2-ftrapv|O3-ftrapv|Ofast-ftrapv|Os-ftrapv
crypto_sign_ed25519_pk_to_curve25519	crypto_sign/ed25519/ref10/keypair.c	504	80	    int64_t h1 = f0g1 + f1g0 + f2g9_19 + f3g8_19 + f4g7_19 + f5g6_19 + f6g5_19 +	+	cjump	O1-ftrapv|O2-ftrapv|O3-ftrapv|Ofast-ftrapv|Os-ftrapv|Oz-ftrapv
_sodium_ristretto255_frombytes	crypto_core/ed25519/ref10/ed25519_ref10.c	122	18	    int32_t h4 = -f[4];	-	cjump	O1-ftrapv|O2-ftrapv|O3-ftrapv|Ofast-ftrapv|Os-ftrapv
_sodium_ge25519_frombytes	crypto_core/ed25519/ref10/ed25519_ref10.c	53	23	    int32_t h9 = f[9] + g[9];	+	cjump	O1-ftrapv|O2-ftrapv|O3-ftrapv|Ofast-ftrapv|Os-ftrapv
crypto_sign_ed25519_pk_to_curve25519	crypto_sign/ed25519/ref10/keypair.c	516	37	    int64_t h7 = f0g7 + f1g6 + f2g5 + f3g4 + f4g3 + f5g2 + f6g1 + f7g0 +	+	cjump	O1-ftrapv
ristretto255_elligator	crypto_core/ed25519/ref10/ed25519_ref10.c	47	23	    int32_t h3 = f[3] + g[3];	+	cjump	O1-ftrapv|O2-ftrapv|O3-ftrapv|Ofast-ftrapv|Os-ftrapv
crypto_sign_ed25519_pk_to_curve25519	crypto_sign/ed25519/ref10/keypair.c	52	23	    int32_t h8 = f[8] + g[8];	+	cjump	O1-ftrapv|Oz-ftrapv
ristretto255_elligator	crypto_core/ed25519/ref10/ed25519_ref10.c	127	18	    int32_t h9 = -f[9];	-	cjump	O1-ftrapv|O2-ftrapv|O3-ftrapv|Ofast-ftrapv|Os-ftrapv
ge25519_add_cached	crypto_core/ed25519/ref10/ed25519_ref10.c	44	23	    int32_t h0 = f[0] + g[0];	+	cjump	O1-ftrapv|O2-ftrapv|O3-ftrapv|Ofast-ftrapv|Os-ftrapv
crypto_sign_ed25519_pk_to_curve25519	crypto_sign/ed25519/ref10/keypair.c	515	26	                 f7g9_38 + f8g8_19 + f9g7_38;	+	cjump	O1-ftrapv|O2-ftrapv|O3-ftrapv|Ofast-ftrapv|Os-ftrapv|Oz-ftrapv
ristretto255_elligator	crypto_core/ed25519/ref10/ed25519_ref10.c	125	18	    int32_t h7 = -f[7];	-	cjump	O1-ftrapv|O2-ftrapv|O3-ftrapv|Ofast-ftrapv|Os-ftrapv
_sodium_ge25519_p3_sub	crypto_core/ed25519/ref10/ed25519_ref10.c	121	18	    int32_t h3 = -f[3];	-	cjump	O1-ftrapv|O2-ftrapv|O3-ftrapv|Ofast-ftrapv|Os-ftrapv
_sodium_ge25519_double_scalarmult_vartime	crypto_core/ed25519/ref10/ed25519_ref10.c	48	23	    int32_t h4 = f[4] + g[4];	+	cjump	O1-ftrapv|O2-ftrapv|O3-ftrapv|Ofast-ftrapv|Os-ftrapv
crypto_sign_ed25519_pk_to_curve25519	crypto_sign/ed25519/ref10/keypair.c	47	23	    int32_t h3 = f[3] + g[3];	+	cjump	O1-ftrapv|Oz-ftrapv
ge25519_add_precomp	crypto_core/ed25519/ref10/ed25519_ref10.c	45	23	    int32_t h1 = f[1] + g[1];	+	cjump	O1-ftrapv|O2-ftrapv|O3-ftrapv|Ofast-ftrapv|Os-ftrapv
_sodium_ge25519_is_on_curve	crypto_core/ed25519/ref10/ed25519_ref10.c	45	23	    int32_t h1 = f[1] + g[1];	+	cjump	O1-ftrapv|O2-ftrapv|O3-ftrapv|Ofast-ftrapv|Os-ftrapv
ge25519_p2_dbl	crypto_core/ed25519/ref10/ed25519_ref10.c	85	23	    int32_t h3 = f[3] - g[3];	-	cjump	O1-ftrapv|O2-ftrapv|O3-ftrapv|Ofast-ftrapv
ge25519_mont_to_ed	crypto_core/ed25519/ref10/ed25519_ref10.c	84	23	    int32_t h2 = f[2] - g[2];	-	cjump	O1-ftrapv
crypto_scalarmult_curve25519_ref10	crypto_scalarmult/curve25519/ref10/x25519_ref10.c	47	23	    int32_t h3 = f[3] + g[3];	+	cjump	O1-ftrapv|O2-ftrapv|O3-ftrapv|Ofast-ftrapv|Os-ftrapv
crypto_sign_ed25519_pk_to_curve25519	crypto_sign/ed25519/ref10/keypair.c	574	18	    carry3 = (h3 + (int64_t)(1L << 24)) >> 25;	+	cjump	O1-ftrapv|O2-ftrapv|O3-ftrapv|Ofast-ftrapv|Os-ftrapv|Oz-ftrapv
ge25519_p3_to_cached	crypto_core/ed25519/ref10/ed25519_ref10.c	85	23	    int32_t h3 = f[3] - g[3];	-	cjump	O1-ftrapv|O2-ftrapv|O3-ftrapv|Ofast-ftrapv
_sodium_ristretto255_frombytes	crypto_core/ed25519/ref10/ed25519_ref10.c	120	18	    int32_t h2 = -f[2];	-	cjump	O1-ftrapv|O2-ftrapv|O3-ftrapv|Ofast-ftrapv|Os-ftrapv
_sodium_ge25519_is_on_curve	crypto_core/ed25519/ref10/ed25519_ref10.c	88	23	    int32_t h6 = f[6] - g[6];	-	cjump	O1-ftrapv|O2-ftrapv|O3-ftrapv|Ofast-ftrapv
_sodium_ge25519_frombytes_negate_vartime	crypto_core/ed25519/ref10/ed25519_ref10.c	49	23	    int32_t h5 = f[5] + g[5];	+	cjump	O1-ftrapv|O2-ftrapv|O3-ftrapv|Ofast-ftrapv|Os-ftrapv
crypto_sign_ed25519_pk_to_curve25519	crypto_sign/ed25519/ref10/keypair.c	510	55	    int64_t h4 = f0g4 + f1g3_2 + f2g2 + f3g1_2 + f4g0 + f5g9_38 + f6g8_19 +	+	cjump	O1-ftrapv|O2-ftrapv|O3-ftrapv|Ofast-ftrapv|Os-ftrapv|Oz-ftrapv
_sodium_ge25519_frombytes_negate_vartime	crypto_core/ed25519/ref10/ed25519_ref10.c	90	23	    int32_t h8 = f[8] - g[8];	-	cjump	O1-ftrapv|O2-ftrapv|O3-ftrapv|Ofast-ftrapv
crypto_sign_ed25519_pk_to_curve25519	crypto_sign/ed25519/ref10/keypair.c	509	36	                 f7g6_19 + f8g5_19 + f9g4_19;	+	cjump	O1-ftrapv|O2-ftrapv|O3-ftrapv|Ofast-ftrapv|Os-ftrapv|Oz-ftrapv
ristretto255_sqrt_ratio_m1	crypto_core/ed25519/ref10/ed25519_ref10.c	47	23	    int32_t h3 = f[3] + g[3];	+	cjump	O1-ftrapv|O2-ftrapv|O3-ftrapv|Ofast-ftrapv|Os-ftrapv
_sodium_ge25519_frombytes	crypto_core/ed25519/ref10/ed25519_ref10.c	82	23	    int32_t h0 = f[0] - g[0];	-	cjump	O1-ftrapv|O2-ftrapv|O3-ftrapv|Ofast-ftrapv
crypto_scalarmult_curve25519_ref10	crypto_scalarmult/curve25519/ref10/x25519_ref10.c	45	23	    int32_t h1 = f[1] + g[1];	+	cjump	O1-ftrapv|O2-ftrapv|O3-ftrapv|Ofast-ftrapv|Os-ftrapv
crypto_scalarmult_curve25519_ref10_base	crypto_scalarmult/curve25519/ref10/x25519_ref10.c	49	23	    int32_t h5 = f[5] + g[5];	+	cjump	O1-ftrapv|O2-ftrapv|O3-ftrapv|Ofast-ftrapv|Os-ftrapv
_sodium_ge25519_frombytes	crypto_core/ed25519/ref10/ed25519_ref10.c	49	23	    int32_t h5 = f[5] + g[5];	+	cjump	O1-ftrapv|O2-ftrapv|O3-ftrapv|Ofast-ftrapv|Os-ftrapv
crypto_scalarmult_curve25519_ref10_base	crypto_scalarmult/curve25519/ref10/x25519_ref10.c	45	23	    int32_t h1 = f[1] + g[1];	+	cjump	O1-ftrapv|O2-ftrapv|O3-ftrapv|Ofast-ftrapv|Os-ftrapv
crypto_sign_ed25519_pk_to_curve25519	crypto_sign/ed25519/ref10/keypair.c	508	44	    int64_t h3 = f0g3 + f1g2 + f2g1 + f3g0 + f4g9_19 + f5g8_19 + f6g7_19 +	+	cjump	O1-ftrapv
_sodium_ge25519_from_hash	crypto_core/ed25519/ref10/ed25519_ref10.c	119	18	    int32_t h1 = -f[1];	-	cjump	O1-ftrapv|O2-ftrapv|O3-ftrapv|Ofast-ftrapv|Os-ftrapv
crypto_sign_ed25519_pk_to_curve25519	crypto_sign/ed25519/ref10/keypair.c	512	78	    int64_t h5 = f0g5 + f1g4 + f2g3 + f3g2 + f4g1 + f5g0 + f6g9_19 + f7g8_19 +	+	cjump	O1-ftrapv|O2-ftrapv|O3-ftrapv|Ofast-ftrapv|Os-ftrapv|Oz-ftrapv
_sodium_ge25519_is_on_curve	crypto_core/ed25519/ref10/ed25519_ref10.c	51	23	    int32_t h7 = f[7] + g[7];	+	cjump	O1-ftrapv|O2-ftrapv|O3-ftrapv|Ofast-ftrapv|Os-ftrapv
crypto_sign_ed25519_pk_to_curve25519	crypto_sign/ed25519/ref10/keypair.c	515	36	                 f7g9_38 + f8g8_19 + f9g7_38;	+	cjump	O1-ftrapv|O2-ftrapv|O3-ftrapv|Ofast-ftrapv|Os-ftrapv|Oz-ftrapv
crypto_sign_ed25519_pk_to_curve25519	crypto_sign/ed25519/ref10/keypair.c	504	60	    int64_t h1 = f0g1 + f1g0 + f2g9_19 + f3g8_19 + f4g7_19 + f5g6_19 + f6g5_19 +	+	cjump	O1-ftrapv|O2-ftrapv|O3-ftrapv|Ofast-ftrapv|Os-ftrapv|Oz-ftrapv
_sodium_ge25519_p3_sub	crypto_core/ed25519/ref10/ed25519_ref10.c	127	18	    int32_t h9 = -f[9];	-	cjump	O1-ftrapv|O2-ftrapv|O3-ftrapv|Ofast-ftrapv|Os-ftrapv
crypto_sign_ed25519_pk_to_curve25519	crypto_sign/ed25519/ref10/keypair.c	510	48	    int64_t h4 = f0g4 + f1g3_2 + f2g2 + f3g1_2 + f4g0 + f5g9_38 + f6g8_19 +	+	cjump	O1-ftrapv
crypto_sign_ed25519_pk_to_curve25519	crypto_sign/ed25519/ref10/keypair.c	514	23	    int64_t h6 = f0g6 + f1g5_2 + f2g4 + f3g3_2 + f4g2 + f5g1_2 + f6g0 +	+	cjump	O1-ftrapv
crypto_sign_ed25519_pk_to_curve25519	crypto_sign/ed25519/ref10/keypair.c	516	58	    int64_t h7 = f0g7 + f1g6 + f2g5 + f3g4 + f4g3 + f5g2 + f6g1 + f7g0 +	+	cjump	O1-ftrapv
_sodium_ristretto255_frombytes	crypto_core/ed25519/ref10/ed25519_ref10.c	45	23	    int32_t h1 = f[1] + g[1];	+	cjump	O1-ftrapv|O2-ftrapv|O3-ftrapv|Ofast-ftrapv|Os-ftrapv
_sodium_ge25519_frombytes	crypto_core/ed25519/ref10/ed25519_ref10.c	46	23	    int32_t h2 = f[2] + g[2];	+	cjump	O1-ftrapv|O2-ftrapv|O3-ftrapv|Ofast-ftrapv|Os-ftrapv
crypto_scalarmult_curve25519_ref10	crypto_scalarmult/curve25519/ref10/x25519_ref10.c	49	23	    int32_t h5 = f[5] + g[5];	+	cjump	O1-ftrapv|O2-ftrapv|O3-ftrapv|Ofast-ftrapv|Os-ftrapv
ge25519_p3_to_cached	crypto_core/ed25519/ref10/ed25519_ref10.c	48	23	    int32_t h4 = f[4] + g[4];	+	cjump	O1-ftrapv|O2-ftrapv|O3-ftrapv|Ofast-ftrapv|Os-ftrapv
crypto_sign_ed25519_pk_to_curve25519	crypto_sign/ed25519/ref10/keypair.c	518	32	    int64_t h8 = f0g8 + f1g7_2 + f2g6 + f3g5_2 + f4g4 + f5g3_2 + f6g2 + f7g1_2 +	+	cjump	O1-ftrapv
crypto_sign_ed25519_pk_to_curve25519	crypto_sign/ed25519/ref10/keypair.c	512	51	    int64_t h5 = f0g5 + f1g4 + f2g3 + f3g2 + f4g1 + f5g0 + f6g9_19 + f7g8_19 +	+	cjump	O1-ftrapv
_sodium_ge25519_has_small_order	crypto_core/ed25519/ref10/ed25519_ref10.c	88	23	    int32_t h6 = f[6] - g[6];	-	cjump	O1-ftrapv|O2-ftrapv|O3-ftrapv|Ofast-ftrapv
_sodium_ge25519_frombytes	crypto_core/ed25519/ref10/ed25519_ref10.c	90	23	    int32_t h8 = f[8] - g[8];	-	cjump	O1-ftrapv|O2-ftrapv|O3-ftrapv|Ofast-ftrapv
crypto_sign_ed25519_pk_to_curve25519	crypto_sign/ed25519/ref10/keypair.c	521	70	        f0g9 + f1g8 + f2g7 + f3g6 + f4g5 + f5g4 + f6g3 + f7g2 + f8g1 + f9g0;	+	cjump	O1-ftrapv
crypto_sign_ed25519_pk_to_curve25519	crypto_sign/ed25519/ref10/keypair.c	516	30	    int64_t h7 = f0g7 + f1g6 + f2g5 + f3g4 + f4g3 + f5g2 + f6g1 + f7g0 +	+	cjump	O1-ftrapv
_sodium_ge25519_from_uniform	crypto_core/ed25519/ref10/ed25519_ref10.c	118	18	    int32_t h0 = -f[0];	-	cjump	O1-ftrapv|O2-ftrapv|O3-ftrapv|Ofast-ftrapv|Os-ftrapv
crypto_sign_ed25519_pk_to_curve25519	crypto_sign/ed25519/ref10/keypair.c	577	18	    carry7 = (h7 + (int64_t)(1L << 24)) >> 25;	+	cjump	O1-ftrapv|O2-ftrapv|O3-ftrapv|Ofast-ftrapv|Os-ftrapv|Oz-ftrapv
crypto_sign_ed25519_pk_to_curve25519	crypto_sign/ed25519/ref10/keypair.c	504	40	    int64_t h1 = f0g1 + f1g0 + f2g9_19 + f3g8_19 + f4g7_19 + f5g6_19 + f6g5_19 +	+	cjump	O1-ftrapv|O2-ftrapv|O3-ftrapv|Ofast-ftrapv|Os-ftrapv|Oz-ftrapv
ge25519_mont_to_ed	crypto_core/ed25519/ref10/ed25519_ref10.c	89	23	    int32_t h7 = f[7] - g[7];	-	cjump	O1-ftrapv
_sodium_ge25519_frombytes	crypto_core/ed25519/ref10/ed25519_ref10.c	125	18	    int32_t h7 = -f[7];	-	cjump	O1-ftrapv|O2-ftrapv|O3-ftrapv|Ofast-ftrapv|Os-ftrapv
_sodium_ge25519_double_scalarmult_vartime	crypto_core/ed25519/ref10/ed25519_ref10.c	83	23	    int32_t h1 = f[1] - g[1];	-	cjump	O1-ftrapv|O2-ftrapv|O3-ftrapv|Ofast-ftrapv
_sodium_ristretto255_p3_tobytes	crypto_core/ed25519/ref10/ed25519_ref10.c	53	23	    int32_t h9 = f[9] + g[9];	+	cjump	O1-ftrapv|O2-ftrapv|O3-ftrapv|Ofast-ftrapv|Os-ftrapv
crypto_sign_ed25519_pk_to_curve25519	crypto_sign/ed25519/ref10/keypair.c	90	23	    int32_t h8 = f[8] - g[8];	-	cjump	O1-ftrapv|O2-ftrapv|O3-ftrapv|Ofast-ftrapv|Os-ftrapv|Oz-ftrapv
crypto_sign_ed25519_pk_to_curve25519	crypto_sign/ed25519/ref10/keypair.c	502	63	    int64_t h0 = f0g0 + f1g9_38 + f2g8_19 + f3g7_38 + f4g6_19 + f5g5_38 +	+	cjump	O1-ftrapv|O2-ftrapv|O3-ftrapv|Ofast-ftrapv|Os-ftrapv|Oz-ftrapv
crypto_sign_ed25519_pk_to_curve25519	crypto_sign/ed25519/ref10/keypair.c	395	23	    int32_t f1_2  = 2 * f1;	*	cjump	O1-ftrapv|O2-ftrapv|O3-ftrapv|Ofast-ftrapv|Os-ftrapv|Oz-ftrapv
_sodium_ge25519_frombytes	crypto_core/ed25519/ref10/ed25519_ref10.c	51	23	    int32_t h7 = f[7] + g[7];	+	cjump	O1-ftrapv|O2-ftrapv|O3-ftrapv|Ofast-ftrapv|Os-ftrapv
ge25519_add_cached	crypto_core/ed25519/ref10/ed25519_ref10.c	46	23	    int32_t h2 = f[2] + g[2];	+	cjump	O1-ftrapv|O2-ftrapv|O3-ftrapv|Ofast-ftrapv|Os-ftrapv
_sodium_ristretto255_frombytes	crypto_core/ed25519/ref10/ed25519_ref10.c	125	18	    int32_t h7 = -f[7];	-	cjump	O1-ftrapv|O2-ftrapv|O3-ftrapv|Ofast-ftrapv|Os-ftrapv
ge25519_add_precomp	crypto_core/ed25519/ref10/ed25519_ref10.c	51	23	    int32_t h7 = f[7] + g[7];	+	cjump	O1-ftrapv|O2-ftrapv|O3-ftrapv|Ofast-ftrapv|Os-ftrapv
crypto_sign_ed25519_pk_to_curve25519	crypto_sign/ed25519/ref10/keypair.c	88	23	    int32_t h6 = f[6] - g[6];	-	cjump	O1-ftrapv|O2-ftrapv|O3-ftrapv|Ofast-ftrapv|Os-ftrapv|Oz-ftrapv
_sodium_ristretto255_p3_tobytes	crypto_core/ed25519/ref10/ed25519_ref10.c	87	23	    int32_t h5 = f[5] - g[5];	-	cjump	O1-ftrapv|O2-ftrapv|O3-ftrapv|Ofast-ftrapv
ge25519_add_cached	crypto_core/ed25519/ref10/ed25519_ref10.c	87	23	    int32_t h5 = f[5] - g[5];	-	cjump	O1-ftrapv|O2-ftrapv|O3-ftrapv|Ofast-ftrapv
ristretto255_elligator	crypto_core/ed25519/ref10/ed25519_ref10.c	120	18	    int32_t h2 = -f[2];	-	cjump	O1-ftrapv|O2-ftrapv|O3-ftrapv|Ofast-ftrapv|Os-ftrapv
crypto_scalarmult_curve25519_ref10_base	crypto_scalarmult/curve25519/ref10/x25519_ref10.c	51	23	    int32_t h7 = f[7] + g[7];	+	cjump	O1-ftrapv|O2-ftrapv|O3-ftrapv|Ofast-ftrapv|Os-ftrapv
ge25519_cmov8_base	crypto_core/ed25519/ref10/ed25519_ref10.c	120	18	    int32_t h2 = -f[2];	-	cjump	O1-ftrapv|O2-ftrapv|O3-ftrapv|Ofast-ftrapv|Os-ftrapv
crypto_sign_ed25519_pk_to_curve25519	crypto_sign/ed25519/ref10/keypair.c	508	37	    int64_t h3 = f0g3 + f1g2 + f2g1 + f3g0 + f4g9_19 + f5g8_19 + f6g7_19 +	+	cjump	O1-ftrapv
_sodium_ristretto255_p3_tobytes	crypto_core/ed25519/ref10/ed25519_ref10.c	90	23	    int32_t h8 = f[8] - g[8];	-	cjump	O1-ftrapv|O2-ftrapv|O3-ftrapv|Ofast-ftrapv
crypto_sign_ed25519_pk_to_curve25519	crypto_sign/ed25519/ref10/keypair.c	521	21	        f0g9 + f1g8 + f2g7 + f3g6 + f4g5 + f5g4 + f6g3 + f7g2 + f8g1 + f9g0;	+	cjump	O1-ftrapv
_sodium_ge25519_p3_sub	crypto_core/ed25519/ref10/ed25519_ref10.c	122	18	    int32_t h4 = -f[4];	-	cjump	O1-ftrapv|O2-ftrapv|O3-ftrapv|Ofast-ftrapv|Os-ftrapv
_sodium_ristretto255_p3_tobytes	crypto_core/ed25519/ref10/ed25519_ref10.c	45	23	    int32_t h1 = f[1] + g[1];	+	cjump	O1-ftrapv|O2-ftrapv|O3-ftrapv|Ofast-ftrapv|Os-ftrapv
ge25519_add_cached	crypto_core/ed25519/ref10/ed25519_ref10.c	88	23	    int32_t h6 = f[6] - g[6];	-	cjump	O1-ftrapv|O2-ftrapv|O3-ftrapv|Ofast-ftrapv
_sodium_ge25519_from_uniform	crypto_core/ed25519/ref10/ed25519_ref10.c	122	18	    int32_t h4 = -f[4];	-	cjump	O1-ftrapv|O2-ftrapv|O3-ftrapv|Ofast-ftrapv|Os-ftrapv
crypto_sign_ed25519_pk_to_curve25519	crypto_sign/ed25519/ref10/keypair.c	50	23	    int32_t h6 = f[6] + g[6];	+	cjump	O1-ftrapv|Oz-ftrapv
ge25519_mont_to_ed	crypto_core/ed25519/ref10/ed25519_ref10.c	44	23	    int32_t h0 = f[0] + g[0];	+	cjump	O1-ftrapv|O2-ftrapv|O3-ftrapv|Ofast-ftrapv|Os-ftrapv
ge25519_cmov8_base	crypto_core/ed25519/ref10/ed25519_ref10.c	124	18	    int32_t h6 = -f[6];	-	cjump	O1-ftrapv|O2-ftrapv|O3-ftrapv|Ofast-ftrapv|Os-ftrapv
_sodium_ge25519_is_on_curve	crypto_core/ed25519/ref10/ed25519_ref10.c	87	23	    int32_t h5 = f[5] - g[5];	-	cjump	O1-ftrapv|O2-ftrapv|O3-ftrapv|Ofast-ftrapv
ristretto255_elligator	crypto_core/ed25519/ref10/ed25519_ref10.c	121	18	    int32_t h3 = -f[3];	-	cjump	O1-ftrapv|O2-ftrapv|O3-ftrapv|Ofast-ftrapv|Os-ftrapv
ge25519_p3_to_cached	crypto_core/ed25519/ref10/ed25519_ref10.c	52	23	    int32_t h8 = f[8] + g[8];	+	cjump	O1-ftrapv|O2-ftrapv|O3-ftrapv|Ofast-ftrapv|Os-ftrapv
ge25519_p2_dbl	crypto_core/ed25519/ref10/ed25519_ref10.c	50	23	    int32_t h6 = f[6] + g[6];	+	cjump	O1-ftrapv|O2-ftrapv|O3-ftrapv|Ofast-ftrapv|Os-ftrapv
ge25519_add_cached	crypto_core/ed25519/ref10/ed25519_ref10.c	49	23	    int32_t h5 = f[5] + g[5];	+	cjump	O1-ftrapv|O2-ftrapv|O3-ftrapv|Ofast-ftrapv|Os-ftrapv
_sodium_ge25519_is_on_curve	crypto_core/ed25519/ref10/ed25519_ref10.c	82	23	    int32_t h0 = f[0] - g[0];	-	cjump	O1-ftrapv|O2-ftrapv|O3-ftrapv|Ofast-ftrapv
_sodium_ge25519_from_uniform	crypto_core/ed25519/ref10/ed25519_ref10.c	119	18	    int32_t h1 = -f[1];	-	cjump	O1-ftrapv|O2-ftrapv|O3-ftrapv|Ofast-ftrapv|Os-ftrapv
ristretto255_sqrt_ratio_m1	crypto_core/ed25519/ref10/ed25519_ref10.c	119	18	    int32_t h1 = -f[1];	-	cjump	O1-ftrapv|O2-ftrapv|Os-ftrapv
crypto_sign_ed25519_pk_to_curve25519	crypto_sign/ed25519/ref10/keypair.c	83	23	    int32_t h1 = f[1] - g[1];	-	cjump	O1-ftrapv|O2-ftrapv|O3-ftrapv|Ofast-ftrapv|Os-ftrapv|Oz-ftrapv
ge25519_p2_dbl	crypto_core/ed25519/ref10/ed25519_ref10.c	88	23	    int32_t h6 = f[6] - g[6];	-	cjump	O1-ftrapv|O2-ftrapv|O3-ftrapv|Ofast-ftrapv
_sodium_ge25519_frombytes	crypto_core/ed25519/ref10/ed25519_ref10.c	48	23	    int32_t h4 = f[4] + g[4];	+	cjump	O1-ftrapv|O2-ftrapv|O3-ftrapv|Ofast-ftrapv|Os-ftrapv
_sodium_ge25519_is_on_curve	crypto_core/ed25519/ref10/ed25519_ref10.c	47	23	    int32_t h3 = f[3] + g[3];	+	cjump	O1-ftrapv|O2-ftrapv|O3-ftrapv|Ofast-ftrapv|Os-ftrapv
ge25519_p2_dbl	crypto_core/ed25519/ref10/ed25519_ref10.c	89	23	    int32_t h7 = f[7] - g[7];	-	cjump	O1-ftrapv|O2-ftrapv|O3-ftrapv|Ofast-ftrapv
ge25519_p2_dbl	crypto_core/ed25519/ref10/ed25519_ref10.c	82	23	    int32_t h0 = f[0] - g[0];	-	cjump	O1-ftrapv|O2-ftrapv|O3-ftrapv|Ofast-ftrapv
ge25519_cmov8_base	crypto_core/ed25519/ref10/ed25519_ref10.c	123	18	    int32_t h5 = -f[5];	-	cjump	O1-ftrapv|O2-ftrapv|O3-ftrapv|Ofast-ftrapv|Os-ftrapv
crypto_sign_ed25519_pk_to_curve25519	crypto_sign/ed25519/ref10/keypair.c	89	23	    int32_t h7 = f[7] - g[7];	-	cjump	O1-ftrapv|O2-ftrapv|O3-ftrapv|Ofast-ftrapv|Os-ftrapv|Oz-ftrapv
ristretto255_sqrt_ratio_m1	crypto_core/ed25519/ref10/ed25519_ref10.c	90	23	    int32_t h8 = f[8] - g[8];	-	cjump	O1-ftrapv|O2-ftrapv|O3-ftrapv|Ofast-ftrapv
ge25519_p3_to_cached	crypto_core/ed25519/ref10/ed25519_ref10.c	83	23	    int32_t h1 = f[1] - g[1];	-	cjump	O1-ftrapv|O2-ftrapv|O3-ftrapv|Ofast-ftrapv
_sodium_ge25519_frombytes_negate_vartime	crypto_core/ed25519/ref10/ed25519_ref10.c	51	23	    int32_t h7 = f[7] + g[7];	+	cjump	O1-ftrapv|O2-ftrapv|O3-ftrapv|Ofast-ftrapv|Os-ftrapv
_sodium_ristretto255_frombytes	crypto_core/ed25519/ref10/ed25519_ref10.c	127	18	    int32_t h9 = -f[9];	-	cjump	O1-ftrapv|O2-ftrapv|O3-ftrapv|Ofast-ftrapv|Os-ftrapv
crypto_sign_ed25519_pk_to_curve25519	crypto_sign/ed25519/ref10/keypair.c	86	23	    int32_t h4 = f[4] - g[4];	-	cjump	O1-ftrapv|O2-ftrapv|O3-ftrapv|Ofast-ftrapv|Os-ftrapv|Oz-ftrapv
crypto_sign_ed25519_pk_to_curve25519	crypto_sign/ed25519/ref10/keypair.c	516	72	    int64_t h7 = f0g7 + f1g6 + f2g5 + f3g4 + f4g3 + f5g2 + f6g1 + f7g0 +	+	cjump	O1-ftrapv
_sodium_ge25519_frombytes	crypto_core/ed25519/ref10/ed25519_ref10.c	89	23	    int32_t h7 = f[7] - g[7];	-	cjump	O1-ftrapv|O2-ftrapv|O3-ftrapv|Ofast-ftrapv
_sodium_ristretto255_frombytes	crypto_core/ed25519/ref10/ed25519_ref10.c	48	23	    int32_t h4 = f[4] + g[4];	+	cjump	O1-ftrapv|O2-ftrapv|O3-ftrapv|Ofast-ftrapv|Os-ftrapv
_sodium_ristretto255_p3_tobytes	crypto_core/ed25519/ref10/ed25519_ref10.c	119	18	    int32_t h1 = -f[1];	-	cjump	O1-ftrapv|O2-ftrapv|O3-ftrapv|Ofast-ftrapv|Os-ftrapv
_sodium_ge25519_is_on_curve	crypto_core/ed25519/ref10/ed25519_ref10.c	89	23	    int32_t h7 = f[7] - g[7];	-	cjump	O1-ftrapv|O2-ftrapv|O3-ftrapv|Ofast-ftrapv
ge25519_elligator2	crypto_core/ed25519/ref10/ed25519_ref10.c	126	18	    int32_t h8 = -f[8];	-	cjump	O1-ftrapv|O2-ftrapv|O3-ftrapv|Ofast-ftrapv|Os-ftrapv
crypto_scalarmult_curve25519_ref10	crypto_scalarmult/curve25519/ref10/x25519_ref10.c	82	23	    int32_t h0 = f[0] - g[0];	-	cjump	O1-ftrapv|O2-ftrapv|O3-ftrapv|Ofast-ftrapv
crypto_sign_ed25519_pk_to_curve25519	crypto_sign/ed25519/ref10/keypair.c	506	59	    int64_t h2 = f0g2 + f1g1_2 + f2g0 + f3g9_38 + f4g8_19 + f5g7_38 + f6g6_19 +	+	cjump	O1-ftrapv|O2-ftrapv|O3-ftrapv|Ofast-ftrapv|Os-ftrapv|Oz-ftrapv
ge25519_add_precomp	crypto_core/ed25519/ref10/ed25519_ref10.c	88	23	    int32_t h6 = f[6] - g[6];	-	cjump	O1-ftrapv|O2-ftrapv|O3-ftrapv|Ofast-ftrapv
ge25519_mont_to_ed	crypto_core/ed25519/ref10/ed25519_ref10.c	52	23	    int32_t h8 = f[8] + g[8];	+	cjump	O1-ftrapv
_sodium_ge25519_has_small_order	crypto_core/ed25519/ref10/ed25519_ref10.c	120	18	    int32_t h2 = -f[2];	-	cjump	O1-ftrapv|O2-ftrapv|O3-ftrapv|Ofast-ftrapv|Os-ftrapv
_sodium_ristretto255_p3_tobytes	crypto_core/ed25519/ref10/ed25519_ref10.c	118	18	    int32_t h0 = -f[0];	-	cjump	O1-ftrapv|O2-ftrapv|O3-ftrapv|Ofast-ftrapv|Os-ftrapv
crypto_sign_ed25519_pk_to_curve25519	crypto_sign/ed25519/ref10/keypair.c	503	36	                 f6g4_19 + f7g3_38 + f8g2_19 + f9g1_38;	+	cjump	O1-ftrapv|O2-ftrapv|O3-ftrapv|Ofast-ftrapv|Os-ftrapv|Oz-ftrapv
_sodium_ge25519_has_small_order	crypto_core/ed25519/ref10/ed25519_ref10.c	122	18	    int32_t h4 = -f[4];	-	cjump	O1-ftrapv|O2-ftrapv|O3-ftrapv|Ofast-ftrapv|Os-ftrapv
_sodium_ge25519_frombytes	crypto_core/ed25519/ref10/ed25519_ref10.c	88	23	    int32_t h6 = f[6] - g[6];	-	cjump	O1-ftrapv|O2-ftrapv|O3-ftrapv|Ofast-ftrapv
_sodium_ristretto255_frombytes	crypto_core/ed25519/ref10/ed25519_ref10.c	88	23	    int32_t h6 = f[6] - g[6];	-	cjump	O1-ftrapv|O2-ftrapv|O3-ftrapv|Ofast-ftrapv
crypto_sign_ed25519_pk_to_curve25519	crypto_sign/ed25519/ref10/keypair.c	519	23	                 f8g0 + f9g9_38;	+	cjump	O1-ftrapv|O2-ftrapv|O3-ftrapv|Ofast-ftrapv|Os-ftrapv|Oz-ftrapv
ristretto255_sqrt_ratio_m1	crypto_core/ed25519/ref10/ed25519_ref10.c	51	23	    int32_t h7 = f[7] + g[7];	+	cjump	O1-ftrapv|O2-ftrapv|O3-ftrapv|Ofast-ftrapv|Os-ftrapv
_sodium_ristretto255_p3_tobytes	crypto_core/ed25519/ref10/ed25519_ref10.c	50	23	    int32_t h6 = f[6] + g[6];	+	cjump	O1-ftrapv|O2-ftrapv|O3-ftrapv|Ofast-ftrapv|Os-ftrapv
ge25519_mont_to_ed	crypto_core/ed25519/ref10/ed25519_ref10.c	88	23	    int32_t h6 = f[6] - g[6];	-	cjump	O1-ftrapv
crypto_sign_ed25519_pk_to_curve25519	crypto_sign/ed25519/ref10/keypair.c	553	8	    h2 += carry1;	+	cjump	O1-ftrapv|O2-ftrapv|O3-ftrapv|Ofast-ftrapv|Os-ftrapv|Oz-ftrapv
_sodium_ristretto255_frombytes	crypto_core/ed25519/ref10/ed25519_ref10.c	52	23	    int32_t h8 = f[8] + g[8];	+	cjump	O1-ftrapv|O2-ftrapv|O3-ftrapv|Ofast-ftrapv|Os-ftrapv
ge25519_cmov8_cached	crypto_core/ed25519/ref10/ed25519_ref10.c	119	18	    int32_t h1 = -f[1];	-	cjump	O1-ftrapv|O2-ftrapv|O3-ftrapv|Ofast-ftrapv|Os-ftrapv
ristretto255_elligator	crypto_core/ed25519/ref10/ed25519_ref10.c	53	23	    int32_t h9 = f[9] + g[9];	+	cjump	O1-ftrapv|O2-ftrapv|O3-ftrapv|Ofast-ftrapv|Os-ftrapv
ristretto255_elligator	crypto_core/ed25519/ref10/ed25519_ref10.c	87	23	    int32_t h5 = f[5] - g[5];	-	cjump	O1-ftrapv|O2-ftrapv|O3-ftrapv|Ofast-ftrapv
ge25519_mont_to_ed	crypto_core/ed25519/ref10/ed25519_ref10.c	51	23	    int32_t h7 = f[7] + g[7];	+	cjump	O1-ftrapv
crypto_sign_ed25519_pk_to_curve25519	crypto_sign/ed25519/ref10/keypair.c	508	30	    int64_t h3 = f0g3 + f1g2 + f2g1 + f3g0 + f4g9_19 + f5g8_19 + f6g7_19 +	+	cjump	O1-ftrapv
_sodium_ge25519_from_hash	crypto_core/ed25519/ref10/ed25519_ref10.c	124	18	    int32_t h6 = -f[6];	-	cjump	O1-ftrapv|O2-ftrapv|O3-ftrapv|Ofast-ftrapv|Os-ftrapv
crypto_scalarmult_curve25519_ref10	crypto_scalarmult/curve25519/ref10/x25519_ref10.c	87	23	    int32_t h5 = f[5] - g[5];	-	cjump	O1-ftrapv|O2-ftrapv|O3-ftrapv|Ofast-ftrapv
_sodium_ge25519_from_uniform	crypto_core/ed25519/ref10/ed25519_ref10.c	126	18	    int32_t h8 = -f[8];	-	cjump	O1-ftrapv|O2-ftrapv|O3-ftrapv|Ofast-ftrapv|Os-ftrapv
crypto_sign_ed25519_pk_to_curve25519	crypto_sign/ed25519/ref10/keypair.c	506	32	    int64_t h2 = f0g2 + f1g1_2 + f2g0 + f3g9_38 + f4g8_19 + f5g7_38 + f6g6_19 +	+	cjump	O1-ftrapv
crypto_scalarmult_curve25519_ref10	crypto_scalarmult/curve25519/ref10/x25519_ref10.c	46	23	    int32_t h2 = f[2] + g[2];	+	cjump	O1-ftrapv|O2-ftrapv|O3-ftrapv|Ofast-ftrapv|Os-ftrapv
ge25519_mont_to_ed	crypto_core/ed25519/ref10/ed25519_ref10.c	50	23	    int32_t h6 = f[6] + g[6];	+	cjump	O1-ftrapv
ristretto255_sqrt_ratio_m1	crypto_core/ed25519/ref10/ed25519_ref10.c	53	23	    int32_t h9 = f[9] + g[9];	+	cjump	O1-ftrapv|O2-ftrapv|O3-ftrapv|Ofast-ftrapv|Os-ftrapv
crypto_scalarmult_curve25519_ref10_base	crypto_scalarmult/curve25519/ref10/x25519_ref10.c	82	23	    int32_t h0 = f[0] - g[0];	-	cjump	O1-ftrapv|O2-ftrapv|O3-ftrapv|Ofast-ftrapv
ge25519_elligator2	crypto_core/ed25519/ref10/ed25519_ref10.c	121	18	    int32_t h3 = -f[3];	-	cjump	O1-ftrapv|O2-ftrapv|O3-ftrapv|Ofast-ftrapv|Os-ftrapv
_sodium_ristretto255_p3_tobytes	crypto_core/ed25519/ref10/ed25519_ref10.c	48	23	    int32_t h4 = f[4] + g[4];	+	cjump	O1-ftrapv|O2-ftrapv|O3-ftrapv|Ofast-ftrapv|Os-ftrapv
crypto_sign_ed25519_pk_to_curve25519	crypto_sign/ed25519/ref10/keypair.c	512	37	    int64_t h5 = f0g5 + f1g4 + f2g3 + f3g2 + f4g1 + f5g0 + f6g9_19 + f7g8_19 +	+	cjump	O1-ftrapv
_sodium_ge25519_frombytes_negate_vartime	crypto_core/ed25519/ref10/ed25519_ref10.c	121	18	    int32_t h3 = -f[3];	-	cjump	O1-ftrapv|O2-ftrapv|O3-ftrapv|Ofast-ftrapv|Os-ftrapv
ristretto255_sqrt_ratio_m1	crypto_core/ed25519/ref10/ed25519_ref10.c	88	23	    int32_t h6 = f[6] - g[6];	-	cjump	O1-ftrapv|O2-ftrapv|O3-ftrapv|Ofast-ftrapv
ristretto255_sqrt_ratio_m1	crypto_core/ed25519/ref10/ed25519_ref10.c	125	18	    int32_t h7 = -f[7];	-	cjump	O1-ftrapv|O2-ftrapv|Os-ftrapv
ge25519_add_cached	crypto_core/ed25519/ref10/ed25519_ref10.c	84	23	    int32_t h2 = f[2] - g[2];	-	cjump	O1-ftrapv|O2-ftrapv|O3-ftrapv|Ofast-ftrapv
crypto_sign_ed25519_pk_to_curve25519	crypto_sign/ed25519/ref10/keypair.c	84	23	    int32_t h2 = f[2] - g[2];	-	cjump	O1-ftrapv|O2-ftrapv|O3-ftrapv|Ofast-ftrapv|Os-ftrapv|Oz-ftrapv
ge25519_cmov8_base	crypto_core/ed25519/ref10/ed25519_ref10.c	118	18	    int32_t h0 = -f[0];	-	cjump	O1-ftrapv|O2-ftrapv|O3-ftrapv|Ofast-ftrapv|Os-ftrapv
ge25519_p3_to_cached	crypto_core/ed25519/ref10/ed25519_ref10.c	49	23	    int32_t h5 = f[5] + g[5];	+	cjump	O1-ftrapv|O2-ftrapv|O3-ftrapv|Ofast-ftrapv|Os-ftrapv
ristretto255_sqrt_ratio_m1	crypto_core/ed25519/ref10/ed25519_ref10.c	122	18	    int32_t h4 = -f[4];	-	cjump	O1-ftrapv|O2-ftrapv|Os-ftrapv
_sodium_ge25519_frombytes	crypto_core/ed25519/ref10/ed25519_ref10.c	121	18	    int32_t h3 = -f[3];	-	cjump	O1-ftrapv|O2-ftrapv|O3-ftrapv|Ofast-ftrapv|Os-ftrapv
crypto_sign_ed25519_pk_to_curve25519	crypto_sign/ed25519/ref10/keypair.c	505	26	                 f7g4_19 + f8g3_19 + f9g2_19;	+	cjump	O1-ftrapv|O2-ftrapv|O3-ftrapv|Ofast-ftrapv|Os-ftrapv|Oz-ftrapv
ge25519_mont_to_ed	crypto_core/ed25519/ref10/ed25519_ref10.c	90	23	    int32_t h8 = f[8] - g[8];	-	cjump	O1-ftrapv
ge25519_elligator2	crypto_core/ed25519/ref10/ed25519_ref10.c	90	23	    int32_t h8 = f[8] - g[8];	-	cjump	O1-ftrapv|O2-ftrapv|O3-ftrapv|Ofast-ftrapv
ge25519_add_cached	crypto_core/ed25519/ref10/ed25519_ref10.c	48	23	    int32_t h4 = f[4] + g[4];	+	cjump	O1-ftrapv|O2-ftrapv|O3-ftrapv|Ofast-ftrapv|Os-ftrapv
_sodium_ristretto255_frombytes	crypto_core/ed25519/ref10/ed25519_ref10.c	90	23	    int32_t h8 = f[8] - g[8];	-	cjump	O1-ftrapv|O2-ftrapv|O3-ftrapv|Ofast-ftrapv
crypto_sign_ed25519_pk_to_curve25519	crypto_sign/ed25519/ref10/keypair.c	563	18	    carry2 = (h2 + (int64_t)(1L << 25)) >> 26;	+	cjump	O1-ftrapv|O2-ftrapv|O3-ftrapv|Ofast-ftrapv|Os-ftrapv|Oz-ftrapv
_sodium_ge25519_is_on_curve	crypto_core/ed25519/ref10/ed25519_ref10.c	84	23	    int32_t h2 = f[2] - g[2];	-	cjump	O1-ftrapv|O2-ftrapv|O3-ftrapv|Ofast-ftrapv
_sodium_ristretto255_frombytes	crypto_core/ed25519/ref10/ed25519_ref10.c	47	23	    int32_t h3 = f[3] + g[3];	+	cjump	O1-ftrapv|O2-ftrapv|O3-ftrapv|Ofast-ftrapv|Os-ftrapv
ge25519_p2_dbl	crypto_core/ed25519/ref10/ed25519_ref10.c	48	23	    int32_t h4 = f[4] + g[4];	+	cjump	O1-ftrapv|O2-ftrapv|O3-ftrapv|Ofast-ftrapv|Os-ftrapv
crypto_scalarmult_curve25519_ref10_base	crypto_scalarmult/curve25519/ref10/x25519_ref10.c	89	23	    int32_t h7 = f[7] - g[7];	-	cjump	O1-ftrapv|O2-ftrapv|O3-ftrapv|Ofast-ftrapv
_sodium_ge25519_p3_sub	crypto_core/ed25519/ref10/ed25519_ref10.c	123	18	    int32_t h5 = -f[5];	-	cjump	O1-ftrapv|O2-ftrapv|O3-ftrapv|Ofast-ftrapv|Os-ftrapv
_sodium_ge25519_frombytes	crypto_core/ed25519/ref10/ed25519_ref10.c	126	18	    int32_t h8 = -f[8];	-	cjump	O1-ftrapv|O2-ftrapv|O3-ftrapv|Ofast-ftrapv|Os-ftrapv
ge25519_cmov8_cached	crypto_core/ed25519/ref10/ed25519_ref10.c	118	18	    int32_t h0 = -f[0];	-	cjump	O1-ftrapv|O2-ftrapv|O3-ftrapv|Ofast-ftrapv|Os-ftrapv
crypto_sign_ed25519_pk_to_curve25519	crypto_sign/ed25519/ref10/keypair.c	393	24	    int32_t g8_19 = 19 * g8;	*	cjump	O1-ftrapv|O2-ftrapv|O3-ftrapv|Ofast-ftrapv|Os-ftrapv|Oz-ftrapv
ge25519_elligator2	crypto_core/ed25519/ref10/ed25519_ref10.c	45	23	    int32_t h1 = f[1] + g[1];	+	cjump	O1-ftrapv|O2-ftrapv|O3-ftrapv|Ofast-ftrapv|Os-ftrapv
_sodium_ristretto255_p3_tobytes	crypto_core/ed25519/ref10/ed25519_ref10.c	52	23	    int32_t h8 = f[8] + g[8];	+	cjump	O1-ftrapv|O2-ftrapv|O3-ftrapv|Ofast-ftrapv|Os-ftrapv
crypto_sign_ed25519_pk_to_curve25519	crypto_sign/ed25519/ref10/keypair.c	596	18	    carry9 = (h9 + (int64_t)(1L << 24)) >> 25;	+	cjump	O1-ftrapv
_sodium_ge25519_double_scalarmult_vartime	crypto_core/ed25519/ref10/ed25519_ref10.c	87	23	    int32_t h5 = f[5] - g[5];	-	cjump	O1-ftrapv|O2-ftrapv|O3-ftrapv|Ofast-ftrapv
crypto_sign_ed25519_pk_to_curve25519	crypto_sign/ed25519/ref10/keypair.c	508	74	    int64_t h3 = f0g3 + f1g2 + f2g1 + f3g0 + f4g9_19 + f5g8_19 + f6g7_19 +	+	cjump	O1-ftrapv|O2-ftrapv|O3-ftrapv|Ofast-ftrapv|Os-ftrapv|Oz-ftrapv
_sodium_ge25519_frombytes	crypto_core/ed25519/ref10/ed25519_ref10.c	123	18	    int32_t h5 = -f[5];	-	cjump	O1-ftrapv|O2-ftrapv|O3-ftrapv|Ofast-ftrapv|Os-ftrapv
crypto_sign_ed25519_pk_to_curve25519	crypto_sign/ed25519/ref10/keypair.c	503	46	                 f6g4_19 + f7g3_38 + f8g2_19 + f9g1_38;	+	cjump	O1-ftrapv|O2-ftrapv|O3-ftrapv|Ofast-ftrapv|Os-ftrapv|Oz-ftrapv
_sodium_ge25519_frombytes_negate_vartime	crypto_core/ed25519/ref10/ed25519_ref10.c	83	23	    int32_t h1 = f[1] - g[1];	-	cjump	O1-ftrapv|O2-ftrapv|O3-ftrapv|Ofast-ftrapv
crypto_sign_ed25519_pk_to_curve25519	crypto_sign/ed25519/ref10/keypair.c	516	65	    int64_t h7 = f0g7 + f1g6 + f2g5 + f3g4 + f4g3 + f5g2 + f6g1 + f7g0 +	+	cjump	O1-ftrapv
_sodium_ristretto255_p3_tobytes	crypto_core/ed25519/ref10/ed25519_ref10.c	89	23	    int32_t h7 = f[7] - g[7];	-	cjump	O1-ftrapv|O2-ftrapv|O3-ftrapv|Ofast-ftrapv
_sodium_ristretto255_p3_tobytes	crypto_core/ed25519/ref10/ed25519_ref10.c	46	23	    int32_t h2 = f[2] + g[2];	+	cjump	O1-ftrapv|O2-ftrapv|O3-ftrapv|Ofast-ftrapv|Os-ftrapv
ge25519_elligator2	crypto_core/ed25519/ref10/ed25519_ref10.c	84	23	    int32_t h2 = f[2] - g[2];	-	cjump	O1-ftrapv|O2-ftrapv|O3-ftrapv|Ofast-ftrapv
ge25519_mont_to_ed	crypto_core/ed25519/ref10/ed25519_ref10.c	49	23	    int32_t h5 = f[5] + g[5];	+	cjump	O1-ftrapv
ristretto255_sqrt_ratio_m1	crypto_core/ed25519/ref10/ed25519_ref10.c	52	23	    int32_t h8 = f[8] + g[8];	+	cjump	O1-ftrapv|O2-ftrapv|O3-ftrapv|Ofast-ftrapv|Os-ftrapv
crypto_sign_ed25519_pk_to_curve25519	crypto_sign/ed25519/ref10/keypair.c	518	48	    int64_t h8 = f0g8 + f1g7_2 + f2g6 + f3g5_2 + f4g4 + f5g3_2 + f6g2 + f7g1_2 +	+	cjump	O1-ftrapv
ge25519_p2_dbl	crypto_core/ed25519/ref10/ed25519_ref10.c	45	23	    int32_t h1 = f[1] + g[1];	+	cjump	O1-ftrapv|O2-ftrapv|O3-ftrapv|Ofast-ftrapv|Os-ftrapv
ge25519_add_precomp	crypto_core/ed25519/ref10/ed25519_ref10.c	85	23	    int32_t h3 = f[3] - g[3];	-	cjump	O1-ftrapv|O2-ftrapv|O3-ftrapv|Ofast-ftrapv
crypto_sign_ed25519_pk_to_curve25519	crypto_sign/ed25519/ref10/keypair.c	510	39	    int64_t h4 = f0g4 + f1g3_2 + f2g2 + f3g1_2 + f4g0 + f5g9_38 + f6g8_19 +	+	cjump	O1-ftrapv
_sodium_ge25519_p3_sub	crypto_core/ed25519/ref10/ed25519_ref10.c	126	18	    int32_t h8 = -f[8];	-	cjump	O1-ftrapv|O2-ftrapv|O3-ftrapv|Ofast-ftrapv|Os-ftrapv
ge25519_add_precomp	crypto_core/ed25519/ref10/ed25519_ref10.c	90	23	    int32_t h8 = f[8] - g[8];	-	cjump	O1-ftrapv|O2-ftrapv|O3-ftrapv|Ofast-ftrapv
crypto_sign_ed25519_pk_to_curve25519	crypto_sign/ed25519/ref10/keypair.c	521	49	        f0g9 + f1g8 + f2g7 + f3g6 + f4g5 + f5g4 + f6g3 + f7g2 + f8g1 + f9g0;	+	cjump	O1-ftrapv
ge25519_elligator2	crypto_core/ed25519/ref10/ed25519_ref10.c	85	23	    int32_t h3 = f[3] - g[3];	-	cjump	O1-ftrapv|O2-ftrapv|O3-ftrapv|Ofast-ftrapv
ge25519_p3_to_cached	crypto_core/ed25519/ref10/ed25519_ref10.c	88	23	    int32_t h6 = f[6] - g[6];	-	cjump	O1-ftrapv|O2-ftrapv|O3-ftrapv|Ofast-ftrapv
ge25519_p2_dbl	crypto_core/ed25519/ref10/ed25519_ref10.c	51	23	    int32_t h7 = f[7] + g[7];	+	cjump	O1-ftrapv|O2-ftrapv|O3-ftrapv|Ofast-ftrapv|Os-ftrapv
crypto_sign_ed25519_pk_to_curve25519	crypto_sign/ed25519/ref10/keypair.c	588	18	    carry8 = (h8 + (int64_t)(1L << 25)) >> 26;	+	cjump	O1-ftrapv|O2-ftrapv|O3-ftrapv|Ofast-ftrapv|Os-ftrapv|Oz-ftrapv
ge25519_add_precomp	crypto_core/ed25519/ref10/ed25519_ref10.c	84	23	    int32_t h2 = f[2] - g[2];	-	cjump	O1-ftrapv|O2-ftrapv|O3-ftrapv|Ofast-ftrapv
_sodium_ge25519_has_small_order	crypto_core/ed25519/ref10/ed25519_ref10.c	82	23	    int32_t h0 = f[0] - g[0];	-	cjump	O1-ftrapv|O2-ftrapv|O3-ftrapv|Ofast-ftrapv
crypto_sign_ed25519_pk_to_curve25519	crypto_sign/ed25519/ref10/keypair.c	516	23	    int64_t h7 = f0g7 + f1g6 + f2g5 + f3g4 + f4g3 + f5g2 + f6g1 + f7g0 +	+	cjump	O1-ftrapv
pickparams	crypto_pwhash/scryptsalsa208sha256/pwhash_scryptsalsa208sha256.c	31	25	        maxN = opslimit / (*r * 4);	/	mdiv	O1--inline-threshold=50|O1-finstrument-functions|O1-fno-inline|O1-fno-inline-functions|O2--inline-threshold=50|O2--unroll-force-peel-count=50|O2-finstrument-functions|O2-fno-inline|O2-fno-inline-functions
pickparams	crypto_pwhash/scryptsalsa208sha256/pwhash_scryptsalsa208sha256.c	50	32	        *p = (uint32_t)(maxrp) / *r;	/	mdiv	O1--inline-threshold=50|O1-finstrument-functions|O1-fno-inline|O1-fno-inline-functions|O2--inline-threshold=50|O2--unroll-force-peel-count=50|O2-finstrument-functions|O2-fno-inline|O2-fno-inline-functions
_sodium_argon2_fill_segment_ref	crypto_pwhash/argon2/argon2-fill-block-ref.c	200	26	        start_position = (position->slice == ARGON2_SYNC_POINTS - 1)	(	cjump	O1-fpseudo-probe-for-profiling
fe25519_cneg	crypto_core/ed25519/ref10/ed25519_ref10.c	127	18	    int32_t h9 = -f[9];	-	cjump	O3-ftrapv|Ofast-ftrapv
fe25519_cneg	crypto_core/ed25519/ref10/ed25519_ref10.c	118	18	    int32_t h0 = -f[0];	-	cjump	O3-ftrapv|Ofast-ftrapv
fe25519_cneg	crypto_core/ed25519/ref10/ed25519_ref10.c	119	18	    int32_t h1 = -f[1];	-	cjump	O3-ftrapv|Ofast-ftrapv
fe25519_cneg	crypto_core/ed25519/ref10/ed25519_ref10.c	126	18	    int32_t h8 = -f[8];	-	cjump	O3-ftrapv|Ofast-ftrapv
fe25519_cneg	crypto_core/ed25519/ref10/ed25519_ref10.c	123	18	    int32_t h5 = -f[5];	-	cjump	O3-ftrapv|Ofast-ftrapv
fe25519_cneg	crypto_core/ed25519/ref10/ed25519_ref10.c	121	18	    int32_t h3 = -f[3];	-	cjump	O3-ftrapv|Ofast-ftrapv
fe25519_cneg	crypto_core/ed25519/ref10/ed25519_ref10.c	125	18	    int32_t h7 = -f[7];	-	cjump	O3-ftrapv|Ofast-ftrapv
fe25519_cneg	crypto_core/ed25519/ref10/ed25519_ref10.c	122	18	    int32_t h4 = -f[4];	-	cjump	O3-ftrapv|Ofast-ftrapv
fe25519_cneg	crypto_core/ed25519/ref10/ed25519_ref10.c	120	18	    int32_t h2 = -f[2];	-	cjump	O3-ftrapv|Ofast-ftrapv
fe25519_cneg	crypto_core/ed25519/ref10/ed25519_ref10.c	124	18	    int32_t h6 = -f[6];	-	cjump	O3-ftrapv|Ofast-ftrapv
crypto_sign_ed25519_pk_to_curve25519	crypto_sign/ed25519/ref10/keypair.c	45	23	    int32_t h1 = f[1] + g[1];	+	cjump	Oz-ftrapv
_sodium_escrypt_gensalt_r	crypto_pwhash/scryptsalsa208sha256/crypto_scrypt-common.c	209	22	    size_t saltlen = BYTES2CHARS(srclen);	B	mdiv	Oz--disable-machine-sink|Oz--jump-is-expensive|Oz--max-phi-entries-increase-after-removing-empty-block=0|Oz--simplifycfg-branch-fold-threshold=0|Oz--sink-common-insts|Oz-fpseudo-probe-for-profiling
_sodium_ge25519_double_scalarmult_vartime	crypto_core/ed25519/ref10/ed25519_ref10.c	843	55	            ge25519_add_precomp(&t, &u, &Bi[bslide[i] / 2]);	/	mdiv	Oz--enable-module-inliner
_sodium_ge25519_double_scalarmult_vartime	crypto_core/ed25519/ref10/ed25519_ref10.c	835	54	            ge25519_add_cached(&t, &u, &Ai[aslide[i] / 2]);	/	mdiv	Oz--enable-module-inliner
_sodium_ge25519_double_scalarmult_vartime	crypto_core/ed25519/ref10/ed25519_ref10.c	838	57	            ge25519_sub_cached(&t, &u, &Ai[(-aslide[i]) / 2]);	/	mdiv	Oz--enable-module-inliner
_sodium_ge25519_double_scalarmult_vartime	crypto_core/ed25519/ref10/ed25519_ref10.c	846	58	            ge25519_sub_precomp(&t, &u, &Bi[(-bslide[i]) / 2]);	/	mdiv	Oz--enable-module-inliner
